code,branch,broker,name,side,horizon_sessions,mature_daily_observations,nonoverlapping_windows,average_close_return_pct,positive_close_fraction,same_stock_same_period_baseline_pct,difference_vs_baseline_pct,average_min_close_return_pct,quantity_return_pair_count,abs_net_share_vs_future_return_pearson,quantity_interpretation,interpretation
1503,0035003800350045,5850,統一-新營,sell,5,1,1,-0.25316455696202667,0.0,-0.25316455696202667,0.0,-0.75949367088608,1,,量占比與後續報酬的描述性相關；非因果或預測能力，少量樣本不作判斷,描述性關係；尚未扣費用、檢查除權息或做樣本外驗證；不評分、不認定關鍵分點
1503,0037003000300055,7000,兆豐-桃鶯,buy,5,1,1,-0.25316455696202667,0.0,-0.25316455696202667,0.0,-0.75949367088608,1,,量占比與後續報酬的描述性相關；非因果或預測能力，少量樣本不作判斷,描述性關係；尚未扣費用、檢查除權息或做樣本外驗證；不評分、不認定關鍵分點
1503,0038003800380041,8880,國泰-館前,buy,5,1,1,-0.25316455696202667,0.0,-0.25316455696202667,0.0,-0.75949367088608,1,,量占比與後續報酬的描述性相關；非因果或預測能力，少量樣本不作判斷,描述性關係；尚未扣費用、檢查除權息或做樣本外驗證；不評分、不認定關鍵分點
1503,0039003600310046,9600,富邦-公益,buy,5,1,1,-0.25316455696202667,0.0,-0.25316455696202667,0.0,-0.75949367088608,1,,量占比與後續報酬的描述性相關；非因果或預測能力，少量樣本不作判斷,描述性關係；尚未扣費用、檢查除權息或做樣本外驗證；不評分、不認定關鍵分點
1503,0039003800300051,9800,元大-南崁,sell,5,1,1,-0.25316455696202667,0.0,-0.25316455696202667,0.0,-0.75949367088608,1,,量占比與後續報酬的描述性相關；非因果或預測能力，少量樣本不作判斷,描述性關係；尚未扣費用、檢查除權息或做樣本外驗證；不評分、不認定關鍵分點
1503,003900380031004e,9800,元大-金門,buy,5,1,1,-0.25316455696202667,0.0,-0.25316455696202667,0.0,-0.75949367088608,1,,量占比與後續報酬的描述性相關；非因果或預測能力，少量樣本不作判斷,描述性關係；尚未扣費用、檢查除權息或做樣本外驗證；不評分、不認定關鍵分點
1503,003900380031006d,9800,元大-高雄,buy,5,1,1,-0.25316455696202667,0.0,-0.25316455696202667,0.0,-0.75949367088608,1,,量占比與後續報酬的描述性相關；非因果或預測能力，少量樣本不作判斷,描述性關係；尚未扣費用、檢查除權息或做樣本外驗證；不評分、不認定關鍵分點
1503,0039003800390041,9800,元大-北投,buy,5,1,1,-0.25316455696202667,0.0,-0.25316455696202667,0.0,-0.75949367088608,1,,量占比與後續報酬的描述性相關；非因果或預測能力，少量樣本不作判斷,描述性關係；尚未扣費用、檢查除權息或做樣本外驗證；不評分、不認定關鍵分點
1503,0039004100390042,9A00,永豐金-中和,sell,5,1,1,-0.25316455696202667,0.0,-0.25316455696202667,0.0,-0.75949367088608,1,,量占比與後續報酬的描述性相關；非因果或預測能力，少量樣本不作判斷,描述性關係；尚未扣費用、檢查除權息或做樣本外驗證；不評分、不認定關鍵分點
1503,0039004200300030,9B00,台新,buy,5,1,1,-0.25316455696202667,0.0,-0.25316455696202667,0.0,-0.75949367088608,1,,量占比與後續報酬的描述性相關；非因果或預測能力，少量樣本不作判斷,描述性關係；尚未扣費用、檢查除權息或做樣本外驗證；不評分、不認定關鍵分點
1503,0039004200310039,9B00,台新-新莊,buy,5,1,1,-0.25316455696202667,0.0,-0.25316455696202667,0.0,-0.75949367088608,1,,量占比與後續報酬的描述性相關；非因果或預測能力，少量樣本不作判斷,描述性關係；尚未扣費用、檢查除權息或做樣本外驗證；不評分、不認定關鍵分點
1503,0039004200320072,9B00,台新-城東,sell,5,1,1,-0.25316455696202667,0.0,-0.25316455696202667,0.0,-0.75949367088608,1,,量占比與後續報酬的描述性相關；非因果或預測能力，少量樣本不作判斷,描述性關係；尚未扣費用、檢查除權息或做樣本外驗證；不評分、不認定關鍵分點
1503,1040,1040,臺銀,buy,5,1,1,-0.25316455696202667,0.0,-0.25316455696202667,0.0,-0.75949367088608,1,,量占比與後續報酬的描述性相關；非因果或預測能力，少量樣本不作判斷,描述性關係；尚未扣費用、檢查除權息或做樣本外驗證；不評分、不認定關鍵分點
1503,1440,1440,美林,sell,5,1,1,-0.25316455696202667,0.0,-0.25316455696202667,0.0,-0.75949367088608,1,,量占比與後續報酬的描述性相關；非因果或預測能力，少量樣本不作判斷,描述性關係；尚未扣費用、檢查除權息或做樣本外驗證；不評分、不認定關鍵分點
1503,1480,1480,美商高盛,buy,5,1,1,-0.25316455696202667,0.0,-0.25316455696202667,0.0,-0.75949367088608,1,,量占比與後續報酬的描述性相關；非因果或預測能力，少量樣本不作判斷,描述性關係；尚未扣費用、檢查除權息或做樣本外驗證；不評分、不認定關鍵分點
1503,1560,1560,港商野村,sell,5,1,1,-0.25316455696202667,0.0,-0.25316455696202667,0.0,-0.75949367088608,1,,量占比與後續報酬的描述性相關；非因果或預測能力，少量樣本不作判斷,描述性關係；尚未扣費用、檢查除權息或做樣本外驗證；不評分、不認定關鍵分點
1503,5850,5850,統一,sell,5,1,1,-0.25316455696202667,0.0,-0.25316455696202667,0.0,-0.75949367088608,1,,量占比與後續報酬的描述性相關；非因果或預測能力，少量樣本不作判斷,描述性關係；尚未扣費用、檢查除權息或做樣本外驗證；不評分、不認定關鍵分點
1503,6168,6160,中國信託-嘉義,sell,5,1,1,-0.25316455696202667,0.0,-0.25316455696202667,0.0,-0.75949367088608,1,,量占比與後續報酬的描述性相關；非因果或預測能力，少量樣本不作判斷,描述性關係；尚未扣費用、檢查除權息或做樣本外驗證；不評分、不認定關鍵分點
1503,7790,7790,國票證券,buy,5,1,1,-0.25316455696202667,0.0,-0.25316455696202667,0.0,-0.75949367088608,1,,量占比與後續報酬的描述性相關；非因果或預測能力，少量樣本不作判斷,描述性關係；尚未扣費用、檢查除權息或做樣本外驗證；不評分、不認定關鍵分點
1503,8440,8440,摩根大通,buy,5,1,1,-0.25316455696202667,0.0,-0.25316455696202667,0.0,-0.75949367088608,1,,量占比與後續報酬的描述性相關；非因果或預測能力，少量樣本不作判斷,描述性關係；尚未扣費用、檢查除權息或做樣本外驗證；不評分、不認定關鍵分點
1503,8563,8560,新光-新竹,buy,5,1,1,-0.25316455696202667,0.0,-0.25316455696202667,0.0,-0.75949367088608,1,,量占比與後續報酬的描述性相關；非因果或預測能力，少量樣本不作判斷,描述性關係；尚未扣費用、檢查除權息或做樣本外驗證；不評分、不認定關鍵分點
1503,8880,8880,國泰證券,sell,5,1,1,-0.25316455696202667,0.0,-0.25316455696202667,0.0,-0.75949367088608,1,,量占比與後續報酬的描述性相關；非因果或預測能力，少量樣本不作判斷,描述性關係；尚未扣費用、檢查除權息或做樣本外驗證；不評分、不認定關鍵分點
1503,8886,8880,國泰-新莊,sell,5,1,1,-0.25316455696202667,0.0,-0.25316455696202667,0.0,-0.75949367088608,1,,量占比與後續報酬的描述性相關；非因果或預測能力，少量樣本不作判斷,描述性關係；尚未扣費用、檢查除權息或做樣本外驗證；不評分、不認定關鍵分點
1503,8887,8880,國泰-忠孝,sell,5,1,1,-0.25316455696202667,0.0,-0.25316455696202667,0.0,-0.75949367088608,1,,量占比與後續報酬的描述性相關；非因果或預測能力，少量樣本不作判斷,描述性關係；尚未扣費用、檢查除權息或做樣本外驗證；不評分、不認定關鍵分點
1503,8888,8880,國泰-敦南,sell,5,1,1,-0.25316455696202667,0.0,-0.25316455696202667,0.0,-0.75949367088608,1,,量占比與後續報酬的描述性相關；非因果或預測能力，少量樣本不作判斷,描述性關係；尚未扣費用、檢查除權息或做樣本外驗證；不評分、不認定關鍵分點
1503,9200,9200,凱基,buy,5,1,1,-0.25316455696202667,0.0,-0.25316455696202667,0.0,-0.75949367088608,1,,量占比與後續報酬的描述性相關；非因果或預測能力，少量樣本不作判斷,描述性關係；尚未扣費用、檢查除權息或做樣本外驗證；不評分、不認定關鍵分點
1503,9268,9200,凱基-台北,buy,5,1,1,-0.25316455696202667,0.0,-0.25316455696202667,0.0,-0.75949367088608,1,,量占比與後續報酬的描述性相關；非因果或預測能力，少量樣本不作判斷,描述性關係；尚未扣費用、檢查除權息或做樣本外驗證；不評分、不認定關鍵分點
1503,9621,9600,富邦-花蓮,sell,5,1,1,-0.25316455696202667,0.0,-0.25316455696202667,0.0,-0.75949367088608,1,,量占比與後續報酬的描述性相關；非因果或預測能力，少量樣本不作判斷,描述性關係；尚未扣費用、檢查除權息或做樣本外驗證；不評分、不認定關鍵分點
1503,9655,9600,富邦-板橋,sell,5,1,1,-0.25316455696202667,0.0,-0.25316455696202667,0.0,-0.75949367088608,1,,量占比與後續報酬的描述性相關；非因果或預測能力，少量樣本不作判斷,描述性關係；尚未扣費用、檢查除權息或做樣本外驗證；不評分、不認定關鍵分點
1503,9863,9800,元大-和平,sell,5,1,1,-0.25316455696202667,0.0,-0.25316455696202667,0.0,-0.75949367088608,1,,量占比與後續報酬的描述性相關；非因果或預測能力，少量樣本不作判斷,描述性關係；尚未扣費用、檢查除權息或做樣本外驗證；不評分、不認定關鍵分點
1513,0035003300380057,5380,第一金-華江,sell,5,1,1,0.30030030030030463,1.0,0.30030030030030463,0.0,0.0,1,,量占比與後續報酬的描述性相關；非因果或預測能力，少量樣本不作判斷,描述性關係；尚未扣費用、檢查除權息或做樣本外驗證；不評分、不認定關鍵分點
1513,0035003300380059,5380,第一金-中壢,buy,5,1,1,0.30030030030030463,1.0,0.30030030030030463,0.0,0.0,1,,量占比與後續報酬的描述性相關；非因果或預測能力，少量樣本不作判斷,描述性關係；尚未扣費用、檢查除權息或做樣本外驗證；不評分、不認定關鍵分點
1513,0035003800350045,5850,統一-新營,sell,5,1,1,0.30030030030030463,1.0,0.30030030030030463,0.0,0.0,1,,量占比與後續報酬的描述性相關；非因果或預測能力，少量樣本不作判斷,描述性關係；尚未扣費用、檢查除權息或做樣本外驗證；不評分、不認定關鍵分點
1513,0035003800350063,5850,統一-仁愛,sell,5,1,1,0.30030030030030463,1.0,0.30030030030030463,0.0,0.0,1,,量占比與後續報酬的描述性相關；非因果或預測能力，少量樣本不作判斷,描述性關係；尚未扣費用、檢查除權息或做樣本外驗證；不評分、不認定關鍵分點
1513,003700370039004a,7790,國票-北高雄,sell,5,1,1,0.30030030030030463,1.0,0.30030030030030463,0.0,0.0,1,,量占比與後續報酬的描述性相關；非因果或預測能力，少量樣本不作判斷,描述性關係；尚未扣費用、檢查除權息或做樣本外驗證；不評分、不認定關鍵分點
1513,003800380038004b,8880,國泰-板橋,buy,5,1,1,0.30030030030030463,1.0,0.30030030030030463,0.0,0.0,1,,量占比與後續報酬的描述性相關；非因果或預測能力，少量樣本不作判斷,描述性關係；尚未扣費用、檢查除權息或做樣本外驗證；不評分、不認定關鍵分點
1513,0039003800310069,9800,元大-西螺,buy,5,1,1,0.30030030030030463,1.0,0.30030030030030463,0.0,0.0,1,,量占比與後續報酬的描述性相關；非因果或預測能力，少量樣本不作判斷,描述性關係；尚未扣費用、檢查除權息或做樣本外驗證；不評分、不認定關鍵分點
1513,003900380039005a,9800,元大-小港,buy,5,1,1,0.30030030030030463,1.0,0.30030030030030463,0.0,0.0,1,,量占比與後續報酬的描述性相關；非因果或預測能力，少量樣本不作判斷,描述性關係；尚未扣費用、檢查除權息或做樣本外驗證；不評分、不認定關鍵分點
1513,0039003800390061,9800,元大-苑裡,buy,5,1,1,0.30030030030030463,1.0,0.30030030030030463,0.0,0.0,1,,量占比與後續報酬的描述性相關；非因果或預測能力，少量樣本不作判斷,描述性關係；尚未扣費用、檢查除權息或做樣本外驗證；不評分、不認定關鍵分點
1513,0039004100300030,9A00,永豐金證券,buy,5,1,1,0.30030030030030463,1.0,0.30030030030030463,0.0,0.0,1,,量占比與後續報酬的描述性相關；非因果或預測能力，少量樣本不作判斷,描述性關係；尚未扣費用、檢查除權息或做樣本外驗證；不評分、不認定關鍵分點
1513,0039004200300030,9B00,台新,buy,5,1,1,0.30030030030030463,1.0,0.30030030030030463,0.0,0.0,1,,量占比與後續報酬的描述性相關；非因果或預測能力，少量樣本不作判斷,描述性關係；尚未扣費用、檢查除權息或做樣本外驗證；不評分、不認定關鍵分點
1513,003900420032006c,9B00,台新-大裕,buy,5,1,1,0.30030030030030463,1.0,0.30030030030030463,0.0,0.0,1,,量占比與後續報酬的描述性相關；非因果或預測能力，少量樣本不作判斷,描述性關係；尚未扣費用、檢查除權息或做樣本外驗證；不評分、不認定關鍵分點
1513,1040,1040,臺銀,buy,5,1,1,0.30030030030030463,1.0,0.30030030030030463,0.0,0.0,1,,量占比與後續報酬的描述性相關；非因果或預測能力，少量樣本不作判斷,描述性關係；尚未扣費用、檢查除權息或做樣本外驗證；不評分、不認定關鍵分點
1513,1470,1470,台灣摩根士丹利,sell,5,1,1,0.30030030030030463,1.0,0.30030030030030463,0.0,0.0,1,,量占比與後續報酬的描述性相關；非因果或預測能力，少量樣本不作判斷,描述性關係；尚未扣費用、檢查除權息或做樣本外驗證；不評分、不認定關鍵分點
1513,1480,1480,美商高盛,sell,5,1,1,0.30030030030030463,1.0,0.30030030030030463,0.0,0.0,1,,量占比與後續報酬的描述性相關；非因果或預測能力，少量樣本不作判斷,描述性關係；尚未扣費用、檢查除權息或做樣本外驗證；不評分、不認定關鍵分點
1513,1650,1650,新加坡商瑞銀,sell,5,1,1,0.30030030030030463,1.0,0.30030030030030463,0.0,0.0,1,,量占比與後續報酬的描述性相關；非因果或預測能力，少量樣本不作判斷,描述性關係；尚未扣費用、檢查除權息或做樣本外驗證；不評分、不認定關鍵分點
1513,5320,5320,高橋,sell,5,1,1,0.30030030030030463,1.0,0.30030030030030463,0.0,0.0,1,,量占比與後續報酬的描述性相關；非因果或預測能力，少量樣本不作判斷,描述性關係；尚未扣費用、檢查除權息或做樣本外驗證；不評分、不認定關鍵分點
1513,5380,5380,第一金,sell,5,1,1,0.30030030030030463,1.0,0.30030030030030463,0.0,0.0,1,,量占比與後續報酬的描述性相關；非因果或預測能力，少量樣本不作判斷,描述性關係；尚未扣費用、檢查除權息或做樣本外驗證；不評分、不認定關鍵分點
1513,5850,5850,統一,sell,5,1,1,0.30030030030030463,1.0,0.30030030030030463,0.0,0.0,1,,量占比與後續報酬的描述性相關；非因果或預測能力，少量樣本不作判斷,描述性關係；尚未扣費用、檢查除權息或做樣本外驗證；不評分、不認定關鍵分點
1513,6115,6110,台中銀-台北,sell,5,1,1,0.30030030030030463,1.0,0.30030030030030463,0.0,0.0,1,,量占比與後續報酬的描述性相關；非因果或預測能力，少量樣本不作判斷,描述性關係；尚未扣費用、檢查除權息或做樣本外驗證；不評分、不認定關鍵分點
1513,8440,8440,摩根大通,buy,5,1,1,0.30030030030030463,1.0,0.30030030030030463,0.0,0.0,1,,量占比與後續報酬的描述性相關；非因果或預測能力，少量樣本不作判斷,描述性關係；尚未扣費用、檢查除權息或做樣本外驗證；不評分、不認定關鍵分點
1513,8888,8880,國泰-敦南,buy,5,1,1,0.30030030030030463,1.0,0.30030030030030463,0.0,0.0,1,,量占比與後續報酬的描述性相關；非因果或預測能力，少量樣本不作判斷,描述性關係；尚未扣費用、檢查除權息或做樣本外驗證；不評分、不認定關鍵分點
1513,9200,9200,凱基,buy,5,1,1,0.30030030030030463,1.0,0.30030030030030463,0.0,0.0,1,,量占比與後續報酬的描述性相關；非因果或預測能力，少量樣本不作判斷,描述性關係；尚未扣費用、檢查除權息或做樣本外驗證；不評分、不認定關鍵分點
1513,9229,9200,凱基-中山,sell,5,1,1,0.30030030030030463,1.0,0.30030030030030463,0.0,0.0,1,,量占比與後續報酬的描述性相關；非因果或預測能力，少量樣本不作判斷,描述性關係；尚未扣費用、檢查除權息或做樣本外驗證；不評分、不認定關鍵分點
1513,9239,9200,凱基-市政,buy,5,1,1,0.30030030030030463,1.0,0.30030030030030463,0.0,0.0,1,,量占比與後續報酬的描述性相關；非因果或預測能力，少量樣本不作判斷,描述性關係；尚未扣費用、檢查除權息或做樣本外驗證；不評分、不認定關鍵分點
1513,9268,9200,凱基-台北,sell,5,1,1,0.30030030030030463,1.0,0.30030030030030463,0.0,0.0,1,,量占比與後續報酬的描述性相關；非因果或預測能力，少量樣本不作判斷,描述性關係；尚未扣費用、檢查除權息或做樣本外驗證；不評分、不認定關鍵分點
1513,9300,9300,華南永昌,buy,5,1,1,0.30030030030030463,1.0,0.30030030030030463,0.0,0.0,1,,量占比與後續報酬的描述性相關；非因果或預測能力，少量樣本不作判斷,描述性關係；尚未扣費用、檢查除權息或做樣本外驗證；不評分、不認定關鍵分點
1513,9657,9600,富邦-苗栗,sell,5,1,1,0.30030030030030463,1.0,0.30030030030030463,0.0,0.0,1,,量占比與後續報酬的描述性相關；非因果或預測能力，少量樣本不作判斷,描述性關係；尚未扣費用、檢查除權息或做樣本外驗證；不評分、不認定關鍵分點
1513,9658,9600,富邦-建國,sell,5,1,1,0.30030030030030463,1.0,0.30030030030030463,0.0,0.0,1,,量占比與後續報酬的描述性相關；非因果或預測能力，少量樣本不作判斷,描述性關係；尚未扣費用、檢查除權息或做樣本外驗證；不評分、不認定關鍵分點
1513,9800,9800,元大證券,buy,5,1,1,0.30030030030030463,1.0,0.30030030030030463,0.0,0.0,1,,量占比與後續報酬的描述性相關；非因果或預測能力，少量樣本不作判斷,描述性關係；尚未扣費用、檢查除權息或做樣本外驗證；不評分、不認定關鍵分點
1514,0031003000340043,1040,臺銀-高雄,buy,5,1,1,0.4901960784313708,1.0,0.4901960784313708,0.0,0.0,1,,量占比與後續報酬的描述性相關；非因果或預測能力，少量樣本不作判斷,描述性關係；尚未扣費用、檢查除權息或做樣本外驗證；不評分、不認定關鍵分點
1514,0035003300380043,5380,第一金-光復,sell,5,1,1,0.4901960784313708,1.0,0.4901960784313708,0.0,0.0,1,,量占比與後續報酬的描述性相關；非因果或預測能力，少量樣本不作判斷,描述性關係；尚未扣費用、檢查除權息或做樣本外驗證；不評分、不認定關鍵分點
1514,0035003300380059,5380,第一金-中壢,sell,5,1,1,0.4901960784313708,1.0,0.4901960784313708,0.0,0.0,1,,量占比與後續報酬的描述性相關；非因果或預測能力，少量樣本不作判斷,描述性關係；尚未扣費用、檢查除權息或做樣本外驗證；不評分、不認定關鍵分點
1514,003800340035004a,8450,康和-高雄,sell,5,1,1,0.4901960784313708,1.0,0.4901960784313708,0.0,0.0,1,,量占比與後續報酬的描述性相關；非因果或預測能力，少量樣本不作判斷,描述性關係；尚未扣費用、檢查除權息或做樣本外驗證；不評分、不認定關鍵分點
1514,0038003800340042,8840,玉山-台中,buy,5,1,1,0.4901960784313708,1.0,0.4901960784313708,0.0,0.0,1,,量占比與後續報酬的描述性相關；非因果或預測能力，少量樣本不作判斷,描述性關係；尚未扣費用、檢查除權息或做樣本外驗證；不評分、不認定關鍵分點
1514,0039003800300064,9800,元大-沙鹿,sell,5,1,1,0.4901960784313708,1.0,0.4901960784313708,0.0,0.0,1,,量占比與後續報酬的描述性相關；非因果或預測能力，少量樣本不作判斷,描述性關係；尚未扣費用、檢查除權息或做樣本外驗證；不評分、不認定關鍵分點
1514,003900380033005a,9800,元大-鳳山,buy,5,1,1,0.4901960784313708,1.0,0.4901960784313708,0.0,0.0,1,,量占比與後續報酬的描述性相關；非因果或預測能力，少量樣本不作判斷,描述性關係；尚未扣費用、檢查除權息或做樣本外驗證；不評分、不認定關鍵分點
1514,0039004200300030,9B00,台新,buy,5,1,1,0.4901960784313708,1.0,0.4901960784313708,0.0,0.0,1,,量占比與後續報酬的描述性相關；非因果或預測能力，少量樣本不作判斷,描述性關係；尚未扣費用、檢查除權息或做樣本外驗證；不評分、不認定關鍵分點
1514,0039004200310067,9B00,台新-高雄,buy,5,1,1,0.4901960784313708,1.0,0.4901960784313708,0.0,0.0,1,,量占比與後續報酬的描述性相關；非因果或預測能力，少量樣本不作判斷,描述性關係；尚未扣費用、檢查除權息或做樣本外驗證；不評分、不認定關鍵分點
1514,0039004200320030,9B00,台新-台北,sell,5,1,1,0.4901960784313708,1.0,0.4901960784313708,0.0,0.0,1,,量占比與後續報酬的描述性相關；非因果或預測能力，少量樣本不作判斷,描述性關係；尚未扣費用、檢查除權息或做樣本外驗證；不評分、不認定關鍵分點
1514,1024,1020,合庫-嘉義,buy,5,1,1,0.4901960784313708,1.0,0.4901960784313708,0.0,0.0,1,,量占比與後續報酬的描述性相關；非因果或預測能力，少量樣本不作判斷,描述性關係；尚未扣費用、檢查除權息或做樣本外驗證；不評分、不認定關鍵分點
1514,1028,1020,合庫-彰化,buy,5,1,1,0.4901960784313708,1.0,0.4901960784313708,0.0,0.0,1,,量占比與後續報酬的描述性相關；非因果或預測能力，少量樣本不作判斷,描述性關係；尚未扣費用、檢查除權息或做樣本外驗證；不評分、不認定關鍵分點
1514,1440,1440,美林,buy,5,1,1,0.4901960784313708,1.0,0.4901960784313708,0.0,0.0,1,,量占比與後續報酬的描述性相關；非因果或預測能力，少量樣本不作判斷,描述性關係；尚未扣費用、檢查除權息或做樣本外驗證；不評分、不認定關鍵分點
1514,1470,1470,台灣摩根士丹利,sell,5,1,1,0.4901960784313708,1.0,0.4901960784313708,0.0,0.0,1,,量占比與後續報酬的描述性相關；非因果或預測能力，少量樣本不作判斷,描述性關係；尚未扣費用、檢查除權息或做樣本外驗證；不評分、不認定關鍵分點
1514,1480,1480,美商高盛,sell,5,1,1,0.4901960784313708,1.0,0.4901960784313708,0.0,0.0,1,,量占比與後續報酬的描述性相關；非因果或預測能力，少量樣本不作判斷,描述性關係；尚未扣費用、檢查除權息或做樣本外驗證；不評分、不認定關鍵分點
1514,1560,1560,港商野村,sell,5,1,1,0.4901960784313708,1.0,0.4901960784313708,0.0,0.0,1,,量占比與後續報酬的描述性相關；非因果或預測能力，少量樣本不作判斷,描述性關係；尚未扣費用、檢查除權息或做樣本外驗證；不評分、不認定關鍵分點
1514,1650,1650,新加坡商瑞銀,sell,5,1,1,0.4901960784313708,1.0,0.4901960784313708,0.0,0.0,1,,量占比與後續報酬的描述性相關；非因果或預測能力，少量樣本不作判斷,描述性關係；尚未扣費用、檢查除權息或做樣本外驗證；不評分、不認定關鍵分點
1514,8440,8440,摩根大通,buy,5,1,1,0.4901960784313708,1.0,0.4901960784313708,0.0,0.0,1,,量占比與後續報酬的描述性相關；非因果或預測能力，少量樣本不作判斷,描述性關係；尚未扣費用、檢查除權息或做樣本外驗證；不評分、不認定關鍵分點
1514,8885,8880,國泰-桃園,buy,5,1,1,0.4901960784313708,1.0,0.4901960784313708,0.0,0.0,1,,量占比與後續報酬的描述性相關；非因果或預測能力，少量樣本不作判斷,描述性關係；尚未扣費用、檢查除權息或做樣本外驗證；不評分、不認定關鍵分點
1514,8888,8880,國泰-敦南,buy,5,1,1,0.4901960784313708,1.0,0.4901960784313708,0.0,0.0,1,,量占比與後續報酬的描述性相關；非因果或預測能力，少量樣本不作判斷,描述性關係；尚未扣費用、檢查除權息或做樣本外驗證；不評分、不認定關鍵分點
1514,9103,9100,群益金鼎-松山,buy,5,1,1,0.4901960784313708,1.0,0.4901960784313708,0.0,0.0,1,,量占比與後續報酬的描述性相關；非因果或預測能力，少量樣本不作判斷,描述性關係；尚未扣費用、檢查除權息或做樣本外驗證；不評分、不認定關鍵分點
1514,9202,9200,凱基-中港,sell,5,1,1,0.4901960784313708,1.0,0.4901960784313708,0.0,0.0,1,,量占比與後續報酬的描述性相關；非因果或預測能力，少量樣本不作判斷,描述性關係；尚未扣費用、檢查除權息或做樣本外驗證；不評分、不認定關鍵分點
1514,9268,9200,凱基-台北,sell,5,1,1,0.4901960784313708,1.0,0.4901960784313708,0.0,0.0,1,,量占比與後續報酬的描述性相關；非因果或預測能力，少量樣本不作判斷,描述性關係；尚未扣費用、檢查除權息或做樣本外驗證；不評分、不認定關鍵分點
1514,9386,9300,華南永昌-東昇,sell,5,1,1,0.4901960784313708,1.0,0.4901960784313708,0.0,0.0,1,,量占比與後續報酬的描述性相關；非因果或預測能力，少量樣本不作判斷,描述性關係；尚未扣費用、檢查除權息或做樣本外驗證；不評分、不認定關鍵分點
1514,9647,9600,富邦-新竹,sell,5,1,1,0.4901960784313708,1.0,0.4901960784313708,0.0,0.0,1,,量占比與後續報酬的描述性相關；非因果或預測能力，少量樣本不作判斷,描述性關係；尚未扣費用、檢查除權息或做樣本外驗證；不評分、不認定關鍵分點
1514,9661,9600,富邦-新店,buy,5,1,1,0.4901960784313708,1.0,0.4901960784313708,0.0,0.0,1,,量占比與後續報酬的描述性相關；非因果或預測能力，少量樣本不作判斷,描述性關係；尚未扣費用、檢查除權息或做樣本外驗證；不評分、不認定關鍵分點
1514,9663,9600,富邦-敦南,sell,5,1,1,0.4901960784313708,1.0,0.4901960784313708,0.0,0.0,1,,量占比與後續報酬的描述性相關；非因果或預測能力，少量樣本不作判斷,描述性關係；尚未扣費用、檢查除權息或做樣本外驗證；不評分、不認定關鍵分點
1514,9800,9800,元大證券,sell,5,1,1,0.4901960784313708,1.0,0.4901960784313708,0.0,0.0,1,,量占比與後續報酬的描述性相關；非因果或預測能力，少量樣本不作判斷,描述性關係；尚未扣費用、檢查除權息或做樣本外驗證；不評分、不認定關鍵分點
1514,9838,9800,元大-豐原,buy,5,1,1,0.4901960784313708,1.0,0.4901960784313708,0.0,0.0,1,,量占比與後續報酬的描述性相關；非因果或預測能力，少量樣本不作判斷,描述性關係；尚未扣費用、檢查除權息或做樣本外驗證；不評分、不認定關鍵分點
1514,9857,9800,元大-蘆洲,buy,5,1,1,0.4901960784313708,1.0,0.4901960784313708,0.0,0.0,1,,量占比與後續報酬的描述性相關；非因果或預測能力，少量樣本不作判斷,描述性關係；尚未扣費用、檢查除權息或做樣本外驗證；不評分、不認定關鍵分點
1519,0031003000320046,1020,合庫-西台中,buy,5,1,1,0.5813953488372103,1.0,0.5813953488372103,0.0,0.43604651162789665,1,,量占比與後續報酬的描述性相關；非因果或預測能力，少量樣本不作判斷,描述性關係；尚未扣費用、檢查除權息或做樣本外驗證；不評分、不認定關鍵分點
1519,0031003000340041,1040,臺銀-臺中,sell,5,1,1,0.5813953488372103,1.0,0.5813953488372103,0.0,0.43604651162789665,1,,量占比與後續報酬的描述性相關；非因果或預測能力，少量樣本不作判斷,描述性關係；尚未扣費用、檢查除權息或做樣本外驗證；不評分、不認定關鍵分點
1519,0031003000340043,1040,臺銀-高雄,buy,5,1,1,0.5813953488372103,1.0,0.5813953488372103,0.0,0.43604651162789665,1,,量占比與後續報酬的描述性相關；非因果或預測能力，少量樣本不作判斷,描述性關係；尚未扣費用、檢查除權息或做樣本外驗證；不評分、不認定關鍵分點
1519,003500380035004d,5850,統一-士林,sell,5,1,1,0.5813953488372103,1.0,0.5813953488372103,0.0,0.43604651162789665,1,,量占比與後續報酬的描述性相關；非因果或預測能力，少量樣本不作判斷,描述性關係；尚未扣費用、檢查除權息或做樣本外驗證；不評分、不認定關鍵分點
1519,0037003700390063,7790,國票-敦北法人,buy,5,1,1,0.5813953488372103,1.0,0.5813953488372103,0.0,0.43604651162789665,1,,量占比與後續報酬的描述性相關；非因果或預測能力，少量樣本不作判斷,描述性關係；尚未扣費用、檢查除權息或做樣本外驗證；不評分、不認定關鍵分點
1519,0039003100380047,9100,群益金鼎-新莊,sell,5,1,1,0.5813953488372103,1.0,0.5813953488372103,0.0,0.43604651162789665,1,,量占比與後續報酬的描述性相關；非因果或預測能力，少量樣本不作判斷,描述性關係；尚未扣費用、檢查除權息或做樣本外驗證；不評分、不認定關鍵分點
1519,0039003100380065,9100,群益金鼎-大安,buy,5,1,1,0.5813953488372103,1.0,0.5813953488372103,0.0,0.43604651162789665,1,,量占比與後續報酬的描述性相關；非因果或預測能力，少量樣本不作判斷,描述性關係；尚未扣費用、檢查除權息或做樣本外驗證；不評分、不認定關鍵分點
1519,0039003800310044,9800,元大-南投,buy,5,1,1,0.5813953488372103,1.0,0.5813953488372103,0.0,0.43604651162789665,1,,量占比與後續報酬的描述性相關；非因果或預測能力，少量樣本不作判斷,描述性關係；尚未扣費用、檢查除權息或做樣本外驗證；不評分、不認定關鍵分點
1519,0039004100380031,9A00,永豐金-匯立,buy,5,1,1,0.5813953488372103,1.0,0.5813953488372103,0.0,0.43604651162789665,1,,量占比與後續報酬的描述性相關；非因果或預測能力，少量樣本不作判斷,描述性關係；尚未扣費用、檢查除權息或做樣本外驗證；不評分、不認定關鍵分點
1519,0039004100390057,9A00,永豐金-市政,buy,5,1,1,0.5813953488372103,1.0,0.5813953488372103,0.0,0.43604651162789665,1,,量占比與後續報酬的描述性相關；非因果或預測能力，少量樣本不作判斷,描述性關係；尚未扣費用、檢查除權息或做樣本外驗證；不評分、不認定關鍵分點
1519,1440,1440,美林,sell,5,1,1,0.5813953488372103,1.0,0.5813953488372103,0.0,0.43604651162789665,1,,量占比與後續報酬的描述性相關；非因果或預測能力，少量樣本不作判斷,描述性關係；尚未扣費用、檢查除權息或做樣本外驗證；不評分、不認定關鍵分點
1519,1470,1470,台灣摩根士丹利,sell,5,1,1,0.5813953488372103,1.0,0.5813953488372103,0.0,0.43604651162789665,1,,量占比與後續報酬的描述性相關；非因果或預測能力，少量樣本不作判斷,描述性關係；尚未扣費用、檢查除權息或做樣本外驗證；不評分、不認定關鍵分點
1519,1590,1590,花旗環球,sell,5,1,1,0.5813953488372103,1.0,0.5813953488372103,0.0,0.43604651162789665,1,,量占比與後續報酬的描述性相關；非因果或預測能力，少量樣本不作判斷,描述性關係；尚未扣費用、檢查除權息或做樣本外驗證；不評分、不認定關鍵分點
1519,1650,1650,新加坡商瑞銀,buy,5,1,1,0.5813953488372103,1.0,0.5813953488372103,0.0,0.43604651162789665,1,,量占比與後續報酬的描述性相關；非因果或預測能力，少量樣本不作判斷,描述性關係；尚未扣費用、檢查除權息或做樣本外驗證；不評分、不認定關鍵分點
1519,5384,5380,第一金-台南,buy,5,1,1,0.5813953488372103,1.0,0.5813953488372103,0.0,0.43604651162789665,1,,量占比與後續報酬的描述性相關；非因果或預測能力，少量樣本不作判斷,描述性關係；尚未扣費用、檢查除權息或做樣本外驗證；不評分、不認定關鍵分點
1519,6910,6910,德信,sell,5,1,1,0.5813953488372103,1.0,0.5813953488372103,0.0,0.43604651162789665,1,,量占比與後續報酬的描述性相關；非因果或預測能力，少量樣本不作判斷,描述性關係；尚未扣費用、檢查除權息或做樣本外驗證；不評分、不認定關鍵分點
1519,7001,7000,兆豐-嘉義,sell,5,1,1,0.5813953488372103,1.0,0.5813953488372103,0.0,0.43604651162789665,1,,量占比與後續報酬的描述性相關；非因果或預測能力，少量樣本不作判斷,描述性關係；尚未扣費用、檢查除權息或做樣本外驗證；不評分、不認定關鍵分點
1519,8440,8440,摩根大通,buy,5,1,1,0.5813953488372103,1.0,0.5813953488372103,0.0,0.43604651162789665,1,,量占比與後續報酬的描述性相關；非因果或預測能力，少量樣本不作判斷,描述性關係；尚未扣費用、檢查除權息或做樣本外驗證；不評分、不認定關鍵分點
1519,8560,8560,新光,buy,5,1,1,0.5813953488372103,1.0,0.5813953488372103,0.0,0.43604651162789665,1,,量占比與後續報酬的描述性相關；非因果或預測能力，少量樣本不作判斷,描述性關係；尚未扣費用、檢查除權息或做樣本外驗證；不評分、不認定關鍵分點
1519,8586,8580,聯邦-大業,buy,5,1,1,0.5813953488372103,1.0,0.5813953488372103,0.0,0.43604651162789665,1,,量占比與後續報酬的描述性相關；非因果或預測能力，少量樣本不作判斷,描述性關係；尚未扣費用、檢查除權息或做樣本外驗證；不評分、不認定關鍵分點
1519,8880,8880,國泰證券,sell,5,1,1,0.5813953488372103,1.0,0.5813953488372103,0.0,0.43604651162789665,1,,量占比與後續報酬的描述性相關；非因果或預測能力，少量樣本不作判斷,描述性關係；尚未扣費用、檢查除權息或做樣本外驗證；不評分、不認定關鍵分點
1519,8886,8880,國泰-新莊,buy,5,1,1,0.5813953488372103,1.0,0.5813953488372103,0.0,0.43604651162789665,1,,量占比與後續報酬的描述性相關；非因果或預測能力，少量樣本不作判斷,描述性關係；尚未扣費用、檢查除權息或做樣本外驗證；不評分、不認定關鍵分點
1519,8888,8880,國泰-敦南,buy,5,1,1,0.5813953488372103,1.0,0.5813953488372103,0.0,0.43604651162789665,1,,量占比與後續報酬的描述性相關；非因果或預測能力，少量樣本不作判斷,描述性關係；尚未扣費用、檢查除權息或做樣本外驗證；不評分、不認定關鍵分點
1519,9200,9200,凱基,sell,5,1,1,0.5813953488372103,1.0,0.5813953488372103,0.0,0.43604651162789665,1,,量占比與後續報酬的描述性相關；非因果或預測能力，少量樣本不作判斷,描述性關係；尚未扣費用、檢查除權息或做樣本外驗證；不評分、不認定關鍵分點
1519,9268,9200,凱基-台北,sell,5,1,1,0.5813953488372103,1.0,0.5813953488372103,0.0,0.43604651162789665,1,,量占比與後續報酬的描述性相關；非因果或預測能力，少量樣本不作判斷,描述性關係；尚未扣費用、檢查除權息或做樣本外驗證；不評分、不認定關鍵分點
1519,9600,9600,富邦證券,sell,5,1,1,0.5813953488372103,1.0,0.5813953488372103,0.0,0.43604651162789665,1,,量占比與後續報酬的描述性相關；非因果或預測能力，少量樣本不作判斷,描述性關係；尚未扣費用、檢查除權息或做樣本外驗證；不評分、不認定關鍵分點
1519,9676,9600,富邦-仁愛,buy,5,1,1,0.5813953488372103,1.0,0.5813953488372103,0.0,0.43604651162789665,1,,量占比與後續報酬的描述性相關；非因果或預測能力，少量樣本不作判斷,描述性關係；尚未扣費用、檢查除權息或做樣本外驗證；不評分、不認定關鍵分點
1519,9854,9800,元大-文心興安,sell,5,1,1,0.5813953488372103,1.0,0.5813953488372103,0.0,0.43604651162789665,1,,量占比與後續報酬的描述性相關；非因果或預測能力，少量樣本不作判斷,描述性關係；尚未扣費用、檢查除權息或做樣本外驗證；不評分、不認定關鍵分點
1519,9869,9800,元大-新盛,sell,5,1,1,0.5813953488372103,1.0,0.5813953488372103,0.0,0.43604651162789665,1,,量占比與後續報酬的描述性相關；非因果或預測能力，少量樣本不作判斷,描述性關係；尚未扣費用、檢查除權息或做樣本外驗證；不評分、不認定關鍵分點
1519,9879,9800,元大-板橋三民,sell,5,1,1,0.5813953488372103,1.0,0.5813953488372103,0.0,0.43604651162789665,1,,量占比與後續報酬的描述性相關；非因果或預測能力，少量樣本不作判斷,描述性關係；尚未扣費用、檢查除權息或做樣本外驗證；不評分、不認定關鍵分點
1560,003700370039006a,7790,國票-和平,buy,5,1,1,1.0000000000000009,1.0,1.0000000000000009,0.0,1.0000000000000009,1,,量占比與後續報酬的描述性相關；非因果或預測能力，少量樣本不作判斷,描述性關係；尚未扣費用、檢查除權息或做樣本外驗證；不評分、不認定關鍵分點
1560,0038003400350046,8450,康和-仁愛,sell,5,1,1,1.0000000000000009,1.0,1.0000000000000009,0.0,1.0000000000000009,1,,量占比與後續報酬的描述性相關；非因果或預測能力，少量樣本不作判斷,描述性關係；尚未扣費用、檢查除權息或做樣本外驗證；不評分、不認定關鍵分點
1560,003800380034004d,8840,玉山-數位,sell,5,1,1,1.0000000000000009,1.0,1.0000000000000009,0.0,1.0000000000000009,1,,量占比與後續報酬的描述性相關；非因果或預測能力，少量樣本不作判斷,描述性關係；尚未扣費用、檢查除權息或做樣本外驗證；不評分、不認定關鍵分點
1560,0039003200300046,9200,凱基-站前,buy,5,1,1,1.0000000000000009,1.0,1.0000000000000009,0.0,1.0000000000000009,1,,量占比與後續報酬的描述性相關；非因果或預測能力，少量樣本不作判斷,描述性關係；尚未扣費用、檢查除權息或做樣本外驗證；不評分、不認定關鍵分點
1560,0039003800390058,9800,元大-民生三民,sell,5,1,1,1.0000000000000009,1.0,1.0000000000000009,0.0,1.0000000000000009,1,,量占比與後續報酬的描述性相關；非因果或預測能力，少量樣本不作判斷,描述性關係；尚未扣費用、檢查除權息或做樣本外驗證；不評分、不認定關鍵分點
1560,0039004100300030,9A00,永豐金證券,sell,5,1,1,1.0000000000000009,1.0,1.0000000000000009,0.0,1.0000000000000009,1,,量占比與後續報酬的描述性相關；非因果或預測能力，少量樣本不作判斷,描述性關係；尚未扣費用、檢查除權息或做樣本外驗證；不評分、不認定關鍵分點
1560,0039004100380031,9A00,永豐金-匯立,sell,5,1,1,1.0000000000000009,1.0,1.0000000000000009,0.0,1.0000000000000009,1,,量占比與後續報酬的描述性相關；非因果或預測能力，少量樣本不作判斷,描述性關係；尚未扣費用、檢查除權息或做樣本外驗證；不評分、不認定關鍵分點
1560,1360,1360,港商麥格理,buy,5,1,1,1.0000000000000009,1.0,1.0000000000000009,0.0,1.0000000000000009,1,,量占比與後續報酬的描述性相關；非因果或預測能力，少量樣本不作判斷,描述性關係；尚未扣費用、檢查除權息或做樣本外驗證；不評分、不認定關鍵分點
1560,1470,1470,台灣摩根士丹利,buy,5,1,1,1.0000000000000009,1.0,1.0000000000000009,0.0,1.0000000000000009,1,,量占比與後續報酬的描述性相關；非因果或預測能力，少量樣本不作判斷,描述性關係；尚未扣費用、檢查除權息或做樣本外驗證；不評分、不認定關鍵分點
1560,1480,1480,美商高盛,sell,5,1,1,1.0000000000000009,1.0,1.0000000000000009,0.0,1.0000000000000009,1,,量占比與後續報酬的描述性相關；非因果或預測能力，少量樣本不作判斷,描述性關係；尚未扣費用、檢查除權息或做樣本外驗證；不評分、不認定關鍵分點
1560,1560,1560,港商野村,buy,5,1,1,1.0000000000000009,1.0,1.0000000000000009,0.0,1.0000000000000009,1,,量占比與後續報酬的描述性相關；非因果或預測能力，少量樣本不作判斷,描述性關係；尚未扣費用、檢查除權息或做樣本外驗證；不評分、不認定關鍵分點
1560,1590,1590,花旗環球,buy,5,1,1,1.0000000000000009,1.0,1.0000000000000009,0.0,1.0000000000000009,1,,量占比與後續報酬的描述性相關；非因果或預測能力，少量樣本不作判斷,描述性關係；尚未扣費用、檢查除權息或做樣本外驗證；不評分、不認定關鍵分點
1560,1650,1650,新加坡商瑞銀,sell,5,1,1,1.0000000000000009,1.0,1.0000000000000009,0.0,1.0000000000000009,1,,量占比與後續報酬的描述性相關；非因果或預測能力，少量樣本不作判斷,描述性關係；尚未扣費用、檢查除權息或做樣本外驗證；不評分、不認定關鍵分點
1560,5850,5850,統一,buy,5,1,1,1.0000000000000009,1.0,1.0000000000000009,0.0,1.0000000000000009,1,,量占比與後續報酬的描述性相關；非因果或預測能力，少量樣本不作判斷,描述性關係；尚未扣費用、檢查除權息或做樣本外驗證；不評分、不認定關鍵分點
1560,6162,6160,中國信託-忠孝,sell,5,1,1,1.0000000000000009,1.0,1.0000000000000009,0.0,1.0000000000000009,1,,量占比與後續報酬的描述性相關；非因果或預測能力，少量樣本不作判斷,描述性關係；尚未扣費用、檢查除權息或做樣本外驗證；不評分、不認定關鍵分點
1560,8440,8440,摩根大通,buy,5,1,1,1.0000000000000009,1.0,1.0000000000000009,0.0,1.0000000000000009,1,,量占比與後續報酬的描述性相關；非因果或預測能力，少量樣本不作判斷,描述性關係；尚未扣費用、檢查除權息或做樣本外驗證；不評分、不認定關鍵分點
1560,8580,8580,聯邦證券,sell,5,1,1,1.0000000000000009,1.0,1.0000000000000009,0.0,1.0000000000000009,1,,量占比與後續報酬的描述性相關；非因果或預測能力，少量樣本不作判斷,描述性關係；尚未扣費用、檢查除權息或做樣本外驗證；不評分、不認定關鍵分點
1560,8880,8880,國泰證券,buy,5,1,1,1.0000000000000009,1.0,1.0000000000000009,0.0,1.0000000000000009,1,,量占比與後續報酬的描述性相關；非因果或預測能力，少量樣本不作判斷,描述性關係；尚未扣費用、檢查除權息或做樣本外驗證；不評分、不認定關鍵分點
1560,8888,8880,國泰-敦南,sell,5,1,1,1.0000000000000009,1.0,1.0000000000000009,0.0,1.0000000000000009,1,,量占比與後續報酬的描述性相關；非因果或預測能力，少量樣本不作判斷,描述性關係；尚未扣費用、檢查除權息或做樣本外驗證；不評分、不認定關鍵分點
1560,8890,8890,大和國泰,buy,5,1,1,1.0000000000000009,1.0,1.0000000000000009,0.0,1.0000000000000009,1,,量占比與後續報酬的描述性相關；非因果或預測能力，少量樣本不作判斷,描述性關係；尚未扣費用、檢查除權息或做樣本外驗證；不評分、不認定關鍵分點
1560,9100,9100,群益金鼎,buy,5,1,1,1.0000000000000009,1.0,1.0000000000000009,0.0,1.0000000000000009,1,,量占比與後續報酬的描述性相關；非因果或預測能力，少量樣本不作判斷,描述性關係；尚未扣費用、檢查除權息或做樣本外驗證；不評分、不認定關鍵分點
1560,9188,9100,群益金鼎-三民,buy,5,1,1,1.0000000000000009,1.0,1.0000000000000009,0.0,1.0000000000000009,1,,量占比與後續報酬的描述性相關；非因果或預測能力，少量樣本不作判斷,描述性關係；尚未扣費用、檢查除權息或做樣本外驗證；不評分、不認定關鍵分點
1560,9200,9200,凱基,buy,5,1,1,1.0000000000000009,1.0,1.0000000000000009,0.0,1.0000000000000009,1,,量占比與後續報酬的描述性相關；非因果或預測能力，少量樣本不作判斷,描述性關係；尚未扣費用、檢查除權息或做樣本外驗證；不評分、不認定關鍵分點
1560,9223,9200,凱基-豐中,sell,5,1,1,1.0000000000000009,1.0,1.0000000000000009,0.0,1.0000000000000009,1,,量占比與後續報酬的描述性相關；非因果或預測能力，少量樣本不作判斷,描述性關係；尚未扣費用、檢查除權息或做樣本外驗證；不評分、不認定關鍵分點
1560,9268,9200,凱基-台北,sell,5,1,1,1.0000000000000009,1.0,1.0000000000000009,0.0,1.0000000000000009,1,,量占比與後續報酬的描述性相關；非因果或預測能力，少量樣本不作判斷,描述性關係；尚未扣費用、檢查除權息或做樣本外驗證；不評分、不認定關鍵分點
1560,9273,9200,凱基-竹東,sell,5,1,1,1.0000000000000009,1.0,1.0000000000000009,0.0,1.0000000000000009,1,,量占比與後續報酬的描述性相關；非因果或預測能力，少量樣本不作判斷,描述性關係；尚未扣費用、檢查除權息或做樣本外驗證；不評分、不認定關鍵分點
1560,9359,9300,華南永昌-中正,sell,5,1,1,1.0000000000000009,1.0,1.0000000000000009,0.0,1.0000000000000009,1,,量占比與後續報酬的描述性相關；非因果或預測能力，少量樣本不作判斷,描述性關係；尚未扣費用、檢查除權息或做樣本外驗證；不評分、不認定關鍵分點
1560,9624,9600,富邦-竹北,sell,5,1,1,1.0000000000000009,1.0,1.0000000000000009,0.0,1.0000000000000009,1,,量占比與後續報酬的描述性相關；非因果或預測能力，少量樣本不作判斷,描述性關係；尚未扣費用、檢查除權息或做樣本外驗證；不評分、不認定關鍵分點
1560,9800,9800,元大證券,buy,5,1,1,1.0000000000000009,1.0,1.0000000000000009,0.0,1.0000000000000009,1,,量占比與後續報酬的描述性相關；非因果或預測能力，少量樣本不作判斷,描述性關係；尚未扣費用、檢查除權息或做樣本外驗證；不評分、不認定關鍵分點
1560,9856,9800,元大-花蓮,buy,5,1,1,1.0000000000000009,1.0,1.0000000000000009,0.0,1.0000000000000009,1,,量占比與後續報酬的描述性相關；非因果或預測能力，少量樣本不作判斷,描述性關係；尚未扣費用、檢查除權息或做樣本外驗證；不評分、不認定關鍵分點
1773,0035003300380046,5380,第一金-大稻埕,sell,5,1,1,4.7761194029850795,1.0,4.7761194029850795,0.0,1.7910447761193993,1,,量占比與後續報酬的描述性相關；非因果或預測能力，少量樣本不作判斷,描述性關係；尚未扣費用、檢查除權息或做樣本外驗證；不評分、不認定關鍵分點
1773,0038003800340046,8840,玉山-桃園,buy,5,1,1,4.7761194029850795,1.0,4.7761194029850795,0.0,1.7910447761193993,1,,量占比與後續報酬的描述性相關；非因果或預測能力，少量樣本不作判斷,描述性關係；尚未扣費用、檢查除權息或做樣本外驗證；不評分、不認定關鍵分點
1773,0039003600310043,9600,富邦-南京,sell,5,1,1,4.7761194029850795,1.0,4.7761194029850795,0.0,1.7910447761193993,1,,量占比與後續報酬的描述性相關；非因果或預測能力，少量樣本不作判斷,描述性關係；尚未扣費用、檢查除權息或做樣本外驗證；不評分、不認定關鍵分點
1773,0039003600320041,9600,富邦-南港,buy,5,1,1,4.7761194029850795,1.0,4.7761194029850795,0.0,1.7910447761193993,1,,量占比與後續報酬的描述性相關；非因果或預測能力，少量樣本不作判斷,描述性關係；尚未扣費用、檢查除權息或做樣本外驗證；不評分、不認定關鍵分點
1773,0039003800350043,9800,元大-鳳中,buy,5,1,1,4.7761194029850795,1.0,4.7761194029850795,0.0,1.7910447761193993,1,,量占比與後續報酬的描述性相關；非因果或預測能力，少量樣本不作判斷,描述性關係；尚未扣費用、檢查除權息或做樣本外驗證；不評分、不認定關鍵分點
1773,0039004100300030,9A00,永豐金證券,sell,5,1,1,4.7761194029850795,1.0,4.7761194029850795,0.0,1.7910447761193993,1,,量占比與後續報酬的描述性相關；非因果或預測能力，少量樣本不作判斷,描述性關係；尚未扣費用、檢查除權息或做樣本外驗證；不評分、不認定關鍵分點
1773,0039004100390051,9A00,永豐金-豐原,buy,5,1,1,4.7761194029850795,1.0,4.7761194029850795,0.0,1.7910447761193993,1,,量占比與後續報酬的描述性相關；非因果或預測能力，少量樣本不作判斷,描述性關係；尚未扣費用、檢查除權息或做樣本外驗證；不評分、不認定關鍵分點
1773,1114,1110,台灣企銀-嘉義,sell,5,1,1,4.7761194029850795,1.0,4.7761194029850795,0.0,1.7910447761193993,1,,量占比與後續報酬的描述性相關；非因果或預測能力，少量樣本不作判斷,描述性關係；尚未扣費用、檢查除權息或做樣本外驗證；不評分、不認定關鍵分點
1773,1260,1260,宏遠證券,buy,5,1,1,4.7761194029850795,1.0,4.7761194029850795,0.0,1.7910447761193993,1,,量占比與後續報酬的描述性相關；非因果或預測能力，少量樣本不作判斷,描述性關係；尚未扣費用、檢查除權息或做樣本外驗證；不評分、不認定關鍵分點
1773,1440,1440,美林,buy,5,1,1,4.7761194029850795,1.0,4.7761194029850795,0.0,1.7910447761193993,1,,量占比與後續報酬的描述性相關；非因果或預測能力，少量樣本不作判斷,描述性關係；尚未扣費用、檢查除權息或做樣本外驗證；不評分、不認定關鍵分點
1773,1470,1470,台灣摩根士丹利,sell,5,1,1,4.7761194029850795,1.0,4.7761194029850795,0.0,1.7910447761193993,1,,量占比與後續報酬的描述性相關；非因果或預測能力，少量樣本不作判斷,描述性關係；尚未扣費用、檢查除權息或做樣本外驗證；不評分、不認定關鍵分點
1773,1480,1480,美商高盛,sell,5,1,1,4.7761194029850795,1.0,4.7761194029850795,0.0,1.7910447761193993,1,,量占比與後續報酬的描述性相關；非因果或預測能力，少量樣本不作判斷,描述性關係；尚未扣費用、檢查除權息或做樣本外驗證；不評分、不認定關鍵分點
1773,1560,1560,港商野村,sell,5,1,1,4.7761194029850795,1.0,4.7761194029850795,0.0,1.7910447761193993,1,,量占比與後續報酬的描述性相關；非因果或預測能力，少量樣本不作判斷,描述性關係；尚未扣費用、檢查除權息或做樣本外驗證；不評分、不認定關鍵分點
1773,1590,1590,花旗環球,sell,5,1,1,4.7761194029850795,1.0,4.7761194029850795,0.0,1.7910447761193993,1,,量占比與後續報酬的描述性相關；非因果或預測能力，少量樣本不作判斷,描述性關係；尚未扣費用、檢查除權息或做樣本外驗證；不評分、不認定關鍵分點
1773,1650,1650,新加坡商瑞銀,sell,5,1,1,4.7761194029850795,1.0,4.7761194029850795,0.0,1.7910447761193993,1,,量占比與後續報酬的描述性相關；非因果或預測能力，少量樣本不作判斷,描述性關係；尚未扣費用、檢查除權息或做樣本外驗證；不評分、不認定關鍵分點
1773,5058,5050,大展-台南,sell,5,1,1,4.7761194029850795,1.0,4.7761194029850795,0.0,1.7910447761193993,1,,量占比與後續報酬的描述性相關；非因果或預測能力，少量樣本不作判斷,描述性關係；尚未扣費用、檢查除權息或做樣本外驗證；不評分、不認定關鍵分點
1773,5853,5850,統一-中壢,sell,5,1,1,4.7761194029850795,1.0,4.7761194029850795,0.0,1.7910447761193993,1,,量占比與後續報酬的描述性相關；非因果或預測能力，少量樣本不作判斷,描述性關係；尚未扣費用、檢查除權息或做樣本外驗證；不評分、不認定關鍵分點
1773,7797,7790,國票-中正,buy,5,1,1,4.7761194029850795,1.0,4.7761194029850795,0.0,1.7910447761193993,1,,量占比與後續報酬的描述性相關；非因果或預測能力，少量樣本不作判斷,描述性關係；尚未扣費用、檢查除權息或做樣本外驗證；不評分、不認定關鍵分點
1773,8440,8440,摩根大通,buy,5,1,1,4.7761194029850795,1.0,4.7761194029850795,0.0,1.7910447761193993,1,,量占比與後續報酬的描述性相關；非因果或預測能力，少量樣本不作判斷,描述性關係；尚未扣費用、檢查除權息或做樣本外驗證；不評分、不認定關鍵分點
1773,8841,8840,玉山-雙和,buy,5,1,1,4.7761194029850795,1.0,4.7761194029850795,0.0,1.7910447761193993,1,,量占比與後續報酬的描述性相關；非因果或預測能力，少量樣本不作判斷,描述性關係；尚未扣費用、檢查除權息或做樣本外驗證；不評分、不認定關鍵分點
1773,8848,8840,玉山-嘉義,buy,5,1,1,4.7761194029850795,1.0,4.7761194029850795,0.0,1.7910447761193993,1,,量占比與後續報酬的描述性相關；非因果或預測能力，少量樣本不作判斷,描述性關係；尚未扣費用、檢查除權息或做樣本外驗證；不評分、不認定關鍵分點
1773,8849,8840,玉山-景美,buy,5,1,1,4.7761194029850795,1.0,4.7761194029850795,0.0,1.7910447761193993,1,,量占比與後續報酬的描述性相關；非因果或預測能力，少量樣本不作判斷,描述性關係；尚未扣費用、檢查除權息或做樣本外驗證；不評分、不認定關鍵分點
1773,8888,8880,國泰-敦南,buy,5,1,1,4.7761194029850795,1.0,4.7761194029850795,0.0,1.7910447761193993,1,,量占比與後續報酬的描述性相關；非因果或預測能力，少量樣本不作判斷,描述性關係；尚未扣費用、檢查除權息或做樣本外驗證；不評分、不認定關鍵分點
1773,9235,9200,凱基-永華,sell,5,1,1,4.7761194029850795,1.0,4.7761194029850795,0.0,1.7910447761193993,1,,量占比與後續報酬的描述性相關；非因果或預測能力，少量樣本不作判斷,描述性關係；尚未扣費用、檢查除權息或做樣本外驗證；不評分、不認定關鍵分點
1773,9268,9200,凱基-台北,sell,5,1,1,4.7761194029850795,1.0,4.7761194029850795,0.0,1.7910447761193993,1,,量占比與後續報酬的描述性相關；非因果或預測能力，少量樣本不作判斷,描述性關係；尚未扣費用、檢查除權息或做樣本外驗證；不評分、不認定關鍵分點
1773,9297,9200,凱基-文心,buy,5,1,1,4.7761194029850795,1.0,4.7761194029850795,0.0,1.7910447761193993,1,,量占比與後續報酬的描述性相關；非因果或預測能力，少量樣本不作判斷,描述性關係；尚未扣費用、檢查除權息或做樣本外驗證；不評分、不認定關鍵分點
1773,9331,9300,華南永昌-鳳山,sell,5,1,1,4.7761194029850795,1.0,4.7761194029850795,0.0,1.7910447761193993,1,,量占比與後續報酬的描述性相關；非因果或預測能力，少量樣本不作判斷,描述性關係；尚未扣費用、檢查除權息或做樣本外驗證；不評分、不認定關鍵分點
1773,9604,9600,富邦-陽明,buy,5,1,1,4.7761194029850795,1.0,4.7761194029850795,0.0,1.7910447761193993,1,,量占比與後續報酬的描述性相關；非因果或預測能力，少量樣本不作判斷,描述性關係；尚未扣費用、檢查除權息或做樣本外驗證；不評分、不認定關鍵分點
1773,9863,9800,元大-和平,sell,5,1,1,4.7761194029850795,1.0,4.7761194029850795,0.0,1.7910447761193993,1,,量占比與後續報酬的描述性相關；非因果或預測能力，少量樣本不作判斷,描述性關係；尚未扣費用、檢查除權息或做樣本外驗證；不評分、不認定關鍵分點
1773,9897,9800,元大-土城,buy,5,1,1,4.7761194029850795,1.0,4.7761194029850795,0.0,1.7910447761193993,1,,量占比與後續報酬的描述性相關；非因果或預測能力，少量樣本不作判斷,描述性關係；尚未扣費用、檢查除權息或做樣本外驗證；不評分、不認定關鍵分點
2059,003500380035005a,5850,統一-松江,buy,5,1,1,-10.308407266582176,0.0,-10.308407266582176,0.0,-10.308407266582176,1,,量占比與後續報酬的描述性相關；非因果或預測能力，少量樣本不作判斷,描述性關係；尚未扣費用、檢查除權息或做樣本外驗證；不評分、不認定關鍵分點
2059,0037003700390044,7790,國票-台南,buy,5,1,1,-10.308407266582176,0.0,-10.308407266582176,0.0,-10.308407266582176,1,,量占比與後續報酬的描述性相關；非因果或預測能力，少量樣本不作判斷,描述性關係；尚未扣費用、檢查除權息或做樣本外驗證；不評分、不認定關鍵分點
2059,0039004100300030,9A00,永豐金證券,sell,5,1,1,-10.308407266582176,0.0,-10.308407266582176,0.0,-10.308407266582176,1,,量占比與後續報酬的描述性相關；非因果或預測能力，少量樣本不作判斷,描述性關係；尚未扣費用、檢查除權息或做樣本外驗證；不評分、不認定關鍵分點
2059,0039004100390048,9A00,永豐金-新莊,buy,5,1,1,-10.308407266582176,0.0,-10.308407266582176,0.0,-10.308407266582176,1,,量占比與後續報酬的描述性相關；非因果或預測能力，少量樣本不作判斷,描述性關係；尚未扣費用、檢查除權息或做樣本外驗證；不評分、不認定關鍵分點
2059,1020,1020,合庫證券,sell,5,1,1,-10.308407266582176,0.0,-10.308407266582176,0.0,-10.308407266582176,1,,量占比與後續報酬的描述性相關；非因果或預測能力，少量樣本不作判斷,描述性關係；尚未扣費用、檢查除權息或做樣本外驗證；不評分、不認定關鍵分點
2059,1040,1040,臺銀,sell,5,1,1,-10.308407266582176,0.0,-10.308407266582176,0.0,-10.308407266582176,1,,量占比與後續報酬的描述性相關；非因果或預測能力，少量樣本不作判斷,描述性關係；尚未扣費用、檢查除權息或做樣本外驗證；不評分、不認定關鍵分點
2059,1110,1110,台灣企銀,sell,5,1,1,-10.308407266582176,0.0,-10.308407266582176,0.0,-10.308407266582176,1,,量占比與後續報酬的描述性相關；非因果或預測能力，少量樣本不作判斷,描述性關係；尚未扣費用、檢查除權息或做樣本外驗證；不評分、不認定關鍵分點
2059,1360,1360,港商麥格理,buy,5,1,1,-10.308407266582176,0.0,-10.308407266582176,0.0,-10.308407266582176,1,,量占比與後續報酬的描述性相關；非因果或預測能力，少量樣本不作判斷,描述性關係；尚未扣費用、檢查除權息或做樣本外驗證；不評分、不認定關鍵分點
2059,1440,1440,美林,sell,5,1,1,-10.308407266582176,0.0,-10.308407266582176,0.0,-10.308407266582176,1,,量占比與後續報酬的描述性相關；非因果或預測能力，少量樣本不作判斷,描述性關係；尚未扣費用、檢查除權息或做樣本外驗證；不評分、不認定關鍵分點
2059,1470,1470,台灣摩根士丹利,buy,5,1,1,-10.308407266582176,0.0,-10.308407266582176,0.0,-10.308407266582176,1,,量占比與後續報酬的描述性相關；非因果或預測能力，少量樣本不作判斷,描述性關係；尚未扣費用、檢查除權息或做樣本外驗證；不評分、不認定關鍵分點
2059,1480,1480,美商高盛,buy,5,1,1,-10.308407266582176,0.0,-10.308407266582176,0.0,-10.308407266582176,1,,量占比與後續報酬的描述性相關；非因果或預測能力，少量樣本不作判斷,描述性關係；尚未扣費用、檢查除權息或做樣本外驗證；不評分、不認定關鍵分點
2059,1590,1590,花旗環球,sell,5,1,1,-10.308407266582176,0.0,-10.308407266582176,0.0,-10.308407266582176,1,,量占比與後續報酬的描述性相關；非因果或預測能力，少量樣本不作判斷,描述性關係；尚未扣費用、檢查除權息或做樣本外驗證；不評分、不認定關鍵分點
2059,1650,1650,新加坡商瑞銀,sell,5,1,1,-10.308407266582176,0.0,-10.308407266582176,0.0,-10.308407266582176,1,,量占比與後續報酬的描述性相關；非因果或預測能力，少量樣本不作判斷,描述性關係；尚未扣費用、檢查除權息或做樣本外驗證；不評分、不認定關鍵分點
2059,5380,5380,第一金,sell,5,1,1,-10.308407266582176,0.0,-10.308407266582176,0.0,-10.308407266582176,1,,量占比與後續報酬的描述性相關；非因果或預測能力，少量樣本不作判斷,描述性關係；尚未扣費用、檢查除權息或做樣本外驗證；不評分、不認定關鍵分點
2059,5850,5850,統一,buy,5,1,1,-10.308407266582176,0.0,-10.308407266582176,0.0,-10.308407266582176,1,,量占比與後續報酬的描述性相關；非因果或預測能力，少量樣本不作判斷,描述性關係；尚未扣費用、檢查除權息或做樣本外驗證；不評分、不認定關鍵分點
2059,5856,5850,統一-台中,buy,5,1,1,-10.308407266582176,0.0,-10.308407266582176,0.0,-10.308407266582176,1,,量占比與後續報酬的描述性相關；非因果或預測能力，少量樣本不作判斷,描述性關係；尚未扣費用、檢查除權息或做樣本外驗證；不評分、不認定關鍵分點
2059,6160,6160,中國信託,buy,5,1,1,-10.308407266582176,0.0,-10.308407266582176,0.0,-10.308407266582176,1,,量占比與後續報酬的描述性相關；非因果或預測能力，少量樣本不作判斷,描述性關係；尚未扣費用、檢查除權息或做樣本外驗證；不評分、不認定關鍵分點
2059,8440,8440,摩根大通,sell,5,1,1,-10.308407266582176,0.0,-10.308407266582176,0.0,-10.308407266582176,1,,量占比與後續報酬的描述性相關；非因果或預測能力，少量樣本不作判斷,描述性關係；尚未扣費用、檢查除權息或做樣本外驗證；不評分、不認定關鍵分點
2059,8450,8450,康和,buy,5,1,1,-10.308407266582176,0.0,-10.308407266582176,0.0,-10.308407266582176,1,,量占比與後續報酬的描述性相關；非因果或預測能力，少量樣本不作判斷,描述性關係；尚未扣費用、檢查除權息或做樣本外驗證；不評分、不認定關鍵分點
2059,8842,8840,玉山-新莊,buy,5,1,1,-10.308407266582176,0.0,-10.308407266582176,0.0,-10.308407266582176,1,,量占比與後續報酬的描述性相關；非因果或預測能力，少量樣本不作判斷,描述性關係；尚未扣費用、檢查除權息或做樣本外驗證；不評分、不認定關鍵分點
2059,8880,8880,國泰證券,sell,5,1,1,-10.308407266582176,0.0,-10.308407266582176,0.0,-10.308407266582176,1,,量占比與後續報酬的描述性相關；非因果或預測能力，少量樣本不作判斷,描述性關係；尚未扣費用、檢查除權息或做樣本外驗證；不評分、不認定關鍵分點
2059,8900,8900,法銀巴黎,buy,5,1,1,-10.308407266582176,0.0,-10.308407266582176,0.0,-10.308407266582176,1,,量占比與後續報酬的描述性相關；非因果或預測能力，少量樣本不作判斷,描述性關係；尚未扣費用、檢查除權息或做樣本外驗證；不評分、不認定關鍵分點
2059,9188,9100,群益金鼎-三民,buy,5,1,1,-10.308407266582176,0.0,-10.308407266582176,0.0,-10.308407266582176,1,,量占比與後續報酬的描述性相關；非因果或預測能力，少量樣本不作判斷,描述性關係；尚未扣費用、檢查除權息或做樣本外驗證；不評分、不認定關鍵分點
2059,9200,9200,凱基,sell,5,1,1,-10.308407266582176,0.0,-10.308407266582176,0.0,-10.308407266582176,1,,量占比與後續報酬的描述性相關；非因果或預測能力，少量樣本不作判斷,描述性關係；尚未扣費用、檢查除權息或做樣本外驗證；不評分、不認定關鍵分點
2059,9229,9200,凱基-中山,sell,5,1,1,-10.308407266582176,0.0,-10.308407266582176,0.0,-10.308407266582176,1,,量占比與後續報酬的描述性相關；非因果或預測能力，少量樣本不作判斷,描述性關係；尚未扣費用、檢查除權息或做樣本外驗證；不評分、不認定關鍵分點
2059,9268,9200,凱基-台北,buy,5,1,1,-10.308407266582176,0.0,-10.308407266582176,0.0,-10.308407266582176,1,,量占比與後續報酬的描述性相關；非因果或預測能力，少量樣本不作判斷,描述性關係；尚未扣費用、檢查除權息或做樣本外驗證；不評分、不認定關鍵分點
2059,9326,9300,華南永昌-南京,buy,5,1,1,-10.308407266582176,0.0,-10.308407266582176,0.0,-10.308407266582176,1,,量占比與後續報酬的描述性相關；非因果或預測能力，少量樣本不作判斷,描述性關係；尚未扣費用、檢查除權息或做樣本外驗證；不評分、不認定關鍵分點
2059,9334,9300,華南永昌-世貿,sell,5,1,1,-10.308407266582176,0.0,-10.308407266582176,0.0,-10.308407266582176,1,,量占比與後續報酬的描述性相關；非因果或預測能力，少量樣本不作判斷,描述性關係；尚未扣費用、檢查除權息或做樣本外驗證；不評分、不認定關鍵分點
2059,9600,9600,富邦證券,sell,5,1,1,-10.308407266582176,0.0,-10.308407266582176,0.0,-10.308407266582176,1,,量占比與後續報酬的描述性相關；非因果或預測能力，少量樣本不作判斷,描述性關係；尚未扣費用、檢查除權息或做樣本外驗證；不評分、不認定關鍵分點
2059,9800,9800,元大證券,sell,5,1,1,-10.308407266582176,0.0,-10.308407266582176,0.0,-10.308407266582176,1,,量占比與後續報酬的描述性相關；非因果或預測能力，少量樣本不作判斷,描述性關係；尚未扣費用、檢查除權息或做樣本外驗證；不評分、不認定關鍵分點
2301,0037003000300067,7000,兆豐-南門,sell,5,1,1,4.569420035149374,1.0,4.569420035149374,0.0,-1.0544815465729385,1,,量占比與後續報酬的描述性相關；非因果或預測能力，少量樣本不作判斷,描述性關係；尚未扣費用、檢查除權息或做樣本外驗證；不評分、不認定關鍵分點
2301,003700300030006b,7000,兆豐-員林,sell,5,1,1,4.569420035149374,1.0,4.569420035149374,0.0,-1.0544815465729385,1,,量占比與後續報酬的描述性相關；非因果或預測能力，少量樣本不作判斷,描述性關係；尚未扣費用、檢查除權息或做樣本外驗證；不評分、不認定關鍵分點
2301,0038003400350042,8450,康和-永和,buy,5,1,1,4.569420035149374,1.0,4.569420035149374,0.0,-1.0544815465729385,1,,量占比與後續報酬的描述性相關；非因果或預測能力，少量樣本不作判斷,描述性關係；尚未扣費用、檢查除權息或做樣本外驗證；不評分、不認定關鍵分點
2301,0039003100380043,9100,群益金鼎-古亭,sell,5,1,1,4.569420035149374,1.0,4.569420035149374,0.0,-1.0544815465729385,1,,量占比與後續報酬的描述性相關；非因果或預測能力，少量樣本不作判斷,描述性關係；尚未扣費用、檢查除權息或做樣本外驗證；不評分、不認定關鍵分點
2301,0039003100380075,9100,群益金鼎-瑞豐,buy,5,1,1,4.569420035149374,1.0,4.569420035149374,0.0,-1.0544815465729385,1,,量占比與後續報酬的描述性相關；非因果或預測能力，少量樣本不作判斷,描述性關係；尚未扣費用、檢查除權息或做樣本外驗證；不評分、不認定關鍵分點
2301,0039003200300046,9200,凱基-站前,buy,5,1,1,4.569420035149374,1.0,4.569420035149374,0.0,-1.0544815465729385,1,,量占比與後續報酬的描述性相關；非因果或預測能力，少量樣本不作判斷,描述性關係；尚未扣費用、檢查除權息或做樣本外驗證；不評分、不認定關鍵分點
2301,0039003600320050,9600,富邦-頭份,sell,5,1,1,4.569420035149374,1.0,4.569420035149374,0.0,-1.0544815465729385,1,,量占比與後續報酬的描述性相關；非因果或預測能力，少量樣本不作判斷,描述性關係；尚未扣費用、檢查除權息或做樣本外驗證；不評分、不認定關鍵分點
2301,0039004100300030,9A00,永豐金證券,sell,5,1,1,4.569420035149374,1.0,4.569420035149374,0.0,-1.0544815465729385,1,,量占比與後續報酬的描述性相關；非因果或預測能力，少量樣本不作判斷,描述性關係；尚未扣費用、檢查除權息或做樣本外驗證；不評分、不認定關鍵分點
2301,0039004100380031,9A00,永豐金-匯立,buy,5,1,1,4.569420035149374,1.0,4.569420035149374,0.0,-1.0544815465729385,1,,量占比與後續報酬的描述性相關；非因果或預測能力，少量樣本不作判斷,描述性關係；尚未扣費用、檢查除權息或做樣本外驗證；不評分、不認定關鍵分點
2301,0039004200300030,9B00,台新,buy,5,1,1,4.569420035149374,1.0,4.569420035149374,0.0,-1.0544815465729385,1,,量占比與後續報酬的描述性相關；非因果或預測能力，少量樣本不作判斷,描述性關係；尚未扣費用、檢查除權息或做樣本外驗證；不評分、不認定關鍵分點
2301,1440,1440,美林,buy,5,1,1,4.569420035149374,1.0,4.569420035149374,0.0,-1.0544815465729385,1,,量占比與後續報酬的描述性相關；非因果或預測能力，少量樣本不作判斷,描述性關係；尚未扣費用、檢查除權息或做樣本外驗證；不評分、不認定關鍵分點
2301,1470,1470,台灣摩根士丹利,sell,5,1,1,4.569420035149374,1.0,4.569420035149374,0.0,-1.0544815465729385,1,,量占比與後續報酬的描述性相關；非因果或預測能力，少量樣本不作判斷,描述性關係；尚未扣費用、檢查除權息或做樣本外驗證；不評分、不認定關鍵分點
2301,1480,1480,美商高盛,buy,5,1,1,4.569420035149374,1.0,4.569420035149374,0.0,-1.0544815465729385,1,,量占比與後續報酬的描述性相關；非因果或預測能力，少量樣本不作判斷,描述性關係；尚未扣費用、檢查除權息或做樣本外驗證；不評分、不認定關鍵分點
2301,1650,1650,新加坡商瑞銀,buy,5,1,1,4.569420035149374,1.0,4.569420035149374,0.0,-1.0544815465729385,1,,量占比與後續報酬的描述性相關；非因果或預測能力，少量樣本不作判斷,描述性關係；尚未扣費用、檢查除權息或做樣本外驗證；不評分、不認定關鍵分點
2301,6160,6160,中國信託,buy,5,1,1,4.569420035149374,1.0,4.569420035149374,0.0,-1.0544815465729385,1,,量占比與後續報酬的描述性相關；非因果或預測能力，少量樣本不作判斷,描述性關係；尚未扣費用、檢查除權息或做樣本外驗證；不評分、不認定關鍵分點
2301,7000,7000,兆豐證券,sell,5,1,1,4.569420035149374,1.0,4.569420035149374,0.0,-1.0544815465729385,1,,量占比與後續報酬的描述性相關；非因果或預測能力，少量樣本不作判斷,描述性關係；尚未扣費用、檢查除權息或做樣本外驗證；不評分、不認定關鍵分點
2301,8440,8440,摩根大通,buy,5,1,1,4.569420035149374,1.0,4.569420035149374,0.0,-1.0544815465729385,1,,量占比與後續報酬的描述性相關；非因果或預測能力，少量樣本不作判斷,描述性關係；尚未扣費用、檢查除權息或做樣本外驗證；不評分、不認定關鍵分點
2301,8560,8560,新光,sell,5,1,1,4.569420035149374,1.0,4.569420035149374,0.0,-1.0544815465729385,1,,量占比與後續報酬的描述性相關；非因果或預測能力，少量樣本不作判斷,描述性關係；尚未扣費用、檢查除權息或做樣本外驗證；不評分、不認定關鍵分點
2301,8840,8840,玉山證券,sell,5,1,1,4.569420035149374,1.0,4.569420035149374,0.0,-1.0544815465729385,1,,量占比與後續報酬的描述性相關；非因果或預測能力，少量樣本不作判斷,描述性關係；尚未扣費用、檢查除權息或做樣本外驗證；不評分、不認定關鍵分點
2301,8882,8880,國泰-台中,sell,5,1,1,4.569420035149374,1.0,4.569420035149374,0.0,-1.0544815465729385,1,,量占比與後續報酬的描述性相關；非因果或預測能力，少量樣本不作判斷,描述性關係；尚未扣費用、檢查除權息或做樣本外驗證；不評分、不認定關鍵分點
2301,8888,8880,國泰-敦南,sell,5,1,1,4.569420035149374,1.0,4.569420035149374,0.0,-1.0544815465729385,1,,量占比與後續報酬的描述性相關；非因果或預測能力，少量樣本不作判斷,描述性關係；尚未扣費用、檢查除權息或做樣本外驗證；不評分、不認定關鍵分點
2301,8900,8900,法銀巴黎,sell,5,1,1,4.569420035149374,1.0,4.569420035149374,0.0,-1.0544815465729385,1,,量占比與後續報酬的描述性相關；非因果或預測能力，少量樣本不作判斷,描述性關係；尚未扣費用、檢查除權息或做樣本外驗證；不評分、不認定關鍵分點
2301,9200,9200,凱基,buy,5,1,1,4.569420035149374,1.0,4.569420035149374,0.0,-1.0544815465729385,1,,量占比與後續報酬的描述性相關；非因果或預測能力，少量樣本不作判斷,描述性關係；尚未扣費用、檢查除權息或做樣本外驗證；不評分、不認定關鍵分點
2301,9268,9200,凱基-台北,buy,5,1,1,4.569420035149374,1.0,4.569420035149374,0.0,-1.0544815465729385,1,,量占比與後續報酬的描述性相關；非因果或預測能力，少量樣本不作判斷,描述性關係；尚未扣費用、檢查除權息或做樣本外驗證；不評分、不認定關鍵分點
2301,9333,9300,華南永昌-長虹,sell,5,1,1,4.569420035149374,1.0,4.569420035149374,0.0,-1.0544815465729385,1,,量占比與後續報酬的描述性相關；非因果或預測能力，少量樣本不作判斷,描述性關係；尚未扣費用、檢查除權息或做樣本外驗證；不評分、不認定關鍵分點
2301,9339,9300,華南永昌-竹北,buy,5,1,1,4.569420035149374,1.0,4.569420035149374,0.0,-1.0544815465729385,1,,量占比與後續報酬的描述性相關；非因果或預測能力，少量樣本不作判斷,描述性關係；尚未扣費用、檢查除權息或做樣本外驗證；不評分、不認定關鍵分點
2301,9623,9600,富邦-台北,sell,5,1,1,4.569420035149374,1.0,4.569420035149374,0.0,-1.0544815465729385,1,,量占比與後續報酬的描述性相關；非因果或預測能力，少量樣本不作判斷,描述性關係；尚未扣費用、檢查除權息或做樣本外驗證；不評分、不認定關鍵分點
2301,9636,9600,富邦-中壢,sell,5,1,1,4.569420035149374,1.0,4.569420035149374,0.0,-1.0544815465729385,1,,量占比與後續報酬的描述性相關；非因果或預測能力，少量樣本不作判斷,描述性關係；尚未扣費用、檢查除權息或做樣本外驗證；不評分、不認定關鍵分點
2301,9659,9600,富邦-高雄,buy,5,1,1,4.569420035149374,1.0,4.569420035149374,0.0,-1.0544815465729385,1,,量占比與後續報酬的描述性相關；非因果或預測能力，少量樣本不作判斷,描述性關係；尚未扣費用、檢查除權息或做樣本外驗證；不評分、不認定關鍵分點
2301,9800,9800,元大證券,buy,5,1,1,4.569420035149374,1.0,4.569420035149374,0.0,-1.0544815465729385,1,,量占比與後續報酬的描述性相關；非因果或預測能力，少量樣本不作判斷,描述性關係；尚未扣費用、檢查除權息或做樣本外驗證；不評分、不認定關鍵分點
2303,0035003300380045,5380,第一金-自由,sell,5,1,1,-8.6687306501548,0.0,-8.6687306501548,0.0,-8.6687306501548,1,,量占比與後續報酬的描述性相關；非因果或預測能力，少量樣本不作判斷,描述性關係；尚未扣費用、檢查除權息或做樣本外驗證；不評分、不認定關鍵分點
2303,0039003100380065,9100,群益金鼎-大安,sell,5,1,1,-8.6687306501548,0.0,-8.6687306501548,0.0,-8.6687306501548,1,,量占比與後續報酬的描述性相關；非因果或預測能力，少量樣本不作判斷,描述性關係；尚未扣費用、檢查除權息或做樣本外驗證；不評分、不認定關鍵分點
2303,0039003600310043,9600,富邦-南京,sell,5,1,1,-8.6687306501548,0.0,-8.6687306501548,0.0,-8.6687306501548,1,,量占比與後續報酬的描述性相關；非因果或預測能力，少量樣本不作判斷,描述性關係；尚未扣費用、檢查除權息或做樣本外驗證；不評分、不認定關鍵分點
2303,0039003800300061,9800,元大-中山北路,sell,5,1,1,-8.6687306501548,0.0,-8.6687306501548,0.0,-8.6687306501548,1,,量占比與後續報酬的描述性相關；非因果或預測能力，少量樣本不作判斷,描述性關係；尚未扣費用、檢查除權息或做樣本外驗證；不評分、不認定關鍵分點
2303,0039003800300068,9800,元大-台北,buy,5,1,1,-8.6687306501548,0.0,-8.6687306501548,0.0,-8.6687306501548,1,,量占比與後續報酬的描述性相關；非因果或預測能力，少量樣本不作判斷,描述性關係；尚未扣費用、檢查除權息或做樣本外驗證；不評分、不認定關鍵分點
2303,003900380031006a,9800,元大-士林,sell,5,1,1,-8.6687306501548,0.0,-8.6687306501548,0.0,-8.6687306501548,1,,量占比與後續報酬的描述性相關；非因果或預測能力，少量樣本不作判斷,描述性關係；尚未扣費用、檢查除權息或做樣本外驗證；不評分、不認定關鍵分點
2303,0039004100300030,9A00,永豐金證券,buy,5,1,1,-8.6687306501548,0.0,-8.6687306501548,0.0,-8.6687306501548,1,,量占比與後續報酬的描述性相關；非因果或預測能力，少量樣本不作判斷,描述性關係；尚未扣費用、檢查除權息或做樣本外驗證；不評分、不認定關鍵分點
2303,0039004200300030,9B00,台新,sell,5,1,1,-8.6687306501548,0.0,-8.6687306501548,0.0,-8.6687306501548,1,,量占比與後續報酬的描述性相關；非因果或預測能力，少量樣本不作判斷,描述性關係；尚未扣費用、檢查除權息或做樣本外驗證；不評分、不認定關鍵分點
2303,1260,1260,宏遠證券,sell,5,1,1,-8.6687306501548,0.0,-8.6687306501548,0.0,-8.6687306501548,1,,量占比與後續報酬的描述性相關；非因果或預測能力，少量樣本不作判斷,描述性關係；尚未扣費用、檢查除權息或做樣本外驗證；不評分、不認定關鍵分點
2303,1470,1470,台灣摩根士丹利,buy,5,1,1,-8.6687306501548,0.0,-8.6687306501548,0.0,-8.6687306501548,1,,量占比與後續報酬的描述性相關；非因果或預測能力，少量樣本不作判斷,描述性關係；尚未扣費用、檢查除權息或做樣本外驗證；不評分、不認定關鍵分點
2303,1480,1480,美商高盛,buy,5,1,1,-8.6687306501548,0.0,-8.6687306501548,0.0,-8.6687306501548,1,,量占比與後續報酬的描述性相關；非因果或預測能力，少量樣本不作判斷,描述性關係；尚未扣費用、檢查除權息或做樣本外驗證；不評分、不認定關鍵分點
2303,1560,1560,港商野村,buy,5,1,1,-8.6687306501548,0.0,-8.6687306501548,0.0,-8.6687306501548,1,,量占比與後續報酬的描述性相關；非因果或預測能力，少量樣本不作判斷,描述性關係；尚未扣費用、檢查除權息或做樣本外驗證；不評分、不認定關鍵分點
2303,1650,1650,新加坡商瑞銀,buy,5,1,1,-8.6687306501548,0.0,-8.6687306501548,0.0,-8.6687306501548,1,,量占比與後續報酬的描述性相關；非因果或預測能力，少量樣本不作判斷,描述性關係；尚未扣費用、檢查除權息或做樣本外驗證；不評分、不認定關鍵分點
2303,5850,5850,統一,buy,5,1,1,-8.6687306501548,0.0,-8.6687306501548,0.0,-8.6687306501548,1,,量占比與後續報酬的描述性相關；非因果或預測能力，少量樣本不作判斷,描述性關係；尚未扣費用、檢查除權息或做樣本外驗證；不評分、不認定關鍵分點
2303,5854,5850,統一-城中,sell,5,1,1,-8.6687306501548,0.0,-8.6687306501548,0.0,-8.6687306501548,1,,量占比與後續報酬的描述性相關；非因果或預測能力，少量樣本不作判斷,描述性關係；尚未扣費用、檢查除權息或做樣本外驗證；不評分、不認定關鍵分點
2303,6160,6160,中國信託,buy,5,1,1,-8.6687306501548,0.0,-8.6687306501548,0.0,-8.6687306501548,1,,量占比與後續報酬的描述性相關；非因果或預測能力，少量樣本不作判斷,描述性關係；尚未扣費用、檢查除權息或做樣本外驗證；不評分、不認定關鍵分點
2303,8450,8450,康和,buy,5,1,1,-8.6687306501548,0.0,-8.6687306501548,0.0,-8.6687306501548,1,,量占比與後續報酬的描述性相關；非因果或預測能力，少量樣本不作判斷,描述性關係；尚未扣費用、檢查除權息或做樣本外驗證；不評分、不認定關鍵分點
2303,8560,8560,新光,buy,5,1,1,-8.6687306501548,0.0,-8.6687306501548,0.0,-8.6687306501548,1,,量占比與後續報酬的描述性相關；非因果或預測能力，少量樣本不作判斷,描述性關係；尚未扣費用、檢查除權息或做樣本外驗證；不評分、不認定關鍵分點
2303,8840,8840,玉山證券,sell,5,1,1,-8.6687306501548,0.0,-8.6687306501548,0.0,-8.6687306501548,1,,量占比與後續報酬的描述性相關；非因果或預測能力，少量樣本不作判斷,描述性關係；尚未扣費用、檢查除權息或做樣本外驗證；不評分、不認定關鍵分點
2303,8883,8880,國泰-松江,sell,5,1,1,-8.6687306501548,0.0,-8.6687306501548,0.0,-8.6687306501548,1,,量占比與後續報酬的描述性相關；非因果或預測能力，少量樣本不作判斷,描述性關係；尚未扣費用、檢查除權息或做樣本外驗證；不評分、不認定關鍵分點
2303,8888,8880,國泰-敦南,sell,5,1,1,-8.6687306501548,0.0,-8.6687306501548,0.0,-8.6687306501548,1,,量占比與後續報酬的描述性相關；非因果或預測能力，少量樣本不作判斷,描述性關係；尚未扣費用、檢查除權息或做樣本外驗證；不評分、不認定關鍵分點
2303,9100,9100,群益金鼎,sell,5,1,1,-8.6687306501548,0.0,-8.6687306501548,0.0,-8.6687306501548,1,,量占比與後續報酬的描述性相關；非因果或預測能力，少量樣本不作判斷,描述性關係；尚未扣費用、檢查除權息或做樣本外驗證；不評分、不認定關鍵分點
2303,9200,9200,凱基,buy,5,1,1,-8.6687306501548,0.0,-8.6687306501548,0.0,-8.6687306501548,1,,量占比與後續報酬的描述性相關；非因果或預測能力，少量樣本不作判斷,描述性關係；尚未扣費用、檢查除權息或做樣本外驗證；不評分、不認定關鍵分點
2303,9216,9200,凱基-信義,sell,5,1,1,-8.6687306501548,0.0,-8.6687306501548,0.0,-8.6687306501548,1,,量占比與後續報酬的描述性相關；非因果或預測能力，少量樣本不作判斷,描述性關係；尚未扣費用、檢查除權息或做樣本外驗證；不評分、不認定關鍵分點
2303,9227,9200,凱基-城中,sell,5,1,1,-8.6687306501548,0.0,-8.6687306501548,0.0,-8.6687306501548,1,,量占比與後續報酬的描述性相關；非因果或預測能力，少量樣本不作判斷,描述性關係；尚未扣費用、檢查除權息或做樣本外驗證；不評分、不認定關鍵分點
2303,9268,9200,凱基-台北,buy,5,1,1,-8.6687306501548,0.0,-8.6687306501548,0.0,-8.6687306501548,1,,量占比與後續報酬的描述性相關；非因果或預測能力，少量樣本不作判斷,描述性關係；尚未扣費用、檢查除權息或做樣本外驗證；不評分、不認定關鍵分點
2303,9300,9300,華南永昌,sell,5,1,1,-8.6687306501548,0.0,-8.6687306501548,0.0,-8.6687306501548,1,,量占比與後續報酬的描述性相關；非因果或預測能力，少量樣本不作判斷,描述性關係；尚未扣費用、檢查除權息或做樣本外驗證；不評分、不認定關鍵分點
2303,9600,9600,富邦證券,buy,5,1,1,-8.6687306501548,0.0,-8.6687306501548,0.0,-8.6687306501548,1,,量占比與後續報酬的描述性相關；非因果或預測能力，少量樣本不作判斷,描述性關係；尚未扣費用、檢查除權息或做樣本外驗證；不評分、不認定關鍵分點
2303,9800,9800,元大證券,buy,5,1,1,-8.6687306501548,0.0,-8.6687306501548,0.0,-8.6687306501548,1,,量占比與後續報酬的描述性相關；非因果或預測能力，少量樣本不作判斷,描述性關係；尚未扣費用、檢查除權息或做樣本外驗證；不評分、不認定關鍵分點
2303,9801,9800,元大-松江,buy,5,1,1,-8.6687306501548,0.0,-8.6687306501548,0.0,-8.6687306501548,1,,量占比與後續報酬的描述性相關；非因果或預測能力，少量樣本不作判斷,描述性關係；尚未扣費用、檢查除權息或做樣本外驗證；不評分、不認定關鍵分點
2308,003500380035004d,5850,統一-士林,sell,5,1,1,3.149606299212593,1.0,3.149606299212593,0.0,-1.049868766404205,1,,量占比與後續報酬的描述性相關；非因果或預測能力，少量樣本不作判斷,描述性關係；尚未扣費用、檢查除權息或做樣本外驗證；不評分、不認定關鍵分點
2308,0037003000300066,7000,兆豐-鹿港,sell,5,1,1,3.149606299212593,1.0,3.149606299212593,0.0,-1.049868766404205,1,,量占比與後續報酬的描述性相關；非因果或預測能力，少量樣本不作判斷,描述性關係；尚未扣費用、檢查除權息或做樣本外驗證；不評分、不認定關鍵分點
2308,0037003700390045,7790,國票-南崁,sell,5,1,1,3.149606299212593,1.0,3.149606299212593,0.0,-1.049868766404205,1,,量占比與後續報酬的描述性相關；非因果或預測能力，少量樣本不作判斷,描述性關係；尚未扣費用、檢查除權息或做樣本外驗證；不評分、不認定關鍵分點
2308,0039003200300046,9200,凱基-站前,buy,5,1,1,3.149606299212593,1.0,3.149606299212593,0.0,-1.049868766404205,1,,量占比與後續報酬的描述性相關；非因果或預測能力，少量樣本不作判斷,描述性關係；尚未扣費用、檢查除權息或做樣本外驗證；不評分、不認定關鍵分點
2308,003900380030006c,9800,元大-虎尾,buy,5,1,1,3.149606299212593,1.0,3.149606299212593,0.0,-1.049868766404205,1,,量占比與後續報酬的描述性相關；非因果或預測能力，少量樣本不作判斷,描述性關係；尚未扣費用、檢查除權息或做樣本外驗證；不評分、不認定關鍵分點
2308,003900380031006a,9800,元大-士林,sell,5,1,1,3.149606299212593,1.0,3.149606299212593,0.0,-1.049868766404205,1,,量占比與後續報酬的描述性相關；非因果或預測能力，少量樣本不作判斷,描述性關係；尚未扣費用、檢查除權息或做樣本外驗證；不評分、不認定關鍵分點
2308,003900380033006a,9800,元大-仁愛,sell,5,1,1,3.149606299212593,1.0,3.149606299212593,0.0,-1.049868766404205,1,,量占比與後續報酬的描述性相關；非因果或預測能力，少量樣本不作判斷,描述性關係；尚未扣費用、檢查除權息或做樣本外驗證；不評分、不認定關鍵分點
2308,0039004100300030,9A00,永豐金證券,buy,5,1,1,3.149606299212593,1.0,3.149606299212593,0.0,-1.049868766404205,1,,量占比與後續報酬的描述性相關；非因果或預測能力，少量樣本不作判斷,描述性關係；尚未扣費用、檢查除權息或做樣本外驗證；不評分、不認定關鍵分點
2308,0039004100380031,9A00,永豐金-匯立,buy,5,1,1,3.149606299212593,1.0,3.149606299212593,0.0,-1.049868766404205,1,,量占比與後續報酬的描述性相關；非因果或預測能力，少量樣本不作判斷,描述性關係；尚未扣費用、檢查除權息或做樣本外驗證；不評分、不認定關鍵分點
2308,003900420032006c,9B00,台新-大裕,buy,5,1,1,3.149606299212593,1.0,3.149606299212593,0.0,-1.049868766404205,1,,量占比與後續報酬的描述性相關；非因果或預測能力，少量樣本不作判斷,描述性關係；尚未扣費用、檢查除權息或做樣本外驗證；不評分、不認定關鍵分點
2308,1360,1360,港商麥格理,sell,5,1,1,3.149606299212593,1.0,3.149606299212593,0.0,-1.049868766404205,1,,量占比與後續報酬的描述性相關；非因果或預測能力，少量樣本不作判斷,描述性關係；尚未扣費用、檢查除權息或做樣本外驗證；不評分、不認定關鍵分點
2308,1440,1440,美林,buy,5,1,1,3.149606299212593,1.0,3.149606299212593,0.0,-1.049868766404205,1,,量占比與後續報酬的描述性相關；非因果或預測能力，少量樣本不作判斷,描述性關係；尚未扣費用、檢查除權息或做樣本外驗證；不評分、不認定關鍵分點
2308,1470,1470,台灣摩根士丹利,sell,5,1,1,3.149606299212593,1.0,3.149606299212593,0.0,-1.049868766404205,1,,量占比與後續報酬的描述性相關；非因果或預測能力，少量樣本不作判斷,描述性關係；尚未扣費用、檢查除權息或做樣本外驗證；不評分、不認定關鍵分點
2308,1480,1480,美商高盛,sell,5,1,1,3.149606299212593,1.0,3.149606299212593,0.0,-1.049868766404205,1,,量占比與後續報酬的描述性相關；非因果或預測能力，少量樣本不作判斷,描述性關係；尚未扣費用、檢查除權息或做樣本外驗證；不評分、不認定關鍵分點
2308,1560,1560,港商野村,sell,5,1,1,3.149606299212593,1.0,3.149606299212593,0.0,-1.049868766404205,1,,量占比與後續報酬的描述性相關；非因果或預測能力，少量樣本不作判斷,描述性關係；尚未扣費用、檢查除權息或做樣本外驗證；不評分、不認定關鍵分點
2308,1590,1590,花旗環球,buy,5,1,1,3.149606299212593,1.0,3.149606299212593,0.0,-1.049868766404205,1,,量占比與後續報酬的描述性相關；非因果或預測能力，少量樣本不作判斷,描述性關係；尚未扣費用、檢查除權息或做樣本外驗證；不評分、不認定關鍵分點
2308,1650,1650,新加坡商瑞銀,sell,5,1,1,3.149606299212593,1.0,3.149606299212593,0.0,-1.049868766404205,1,,量占比與後續報酬的描述性相關；非因果或預測能力，少量樣本不作判斷,描述性關係；尚未扣費用、檢查除權息或做樣本外驗證；不評分、不認定關鍵分點
2308,5389,5380,第一金-中山,buy,5,1,1,3.149606299212593,1.0,3.149606299212593,0.0,-1.049868766404205,1,,量占比與後續報酬的描述性相關；非因果或預測能力，少量樣本不作判斷,描述性關係；尚未扣費用、檢查除權息或做樣本外驗證；不評分、不認定關鍵分點
2308,6160,6160,中國信託,buy,5,1,1,3.149606299212593,1.0,3.149606299212593,0.0,-1.049868766404205,1,,量占比與後續報酬的描述性相關；非因果或預測能力，少量樣本不作判斷,描述性關係；尚未扣費用、檢查除權息或做樣本外驗證；不評分、不認定關鍵分點
2308,8440,8440,摩根大通,sell,5,1,1,3.149606299212593,1.0,3.149606299212593,0.0,-1.049868766404205,1,,量占比與後續報酬的描述性相關；非因果或預測能力，少量樣本不作判斷,描述性關係；尚未扣費用、檢查除權息或做樣本外驗證；不評分、不認定關鍵分點
2308,8888,8880,國泰-敦南,buy,5,1,1,3.149606299212593,1.0,3.149606299212593,0.0,-1.049868766404205,1,,量占比與後續報酬的描述性相關；非因果或預測能力，少量樣本不作判斷,描述性關係；尚未扣費用、檢查除權息或做樣本外驗證；不評分、不認定關鍵分點
2308,8960,8960,香港上海匯豐,buy,5,1,1,3.149606299212593,1.0,3.149606299212593,0.0,-1.049868766404205,1,,量占比與後續報酬的描述性相關；非因果或預測能力，少量樣本不作判斷,描述性關係；尚未扣費用、檢查除權息或做樣本外驗證；不評分、不認定關鍵分點
2308,9100,9100,群益金鼎,buy,5,1,1,3.149606299212593,1.0,3.149606299212593,0.0,-1.049868766404205,1,,量占比與後續報酬的描述性相關；非因果或預測能力，少量樣本不作判斷,描述性關係；尚未扣費用、檢查除權息或做樣本外驗證；不評分、不認定關鍵分點
2308,9200,9200,凱基,buy,5,1,1,3.149606299212593,1.0,3.149606299212593,0.0,-1.049868766404205,1,,量占比與後續報酬的描述性相關；非因果或預測能力，少量樣本不作判斷,描述性關係；尚未扣費用、檢查除權息或做樣本外驗證；不評分、不認定關鍵分點
2308,9268,9200,凱基-台北,buy,5,1,1,3.149606299212593,1.0,3.149606299212593,0.0,-1.049868766404205,1,,量占比與後續報酬的描述性相關；非因果或預測能力，少量樣本不作判斷,描述性關係；尚未扣費用、檢查除權息或做樣本外驗證；不評分、不認定關鍵分點
2308,9326,9300,華南永昌-南京,sell,5,1,1,3.149606299212593,1.0,3.149606299212593,0.0,-1.049868766404205,1,,量占比與後續報酬的描述性相關；非因果或預測能力，少量樣本不作判斷,描述性關係；尚未扣費用、檢查除權息或做樣本外驗證；不評分、不認定關鍵分點
2308,9600,9600,富邦證券,sell,5,1,1,3.149606299212593,1.0,3.149606299212593,0.0,-1.049868766404205,1,,量占比與後續報酬的描述性相關；非因果或預測能力，少量樣本不作判斷,描述性關係；尚未扣費用、檢查除權息或做樣本外驗證；不評分、不認定關鍵分點
2308,9676,9600,富邦-仁愛,sell,5,1,1,3.149606299212593,1.0,3.149606299212593,0.0,-1.049868766404205,1,,量占比與後續報酬的描述性相關；非因果或預測能力，少量樣本不作判斷,描述性關係；尚未扣費用、檢查除權息或做樣本外驗證；不評分、不認定關鍵分點
2308,9800,9800,元大證券,sell,5,1,1,3.149606299212593,1.0,3.149606299212593,0.0,-1.049868766404205,1,,量占比與後續報酬的描述性相關；非因果或預測能力，少量樣本不作判斷,描述性關係；尚未扣費用、檢查除權息或做樣本外驗證；不評分、不認定關鍵分點
2308,9875,9800,元大-土城永寧,buy,5,1,1,3.149606299212593,1.0,3.149606299212593,0.0,-1.049868766404205,1,,量占比與後續報酬的描述性相關；非因果或預測能力，少量樣本不作判斷,描述性關係；尚未扣費用、檢查除權息或做樣本外驗證；不評分、不認定關鍵分點
2312,0031003100310046,1110,台灣企銀-北高雄,sell,5,1,1,-1.1290322580645218,0.0,-1.1290322580645218,0.0,-1.1290322580645218,1,,量占比與後續報酬的描述性相關；非因果或預測能力，少量樣本不作判斷,描述性關係；尚未扣費用、檢查除權息或做樣本外驗證；不評分、不認定關鍵分點
2312,003500330038004d,5380,第一金-嘉義,buy,5,1,1,-1.1290322580645218,0.0,-1.1290322580645218,0.0,-1.1290322580645218,1,,量占比與後續報酬的描述性相關；非因果或預測能力，少量樣本不作判斷,描述性關係；尚未扣費用、檢查除權息或做樣本外驗證；不評分、不認定關鍵分點
2312,0035003800350044,5850,統一-新台中,sell,5,1,1,-1.1290322580645218,0.0,-1.1290322580645218,0.0,-1.1290322580645218,1,,量占比與後續報酬的描述性相關；非因果或預測能力，少量樣本不作判斷,描述性關係；尚未扣費用、檢查除權息或做樣本外驗證；不評分、不認定關鍵分點
2312,0036003100310041,6110,台中銀-豐原,sell,5,1,1,-1.1290322580645218,0.0,-1.1290322580645218,0.0,-1.1290322580645218,1,,量占比與後續報酬的描述性相關；非因果或預測能力，少量樣本不作判斷,描述性關係；尚未扣費用、檢查除權息或做樣本外驗證；不評分、不認定關鍵分點
2312,0037003700390056,7790,國票-天祥,buy,5,1,1,-1.1290322580645218,0.0,-1.1290322580645218,0.0,-1.1290322580645218,1,,量占比與後續報酬的描述性相關；非因果或預測能力，少量樣本不作判斷,描述性關係；尚未扣費用、檢查除權息或做樣本外驗證；不評分、不認定關鍵分點
2312,0039003100330044,9100,群益金鼎-潭子,buy,5,1,1,-1.1290322580645218,0.0,-1.1290322580645218,0.0,-1.1290322580645218,1,,量占比與後續報酬的描述性相關；非因果或預測能力，少量樣本不作判斷,描述性關係；尚未扣費用、檢查除權息或做樣本外驗證；不評分、不認定關鍵分點
2312,0039003600320050,9600,富邦-頭份,buy,5,1,1,-1.1290322580645218,0.0,-1.1290322580645218,0.0,-1.1290322580645218,1,,量占比與後續報酬的描述性相關；非因果或預測能力，少量樣本不作判斷,描述性關係；尚未扣費用、檢查除權息或做樣本外驗證；不評分、不認定關鍵分點
2312,0039003600350055,9600,富邦-彰化,buy,5,1,1,-1.1290322580645218,0.0,-1.1290322580645218,0.0,-1.1290322580645218,1,,量占比與後續報酬的描述性相關；非因果或預測能力，少量樣本不作判斷,描述性關係；尚未扣費用、檢查除權息或做樣本外驗證；不評分、不認定關鍵分點
2312,003900380030004b,9800,元大-竹科,buy,5,1,1,-1.1290322580645218,0.0,-1.1290322580645218,0.0,-1.1290322580645218,1,,量占比與後續報酬的描述性相關；非因果或預測能力，少量樣本不作判斷,描述性關係；尚未扣費用、檢查除權息或做樣本外驗證；不評分、不認定關鍵分點
2312,0039004100300030,9A00,永豐金證券,sell,5,1,1,-1.1290322580645218,0.0,-1.1290322580645218,0.0,-1.1290322580645218,1,,量占比與後續報酬的描述性相關；非因果或預測能力，少量樣本不作判斷,描述性關係；尚未扣費用、檢查除權息或做樣本外驗證；不評分、不認定關鍵分點
2312,0039004200310038,9B00,台新-建北,sell,5,1,1,-1.1290322580645218,0.0,-1.1290322580645218,0.0,-1.1290322580645218,1,,量占比與後續報酬的描述性相關；非因果或預測能力，少量樣本不作判斷,描述性關係；尚未扣費用、檢查除權息或做樣本外驗證；不評分、不認定關鍵分點
2312,0039004200320038,9B00,台新-北新莊,buy,5,1,1,-1.1290322580645218,0.0,-1.1290322580645218,0.0,-1.1290322580645218,1,,量占比與後續報酬的描述性相關；非因果或預測能力，少量樣本不作判斷,描述性關係；尚未扣費用、檢查除權息或做樣本外驗證；不評分、不認定關鍵分點
2312,0039004200320057,9B00,台新-吉利,buy,5,1,1,-1.1290322580645218,0.0,-1.1290322580645218,0.0,-1.1290322580645218,1,,量占比與後續報酬的描述性相關；非因果或預測能力，少量樣本不作判斷,描述性關係；尚未扣費用、檢查除權息或做樣本外驗證；不評分、不認定關鍵分點
2312,0039004200320071,9B00,台新-屏新,buy,5,1,1,-1.1290322580645218,0.0,-1.1290322580645218,0.0,-1.1290322580645218,1,,量占比與後續報酬的描述性相關；非因果或預測能力，少量樣本不作判斷,描述性關係；尚未扣費用、檢查除權息或做樣本外驗證；不評分、不認定關鍵分點
2312,1440,1440,美林,sell,5,1,1,-1.1290322580645218,0.0,-1.1290322580645218,0.0,-1.1290322580645218,1,,量占比與後續報酬的描述性相關；非因果或預測能力，少量樣本不作判斷,描述性關係；尚未扣費用、檢查除權息或做樣本外驗證；不評分、不認定關鍵分點
2312,1470,1470,台灣摩根士丹利,sell,5,1,1,-1.1290322580645218,0.0,-1.1290322580645218,0.0,-1.1290322580645218,1,,量占比與後續報酬的描述性相關；非因果或預測能力，少量樣本不作判斷,描述性關係；尚未扣費用、檢查除權息或做樣本外驗證；不評分、不認定關鍵分點
2312,1480,1480,美商高盛,buy,5,1,1,-1.1290322580645218,0.0,-1.1290322580645218,0.0,-1.1290322580645218,1,,量占比與後續報酬的描述性相關；非因果或預測能力，少量樣本不作判斷,描述性關係；尚未扣費用、檢查除權息或做樣本外驗證；不評分、不認定關鍵分點
2312,1590,1590,花旗環球,sell,5,1,1,-1.1290322580645218,0.0,-1.1290322580645218,0.0,-1.1290322580645218,1,,量占比與後續報酬的描述性相關；非因果或預測能力，少量樣本不作判斷,描述性關係；尚未扣費用、檢查除權息或做樣本外驗證；不評分、不認定關鍵分點
2312,1650,1650,新加坡商瑞銀,sell,5,1,1,-1.1290322580645218,0.0,-1.1290322580645218,0.0,-1.1290322580645218,1,,量占比與後續報酬的描述性相關；非因果或預測能力，少量樣本不作判斷,描述性關係；尚未扣費用、檢查除權息或做樣本外驗證；不評分、不認定關鍵分點
2312,8380,8380,安泰,buy,5,1,1,-1.1290322580645218,0.0,-1.1290322580645218,0.0,-1.1290322580645218,1,,量占比與後續報酬的描述性相關；非因果或預測能力，少量樣本不作判斷,描述性關係；尚未扣費用、檢查除權息或做樣本外驗證；不評分、不認定關鍵分點
2312,8560,8560,新光,buy,5,1,1,-1.1290322580645218,0.0,-1.1290322580645218,0.0,-1.1290322580645218,1,,量占比與後續報酬的描述性相關；非因果或預測能力，少量樣本不作判斷,描述性關係；尚未扣費用、檢查除權息或做樣本外驗證；不評分、不認定關鍵分點
2312,8711,8710,陽信-石牌,buy,5,1,1,-1.1290322580645218,0.0,-1.1290322580645218,0.0,-1.1290322580645218,1,,量占比與後續報酬的描述性相關；非因果或預測能力，少量樣本不作判斷,描述性關係；尚未扣費用、檢查除權息或做樣本外驗證；不評分、不認定關鍵分點
2312,8847,8840,玉山-台南,sell,5,1,1,-1.1290322580645218,0.0,-1.1290322580645218,0.0,-1.1290322580645218,1,,量占比與後續報酬的描述性相關；非因果或預測能力，少量樣本不作判斷,描述性關係；尚未扣費用、檢查除權息或做樣本外驗證；不評分、不認定關鍵分點
2312,9268,9200,凱基-台北,sell,5,1,1,-1.1290322580645218,0.0,-1.1290322580645218,0.0,-1.1290322580645218,1,,量占比與後續報酬的描述性相關；非因果或預測能力，少量樣本不作判斷,描述性關係；尚未扣費用、檢查除權息或做樣本外驗證；不評分、不認定關鍵分點
2312,9308,9300,華南永昌-麻豆,sell,5,1,1,-1.1290322580645218,0.0,-1.1290322580645218,0.0,-1.1290322580645218,1,,量占比與後續報酬的描述性相關；非因果或預測能力，少量樣本不作判斷,描述性關係；尚未扣費用、檢查除權息或做樣本外驗證；不評分、不認定關鍵分點
2312,9319,9300,華南永昌-鶯歌,sell,5,1,1,-1.1290322580645218,0.0,-1.1290322580645218,0.0,-1.1290322580645218,1,,量占比與後續報酬的描述性相關；非因果或預測能力，少量樣本不作判斷,描述性關係；尚未扣費用、檢查除權息或做樣本外驗證；不評分、不認定關鍵分點
2312,9604,9600,富邦-陽明,sell,5,1,1,-1.1290322580645218,0.0,-1.1290322580645218,0.0,-1.1290322580645218,1,,量占比與後續報酬的描述性相關；非因果或預測能力，少量樣本不作判斷,描述性關係；尚未扣費用、檢查除權息或做樣本外驗證；不評分、不認定關鍵分點
2312,9800,9800,元大證券,sell,5,1,1,-1.1290322580645218,0.0,-1.1290322580645218,0.0,-1.1290322580645218,1,,量占比與後續報酬的描述性相關；非因果或預測能力，少量樣本不作判斷,描述性關係；尚未扣費用、檢查除權息或做樣本外驗證；不評分、不認定關鍵分點
2312,9857,9800,元大-蘆洲,buy,5,1,1,-1.1290322580645218,0.0,-1.1290322580645218,0.0,-1.1290322580645218,1,,量占比與後續報酬的描述性相關；非因果或預測能力，少量樣本不作判斷,描述性關係；尚未扣費用、檢查除權息或做樣本外驗證；不評分、不認定關鍵分點
2312,9897,9800,元大-土城,buy,5,1,1,-1.1290322580645218,0.0,-1.1290322580645218,0.0,-1.1290322580645218,1,,量占比與後續報酬的描述性相關；非因果或預測能力，少量樣本不作判斷,描述性關係；尚未扣費用、檢查除權息或做樣本外驗證；不評分、不認定關鍵分點
2313,0037003700390047,7790,國票-新莊,sell,5,1,1,10.46770601336302,1.0,10.46770601336302,0.0,0.6681514476614803,1,,量占比與後續報酬的描述性相關；非因果或預測能力，少量樣本不作判斷,描述性關係；尚未扣費用、檢查除權息或做樣本外驗證；不評分、不認定關鍵分點
2313,003700370039005a,7790,國票-安和,sell,5,1,1,10.46770601336302,1.0,10.46770601336302,0.0,0.6681514476614803,1,,量占比與後續報酬的描述性相關；非因果或預測能力，少量樣本不作判斷,描述性關係；尚未扣費用、檢查除權息或做樣本外驗證；不評分、不認定關鍵分點
2313,0039003100380042,9100,群益金鼎-板橋,sell,5,1,1,10.46770601336302,1.0,10.46770601336302,0.0,0.6681514476614803,1,,量占比與後續報酬的描述性相關；非因果或預測能力，少量樣本不作判斷,描述性關係；尚未扣費用、檢查除權息或做樣本外驗證；不評分、不認定關鍵分點
2313,0039003600310052,9600,富邦-南員林,buy,5,1,1,10.46770601336302,1.0,10.46770601336302,0.0,0.6681514476614803,1,,量占比與後續報酬的描述性相關；非因果或預測能力，少量樣本不作判斷,描述性關係；尚未扣費用、檢查除權息或做樣本外驗證；不評分、不認定關鍵分點
2313,003900380031006a,9800,元大-士林,sell,5,1,1,10.46770601336302,1.0,10.46770601336302,0.0,0.6681514476614803,1,,量占比與後續報酬的描述性相關；非因果或預測能力，少量樣本不作判斷,描述性關係；尚未扣費用、檢查除權息或做樣本外驗證；不評分、不認定關鍵分點
2313,0039004100300030,9A00,永豐金證券,sell,5,1,1,10.46770601336302,1.0,10.46770601336302,0.0,0.6681514476614803,1,,量占比與後續報酬的描述性相關；非因果或預測能力，少量樣本不作判斷,描述性關係；尚未扣費用、檢查除權息或做樣本外驗證；不評分、不認定關鍵分點
2313,0039004100390057,9A00,永豐金-市政,buy,5,1,1,10.46770601336302,1.0,10.46770601336302,0.0,0.6681514476614803,1,,量占比與後續報酬的描述性相關；非因果或預測能力，少量樣本不作判斷,描述性關係；尚未扣費用、檢查除權息或做樣本外驗證；不評分、不認定關鍵分點
2313,1440,1440,美林,buy,5,1,1,10.46770601336302,1.0,10.46770601336302,0.0,0.6681514476614803,1,,量占比與後續報酬的描述性相關；非因果或預測能力，少量樣本不作判斷,描述性關係；尚未扣費用、檢查除權息或做樣本外驗證；不評分、不認定關鍵分點
2313,1470,1470,台灣摩根士丹利,sell,5,1,1,10.46770601336302,1.0,10.46770601336302,0.0,0.6681514476614803,1,,量占比與後續報酬的描述性相關；非因果或預測能力，少量樣本不作判斷,描述性關係；尚未扣費用、檢查除權息或做樣本外驗證；不評分、不認定關鍵分點
2313,1480,1480,美商高盛,sell,5,1,1,10.46770601336302,1.0,10.46770601336302,0.0,0.6681514476614803,1,,量占比與後續報酬的描述性相關；非因果或預測能力，少量樣本不作判斷,描述性關係；尚未扣費用、檢查除權息或做樣本外驗證；不評分、不認定關鍵分點
2313,1560,1560,港商野村,buy,5,1,1,10.46770601336302,1.0,10.46770601336302,0.0,0.6681514476614803,1,,量占比與後續報酬的描述性相關；非因果或預測能力，少量樣本不作判斷,描述性關係；尚未扣費用、檢查除權息或做樣本外驗證；不評分、不認定關鍵分點
2313,1650,1650,新加坡商瑞銀,sell,5,1,1,10.46770601336302,1.0,10.46770601336302,0.0,0.6681514476614803,1,,量占比與後續報酬的描述性相關；非因果或預測能力，少量樣本不作判斷,描述性關係；尚未扣費用、檢查除權息或做樣本外驗證；不評分、不認定關鍵分點
2313,5380,5380,第一金,sell,5,1,1,10.46770601336302,1.0,10.46770601336302,0.0,0.6681514476614803,1,,量占比與後續報酬的描述性相關；非因果或預測能力，少量樣本不作判斷,描述性關係；尚未扣費用、檢查除權息或做樣本外驗證；不評分、不認定關鍵分點
2313,6160,6160,中國信託,sell,5,1,1,10.46770601336302,1.0,10.46770601336302,0.0,0.6681514476614803,1,,量占比與後續報酬的描述性相關；非因果或預測能力，少量樣本不作判斷,描述性關係；尚未扣費用、檢查除權息或做樣本外驗證；不評分、不認定關鍵分點
2313,8440,8440,摩根大通,sell,5,1,1,10.46770601336302,1.0,10.46770601336302,0.0,0.6681514476614803,1,,量占比與後續報酬的描述性相關；非因果或預測能力，少量樣本不作判斷,描述性關係；尚未扣費用、檢查除權息或做樣本外驗證；不評分、不認定關鍵分點
2313,8560,8560,新光,buy,5,1,1,10.46770601336302,1.0,10.46770601336302,0.0,0.6681514476614803,1,,量占比與後續報酬的描述性相關；非因果或預測能力，少量樣本不作判斷,描述性關係；尚未扣費用、檢查除權息或做樣本外驗證；不評分、不認定關鍵分點
2313,8840,8840,玉山證券,buy,5,1,1,10.46770601336302,1.0,10.46770601336302,0.0,0.6681514476614803,1,,量占比與後續報酬的描述性相關；非因果或預測能力，少量樣本不作判斷,描述性關係；尚未扣費用、檢查除權息或做樣本外驗證；不評分、不認定關鍵分點
2313,9200,9200,凱基,buy,5,1,1,10.46770601336302,1.0,10.46770601336302,0.0,0.6681514476614803,1,,量占比與後續報酬的描述性相關；非因果或預測能力，少量樣本不作判斷,描述性關係；尚未扣費用、檢查除權息或做樣本外驗證；不評分、不認定關鍵分點
2313,9211,9200,凱基-台南,buy,5,1,1,10.46770601336302,1.0,10.46770601336302,0.0,0.6681514476614803,1,,量占比與後續報酬的描述性相關；非因果或預測能力，少量樣本不作判斷,描述性關係；尚未扣費用、檢查除權息或做樣本外驗證；不評分、不認定關鍵分點
2313,9268,9200,凱基-台北,buy,5,1,1,10.46770601336302,1.0,10.46770601336302,0.0,0.6681514476614803,1,,量占比與後續報酬的描述性相關；非因果或預測能力，少量樣本不作判斷,描述性關係；尚未扣費用、檢查除權息或做樣本外驗證；不評分、不認定關鍵分點
2313,9275,9200,凱基-三多,buy,5,1,1,10.46770601336302,1.0,10.46770601336302,0.0,0.6681514476614803,1,,量占比與後續報酬的描述性相關；非因果或預測能力，少量樣本不作判斷,描述性關係；尚未扣費用、檢查除權息或做樣本外驗證；不評分、不認定關鍵分點
2313,9302,9300,華南永昌-台中,buy,5,1,1,10.46770601336302,1.0,10.46770601336302,0.0,0.6681514476614803,1,,量占比與後續報酬的描述性相關；非因果或預測能力，少量樣本不作判斷,描述性關係；尚未扣費用、檢查除權息或做樣本外驗證；不評分、不認定關鍵分點
2313,9333,9300,華南永昌-長虹,sell,5,1,1,10.46770601336302,1.0,10.46770601336302,0.0,0.6681514476614803,1,,量占比與後續報酬的描述性相關；非因果或預測能力，少量樣本不作判斷,描述性關係；尚未扣費用、檢查除權息或做樣本外驗證；不評分、不認定關鍵分點
2313,9647,9600,富邦-新竹,buy,5,1,1,10.46770601336302,1.0,10.46770601336302,0.0,0.6681514476614803,1,,量占比與後續報酬的描述性相關；非因果或預測能力，少量樣本不作判斷,描述性關係；尚未扣費用、檢查除權息或做樣本外驗證；不評分、不認定關鍵分點
2313,9654,9600,富邦-永和,buy,5,1,1,10.46770601336302,1.0,10.46770601336302,0.0,0.6681514476614803,1,,量占比與後續報酬的描述性相關；非因果或預測能力，少量樣本不作判斷,描述性關係；尚未扣費用、檢查除權息或做樣本外驗證；不評分、不認定關鍵分點
2313,9658,9600,富邦-建國,buy,5,1,1,10.46770601336302,1.0,10.46770601336302,0.0,0.6681514476614803,1,,量占比與後續報酬的描述性相關；非因果或預測能力，少量樣本不作判斷,描述性關係；尚未扣費用、檢查除權息或做樣本外驗證；不評分、不認定關鍵分點
2313,9663,9600,富邦-敦南,sell,5,1,1,10.46770601336302,1.0,10.46770601336302,0.0,0.6681514476614803,1,,量占比與後續報酬的描述性相關；非因果或預測能力，少量樣本不作判斷,描述性關係；尚未扣費用、檢查除權息或做樣本外驗證；不評分、不認定關鍵分點
2313,9800,9800,元大證券,buy,5,1,1,10.46770601336302,1.0,10.46770601336302,0.0,0.6681514476614803,1,,量占比與後續報酬的描述性相關；非因果或預測能力，少量樣本不作判斷,描述性關係；尚未扣費用、檢查除權息或做樣本外驗證；不評分、不認定關鍵分點
2313,9893,9800,元大-大天母,sell,5,1,1,10.46770601336302,1.0,10.46770601336302,0.0,0.6681514476614803,1,,量占比與後續報酬的描述性相關；非因果或預測能力，少量樣本不作判斷,描述性關係；尚未扣費用、檢查除權息或做樣本外驗證；不評分、不認定關鍵分點
2313,9898,9800,元大-新莊,sell,5,1,1,10.46770601336302,1.0,10.46770601336302,0.0,0.6681514476614803,1,,量占比與後續報酬的描述性相關；非因果或預測能力，少量樣本不作判斷,描述性關係；尚未扣費用、檢查除權息或做樣本外驗證；不評分、不認定關鍵分點
2317,003700300030004c,7000,兆豐-天母,sell,5,1,1,-1.9685039370078705,0.0,-1.9685039370078705,0.0,-1.9685039370078705,1,,量占比與後續報酬的描述性相關；非因果或預測能力，少量樣本不作判斷,描述性關係；尚未扣費用、檢查除權息或做樣本外驗證；不評分、不認定關鍵分點
2317,0037003000300063,7000,兆豐-民生,sell,5,1,1,-1.9685039370078705,0.0,-1.9685039370078705,0.0,-1.9685039370078705,1,,量占比與後續報酬的描述性相關；非因果或預測能力，少量樣本不作判斷,描述性關係；尚未扣費用、檢查除權息或做樣本外驗證；不評分、不認定關鍵分點
2317,0037003700390065,7790,國票-南科,buy,5,1,1,-1.9685039370078705,0.0,-1.9685039370078705,0.0,-1.9685039370078705,1,,量占比與後續報酬的描述性相關；非因果或預測能力，少量樣本不作判斷,描述性關係；尚未扣費用、檢查除權息或做樣本外驗證；不評分、不認定關鍵分點
2317,003900380030004b,9800,元大-竹科,sell,5,1,1,-1.9685039370078705,0.0,-1.9685039370078705,0.0,-1.9685039370078705,1,,量占比與後續報酬的描述性相關；非因果或預測能力，少量樣本不作判斷,描述性關係；尚未扣費用、檢查除權息或做樣本外驗證；不評分、不認定關鍵分點
2317,0039003800330056,9800,元大-竹南,sell,5,1,1,-1.9685039370078705,0.0,-1.9685039370078705,0.0,-1.9685039370078705,1,,量占比與後續報酬的描述性相關；非因果或預測能力，少量樣本不作判斷,描述性關係；尚未扣費用、檢查除權息或做樣本外驗證；不評分、不認定關鍵分點
2317,003900380039006a,9800,元大-樹林,buy,5,1,1,-1.9685039370078705,0.0,-1.9685039370078705,0.0,-1.9685039370078705,1,,量占比與後續報酬的描述性相關；非因果或預測能力，少量樣本不作判斷,描述性關係；尚未扣費用、檢查除權息或做樣本外驗證；不評分、不認定關鍵分點
2317,0039004100300030,9A00,永豐金證券,buy,5,1,1,-1.9685039370078705,0.0,-1.9685039370078705,0.0,-1.9685039370078705,1,,量占比與後續報酬的描述性相關；非因果或預測能力，少量樣本不作判斷,描述性關係；尚未扣費用、檢查除權息或做樣本外驗證；不評分、不認定關鍵分點
2317,0039004100380031,9A00,永豐金-匯立,buy,5,1,1,-1.9685039370078705,0.0,-1.9685039370078705,0.0,-1.9685039370078705,1,,量占比與後續報酬的描述性相關；非因果或預測能力，少量樣本不作判斷,描述性關係；尚未扣費用、檢查除權息或做樣本外驗證；不評分、不認定關鍵分點
2317,0039004200320030,9B00,台新-台北,sell,5,1,1,-1.9685039370078705,0.0,-1.9685039370078705,0.0,-1.9685039370078705,1,,量占比與後續報酬的描述性相關；非因果或預測能力，少量樣本不作判斷,描述性關係；尚未扣費用、檢查除權息或做樣本外驗證；不評分、不認定關鍵分點
2317,1040,1040,臺銀,sell,5,1,1,-1.9685039370078705,0.0,-1.9685039370078705,0.0,-1.9685039370078705,1,,量占比與後續報酬的描述性相關；非因果或預測能力，少量樣本不作判斷,描述性關係；尚未扣費用、檢查除權息或做樣本外驗證；不評分、不認定關鍵分點
2317,1440,1440,美林,buy,5,1,1,-1.9685039370078705,0.0,-1.9685039370078705,0.0,-1.9685039370078705,1,,量占比與後續報酬的描述性相關；非因果或預測能力，少量樣本不作判斷,描述性關係；尚未扣費用、檢查除權息或做樣本外驗證；不評分、不認定關鍵分點
2317,1470,1470,台灣摩根士丹利,sell,5,1,1,-1.9685039370078705,0.0,-1.9685039370078705,0.0,-1.9685039370078705,1,,量占比與後續報酬的描述性相關；非因果或預測能力，少量樣本不作判斷,描述性關係；尚未扣費用、檢查除權息或做樣本外驗證；不評分、不認定關鍵分點
2317,1480,1480,美商高盛,buy,5,1,1,-1.9685039370078705,0.0,-1.9685039370078705,0.0,-1.9685039370078705,1,,量占比與後續報酬的描述性相關；非因果或預測能力，少量樣本不作判斷,描述性關係；尚未扣費用、檢查除權息或做樣本外驗證；不評分、不認定關鍵分點
2317,1560,1560,港商野村,sell,5,1,1,-1.9685039370078705,0.0,-1.9685039370078705,0.0,-1.9685039370078705,1,,量占比與後續報酬的描述性相關；非因果或預測能力，少量樣本不作判斷,描述性關係；尚未扣費用、檢查除權息或做樣本外驗證；不評分、不認定關鍵分點
2317,1650,1650,新加坡商瑞銀,buy,5,1,1,-1.9685039370078705,0.0,-1.9685039370078705,0.0,-1.9685039370078705,1,,量占比與後續報酬的描述性相關；非因果或預測能力，少量樣本不作判斷,描述性關係；尚未扣費用、檢查除權息或做樣本外驗證；不評分、不認定關鍵分點
2317,7008,7000,兆豐-三重,sell,5,1,1,-1.9685039370078705,0.0,-1.9685039370078705,0.0,-1.9685039370078705,1,,量占比與後續報酬的描述性相關；非因果或預測能力，少量樣本不作判斷,描述性關係；尚未扣費用、檢查除權息或做樣本外驗證；不評分、不認定關鍵分點
2317,8440,8440,摩根大通,buy,5,1,1,-1.9685039370078705,0.0,-1.9685039370078705,0.0,-1.9685039370078705,1,,量占比與後續報酬的描述性相關；非因果或預測能力，少量樣本不作判斷,描述性關係；尚未扣費用、檢查除權息或做樣本外驗證；不評分、不認定關鍵分點
2317,8560,8560,新光,sell,5,1,1,-1.9685039370078705,0.0,-1.9685039370078705,0.0,-1.9685039370078705,1,,量占比與後續報酬的描述性相關；非因果或預測能力，少量樣本不作判斷,描述性關係；尚未扣費用、檢查除權息或做樣本外驗證；不評分、不認定關鍵分點
2317,8888,8880,國泰-敦南,sell,5,1,1,-1.9685039370078705,0.0,-1.9685039370078705,0.0,-1.9685039370078705,1,,量占比與後續報酬的描述性相關；非因果或預測能力，少量樣本不作判斷,描述性關係；尚未扣費用、檢查除權息或做樣本外驗證；不評分、不認定關鍵分點
2317,8960,8960,香港上海匯豐,buy,5,1,1,-1.9685039370078705,0.0,-1.9685039370078705,0.0,-1.9685039370078705,1,,量占比與後續報酬的描述性相關；非因果或預測能力，少量樣本不作判斷,描述性關係；尚未扣費用、檢查除權息或做樣本外驗證；不評分、不認定關鍵分點
2317,9200,9200,凱基,buy,5,1,1,-1.9685039370078705,0.0,-1.9685039370078705,0.0,-1.9685039370078705,1,,量占比與後續報酬的描述性相關；非因果或預測能力，少量樣本不作判斷,描述性關係；尚未扣費用、檢查除權息或做樣本外驗證；不評分、不認定關鍵分點
2317,9212,9200,凱基-東港,sell,5,1,1,-1.9685039370078705,0.0,-1.9685039370078705,0.0,-1.9685039370078705,1,,量占比與後續報酬的描述性相關；非因果或預測能力，少量樣本不作判斷,描述性關係；尚未扣費用、檢查除權息或做樣本外驗證；不評分、不認定關鍵分點
2317,9300,9300,華南永昌,sell,5,1,1,-1.9685039370078705,0.0,-1.9685039370078705,0.0,-1.9685039370078705,1,,量占比與後續報酬的描述性相關；非因果或預測能力，少量樣本不作判斷,描述性關係；尚未扣費用、檢查除權息或做樣本外驗證；不評分、不認定關鍵分點
2317,9334,9300,華南永昌-世貿,buy,5,1,1,-1.9685039370078705,0.0,-1.9685039370078705,0.0,-1.9685039370078705,1,,量占比與後續報酬的描述性相關；非因果或預測能力，少量樣本不作判斷,描述性關係；尚未扣費用、檢查除權息或做樣本外驗證；不評分、不認定關鍵分點
2317,9600,9600,富邦證券,buy,5,1,1,-1.9685039370078705,0.0,-1.9685039370078705,0.0,-1.9685039370078705,1,,量占比與後續報酬的描述性相關；非因果或預測能力，少量樣本不作判斷,描述性關係；尚未扣費用、檢查除權息或做樣本外驗證；不評分、不認定關鍵分點
2317,9604,9600,富邦-陽明,sell,5,1,1,-1.9685039370078705,0.0,-1.9685039370078705,0.0,-1.9685039370078705,1,,量占比與後續報酬的描述性相關；非因果或預測能力，少量樣本不作判斷,描述性關係；尚未扣費用、檢查除權息或做樣本外驗證；不評分、不認定關鍵分點
2317,9800,9800,元大證券,sell,5,1,1,-1.9685039370078705,0.0,-1.9685039370078705,0.0,-1.9685039370078705,1,,量占比與後續報酬的描述性相關；非因果或預測能力，少量樣本不作判斷,描述性關係；尚未扣費用、檢查除權息或做樣本外驗證；不評分、不認定關鍵分點
2317,9871,9800,元大-忠孝,buy,5,1,1,-1.9685039370078705,0.0,-1.9685039370078705,0.0,-1.9685039370078705,1,,量占比與後續報酬的描述性相關；非因果或預測能力，少量樣本不作判斷,描述性關係；尚未扣費用、檢查除權息或做樣本外驗證；不評分、不認定關鍵分點
2317,9872,9800,元大-復北,buy,5,1,1,-1.9685039370078705,0.0,-1.9685039370078705,0.0,-1.9685039370078705,1,,量占比與後續報酬的描述性相關；非因果或預測能力，少量樣本不作判斷,描述性關係；尚未扣費用、檢查除權息或做樣本外驗證；不評分、不認定關鍵分點
2317,9878,9800,元大-金華,buy,5,1,1,-1.9685039370078705,0.0,-1.9685039370078705,0.0,-1.9685039370078705,1,,量占比與後續報酬的描述性相關；非因果或預測能力，少量樣本不作判斷,描述性關係；尚未扣費用、檢查除權息或做樣本外驗證；不評分、不認定關鍵分點
2324,0036003000310064,6010,(牛牛牛)亞-鑫豐,buy,5,1,1,-3.137789904502042,0.0,-3.137789904502042,0.0,-3.137789904502042,1,,量占比與後續報酬的描述性相關；非因果或預測能力，少量樣本不作判斷,描述性關係；尚未扣費用、檢查除權息或做樣本外驗證；不評分、不認定關鍵分點
2324,0037003700390048,7790,國票-嘉義,buy,5,1,1,-3.137789904502042,0.0,-3.137789904502042,0.0,-3.137789904502042,1,,量占比與後續報酬的描述性相關；非因果或預測能力，少量樣本不作判斷,描述性關係；尚未扣費用、檢查除權息或做樣本外驗證；不評分、不認定關鍵分點
2324,0037003700390063,7790,國票-敦北法人,sell,5,1,1,-3.137789904502042,0.0,-3.137789904502042,0.0,-3.137789904502042,1,,量占比與後續報酬的描述性相關；非因果或預測能力，少量樣本不作判斷,描述性關係；尚未扣費用、檢查除權息或做樣本外驗證；不評分、不認定關鍵分點
2324,003800380038004b,8880,國泰-板橋,buy,5,1,1,-3.137789904502042,0.0,-3.137789904502042,0.0,-3.137789904502042,1,,量占比與後續報酬的描述性相關；非因果或預測能力，少量樣本不作判斷,描述性關係；尚未扣費用、檢查除權息或做樣本外驗證；不評分、不認定關鍵分點
2324,0039003100380043,9100,群益金鼎-古亭,buy,5,1,1,-3.137789904502042,0.0,-3.137789904502042,0.0,-3.137789904502042,1,,量占比與後續報酬的描述性相關；非因果或預測能力，少量樣本不作判斷,描述性關係；尚未扣費用、檢查除權息或做樣本外驗證；不評分、不認定關鍵分點
2324,0039003200300047,9200,凱基-彰化,buy,5,1,1,-3.137789904502042,0.0,-3.137789904502042,0.0,-3.137789904502042,1,,量占比與後續報酬的描述性相關；非因果或預測能力，少量樣本不作判斷,描述性關係；尚未扣費用、檢查除權息或做樣本外驗證；不評分、不認定關鍵分點
2324,003900360032004a,9600,富邦-三峽,sell,5,1,1,-3.137789904502042,0.0,-3.137789904502042,0.0,-3.137789904502042,1,,量占比與後續報酬的描述性相關；非因果或預測能力，少量樣本不作判斷,描述性關係；尚未扣費用、檢查除權息或做樣本外驗證；不評分、不認定關鍵分點
2324,0039003800320046,9800,元大-忠孝鼎富,buy,5,1,1,-3.137789904502042,0.0,-3.137789904502042,0.0,-3.137789904502042,1,,量占比與後續報酬的描述性相關；非因果或預測能力，少量樣本不作判斷,描述性關係；尚未扣費用、檢查除權息或做樣本外驗證；不評分、不認定關鍵分點
2324,0039003800390041,9800,元大-北投,buy,5,1,1,-3.137789904502042,0.0,-3.137789904502042,0.0,-3.137789904502042,1,,量占比與後續報酬的描述性相關；非因果或預測能力，少量樣本不作判斷,描述性關係；尚未扣費用、檢查除權息或做樣本外驗證；不評分、不認定關鍵分點
2324,0039004100300030,9A00,永豐金證券,sell,5,1,1,-3.137789904502042,0.0,-3.137789904502042,0.0,-3.137789904502042,1,,量占比與後續報酬的描述性相關；非因果或預測能力，少量樣本不作判斷,描述性關係；尚未扣費用、檢查除權息或做樣本外驗證；不評分、不認定關鍵分點
2324,0039004200320061,9B00,台新-松德,sell,5,1,1,-3.137789904502042,0.0,-3.137789904502042,0.0,-3.137789904502042,1,,量占比與後續報酬的描述性相關；非因果或預測能力，少量樣本不作判斷,描述性關係；尚未扣費用、檢查除權息或做樣本外驗證；不評分、不認定關鍵分點
2324,1020,1020,合庫證券,buy,5,1,1,-3.137789904502042,0.0,-3.137789904502042,0.0,-3.137789904502042,1,,量占比與後續報酬的描述性相關；非因果或預測能力，少量樣本不作判斷,描述性關係；尚未扣費用、檢查除權息或做樣本外驗證；不評分、不認定關鍵分點
2324,1115,1110,台灣企銀-太平,sell,5,1,1,-3.137789904502042,0.0,-3.137789904502042,0.0,-3.137789904502042,1,,量占比與後續報酬的描述性相關；非因果或預測能力，少量樣本不作判斷,描述性關係；尚未扣費用、檢查除權息或做樣本外驗證；不評分、不認定關鍵分點
2324,1470,1470,台灣摩根士丹利,sell,5,1,1,-3.137789904502042,0.0,-3.137789904502042,0.0,-3.137789904502042,1,,量占比與後續報酬的描述性相關；非因果或預測能力，少量樣本不作判斷,描述性關係；尚未扣費用、檢查除權息或做樣本外驗證；不評分、不認定關鍵分點
2324,1480,1480,美商高盛,sell,5,1,1,-3.137789904502042,0.0,-3.137789904502042,0.0,-3.137789904502042,1,,量占比與後續報酬的描述性相關；非因果或預測能力，少量樣本不作判斷,描述性關係；尚未扣費用、檢查除權息或做樣本外驗證；不評分、不認定關鍵分點
2324,1590,1590,花旗環球,sell,5,1,1,-3.137789904502042,0.0,-3.137789904502042,0.0,-3.137789904502042,1,,量占比與後續報酬的描述性相關；非因果或預測能力，少量樣本不作判斷,描述性關係；尚未扣費用、檢查除權息或做樣本外驗證；不評分、不認定關鍵分點
2324,1650,1650,新加坡商瑞銀,sell,5,1,1,-3.137789904502042,0.0,-3.137789904502042,0.0,-3.137789904502042,1,,量占比與後續報酬的描述性相關；非因果或預測能力，少量樣本不作判斷,描述性關係；尚未扣費用、檢查除權息或做樣本外驗證；不評分、不認定關鍵分點
2324,6162,6160,中國信託-忠孝,buy,5,1,1,-3.137789904502042,0.0,-3.137789904502042,0.0,-3.137789904502042,1,,量占比與後續報酬的描述性相關；非因果或預測能力，少量樣本不作判斷,描述性關係；尚未扣費用、檢查除權息或做樣本外驗證；不評分、不認定關鍵分點
2324,7000,7000,兆豐證券,buy,5,1,1,-3.137789904502042,0.0,-3.137789904502042,0.0,-3.137789904502042,1,,量占比與後續報酬的描述性相關；非因果或預測能力，少量樣本不作判斷,描述性關係；尚未扣費用、檢查除權息或做樣本外驗證；不評分、不認定關鍵分點
2324,7032,7030,致和-佳里,sell,5,1,1,-3.137789904502042,0.0,-3.137789904502042,0.0,-3.137789904502042,1,,量占比與後續報酬的描述性相關；非因果或預測能力，少量樣本不作判斷,描述性關係；尚未扣費用、檢查除權息或做樣本外驗證；不評分、不認定關鍵分點
2324,8440,8440,摩根大通,sell,5,1,1,-3.137789904502042,0.0,-3.137789904502042,0.0,-3.137789904502042,1,,量占比與後續報酬的描述性相關；非因果或預測能力，少量樣本不作判斷,描述性關係；尚未扣費用、檢查除權息或做樣本外驗證；不評分、不認定關鍵分點
2324,8560,8560,新光,buy,5,1,1,-3.137789904502042,0.0,-3.137789904502042,0.0,-3.137789904502042,1,,量占比與後續報酬的描述性相關；非因果或預測能力，少量樣本不作判斷,描述性關係；尚未扣費用、檢查除權息或做樣本外驗證；不評分、不認定關鍵分點
2324,8888,8880,國泰-敦南,buy,5,1,1,-3.137789904502042,0.0,-3.137789904502042,0.0,-3.137789904502042,1,,量占比與後續報酬的描述性相關；非因果或預測能力，少量樣本不作判斷,描述性關係；尚未扣費用、檢查除權息或做樣本外驗證；不評分、不認定關鍵分點
2324,8900,8900,法銀巴黎,sell,5,1,1,-3.137789904502042,0.0,-3.137789904502042,0.0,-3.137789904502042,1,,量占比與後續報酬的描述性相關；非因果或預測能力，少量樣本不作判斷,描述性關係；尚未扣費用、檢查除權息或做樣本外驗證；不評分、不認定關鍵分點
2324,9268,9200,凱基-台北,sell,5,1,1,-3.137789904502042,0.0,-3.137789904502042,0.0,-3.137789904502042,1,,量占比與後續報酬的描述性相關；非因果或預測能力，少量樣本不作判斷,描述性關係；尚未扣費用、檢查除權息或做樣本外驗證；不評分、不認定關鍵分點
2324,9623,9600,富邦-台北,sell,5,1,1,-3.137789904502042,0.0,-3.137789904502042,0.0,-3.137789904502042,1,,量占比與後續報酬的描述性相關；非因果或預測能力，少量樣本不作判斷,描述性關係；尚未扣費用、檢查除權息或做樣本外驗證；不評分、不認定關鍵分點
2324,9654,9600,富邦-永和,buy,5,1,1,-3.137789904502042,0.0,-3.137789904502042,0.0,-3.137789904502042,1,,量占比與後續報酬的描述性相關；非因果或預測能力，少量樣本不作判斷,描述性關係；尚未扣費用、檢查除權息或做樣本外驗證；不評分、不認定關鍵分點
2324,9692,9600,富邦-嘉義,sell,5,1,1,-3.137789904502042,0.0,-3.137789904502042,0.0,-3.137789904502042,1,,量占比與後續報酬的描述性相關；非因果或預測能力，少量樣本不作判斷,描述性關係；尚未扣費用、檢查除權息或做樣本外驗證；不評分、不認定關鍵分點
2324,9800,9800,元大證券,buy,5,1,1,-3.137789904502042,0.0,-3.137789904502042,0.0,-3.137789904502042,1,,量占比與後續報酬的描述性相關；非因果或預測能力，少量樣本不作判斷,描述性關係；尚未扣費用、檢查除權息或做樣本外驗證；不評分、不認定關鍵分點
2324,9813,9800,元大-中崙,buy,5,1,1,-3.137789904502042,0.0,-3.137789904502042,0.0,-3.137789904502042,1,,量占比與後續報酬的描述性相關；非因果或預測能力，少量樣本不作判斷,描述性關係；尚未扣費用、檢查除權息或做樣本外驗證；不評分、不認定關鍵分點
2330,0039003100330052,9100,群益金鼎-北高雄,sell,5,1,1,1.5936254980079667,1.0,1.5936254980079667,0.0,-0.3984063745019917,1,,量占比與後續報酬的描述性相關；非因果或預測能力，少量樣本不作判斷,描述性關係；尚未扣費用、檢查除權息或做樣本外驗證；不評分、不認定關鍵分點
2330,0039003200300046,9200,凱基-站前,buy,5,1,1,1.5936254980079667,1.0,1.5936254980079667,0.0,-0.3984063745019917,1,,量占比與後續報酬的描述性相關；非因果或預測能力，少量樣本不作判斷,描述性關係；尚未扣費用、檢查除權息或做樣本外驗證；不評分、不認定關鍵分點
2330,0039003200300047,9200,凱基-彰化,sell,5,1,1,1.5936254980079667,1.0,1.5936254980079667,0.0,-0.3984063745019917,1,,量占比與後續報酬的描述性相關；非因果或預測能力，少量樣本不作判斷,描述性關係；尚未扣費用、檢查除權息或做樣本外驗證；不評分、不認定關鍵分點
2330,0039004100300030,9A00,永豐金證券,buy,5,1,1,1.5936254980079667,1.0,1.5936254980079667,0.0,-0.3984063745019917,1,,量占比與後續報酬的描述性相關；非因果或預測能力，少量樣本不作判斷,描述性關係；尚未扣費用、檢查除權息或做樣本外驗證；不評分、不認定關鍵分點
2330,0039004100380039,9A00,永豐金-敦北,sell,5,1,1,1.5936254980079667,1.0,1.5936254980079667,0.0,-0.3984063745019917,1,,量占比與後續報酬的描述性相關；非因果或預測能力，少量樣本不作判斷,描述性關係；尚未扣費用、檢查除權息或做樣本外驗證；不評分、不認定關鍵分點
2330,0039004200300030,9B00,台新,buy,5,1,1,1.5936254980079667,1.0,1.5936254980079667,0.0,-0.3984063745019917,1,,量占比與後續報酬的描述性相關；非因果或預測能力，少量樣本不作判斷,描述性關係；尚未扣費用、檢查除權息或做樣本外驗證；不評分、不認定關鍵分點
2330,1440,1440,美林,sell,5,1,1,1.5936254980079667,1.0,1.5936254980079667,0.0,-0.3984063745019917,1,,量占比與後續報酬的描述性相關；非因果或預測能力，少量樣本不作判斷,描述性關係；尚未扣費用、檢查除權息或做樣本外驗證；不評分、不認定關鍵分點
2330,1470,1470,台灣摩根士丹利,buy,5,1,1,1.5936254980079667,1.0,1.5936254980079667,0.0,-0.3984063745019917,1,,量占比與後續報酬的描述性相關；非因果或預測能力，少量樣本不作判斷,描述性關係；尚未扣費用、檢查除權息或做樣本外驗證；不評分、不認定關鍵分點
2330,1480,1480,美商高盛,buy,5,1,1,1.5936254980079667,1.0,1.5936254980079667,0.0,-0.3984063745019917,1,,量占比與後續報酬的描述性相關；非因果或預測能力，少量樣本不作判斷,描述性關係；尚未扣費用、檢查除權息或做樣本外驗證；不評分、不認定關鍵分點
2330,1590,1590,花旗環球,buy,5,1,1,1.5936254980079667,1.0,1.5936254980079667,0.0,-0.3984063745019917,1,,量占比與後續報酬的描述性相關；非因果或預測能力，少量樣本不作判斷,描述性關係；尚未扣費用、檢查除權息或做樣本外驗證；不評分、不認定關鍵分點
2330,1650,1650,新加坡商瑞銀,sell,5,1,1,1.5936254980079667,1.0,1.5936254980079667,0.0,-0.3984063745019917,1,,量占比與後續報酬的描述性相關；非因果或預測能力，少量樣本不作判斷,描述性關係；尚未扣費用、檢查除權息或做樣本外驗證；不評分、不認定關鍵分點
2330,5850,5850,統一,buy,5,1,1,1.5936254980079667,1.0,1.5936254980079667,0.0,-0.3984063745019917,1,,量占比與後續報酬的描述性相關；非因果或預測能力，少量樣本不作判斷,描述性關係；尚未扣費用、檢查除權息或做樣本外驗證；不評分、不認定關鍵分點
2330,6160,6160,中國信託,buy,5,1,1,1.5936254980079667,1.0,1.5936254980079667,0.0,-0.3984063745019917,1,,量占比與後續報酬的描述性相關；非因果或預測能力，少量樣本不作判斷,描述性關係；尚未扣費用、檢查除權息或做樣本外驗證；不評分、不認定關鍵分點
2330,6165,6160,中國信託-新竹,sell,5,1,1,1.5936254980079667,1.0,1.5936254980079667,0.0,-0.3984063745019917,1,,量占比與後續報酬的描述性相關；非因果或預測能力，少量樣本不作判斷,描述性關係；尚未扣費用、檢查除權息或做樣本外驗證；不評分、不認定關鍵分點
2330,8440,8440,摩根大通,sell,5,1,1,1.5936254980079667,1.0,1.5936254980079667,0.0,-0.3984063745019917,1,,量占比與後續報酬的描述性相關；非因果或預測能力，少量樣本不作判斷,描述性關係；尚未扣費用、檢查除權息或做樣本外驗證；不評分、不認定關鍵分點
2330,8561,8560,新光-台中,sell,5,1,1,1.5936254980079667,1.0,1.5936254980079667,0.0,-0.3984063745019917,1,,量占比與後續報酬的描述性相關；非因果或預測能力，少量樣本不作判斷,描述性關係；尚未扣費用、檢查除權息或做樣本外驗證；不評分、不認定關鍵分點
2330,8580,8580,聯邦證券,sell,5,1,1,1.5936254980079667,1.0,1.5936254980079667,0.0,-0.3984063745019917,1,,量占比與後續報酬的描述性相關；非因果或預測能力，少量樣本不作判斷,描述性關係；尚未扣費用、檢查除權息或做樣本外驗證；不評分、不認定關鍵分點
2330,8880,8880,國泰證券,buy,5,1,1,1.5936254980079667,1.0,1.5936254980079667,0.0,-0.3984063745019917,1,,量占比與後續報酬的描述性相關；非因果或預測能力，少量樣本不作判斷,描述性關係；尚未扣費用、檢查除權息或做樣本外驗證；不評分、不認定關鍵分點
2330,8888,8880,國泰-敦南,sell,5,1,1,1.5936254980079667,1.0,1.5936254980079667,0.0,-0.3984063745019917,1,,量占比與後續報酬的描述性相關；非因果或預測能力，少量樣本不作判斷,描述性關係；尚未扣費用、檢查除權息或做樣本外驗證；不評分、不認定關鍵分點
2330,8890,8890,大和國泰,buy,5,1,1,1.5936254980079667,1.0,1.5936254980079667,0.0,-0.3984063745019917,1,,量占比與後續報酬的描述性相關；非因果或預測能力，少量樣本不作判斷,描述性關係；尚未扣費用、檢查除權息或做樣本外驗證；不評分、不認定關鍵分點
2330,8900,8900,法銀巴黎,buy,5,1,1,1.5936254980079667,1.0,1.5936254980079667,0.0,-0.3984063745019917,1,,量占比與後續報酬的描述性相關；非因果或預測能力，少量樣本不作判斷,描述性關係；尚未扣費用、檢查除權息或做樣本外驗證；不評分、不認定關鍵分點
2330,8960,8960,香港上海匯豐,sell,5,1,1,1.5936254980079667,1.0,1.5936254980079667,0.0,-0.3984063745019917,1,,量占比與後續報酬的描述性相關；非因果或預測能力，少量樣本不作判斷,描述性關係；尚未扣費用、檢查除權息或做樣本外驗證；不評分、不認定關鍵分點
2330,9100,9100,群益金鼎,buy,5,1,1,1.5936254980079667,1.0,1.5936254980079667,0.0,-0.3984063745019917,1,,量占比與後續報酬的描述性相關；非因果或預測能力，少量樣本不作判斷,描述性關係；尚未扣費用、檢查除權息或做樣本外驗證；不評分、不認定關鍵分點
2330,9200,9200,凱基,sell,5,1,1,1.5936254980079667,1.0,1.5936254980079667,0.0,-0.3984063745019917,1,,量占比與後續報酬的描述性相關；非因果或預測能力，少量樣本不作判斷,描述性關係；尚未扣費用、檢查除權息或做樣本外驗證；不評分、不認定關鍵分點
2330,9268,9200,凱基-台北,buy,5,1,1,1.5936254980079667,1.0,1.5936254980079667,0.0,-0.3984063745019917,1,,量占比與後續報酬的描述性相關；非因果或預測能力，少量樣本不作判斷,描述性關係；尚未扣費用、檢查除權息或做樣本外驗證；不評分、不認定關鍵分點
2330,9600,9600,富邦證券,buy,5,1,1,1.5936254980079667,1.0,1.5936254980079667,0.0,-0.3984063745019917,1,,量占比與後續報酬的描述性相關；非因果或預測能力，少量樣本不作判斷,描述性關係；尚未扣費用、檢查除權息或做樣本外驗證；不評分、不認定關鍵分點
2330,9636,9600,富邦-中壢,sell,5,1,1,1.5936254980079667,1.0,1.5936254980079667,0.0,-0.3984063745019917,1,,量占比與後續報酬的描述性相關；非因果或預測能力，少量樣本不作判斷,描述性關係；尚未扣費用、檢查除權息或做樣本外驗證；不評分、不認定關鍵分點
2330,9658,9600,富邦-建國,sell,5,1,1,1.5936254980079667,1.0,1.5936254980079667,0.0,-0.3984063745019917,1,,量占比與後續報酬的描述性相關；非因果或預測能力，少量樣本不作判斷,描述性關係；尚未扣費用、檢查除權息或做樣本外驗證；不評分、不認定關鍵分點
2330,9800,9800,元大證券,buy,5,1,1,1.5936254980079667,1.0,1.5936254980079667,0.0,-0.3984063745019917,1,,量占比與後續報酬的描述性相關；非因果或預測能力，少量樣本不作判斷,描述性關係；尚未扣費用、檢查除權息或做樣本外驗證；不評分、不認定關鍵分點
2330,9872,9800,元大-復北,sell,5,1,1,1.5936254980079667,1.0,1.5936254980079667,0.0,-0.3984063745019917,1,,量占比與後續報酬的描述性相關；非因果或預測能力，少量樣本不作判斷,描述性關係；尚未扣費用、檢查除權息或做樣本外驗證；不評分、不認定關鍵分點
2344,0031003200360044,1260,宏遠-台南,buy,5,1,1,-1.6666666666666718,0.0,-1.6666666666666718,0.0,-1.6666666666666718,1,,量占比與後續報酬的描述性相關；非因果或預測能力，少量樣本不作判斷,描述性關係；尚未扣費用、檢查除權息或做樣本外驗證；不評分、不認定關鍵分點
2344,0038003800380041,8880,國泰-館前,sell,5,1,1,-1.6666666666666718,0.0,-1.6666666666666718,0.0,-1.6666666666666718,1,,量占比與後續報酬的描述性相關；非因果或預測能力，少量樣本不作判斷,描述性關係；尚未扣費用、檢查除權息或做樣本外驗證；不評分、不認定關鍵分點
2344,0039003200300044,9200,凱基-市府,sell,5,1,1,-1.6666666666666718,0.0,-1.6666666666666718,0.0,-1.6666666666666718,1,,量占比與後續報酬的描述性相關；非因果或預測能力，少量樣本不作判斷,描述性關係；尚未扣費用、檢查除權息或做樣本外驗證；不評分、不認定關鍵分點
2344,0039003600310043,9600,富邦-南京,sell,5,1,1,-1.6666666666666718,0.0,-1.6666666666666718,0.0,-1.6666666666666718,1,,量占比與後續報酬的描述性相關；非因果或預測能力，少量樣本不作判斷,描述性關係；尚未扣費用、檢查除權息或做樣本外驗證；不評分、不認定關鍵分點
2344,0039003800300061,9800,元大-中山北路,sell,5,1,1,-1.6666666666666718,0.0,-1.6666666666666718,0.0,-1.6666666666666718,1,,量占比與後續報酬的描述性相關；非因果或預測能力，少量樣本不作判斷,描述性關係；尚未扣費用、檢查除權息或做樣本外驗證；不評分、不認定關鍵分點
2344,0039003800310071,9800,元大-萬華,sell,5,1,1,-1.6666666666666718,0.0,-1.6666666666666718,0.0,-1.6666666666666718,1,,量占比與後續報酬的描述性相關；非因果或預測能力，少量樣本不作判斷,描述性關係；尚未扣費用、檢查除權息或做樣本外驗證；不評分、不認定關鍵分點
2344,0039003800330069,9800,元大-大雅,sell,5,1,1,-1.6666666666666718,0.0,-1.6666666666666718,0.0,-1.6666666666666718,1,,量占比與後續報酬的描述性相關；非因果或預測能力，少量樣本不作判斷,描述性關係；尚未扣費用、檢查除權息或做樣本外驗證；不評分、不認定關鍵分點
2344,0039004100300030,9A00,永豐金證券,sell,5,1,1,-1.6666666666666718,0.0,-1.6666666666666718,0.0,-1.6666666666666718,1,,量占比與後續報酬的描述性相關；非因果或預測能力，少量樣本不作判斷,描述性關係；尚未扣費用、檢查除權息或做樣本外驗證；不評分、不認定關鍵分點
2344,0039004100390052,9A00,永豐金-信義,sell,5,1,1,-1.6666666666666718,0.0,-1.6666666666666718,0.0,-1.6666666666666718,1,,量占比與後續報酬的描述性相關；非因果或預測能力，少量樣本不作判斷,描述性關係；尚未扣費用、檢查除權息或做樣本外驗證；不評分、不認定關鍵分點
2344,0039004200300030,9B00,台新,sell,5,1,1,-1.6666666666666718,0.0,-1.6666666666666718,0.0,-1.6666666666666718,1,,量占比與後續報酬的描述性相關；非因果或預測能力，少量樣本不作判斷,描述性關係；尚未扣費用、檢查除權息或做樣本外驗證；不評分、不認定關鍵分點
2344,0039004200320042,9B00,台新-永和,buy,5,1,1,-1.6666666666666718,0.0,-1.6666666666666718,0.0,-1.6666666666666718,1,,量占比與後續報酬的描述性相關；非因果或預測能力，少量樣本不作判斷,描述性關係；尚未扣費用、檢查除權息或做樣本外驗證；不評分、不認定關鍵分點
2344,1440,1440,美林,buy,5,1,1,-1.6666666666666718,0.0,-1.6666666666666718,0.0,-1.6666666666666718,1,,量占比與後續報酬的描述性相關；非因果或預測能力，少量樣本不作判斷,描述性關係；尚未扣費用、檢查除權息或做樣本外驗證；不評分、不認定關鍵分點
2344,1470,1470,台灣摩根士丹利,buy,5,1,1,-1.6666666666666718,0.0,-1.6666666666666718,0.0,-1.6666666666666718,1,,量占比與後續報酬的描述性相關；非因果或預測能力，少量樣本不作判斷,描述性關係；尚未扣費用、檢查除權息或做樣本外驗證；不評分、不認定關鍵分點
2344,1480,1480,美商高盛,buy,5,1,1,-1.6666666666666718,0.0,-1.6666666666666718,0.0,-1.6666666666666718,1,,量占比與後續報酬的描述性相關；非因果或預測能力，少量樣本不作判斷,描述性關係；尚未扣費用、檢查除權息或做樣本外驗證；不評分、不認定關鍵分點
2344,1560,1560,港商野村,buy,5,1,1,-1.6666666666666718,0.0,-1.6666666666666718,0.0,-1.6666666666666718,1,,量占比與後續報酬的描述性相關；非因果或預測能力，少量樣本不作判斷,描述性關係；尚未扣費用、檢查除權息或做樣本外驗證；不評分、不認定關鍵分點
2344,1590,1590,花旗環球,buy,5,1,1,-1.6666666666666718,0.0,-1.6666666666666718,0.0,-1.6666666666666718,1,,量占比與後續報酬的描述性相關；非因果或預測能力，少量樣本不作判斷,描述性關係；尚未扣費用、檢查除權息或做樣本外驗證；不評分、不認定關鍵分點
2344,1650,1650,新加坡商瑞銀,buy,5,1,1,-1.6666666666666718,0.0,-1.6666666666666718,0.0,-1.6666666666666718,1,,量占比與後續報酬的描述性相關；非因果或預測能力，少量樣本不作判斷,描述性關係；尚未扣費用、檢查除權息或做樣本外驗證；不評分、不認定關鍵分點
2344,5850,5850,統一,buy,5,1,1,-1.6666666666666718,0.0,-1.6666666666666718,0.0,-1.6666666666666718,1,,量占比與後續報酬的描述性相關；非因果或預測能力，少量樣本不作判斷,描述性關係；尚未扣費用、檢查除權息或做樣本外驗證；不評分、不認定關鍵分點
2344,6160,6160,中國信託,sell,5,1,1,-1.6666666666666718,0.0,-1.6666666666666718,0.0,-1.6666666666666718,1,,量占比與後續報酬的描述性相關；非因果或預測能力，少量樣本不作判斷,描述性關係；尚未扣費用、檢查除權息或做樣本外驗證；不評分、不認定關鍵分點
2344,8440,8440,摩根大通,buy,5,1,1,-1.6666666666666718,0.0,-1.6666666666666718,0.0,-1.6666666666666718,1,,量占比與後續報酬的描述性相關；非因果或預測能力，少量樣本不作判斷,描述性關係；尚未扣費用、檢查除權息或做樣本外驗證；不評分、不認定關鍵分點
2344,8880,8880,國泰證券,buy,5,1,1,-1.6666666666666718,0.0,-1.6666666666666718,0.0,-1.6666666666666718,1,,量占比與後續報酬的描述性相關；非因果或預測能力，少量樣本不作判斷,描述性關係；尚未扣費用、檢查除權息或做樣本外驗證；不評分、不認定關鍵分點
2344,8888,8880,國泰-敦南,sell,5,1,1,-1.6666666666666718,0.0,-1.6666666666666718,0.0,-1.6666666666666718,1,,量占比與後續報酬的描述性相關；非因果或預測能力，少量樣本不作判斷,描述性關係；尚未扣費用、檢查除權息或做樣本外驗證；不評分、不認定關鍵分點
2344,8890,8890,大和國泰,buy,5,1,1,-1.6666666666666718,0.0,-1.6666666666666718,0.0,-1.6666666666666718,1,,量占比與後續報酬的描述性相關；非因果或預測能力，少量樣本不作判斷,描述性關係；尚未扣費用、檢查除權息或做樣本外驗證；不評分、不認定關鍵分點
2344,9266,9200,凱基-新豐,sell,5,1,1,-1.6666666666666718,0.0,-1.6666666666666718,0.0,-1.6666666666666718,1,,量占比與後續報酬的描述性相關；非因果或預測能力，少量樣本不作判斷,描述性關係；尚未扣費用、檢查除權息或做樣本外驗證；不評分、不認定關鍵分點
2344,9268,9200,凱基-台北,sell,5,1,1,-1.6666666666666718,0.0,-1.6666666666666718,0.0,-1.6666666666666718,1,,量占比與後續報酬的描述性相關；非因果或預測能力，少量樣本不作判斷,描述性關係；尚未扣費用、檢查除權息或做樣本外驗證；不評分、不認定關鍵分點
2344,9333,9300,華南永昌-長虹,buy,5,1,1,-1.6666666666666718,0.0,-1.6666666666666718,0.0,-1.6666666666666718,1,,量占比與後續報酬的描述性相關；非因果或預測能力，少量樣本不作判斷,描述性關係；尚未扣費用、檢查除權息或做樣本外驗證；不評分、不認定關鍵分點
2344,9343,9300,華南永昌-頭份,sell,5,1,1,-1.6666666666666718,0.0,-1.6666666666666718,0.0,-1.6666666666666718,1,,量占比與後續報酬的描述性相關；非因果或預測能力，少量樣本不作判斷,描述性關係；尚未扣費用、檢查除權息或做樣本外驗證；不評分、不認定關鍵分點
2344,9359,9300,華南永昌-中正,sell,5,1,1,-1.6666666666666718,0.0,-1.6666666666666718,0.0,-1.6666666666666718,1,,量占比與後續報酬的描述性相關；非因果或預測能力，少量樣本不作判斷,描述性關係；尚未扣費用、檢查除權息或做樣本外驗證；不評分、不認定關鍵分點
2344,9600,9600,富邦證券,buy,5,1,1,-1.6666666666666718,0.0,-1.6666666666666718,0.0,-1.6666666666666718,1,,量占比與後續報酬的描述性相關；非因果或預測能力，少量樣本不作判斷,描述性關係；尚未扣費用、檢查除權息或做樣本外驗證；不評分、不認定關鍵分點
2344,9800,9800,元大證券,buy,5,1,1,-1.6666666666666718,0.0,-1.6666666666666718,0.0,-1.6666666666666718,1,,量占比與後續報酬的描述性相關；非因果或預測能力，少量樣本不作判斷,描述性關係；尚未扣費用、檢查除權息或做樣本外驗證；不評分、不認定關鍵分點
2345,003700370039005a,7790,國票-安和,buy,5,1,1,8.947368421052637,1.0,8.947368421052637,0.0,3.421052631578947,1,,量占比與後續報酬的描述性相關；非因果或預測能力，少量樣本不作判斷,描述性關係；尚未扣費用、檢查除權息或做樣本外驗證；不評分、不認定關鍵分點
2345,0038003800340048,8840,玉山-新竹,sell,5,1,1,8.947368421052637,1.0,8.947368421052637,0.0,3.421052631578947,1,,量占比與後續報酬的描述性相關；非因果或預測能力，少量樣本不作判斷,描述性關係；尚未扣費用、檢查除權息或做樣本外驗證；不評分、不認定關鍵分點
2345,0039003200300046,9200,凱基-站前,sell,5,1,1,8.947368421052637,1.0,8.947368421052637,0.0,3.421052631578947,1,,量占比與後續報酬的描述性相關；非因果或預測能力，少量樣本不作判斷,描述性關係；尚未扣費用、檢查除權息或做樣本外驗證；不評分、不認定關鍵分點
2345,0039003800310047,9800,元大-彰化,sell,5,1,1,8.947368421052637,1.0,8.947368421052637,0.0,3.421052631578947,1,,量占比與後續報酬的描述性相關；非因果或預測能力，少量樣本不作判斷,描述性關係；尚未扣費用、檢查除權息或做樣本外驗證；不評分、不認定關鍵分點
2345,0039004100300030,9A00,永豐金證券,sell,5,1,1,8.947368421052637,1.0,8.947368421052637,0.0,3.421052631578947,1,,量占比與後續報酬的描述性相關；非因果或預測能力，少量樣本不作判斷,描述性關係；尚未扣費用、檢查除權息或做樣本外驗證；不評分、不認定關鍵分點
2345,003900410039005a,9A00,永豐金-復興,buy,5,1,1,8.947368421052637,1.0,8.947368421052637,0.0,3.421052631578947,1,,量占比與後續報酬的描述性相關；非因果或預測能力，少量樣本不作判斷,描述性關係；尚未扣費用、檢查除權息或做樣本外驗證；不評分、不認定關鍵分點
2345,0039004200300030,9B00,台新,buy,5,1,1,8.947368421052637,1.0,8.947368421052637,0.0,3.421052631578947,1,,量占比與後續報酬的描述性相關；非因果或預測能力，少量樣本不作判斷,描述性關係；尚未扣費用、檢查除權息或做樣本外驗證；不評分、不認定關鍵分點
2345,1360,1360,港商麥格理,buy,5,1,1,8.947368421052637,1.0,8.947368421052637,0.0,3.421052631578947,1,,量占比與後續報酬的描述性相關；非因果或預測能力，少量樣本不作判斷,描述性關係；尚未扣費用、檢查除權息或做樣本外驗證；不評分、不認定關鍵分點
2345,1440,1440,美林,buy,5,1,1,8.947368421052637,1.0,8.947368421052637,0.0,3.421052631578947,1,,量占比與後續報酬的描述性相關；非因果或預測能力，少量樣本不作判斷,描述性關係；尚未扣費用、檢查除權息或做樣本外驗證；不評分、不認定關鍵分點
2345,1470,1470,台灣摩根士丹利,sell,5,1,1,8.947368421052637,1.0,8.947368421052637,0.0,3.421052631578947,1,,量占比與後續報酬的描述性相關；非因果或預測能力，少量樣本不作判斷,描述性關係；尚未扣費用、檢查除權息或做樣本外驗證；不評分、不認定關鍵分點
2345,1480,1480,美商高盛,sell,5,1,1,8.947368421052637,1.0,8.947368421052637,0.0,3.421052631578947,1,,量占比與後續報酬的描述性相關；非因果或預測能力，少量樣本不作判斷,描述性關係；尚未扣費用、檢查除權息或做樣本外驗證；不評分、不認定關鍵分點
2345,1560,1560,港商野村,sell,5,1,1,8.947368421052637,1.0,8.947368421052637,0.0,3.421052631578947,1,,量占比與後續報酬的描述性相關；非因果或預測能力，少量樣本不作判斷,描述性關係；尚未扣費用、檢查除權息或做樣本外驗證；不評分、不認定關鍵分點
2345,1590,1590,花旗環球,buy,5,1,1,8.947368421052637,1.0,8.947368421052637,0.0,3.421052631578947,1,,量占比與後續報酬的描述性相關；非因果或預測能力，少量樣本不作判斷,描述性關係；尚未扣費用、檢查除權息或做樣本外驗證；不評分、不認定關鍵分點
2345,1650,1650,新加坡商瑞銀,sell,5,1,1,8.947368421052637,1.0,8.947368421052637,0.0,3.421052631578947,1,,量占比與後續報酬的描述性相關；非因果或預測能力，少量樣本不作判斷,描述性關係；尚未扣費用、檢查除權息或做樣本外驗證；不評分、不認定關鍵分點
2345,5380,5380,第一金,buy,5,1,1,8.947368421052637,1.0,8.947368421052637,0.0,3.421052631578947,1,,量占比與後續報酬的描述性相關；非因果或預測能力，少量樣本不作判斷,描述性關係；尚未扣費用、檢查除權息或做樣本外驗證；不評分、不認定關鍵分點
2345,5850,5850,統一,sell,5,1,1,8.947368421052637,1.0,8.947368421052637,0.0,3.421052631578947,1,,量占比與後續報酬的描述性相關；非因果或預測能力，少量樣本不作判斷,描述性關係；尚未扣費用、檢查除權息或做樣本外驗證；不評分、不認定關鍵分點
2345,7000,7000,兆豐證券,sell,5,1,1,8.947368421052637,1.0,8.947368421052637,0.0,3.421052631578947,1,,量占比與後續報酬的描述性相關；非因果或預測能力，少量樣本不作判斷,描述性關係；尚未扣費用、檢查除權息或做樣本外驗證；不評分、不認定關鍵分點
2345,8440,8440,摩根大通,buy,5,1,1,8.947368421052637,1.0,8.947368421052637,0.0,3.421052631578947,1,,量占比與後續報酬的描述性相關；非因果或預測能力，少量樣本不作判斷,描述性關係；尚未扣費用、檢查除權息或做樣本外驗證；不評分、不認定關鍵分點
2345,8560,8560,新光,sell,5,1,1,8.947368421052637,1.0,8.947368421052637,0.0,3.421052631578947,1,,量占比與後續報酬的描述性相關；非因果或預測能力，少量樣本不作判斷,描述性關係；尚未扣費用、檢查除權息或做樣本外驗證；不評分、不認定關鍵分點
2345,8563,8560,新光-新竹,buy,5,1,1,8.947368421052637,1.0,8.947368421052637,0.0,3.421052631578947,1,,量占比與後續報酬的描述性相關；非因果或預測能力，少量樣本不作判斷,描述性關係；尚未扣費用、檢查除權息或做樣本外驗證；不評分、不認定關鍵分點
2345,8840,8840,玉山證券,buy,5,1,1,8.947368421052637,1.0,8.947368421052637,0.0,3.421052631578947,1,,量占比與後續報酬的描述性相關；非因果或預測能力，少量樣本不作判斷,描述性關係；尚未扣費用、檢查除權息或做樣本外驗證；不評分、不認定關鍵分點
2345,8880,8880,國泰證券,sell,5,1,1,8.947368421052637,1.0,8.947368421052637,0.0,3.421052631578947,1,,量占比與後續報酬的描述性相關；非因果或預測能力，少量樣本不作判斷,描述性關係；尚未扣費用、檢查除權息或做樣本外驗證；不評分、不認定關鍵分點
2345,8882,8880,國泰-台中,sell,5,1,1,8.947368421052637,1.0,8.947368421052637,0.0,3.421052631578947,1,,量占比與後續報酬的描述性相關；非因果或預測能力，少量樣本不作判斷,描述性關係；尚未扣費用、檢查除權息或做樣本外驗證；不評分、不認定關鍵分點
2345,8885,8880,國泰-桃園,buy,5,1,1,8.947368421052637,1.0,8.947368421052637,0.0,3.421052631578947,1,,量占比與後續報酬的描述性相關；非因果或預測能力，少量樣本不作判斷,描述性關係；尚未扣費用、檢查除權息或做樣本外驗證；不評分、不認定關鍵分點
2345,8888,8880,國泰-敦南,sell,5,1,1,8.947368421052637,1.0,8.947368421052637,0.0,3.421052631578947,1,,量占比與後續報酬的描述性相關；非因果或預測能力，少量樣本不作判斷,描述性關係；尚未扣費用、檢查除權息或做樣本外驗證；不評分、不認定關鍵分點
2345,9100,9100,群益金鼎,buy,5,1,1,8.947368421052637,1.0,8.947368421052637,0.0,3.421052631578947,1,,量占比與後續報酬的描述性相關；非因果或預測能力，少量樣本不作判斷,描述性關係；尚未扣費用、檢查除權息或做樣本外驗證；不評分、不認定關鍵分點
2345,9200,9200,凱基,buy,5,1,1,8.947368421052637,1.0,8.947368421052637,0.0,3.421052631578947,1,,量占比與後續報酬的描述性相關；非因果或預測能力，少量樣本不作判斷,描述性關係；尚未扣費用、檢查除權息或做樣本外驗證；不評分、不認定關鍵分點
2345,9216,9200,凱基-信義,buy,5,1,1,8.947368421052637,1.0,8.947368421052637,0.0,3.421052631578947,1,,量占比與後續報酬的描述性相關；非因果或預測能力，少量樣本不作判斷,描述性關係；尚未扣費用、檢查除權息或做樣本外驗證；不評分、不認定關鍵分點
2345,9268,9200,凱基-台北,sell,5,1,1,8.947368421052637,1.0,8.947368421052637,0.0,3.421052631578947,1,,量占比與後續報酬的描述性相關；非因果或預測能力，少量樣本不作判斷,描述性關係；尚未扣費用、檢查除權息或做樣本外驗證；不評分、不認定關鍵分點
2345,9600,9600,富邦證券,buy,5,1,1,8.947368421052637,1.0,8.947368421052637,0.0,3.421052631578947,1,,量占比與後續報酬的描述性相關；非因果或預測能力，少量樣本不作判斷,描述性關係；尚未扣費用、檢查除權息或做樣本外驗證；不評分、不認定關鍵分點
2355,0031003000340043,1040,臺銀-高雄,buy,5,1,1,9.443099273607757,1.0,9.443099273607757,0.0,4.842615012106544,1,,量占比與後續報酬的描述性相關；非因果或預測能力，少量樣本不作判斷,描述性關係；尚未扣費用、檢查除權息或做樣本外驗證；不評分、不認定關鍵分點
2355,0035003300380057,5380,第一金-華江,buy,5,1,1,9.443099273607757,1.0,9.443099273607757,0.0,4.842615012106544,1,,量占比與後續報酬的描述性相關；非因果或預測能力，少量樣本不作判斷,描述性關係；尚未扣費用、檢查除權息或做樣本外驗證；不評分、不認定關鍵分點
2355,0035003300380059,5380,第一金-中壢,sell,5,1,1,9.443099273607757,1.0,9.443099273607757,0.0,4.842615012106544,1,,量占比與後續報酬的描述性相關；非因果或預測能力，少量樣本不作判斷,描述性關係；尚未扣費用、檢查除權息或做樣本外驗證；不評分、不認定關鍵分點
2355,003800380038004b,8880,國泰-板橋,buy,5,1,1,9.443099273607757,1.0,9.443099273607757,0.0,4.842615012106544,1,,量占比與後續報酬的描述性相關；非因果或預測能力，少量樣本不作判斷,描述性關係；尚未扣費用、檢查除權息或做樣本外驗證；不評分、不認定關鍵分點
2355,0039003200300044,9200,凱基-市府,buy,5,1,1,9.443099273607757,1.0,9.443099273607757,0.0,4.842615012106544,1,,量占比與後續報酬的描述性相關；非因果或預測能力，少量樣本不作判斷,描述性關係；尚未扣費用、檢查除權息或做樣本外驗證；不評分、不認定關鍵分點
2355,0039003800370041,9800,元大-楊梅,buy,5,1,1,9.443099273607757,1.0,9.443099273607757,0.0,4.842615012106544,1,,量占比與後續報酬的描述性相關；非因果或預測能力，少量樣本不作判斷,描述性關係；尚未扣費用、檢查除權息或做樣本外驗證；不評分、不認定關鍵分點
2355,0039003800390041,9800,元大-北投,buy,5,1,1,9.443099273607757,1.0,9.443099273607757,0.0,4.842615012106544,1,,量占比與後續報酬的描述性相關；非因果或預測能力，少量樣本不作判斷,描述性關係；尚未扣費用、檢查除權息或做樣本外驗證；不評分、不認定關鍵分點
2355,0039004100300030,9A00,永豐金證券,sell,5,1,1,9.443099273607757,1.0,9.443099273607757,0.0,4.842615012106544,1,,量占比與後續報酬的描述性相關；非因果或預測能力，少量樣本不作判斷,描述性關係；尚未扣費用、檢查除權息或做樣本外驗證；不評分、不認定關鍵分點
2355,0039004100380031,9A00,永豐金-匯立,sell,5,1,1,9.443099273607757,1.0,9.443099273607757,0.0,4.842615012106544,1,,量占比與後續報酬的描述性相關；非因果或預測能力，少量樣本不作判斷,描述性關係；尚未扣費用、檢查除權息或做樣本外驗證；不評分、不認定關鍵分點
2355,0039004200310031,9B00,台新-新營,sell,5,1,1,9.443099273607757,1.0,9.443099273607757,0.0,4.842615012106544,1,,量占比與後續報酬的描述性相關；非因果或預測能力，少量樣本不作判斷,描述性關係；尚未扣費用、檢查除權息或做樣本外驗證；不評分、不認定關鍵分點
2355,0039004200310068,9B00,台新-台中,sell,5,1,1,9.443099273607757,1.0,9.443099273607757,0.0,4.842615012106544,1,,量占比與後續報酬的描述性相關；非因果或預測能力，少量樣本不作判斷,描述性關係；尚未扣費用、檢查除權息或做樣本外驗證；不評分、不認定關鍵分點
2355,003900420032006c,9B00,台新-大裕,sell,5,1,1,9.443099273607757,1.0,9.443099273607757,0.0,4.842615012106544,1,,量占比與後續報酬的描述性相關；非因果或預測能力，少量樣本不作判斷,描述性關係；尚未扣費用、檢查除權息或做樣本外驗證；不評分、不認定關鍵分點
2355,1029,1020,合庫-鳳山,buy,5,1,1,9.443099273607757,1.0,9.443099273607757,0.0,4.842615012106544,1,,量占比與後續報酬的描述性相關；非因果或預測能力，少量樣本不作判斷,描述性關係；尚未扣費用、檢查除權息或做樣本外驗證；不評分、不認定關鍵分點
2355,1032,1030,土銀-台南,buy,5,1,1,9.443099273607757,1.0,9.443099273607757,0.0,4.842615012106544,1,,量占比與後續報酬的描述性相關；非因果或預測能力，少量樣本不作判斷,描述性關係；尚未扣費用、檢查除權息或做樣本外驗證；不評分、不認定關鍵分點
2355,1043,1040,臺銀-民權,buy,5,1,1,9.443099273607757,1.0,9.443099273607757,0.0,4.842615012106544,1,,量占比與後續報酬的描述性相關；非因果或預測能力，少量樣本不作判斷,描述性關係；尚未扣費用、檢查除權息或做樣本外驗證；不評分、不認定關鍵分點
2355,1045,1040,臺銀-新竹,buy,5,1,1,9.443099273607757,1.0,9.443099273607757,0.0,4.842615012106544,1,,量占比與後續報酬的描述性相關；非因果或預測能力，少量樣本不作判斷,描述性關係；尚未扣費用、檢查除權息或做樣本外驗證；不評分、不認定關鍵分點
2355,1440,1440,美林,sell,5,1,1,9.443099273607757,1.0,9.443099273607757,0.0,4.842615012106544,1,,量占比與後續報酬的描述性相關；非因果或預測能力，少量樣本不作判斷,描述性關係；尚未扣費用、檢查除權息或做樣本外驗證；不評分、不認定關鍵分點
2355,1480,1480,美商高盛,buy,5,1,1,9.443099273607757,1.0,9.443099273607757,0.0,4.842615012106544,1,,量占比與後續報酬的描述性相關；非因果或預測能力，少量樣本不作判斷,描述性關係；尚未扣費用、檢查除權息或做樣本外驗證；不評分、不認定關鍵分點
2355,1560,1560,港商野村,sell,5,1,1,9.443099273607757,1.0,9.443099273607757,0.0,4.842615012106544,1,,量占比與後續報酬的描述性相關；非因果或預測能力，少量樣本不作判斷,描述性關係；尚未扣費用、檢查除權息或做樣本外驗證；不評分、不認定關鍵分點
2355,1650,1650,新加坡商瑞銀,sell,5,1,1,9.443099273607757,1.0,9.443099273607757,0.0,4.842615012106544,1,,量占比與後續報酬的描述性相關；非因果或預測能力，少量樣本不作判斷,描述性關係；尚未扣費用、檢查除權息或做樣本外驗證；不評分、不認定關鍵分點
2355,8440,8440,摩根大通,sell,5,1,1,9.443099273607757,1.0,9.443099273607757,0.0,4.842615012106544,1,,量占比與後續報酬的描述性相關；非因果或預測能力，少量樣本不作判斷,描述性關係；尚未扣費用、檢查除權息或做樣本外驗證；不評分、不認定關鍵分點
2355,8888,8880,國泰-敦南,buy,5,1,1,9.443099273607757,1.0,9.443099273607757,0.0,4.842615012106544,1,,量占比與後續報酬的描述性相關；非因果或預測能力，少量樣本不作判斷,描述性關係；尚未扣費用、檢查除權息或做樣本外驗證；不評分、不認定關鍵分點
2355,9108,9100,群益金鼎-海山,sell,5,1,1,9.443099273607757,1.0,9.443099273607757,0.0,4.842615012106544,1,,量占比與後續報酬的描述性相關；非因果或預測能力，少量樣本不作判斷,描述性關係；尚未扣費用、檢查除權息或做樣本外驗證；不評分、不認定關鍵分點
2355,9189,9100,群益金鼎-桃園,buy,5,1,1,9.443099273607757,1.0,9.443099273607757,0.0,4.842615012106544,1,,量占比與後續報酬的描述性相關；非因果或預測能力，少量樣本不作判斷,描述性關係；尚未扣費用、檢查除權息或做樣本外驗證；不評分、不認定關鍵分點
2355,9268,9200,凱基-台北,sell,5,1,1,9.443099273607757,1.0,9.443099273607757,0.0,4.842615012106544,1,,量占比與後續報酬的描述性相關；非因果或預測能力，少量樣本不作判斷,描述性關係；尚未扣費用、檢查除權息或做樣本外驗證；不評分、不認定關鍵分點
2355,9300,9300,華南永昌,sell,5,1,1,9.443099273607757,1.0,9.443099273607757,0.0,4.842615012106544,1,,量占比與後續報酬的描述性相關；非因果或預測能力，少量樣本不作判斷,描述性關係；尚未扣費用、檢查除權息或做樣本外驗證；不評分、不認定關鍵分點
2355,9332,9300,華南永昌-楠梓,buy,5,1,1,9.443099273607757,1.0,9.443099273607757,0.0,4.842615012106544,1,,量占比與後續報酬的描述性相關；非因果或預測能力，少量樣本不作判斷,描述性關係；尚未扣費用、檢查除權息或做樣本外驗證；不評分、不認定關鍵分點
2355,9800,9800,元大證券,buy,5,1,1,9.443099273607757,1.0,9.443099273607757,0.0,4.842615012106544,1,,量占比與後續報酬的描述性相關；非因果或預測能力，少量樣本不作判斷,描述性關係；尚未扣費用、檢查除權息或做樣本外驗證；不評分、不認定關鍵分點
2355,9862,9800,元大-南京,sell,5,1,1,9.443099273607757,1.0,9.443099273607757,0.0,4.842615012106544,1,,量占比與後續報酬的描述性相關；非因果或預測能力，少量樣本不作判斷,描述性關係；尚未扣費用、檢查除權息或做樣本外驗證；不評分、不認定關鍵分點
2355,9863,9800,元大-和平,sell,5,1,1,9.443099273607757,1.0,9.443099273607757,0.0,4.842615012106544,1,,量占比與後續報酬的描述性相關；非因果或預測能力，少量樣本不作判斷,描述性關係；尚未扣費用、檢查除權息或做樣本外驗證；不評分、不認定關鍵分點
2356,0037003000300064,7000,兆豐-彰化,buy,5,1,1,-3.685092127303191,0.0,-3.685092127303191,0.0,-3.685092127303191,1,,量占比與後續報酬的描述性相關；非因果或預測能力，少量樣本不作判斷,描述性關係；尚未扣費用、檢查除權息或做樣本外驗證；不評分、不認定關鍵分點
2356,0037003700390076,7790,國票-台中,buy,5,1,1,-3.685092127303191,0.0,-3.685092127303191,0.0,-3.685092127303191,1,,量占比與後續報酬的描述性相關；非因果或預測能力，少量樣本不作判斷,描述性關係；尚未扣費用、檢查除權息或做樣本外驗證；不評分、不認定關鍵分點
2356,0038003400350052,8450,康和-石牌,buy,5,1,1,-3.685092127303191,0.0,-3.685092127303191,0.0,-3.685092127303191,1,,量占比與後續報酬的描述性相關；非因果或預測能力，少量樣本不作判斷,描述性關係；尚未扣費用、檢查除權息或做樣本外驗證；不評分、不認定關鍵分點
2356,0039003200310053,9200,凱基-新莊,sell,5,1,1,-3.685092127303191,0.0,-3.685092127303191,0.0,-3.685092127303191,1,,量占比與後續報酬的描述性相關；非因果或預測能力，少量樣本不作判斷,描述性關係；尚未扣費用、檢查除權息或做樣本外驗證；不評分、不認定關鍵分點
2356,003900380039005a,9800,元大-小港,sell,5,1,1,-3.685092127303191,0.0,-3.685092127303191,0.0,-3.685092127303191,1,,量占比與後續報酬的描述性相關；非因果或預測能力，少量樣本不作判斷,描述性關係；尚未扣費用、檢查除權息或做樣本外驗證；不評分、不認定關鍵分點
2356,003900380039006a,9800,元大-樹林,sell,5,1,1,-3.685092127303191,0.0,-3.685092127303191,0.0,-3.685092127303191,1,,量占比與後續報酬的描述性相關；非因果或預測能力，少量樣本不作判斷,描述性關係；尚未扣費用、檢查除權息或做樣本外驗證；不評分、不認定關鍵分點
2356,0039004100300030,9A00,永豐金證券,buy,5,1,1,-3.685092127303191,0.0,-3.685092127303191,0.0,-3.685092127303191,1,,量占比與後續報酬的描述性相關；非因果或預測能力，少量樣本不作判斷,描述性關係；尚未扣費用、檢查除權息或做樣本外驗證；不評分、不認定關鍵分點
2356,0039004100390052,9A00,永豐金-信義,sell,5,1,1,-3.685092127303191,0.0,-3.685092127303191,0.0,-3.685092127303191,1,,量占比與後續報酬的描述性相關；非因果或預測能力，少量樣本不作判斷,描述性關係；尚未扣費用、檢查除權息或做樣本外驗證；不評分、不認定關鍵分點
2356,1023,1020,合庫-高雄,sell,5,1,1,-3.685092127303191,0.0,-3.685092127303191,0.0,-3.685092127303191,1,,量占比與後續報酬的描述性相關；非因果或預測能力，少量樣本不作判斷,描述性關係；尚未扣費用、檢查除權息或做樣本外驗證；不評分、不認定關鍵分點
2356,1360,1360,港商麥格理,sell,5,1,1,-3.685092127303191,0.0,-3.685092127303191,0.0,-3.685092127303191,1,,量占比與後續報酬的描述性相關；非因果或預測能力，少量樣本不作判斷,描述性關係；尚未扣費用、檢查除權息或做樣本外驗證；不評分、不認定關鍵分點
2356,1440,1440,美林,sell,5,1,1,-3.685092127303191,0.0,-3.685092127303191,0.0,-3.685092127303191,1,,量占比與後續報酬的描述性相關；非因果或預測能力，少量樣本不作判斷,描述性關係；尚未扣費用、檢查除權息或做樣本外驗證；不評分、不認定關鍵分點
2356,1470,1470,台灣摩根士丹利,sell,5,1,1,-3.685092127303191,0.0,-3.685092127303191,0.0,-3.685092127303191,1,,量占比與後續報酬的描述性相關；非因果或預測能力，少量樣本不作判斷,描述性關係；尚未扣費用、檢查除權息或做樣本外驗證；不評分、不認定關鍵分點
2356,1480,1480,美商高盛,sell,5,1,1,-3.685092127303191,0.0,-3.685092127303191,0.0,-3.685092127303191,1,,量占比與後續報酬的描述性相關；非因果或預測能力，少量樣本不作判斷,描述性關係；尚未扣費用、檢查除權息或做樣本外驗證；不評分、不認定關鍵分點
2356,1590,1590,花旗環球,buy,5,1,1,-3.685092127303191,0.0,-3.685092127303191,0.0,-3.685092127303191,1,,量占比與後續報酬的描述性相關；非因果或預測能力，少量樣本不作判斷,描述性關係；尚未扣費用、檢查除權息或做樣本外驗證；不評分、不認定關鍵分點
2356,1650,1650,新加坡商瑞銀,sell,5,1,1,-3.685092127303191,0.0,-3.685092127303191,0.0,-3.685092127303191,1,,量占比與後續報酬的描述性相關；非因果或預測能力，少量樣本不作判斷,描述性關係；尚未扣費用、檢查除權息或做樣本外驗證；不評分、不認定關鍵分點
2356,5386,5380,第一金-彰化,sell,5,1,1,-3.685092127303191,0.0,-3.685092127303191,0.0,-3.685092127303191,1,,量占比與後續報酬的描述性相關；非因果或預測能力，少量樣本不作判斷,描述性關係；尚未扣費用、檢查除權息或做樣本外驗證；不評分、不認定關鍵分點
2356,5850,5850,統一,buy,5,1,1,-3.685092127303191,0.0,-3.685092127303191,0.0,-3.685092127303191,1,,量占比與後續報酬的描述性相關；非因果或預測能力，少量樣本不作判斷,描述性關係；尚未扣費用、檢查除權息或做樣本外驗證；不評分、不認定關鍵分點
2356,5853,5850,統一-中壢,buy,5,1,1,-3.685092127303191,0.0,-3.685092127303191,0.0,-3.685092127303191,1,,量占比與後續報酬的描述性相關；非因果或預測能力，少量樣本不作判斷,描述性關係；尚未扣費用、檢查除權息或做樣本外驗證；不評分、不認定關鍵分點
2356,5857,5850,統一-新竹,buy,5,1,1,-3.685092127303191,0.0,-3.685092127303191,0.0,-3.685092127303191,1,,量占比與後續報酬的描述性相關；非因果或預測能力，少量樣本不作判斷,描述性關係；尚未扣費用、檢查除權息或做樣本外驗證；不評分、不認定關鍵分點
2356,6461,6460,大昌-樹林,buy,5,1,1,-3.685092127303191,0.0,-3.685092127303191,0.0,-3.685092127303191,1,,量占比與後續報酬的描述性相關；非因果或預測能力，少量樣本不作判斷,描述性關係；尚未扣費用、檢查除權息或做樣本外驗證；不評分、不認定關鍵分點
2356,7000,7000,兆豐證券,buy,5,1,1,-3.685092127303191,0.0,-3.685092127303191,0.0,-3.685092127303191,1,,量占比與後續報酬的描述性相關；非因果或預測能力，少量樣本不作判斷,描述性關係；尚未扣費用、檢查除權息或做樣本外驗證；不評分、不認定關鍵分點
2356,8440,8440,摩根大通,sell,5,1,1,-3.685092127303191,0.0,-3.685092127303191,0.0,-3.685092127303191,1,,量占比與後續報酬的描述性相關；非因果或預測能力，少量樣本不作判斷,描述性關係；尚未扣費用、檢查除權息或做樣本外驗證；不評分、不認定關鍵分點
2356,8560,8560,新光,buy,5,1,1,-3.685092127303191,0.0,-3.685092127303191,0.0,-3.685092127303191,1,,量占比與後續報酬的描述性相關；非因果或預測能力，少量樣本不作判斷,描述性關係；尚未扣費用、檢查除權息或做樣本外驗證；不評分、不認定關鍵分點
2356,8711,8710,陽信-石牌,buy,5,1,1,-3.685092127303191,0.0,-3.685092127303191,0.0,-3.685092127303191,1,,量占比與後續報酬的描述性相關；非因果或預測能力，少量樣本不作判斷,描述性關係；尚未扣費用、檢查除權息或做樣本外驗證；不評分、不認定關鍵分點
2356,8888,8880,國泰-敦南,buy,5,1,1,-3.685092127303191,0.0,-3.685092127303191,0.0,-3.685092127303191,1,,量占比與後續報酬的描述性相關；非因果或預測能力，少量樣本不作判斷,描述性關係；尚未扣費用、檢查除權息或做樣本外驗證；不評分、不認定關鍵分點
2356,9268,9200,凱基-台北,sell,5,1,1,-3.685092127303191,0.0,-3.685092127303191,0.0,-3.685092127303191,1,,量占比與後續報酬的描述性相關；非因果或預測能力，少量樣本不作判斷,描述性關係；尚未扣費用、檢查除權息或做樣本外驗證；不評分、不認定關鍵分點
2356,9285,9200,凱基-中壢,sell,5,1,1,-3.685092127303191,0.0,-3.685092127303191,0.0,-3.685092127303191,1,,量占比與後續報酬的描述性相關；非因果或預測能力，少量樣本不作判斷,描述性關係；尚未扣費用、檢查除權息或做樣本外驗證；不評分、不認定關鍵分點
2356,9600,9600,富邦證券,buy,5,1,1,-3.685092127303191,0.0,-3.685092127303191,0.0,-3.685092127303191,1,,量占比與後續報酬的描述性相關；非因果或預測能力，少量樣本不作判斷,描述性關係；尚未扣費用、檢查除權息或做樣本外驗證；不評分、不認定關鍵分點
2356,9676,9600,富邦-仁愛,sell,5,1,1,-3.685092127303191,0.0,-3.685092127303191,0.0,-3.685092127303191,1,,量占比與後續報酬的描述性相關；非因果或預測能力，少量樣本不作判斷,描述性關係；尚未扣費用、檢查除權息或做樣本外驗證；不評分、不認定關鍵分點
2356,9800,9800,元大證券,buy,5,1,1,-3.685092127303191,0.0,-3.685092127303191,0.0,-3.685092127303191,1,,量占比與後續報酬的描述性相關；非因果或預測能力，少量樣本不作判斷,描述性關係；尚未扣費用、檢查除權息或做樣本外驗證；不評分、不認定關鍵分點
2357,0031003000340043,1040,臺銀-高雄,buy,5,1,1,3.2124352331606154,1.0,3.2124352331606154,0.0,-0.31088082901554737,1,,量占比與後續報酬的描述性相關；非因果或預測能力，少量樣本不作判斷,描述性關係；尚未扣費用、檢查除權息或做樣本外驗證；不評分、不認定關鍵分點
2357,0037003700390063,7790,國票-敦北法人,sell,5,1,1,3.2124352331606154,1.0,3.2124352331606154,0.0,-0.31088082901554737,1,,量占比與後續報酬的描述性相關；非因果或預測能力，少量樣本不作判斷,描述性關係；尚未扣費用、檢查除權息或做樣本外驗證；不評分、不認定關鍵分點
2357,0039003600390043,9600,富邦-北港,buy,5,1,1,3.2124352331606154,1.0,3.2124352331606154,0.0,-0.31088082901554737,1,,量占比與後續報酬的描述性相關；非因果或預測能力，少量樣本不作判斷,描述性關係；尚未扣費用、檢查除權息或做樣本外驗證；不評分、不認定關鍵分點
2357,0039003800330055,9800,元大-頭份,sell,5,1,1,3.2124352331606154,1.0,3.2124352331606154,0.0,-0.31088082901554737,1,,量占比與後續報酬的描述性相關；非因果或預測能力，少量樣本不作判斷,描述性關係；尚未扣費用、檢查除權息或做樣本外驗證；不評分、不認定關鍵分點
2357,0039003800390051,9800,元大-汐止,buy,5,1,1,3.2124352331606154,1.0,3.2124352331606154,0.0,-0.31088082901554737,1,,量占比與後續報酬的描述性相關；非因果或預測能力，少量樣本不作判斷,描述性關係；尚未扣費用、檢查除權息或做樣本外驗證；不評分、不認定關鍵分點
2357,0039004100300030,9A00,永豐金證券,sell,5,1,1,3.2124352331606154,1.0,3.2124352331606154,0.0,-0.31088082901554737,1,,量占比與後續報酬的描述性相關；非因果或預測能力，少量樣本不作判斷,描述性關係；尚未扣費用、檢查除權息或做樣本外驗證；不評分、不認定關鍵分點
2357,0039004100380031,9A00,永豐金-匯立,buy,5,1,1,3.2124352331606154,1.0,3.2124352331606154,0.0,-0.31088082901554737,1,,量占比與後續報酬的描述性相關；非因果或預測能力，少量樣本不作判斷,描述性關係；尚未扣費用、檢查除權息或做樣本外驗證；不評分、不認定關鍵分點
2357,0039004100390043,9A00,永豐金-員林,buy,5,1,1,3.2124352331606154,1.0,3.2124352331606154,0.0,-0.31088082901554737,1,,量占比與後續報酬的描述性相關；非因果或預測能力，少量樣本不作判斷,描述性關係；尚未扣費用、檢查除權息或做樣本外驗證；不評分、不認定關鍵分點
2357,0039004200300030,9B00,台新,sell,5,1,1,3.2124352331606154,1.0,3.2124352331606154,0.0,-0.31088082901554737,1,,量占比與後續報酬的描述性相關；非因果或預測能力，少量樣本不作判斷,描述性關係；尚未扣費用、檢查除權息或做樣本外驗證；不評分、不認定關鍵分點
2357,0039004200320035,9B00,台新-五權西,sell,5,1,1,3.2124352331606154,1.0,3.2124352331606154,0.0,-0.31088082901554737,1,,量占比與後續報酬的描述性相關；非因果或預測能力，少量樣本不作判斷,描述性關係；尚未扣費用、檢查除權息或做樣本外驗證；不評分、不認定關鍵分點
2357,1260,1260,宏遠證券,sell,5,1,1,3.2124352331606154,1.0,3.2124352331606154,0.0,-0.31088082901554737,1,,量占比與後續報酬的描述性相關；非因果或預測能力，少量樣本不作判斷,描述性關係；尚未扣費用、檢查除權息或做樣本外驗證；不評分、不認定關鍵分點
2357,1440,1440,美林,buy,5,1,1,3.2124352331606154,1.0,3.2124352331606154,0.0,-0.31088082901554737,1,,量占比與後續報酬的描述性相關；非因果或預測能力，少量樣本不作判斷,描述性關係；尚未扣費用、檢查除權息或做樣本外驗證；不評分、不認定關鍵分點
2357,1470,1470,台灣摩根士丹利,buy,5,1,1,3.2124352331606154,1.0,3.2124352331606154,0.0,-0.31088082901554737,1,,量占比與後續報酬的描述性相關；非因果或預測能力，少量樣本不作判斷,描述性關係；尚未扣費用、檢查除權息或做樣本外驗證；不評分、不認定關鍵分點
2357,1480,1480,美商高盛,buy,5,1,1,3.2124352331606154,1.0,3.2124352331606154,0.0,-0.31088082901554737,1,,量占比與後續報酬的描述性相關；非因果或預測能力，少量樣本不作判斷,描述性關係；尚未扣費用、檢查除權息或做樣本外驗證；不評分、不認定關鍵分點
2357,1560,1560,港商野村,buy,5,1,1,3.2124352331606154,1.0,3.2124352331606154,0.0,-0.31088082901554737,1,,量占比與後續報酬的描述性相關；非因果或預測能力，少量樣本不作判斷,描述性關係；尚未扣費用、檢查除權息或做樣本外驗證；不評分、不認定關鍵分點
2357,1590,1590,花旗環球,buy,5,1,1,3.2124352331606154,1.0,3.2124352331606154,0.0,-0.31088082901554737,1,,量占比與後續報酬的描述性相關；非因果或預測能力，少量樣本不作判斷,描述性關係；尚未扣費用、檢查除權息或做樣本外驗證；不評分、不認定關鍵分點
2357,1650,1650,新加坡商瑞銀,sell,5,1,1,3.2124352331606154,1.0,3.2124352331606154,0.0,-0.31088082901554737,1,,量占比與後續報酬的描述性相關；非因果或預測能力，少量樣本不作判斷,描述性關係；尚未扣費用、檢查除權息或做樣本外驗證；不評分、不認定關鍵分點
2357,6110,6110,台中銀,sell,5,1,1,3.2124352331606154,1.0,3.2124352331606154,0.0,-0.31088082901554737,1,,量占比與後續報酬的描述性相關；非因果或預測能力，少量樣本不作判斷,描述性關係；尚未扣費用、檢查除權息或做樣本外驗證；不評分、不認定關鍵分點
2357,6160,6160,中國信託,sell,5,1,1,3.2124352331606154,1.0,3.2124352331606154,0.0,-0.31088082901554737,1,,量占比與後續報酬的描述性相關；非因果或預測能力，少量樣本不作判斷,描述性關係；尚未扣費用、檢查除權息或做樣本外驗證；不評分、不認定關鍵分點
2357,6210,6210,新百王,buy,5,1,1,3.2124352331606154,1.0,3.2124352331606154,0.0,-0.31088082901554737,1,,量占比與後續報酬的描述性相關；非因果或預測能力，少量樣本不作判斷,描述性關係；尚未扣費用、檢查除權息或做樣本外驗證；不評分、不認定關鍵分點
2357,8440,8440,摩根大通,buy,5,1,1,3.2124352331606154,1.0,3.2124352331606154,0.0,-0.31088082901554737,1,,量占比與後續報酬的描述性相關；非因果或預測能力，少量樣本不作判斷,描述性關係；尚未扣費用、檢查除權息或做樣本外驗證；不評分、不認定關鍵分點
2357,8840,8840,玉山證券,sell,5,1,1,3.2124352331606154,1.0,3.2124352331606154,0.0,-0.31088082901554737,1,,量占比與後續報酬的描述性相關；非因果或預測能力，少量樣本不作判斷,描述性關係；尚未扣費用、檢查除權息或做樣本外驗證；不評分、不認定關鍵分點
2357,8890,8890,大和國泰,sell,5,1,1,3.2124352331606154,1.0,3.2124352331606154,0.0,-0.31088082901554737,1,,量占比與後續報酬的描述性相關；非因果或預測能力，少量樣本不作判斷,描述性關係；尚未扣費用、檢查除權息或做樣本外驗證；不評分、不認定關鍵分點
2357,8900,8900,法銀巴黎,buy,5,1,1,3.2124352331606154,1.0,3.2124352331606154,0.0,-0.31088082901554737,1,,量占比與後續報酬的描述性相關；非因果或預測能力，少量樣本不作判斷,描述性關係；尚未扣費用、檢查除權息或做樣本外驗證；不評分、不認定關鍵分點
2357,8960,8960,香港上海匯豐,sell,5,1,1,3.2124352331606154,1.0,3.2124352331606154,0.0,-0.31088082901554737,1,,量占比與後續報酬的描述性相關；非因果或預測能力，少量樣本不作判斷,描述性關係；尚未扣費用、檢查除權息或做樣本外驗證；不評分、不認定關鍵分點
2357,9200,9200,凱基,buy,5,1,1,3.2124352331606154,1.0,3.2124352331606154,0.0,-0.31088082901554737,1,,量占比與後續報酬的描述性相關；非因果或預測能力，少量樣本不作判斷,描述性關係；尚未扣費用、檢查除權息或做樣本外驗證；不評分、不認定關鍵分點
2357,9268,9200,凱基-台北,sell,5,1,1,3.2124352331606154,1.0,3.2124352331606154,0.0,-0.31088082901554737,1,,量占比與後續報酬的描述性相關；非因果或預測能力，少量樣本不作判斷,描述性關係；尚未扣費用、檢查除權息或做樣本外驗證；不評分、不認定關鍵分點
2357,9300,9300,華南永昌,sell,5,1,1,3.2124352331606154,1.0,3.2124352331606154,0.0,-0.31088082901554737,1,,量占比與後續報酬的描述性相關；非因果或預測能力，少量樣本不作判斷,描述性關係；尚未扣費用、檢查除權息或做樣本外驗證；不評分、不認定關鍵分點
2357,9337,9300,華南永昌-內壢,sell,5,1,1,3.2124352331606154,1.0,3.2124352331606154,0.0,-0.31088082901554737,1,,量占比與後續報酬的描述性相關；非因果或預測能力，少量樣本不作判斷,描述性關係；尚未扣費用、檢查除權息或做樣本外驗證；不評分、不認定關鍵分點
2357,9800,9800,元大證券,buy,5,1,1,3.2124352331606154,1.0,3.2124352331606154,0.0,-0.31088082901554737,1,,量占比與後續報酬的描述性相關；非因果或預測能力，少量樣本不作判斷,描述性關係；尚未扣費用、檢查除權息或做樣本外驗證；不評分、不認定關鍵分點
2359,003500330038004d,5380,第一金-嘉義,sell,5,1,1,-0.78125,0.0,-0.78125,0.0,-1.5625,1,,量占比與後續報酬的描述性相關；非因果或預測能力，少量樣本不作判斷,描述性關係；尚未扣費用、檢查除權息或做樣本外驗證；不評分、不認定關鍵分點
2359,0035003300380057,5380,第一金-華江,sell,5,1,1,-0.78125,0.0,-0.78125,0.0,-1.5625,1,,量占比與後續報酬的描述性相關；非因果或預測能力，少量樣本不作判斷,描述性關係；尚未扣費用、檢查除權息或做樣本外驗證；不評分、不認定關鍵分點
2359,003700370039006a,7790,國票-和平,buy,5,1,1,-0.78125,0.0,-0.78125,0.0,-1.5625,1,,量占比與後續報酬的描述性相關；非因果或預測能力，少量樣本不作判斷,描述性關係；尚未扣費用、檢查除權息或做樣本外驗證；不評分、不認定關鍵分點
2359,003900380031004e,9800,元大-金門,buy,5,1,1,-0.78125,0.0,-0.78125,0.0,-1.5625,1,,量占比與後續報酬的描述性相關；非因果或預測能力，少量樣本不作判斷,描述性關係；尚未扣費用、檢查除權息或做樣本外驗證；不評分、不認定關鍵分點
2359,0039003800310067,9800,元大-大里,sell,5,1,1,-0.78125,0.0,-0.78125,0.0,-1.5625,1,,量占比與後續報酬的描述性相關；非因果或預測能力，少量樣本不作判斷,描述性關係；尚未扣費用、檢查除權息或做樣本外驗證；不評分、不認定關鍵分點
2359,003900410039004a,9A00,永豐金-板新,sell,5,1,1,-0.78125,0.0,-0.78125,0.0,-1.5625,1,,量占比與後續報酬的描述性相關；非因果或預測能力，少量樣本不作判斷,描述性關係；尚未扣費用、檢查除權息或做樣本外驗證；不評分、不認定關鍵分點
2359,003900410039006a,9A00,永豐金-嘉義,sell,5,1,1,-0.78125,0.0,-0.78125,0.0,-1.5625,1,,量占比與後續報酬的描述性相關；非因果或預測能力，少量樣本不作判斷,描述性關係；尚未扣費用、檢查除權息或做樣本外驗證；不評分、不認定關鍵分點
2359,0039004200310036,9B00,台新-台南,sell,5,1,1,-0.78125,0.0,-0.78125,0.0,-1.5625,1,,量占比與後續報酬的描述性相關；非因果或預測能力，少量樣本不作判斷,描述性關係；尚未扣費用、檢查除權息或做樣本外驗證；不評分、不認定關鍵分點
2359,0039004200310067,9B00,台新-高雄,sell,5,1,1,-0.78125,0.0,-0.78125,0.0,-1.5625,1,,量占比與後續報酬的描述性相關；非因果或預測能力，少量樣本不作判斷,描述性關係；尚未扣費用、檢查除權息或做樣本外驗證；不評分、不認定關鍵分點
2359,0039004200310068,9B00,台新-台中,sell,5,1,1,-0.78125,0.0,-0.78125,0.0,-1.5625,1,,量占比與後續報酬的描述性相關；非因果或預測能力，少量樣本不作判斷,描述性關係；尚未扣費用、檢查除權息或做樣本外驗證；不評分、不認定關鍵分點
2359,0039004200320042,9B00,台新-永和,buy,5,1,1,-0.78125,0.0,-0.78125,0.0,-1.5625,1,,量占比與後續報酬的描述性相關；非因果或預測能力，少量樣本不作判斷,描述性關係；尚未扣費用、檢查除權息或做樣本外驗證；不評分、不認定關鍵分點
2359,1023,1020,合庫-高雄,buy,5,1,1,-0.78125,0.0,-0.78125,0.0,-1.5625,1,,量占比與後續報酬的描述性相關；非因果或預測能力，少量樣本不作判斷,描述性關係；尚未扣費用、檢查除權息或做樣本外驗證；不評分、不認定關鍵分點
2359,1260,1260,宏遠證券,buy,5,1,1,-0.78125,0.0,-0.78125,0.0,-1.5625,1,,量占比與後續報酬的描述性相關；非因果或預測能力，少量樣本不作判斷,描述性關係；尚未扣費用、檢查除權息或做樣本外驗證；不評分、不認定關鍵分點
2359,1440,1440,美林,buy,5,1,1,-0.78125,0.0,-0.78125,0.0,-1.5625,1,,量占比與後續報酬的描述性相關；非因果或預測能力，少量樣本不作判斷,描述性關係；尚未扣費用、檢查除權息或做樣本外驗證；不評分、不認定關鍵分點
2359,1470,1470,台灣摩根士丹利,sell,5,1,1,-0.78125,0.0,-0.78125,0.0,-1.5625,1,,量占比與後續報酬的描述性相關；非因果或預測能力，少量樣本不作判斷,描述性關係；尚未扣費用、檢查除權息或做樣本外驗證；不評分、不認定關鍵分點
2359,1480,1480,美商高盛,sell,5,1,1,-0.78125,0.0,-0.78125,0.0,-1.5625,1,,量占比與後續報酬的描述性相關；非因果或預測能力，少量樣本不作判斷,描述性關係；尚未扣費用、檢查除權息或做樣本外驗證；不評分、不認定關鍵分點
2359,1590,1590,花旗環球,sell,5,1,1,-0.78125,0.0,-0.78125,0.0,-1.5625,1,,量占比與後續報酬的描述性相關；非因果或預測能力，少量樣本不作判斷,描述性關係；尚未扣費用、檢查除權息或做樣本外驗證；不評分、不認定關鍵分點
2359,5268,5260,美好-台南,buy,5,1,1,-0.78125,0.0,-0.78125,0.0,-1.5625,1,,量占比與後續報酬的描述性相關；非因果或預測能力，少量樣本不作判斷,描述性關係；尚未扣費用、檢查除權息或做樣本外驗證；不評分、不認定關鍵分點
2359,5855,5850,統一-台南,sell,5,1,1,-0.78125,0.0,-0.78125,0.0,-1.5625,1,,量占比與後續報酬的描述性相關；非因果或預測能力，少量樣本不作判斷,描述性關係；尚未扣費用、檢查除權息或做樣本外驗證；不評分、不認定關鍵分點
2359,7030,7030,致和證券,buy,5,1,1,-0.78125,0.0,-0.78125,0.0,-1.5625,1,,量占比與後續報酬的描述性相關；非因果或預測能力，少量樣本不作判斷,描述性關係；尚未扣費用、檢查除權息或做樣本外驗證；不評分、不認定關鍵分點
2359,7791,7790,國票-台東,buy,5,1,1,-0.78125,0.0,-0.78125,0.0,-1.5625,1,,量占比與後續報酬的描述性相關；非因果或預測能力，少量樣本不作判斷,描述性關係；尚未扣費用、檢查除權息或做樣本外驗證；不評分、不認定關鍵分點
2359,8440,8440,摩根大通,sell,5,1,1,-0.78125,0.0,-0.78125,0.0,-1.5625,1,,量占比與後續報酬的描述性相關；非因果或預測能力，少量樣本不作判斷,描述性關係；尚未扣費用、檢查除權息或做樣本外驗證；不評分、不認定關鍵分點
2359,8581,8580,聯邦-高雄,buy,5,1,1,-0.78125,0.0,-0.78125,0.0,-1.5625,1,,量占比與後續報酬的描述性相關；非因果或預測能力，少量樣本不作判斷,描述性關係；尚未扣費用、檢查除權息或做樣本外驗證；不評分、不認定關鍵分點
2359,9216,9200,凱基-信義,buy,5,1,1,-0.78125,0.0,-0.78125,0.0,-1.5625,1,,量占比與後續報酬的描述性相關；非因果或預測能力，少量樣本不作判斷,描述性關係；尚未扣費用、檢查除權息或做樣本外驗證；不評分、不認定關鍵分點
2359,9268,9200,凱基-台北,sell,5,1,1,-0.78125,0.0,-0.78125,0.0,-1.5625,1,,量占比與後續報酬的描述性相關；非因果或預測能力，少量樣本不作判斷,描述性關係；尚未扣費用、檢查除權息或做樣本外驗證；不評分、不認定關鍵分點
2359,9272,9200,凱基-竹科,buy,5,1,1,-0.78125,0.0,-0.78125,0.0,-1.5625,1,,量占比與後續報酬的描述性相關；非因果或預測能力，少量樣本不作判斷,描述性關係；尚未扣費用、檢查除權息或做樣本外驗證；不評分、不認定關鍵分點
2359,9303,9300,華南永昌-高雄,buy,5,1,1,-0.78125,0.0,-0.78125,0.0,-1.5625,1,,量占比與後續報酬的描述性相關；非因果或預測能力，少量樣本不作判斷,描述性關係；尚未扣費用、檢查除權息或做樣本外驗證；不評分、不認定關鍵分點
2359,9332,9300,華南永昌-楠梓,buy,5,1,1,-0.78125,0.0,-0.78125,0.0,-1.5625,1,,量占比與後續報酬的描述性相關；非因果或預測能力，少量樣本不作判斷,描述性關係；尚未扣費用、檢查除權息或做樣本外驗證；不評分、不認定關鍵分點
2359,9363,9300,華南永昌-彰化,sell,5,1,1,-0.78125,0.0,-0.78125,0.0,-1.5625,1,,量占比與後續報酬的描述性相關；非因果或預測能力，少量樣本不作判斷,描述性關係；尚未扣費用、檢查除權息或做樣本外驗證；不評分、不認定關鍵分點
2359,9868,9800,元大-文心,buy,5,1,1,-0.78125,0.0,-0.78125,0.0,-1.5625,1,,量占比與後續報酬的描述性相關；非因果或預測能力，少量樣本不作判斷,描述性關係；尚未扣費用、檢查除權息或做樣本外驗證；不評分、不認定關鍵分點
2360,003500380035004d,5850,統一-士林,sell,5,1,1,12.01923076923077,1.0,12.01923076923077,0.0,5.288461538461542,1,,量占比與後續報酬的描述性相關；非因果或預測能力，少量樣本不作判斷,描述性關係；尚未扣費用、檢查除權息或做樣本外驗證；不評分、不認定關鍵分點
2360,003700370039005a,7790,國票-安和,sell,5,1,1,12.01923076923077,1.0,12.01923076923077,0.0,5.288461538461542,1,,量占比與後續報酬的描述性相關；非因果或預測能力，少量樣本不作判斷,描述性關係；尚未扣費用、檢查除權息或做樣本外驗證；不評分、不認定關鍵分點
2360,0039003100380058,9100,群益金鼎-台北,buy,5,1,1,12.01923076923077,1.0,12.01923076923077,0.0,5.288461538461542,1,,量占比與後續報酬的描述性相關；非因果或預測能力，少量樣本不作判斷,描述性關係；尚未扣費用、檢查除權息或做樣本外驗證；不評分、不認定關鍵分點
2360,003900380031006a,9800,元大-士林,buy,5,1,1,12.01923076923077,1.0,12.01923076923077,0.0,5.288461538461542,1,,量占比與後續報酬的描述性相關；非因果或預測能力，少量樣本不作判斷,描述性關係；尚未扣費用、檢查除權息或做樣本外驗證；不評分、不認定關鍵分點
2360,0039003800330042,9800,元大-林森,buy,5,1,1,12.01923076923077,1.0,12.01923076923077,0.0,5.288461538461542,1,,量占比與後續報酬的描述性相關；非因果或預測能力，少量樣本不作判斷,描述性關係；尚未扣費用、檢查除權息或做樣本外驗證；不評分、不認定關鍵分點
2360,0039004100300030,9A00,永豐金證券,sell,5,1,1,12.01923076923077,1.0,12.01923076923077,0.0,5.288461538461542,1,,量占比與後續報酬的描述性相關；非因果或預測能力，少量樣本不作判斷,描述性關係；尚未扣費用、檢查除權息或做樣本外驗證；不評分、不認定關鍵分點
2360,0039004100380031,9A00,永豐金-匯立,sell,5,1,1,12.01923076923077,1.0,12.01923076923077,0.0,5.288461538461542,1,,量占比與後續報酬的描述性相關；非因果或預測能力，少量樣本不作判斷,描述性關係；尚未扣費用、檢查除權息或做樣本外驗證；不評分、不認定關鍵分點
2360,0039004200320079,9B00,台新-花蓮,buy,5,1,1,12.01923076923077,1.0,12.01923076923077,0.0,5.288461538461542,1,,量占比與後續報酬的描述性相關；非因果或預測能力，少量樣本不作判斷,描述性關係；尚未扣費用、檢查除權息或做樣本外驗證；不評分、不認定關鍵分點
2360,1020,1020,合庫證券,sell,5,1,1,12.01923076923077,1.0,12.01923076923077,0.0,5.288461538461542,1,,量占比與後續報酬的描述性相關；非因果或預測能力，少量樣本不作判斷,描述性關係；尚未扣費用、檢查除權息或做樣本外驗證；不評分、不認定關鍵分點
2360,1440,1440,美林,sell,5,1,1,12.01923076923077,1.0,12.01923076923077,0.0,5.288461538461542,1,,量占比與後續報酬的描述性相關；非因果或預測能力，少量樣本不作判斷,描述性關係；尚未扣費用、檢查除權息或做樣本外驗證；不評分、不認定關鍵分點
2360,1480,1480,美商高盛,buy,5,1,1,12.01923076923077,1.0,12.01923076923077,0.0,5.288461538461542,1,,量占比與後續報酬的描述性相關；非因果或預測能力，少量樣本不作判斷,描述性關係；尚未扣費用、檢查除權息或做樣本外驗證；不評分、不認定關鍵分點
2360,1560,1560,港商野村,buy,5,1,1,12.01923076923077,1.0,12.01923076923077,0.0,5.288461538461542,1,,量占比與後續報酬的描述性相關；非因果或預測能力，少量樣本不作判斷,描述性關係；尚未扣費用、檢查除權息或做樣本外驗證；不評分、不認定關鍵分點
2360,1590,1590,花旗環球,buy,5,1,1,12.01923076923077,1.0,12.01923076923077,0.0,5.288461538461542,1,,量占比與後續報酬的描述性相關；非因果或預測能力，少量樣本不作判斷,描述性關係；尚未扣費用、檢查除權息或做樣本外驗證；不評分、不認定關鍵分點
2360,1650,1650,新加坡商瑞銀,sell,5,1,1,12.01923076923077,1.0,12.01923076923077,0.0,5.288461538461542,1,,量占比與後續報酬的描述性相關；非因果或預測能力，少量樣本不作判斷,描述性關係；尚未扣費用、檢查除權息或做樣本外驗證；不評分、不認定關鍵分點
2360,5850,5850,統一,sell,5,1,1,12.01923076923077,1.0,12.01923076923077,0.0,5.288461538461542,1,,量占比與後續報酬的描述性相關；非因果或預測能力，少量樣本不作判斷,描述性關係；尚未扣費用、檢查除權息或做樣本外驗證；不評分、不認定關鍵分點
2360,6160,6160,中國信託,buy,5,1,1,12.01923076923077,1.0,12.01923076923077,0.0,5.288461538461542,1,,量占比與後續報酬的描述性相關；非因果或預測能力，少量樣本不作判斷,描述性關係；尚未扣費用、檢查除權息或做樣本外驗證；不評分、不認定關鍵分點
2360,7000,7000,兆豐證券,sell,5,1,1,12.01923076923077,1.0,12.01923076923077,0.0,5.288461538461542,1,,量占比與後續報酬的描述性相關；非因果或預測能力，少量樣本不作判斷,描述性關係；尚未扣費用、檢查除權息或做樣本外驗證；不評分、不認定關鍵分點
2360,8440,8440,摩根大通,buy,5,1,1,12.01923076923077,1.0,12.01923076923077,0.0,5.288461538461542,1,,量占比與後續報酬的描述性相關；非因果或預測能力，少量樣本不作判斷,描述性關係；尚未扣費用、檢查除權息或做樣本外驗證；不評分、不認定關鍵分點
2360,8560,8560,新光,buy,5,1,1,12.01923076923077,1.0,12.01923076923077,0.0,5.288461538461542,1,,量占比與後續報酬的描述性相關；非因果或預測能力，少量樣本不作判斷,描述性關係；尚未扣費用、檢查除權息或做樣本外驗證；不評分、不認定關鍵分點
2360,8880,8880,國泰證券,sell,5,1,1,12.01923076923077,1.0,12.01923076923077,0.0,5.288461538461542,1,,量占比與後續報酬的描述性相關；非因果或預測能力，少量樣本不作判斷,描述性關係；尚未扣費用、檢查除權息或做樣本外驗證；不評分、不認定關鍵分點
2360,8888,8880,國泰-敦南,buy,5,1,1,12.01923076923077,1.0,12.01923076923077,0.0,5.288461538461542,1,,量占比與後續報酬的描述性相關；非因果或預測能力，少量樣本不作判斷,描述性關係；尚未扣費用、檢查除權息或做樣本外驗證；不評分、不認定關鍵分點
2360,8890,8890,大和國泰,buy,5,1,1,12.01923076923077,1.0,12.01923076923077,0.0,5.288461538461542,1,,量占比與後續報酬的描述性相關；非因果或預測能力，少量樣本不作判斷,描述性關係；尚未扣費用、檢查除權息或做樣本外驗證；不評分、不認定關鍵分點
2360,9100,9100,群益金鼎,buy,5,1,1,12.01923076923077,1.0,12.01923076923077,0.0,5.288461538461542,1,,量占比與後續報酬的描述性相關；非因果或預測能力，少量樣本不作判斷,描述性關係；尚未扣費用、檢查除權息或做樣本外驗證；不評分、不認定關鍵分點
2360,9183,9100,群益金鼎-高雄,buy,5,1,1,12.01923076923077,1.0,12.01923076923077,0.0,5.288461538461542,1,,量占比與後續報酬的描述性相關；非因果或預測能力，少量樣本不作判斷,描述性關係；尚未扣費用、檢查除權息或做樣本外驗證；不評分、不認定關鍵分點
2360,9200,9200,凱基,sell,5,1,1,12.01923076923077,1.0,12.01923076923077,0.0,5.288461538461542,1,,量占比與後續報酬的描述性相關；非因果或預測能力，少量樣本不作判斷,描述性關係；尚未扣費用、檢查除權息或做樣本外驗證；不評分、不認定關鍵分點
2360,9268,9200,凱基-台北,buy,5,1,1,12.01923076923077,1.0,12.01923076923077,0.0,5.288461538461542,1,,量占比與後續報酬的描述性相關；非因果或預測能力，少量樣本不作判斷,描述性關係；尚未扣費用、檢查除權息或做樣本外驗證；不評分、不認定關鍵分點
2360,9300,9300,華南永昌,sell,5,1,1,12.01923076923077,1.0,12.01923076923077,0.0,5.288461538461542,1,,量占比與後續報酬的描述性相關；非因果或預測能力，少量樣本不作判斷,描述性關係；尚未扣費用、檢查除權息或做樣本外驗證；不評分、不認定關鍵分點
2360,9600,9600,富邦證券,sell,5,1,1,12.01923076923077,1.0,12.01923076923077,0.0,5.288461538461542,1,,量占比與後續報酬的描述性相關；非因果或預測能力，少量樣本不作判斷,描述性關係；尚未扣費用、檢查除權息或做樣本外驗證；不評分、不認定關鍵分點
2360,9800,9800,元大證券,sell,5,1,1,12.01923076923077,1.0,12.01923076923077,0.0,5.288461538461542,1,,量占比與後續報酬的描述性相關；非因果或預測能力，少量樣本不作判斷,描述性關係；尚未扣費用、檢查除權息或做樣本外驗證；不評分、不認定關鍵分點
2360,9868,9800,元大-文心,sell,5,1,1,12.01923076923077,1.0,12.01923076923077,0.0,5.288461538461542,1,,量占比與後續報酬的描述性相關；非因果或預測能力，少量樣本不作判斷,描述性關係；尚未扣費用、檢查除權息或做樣本外驗證；不評分、不認定關鍵分點
2368,0039003100380065,9100,群益金鼎-大安,buy,5,1,1,17.351598173515992,1.0,17.351598173515992,0.0,0.9132420091324311,1,,量占比與後續報酬的描述性相關；非因果或預測能力，少量樣本不作判斷,描述性關係；尚未扣費用、檢查除權息或做樣本外驗證；不評分、不認定關鍵分點
2368,0039003100380075,9100,群益金鼎-瑞豐,sell,5,1,1,17.351598173515992,1.0,17.351598173515992,0.0,0.9132420091324311,1,,量占比與後續報酬的描述性相關；非因果或預測能力，少量樣本不作判斷,描述性關係；尚未扣費用、檢查除權息或做樣本外驗證；不評分、不認定關鍵分點
2368,0039003200300046,9200,凱基-站前,sell,5,1,1,17.351598173515992,1.0,17.351598173515992,0.0,0.9132420091324311,1,,量占比與後續報酬的描述性相關；非因果或預測能力，少量樣本不作判斷,描述性關係；尚未扣費用、檢查除權息或做樣本外驗證；不評分、不認定關鍵分點
2368,0039003600320041,9600,富邦-南港,sell,5,1,1,17.351598173515992,1.0,17.351598173515992,0.0,0.9132420091324311,1,,量占比與後續報酬的描述性相關；非因果或預測能力，少量樣本不作判斷,描述性關係；尚未扣費用、檢查除權息或做樣本外驗證；不評分、不認定關鍵分點
2368,0039004100300030,9A00,永豐金證券,buy,5,1,1,17.351598173515992,1.0,17.351598173515992,0.0,0.9132420091324311,1,,量占比與後續報酬的描述性相關；非因果或預測能力，少量樣本不作判斷,描述性關係；尚未扣費用、檢查除權息或做樣本外驗證；不評分、不認定關鍵分點
2368,0039004100390067,9A00,永豐金-內湖,sell,5,1,1,17.351598173515992,1.0,17.351598173515992,0.0,0.9132420091324311,1,,量占比與後續報酬的描述性相關；非因果或預測能力，少量樣本不作判斷,描述性關係；尚未扣費用、檢查除權息或做樣本外驗證；不評分、不認定關鍵分點
2368,1043,1040,臺銀-民權,sell,5,1,1,17.351598173515992,1.0,17.351598173515992,0.0,0.9132420091324311,1,,量占比與後續報酬的描述性相關；非因果或預測能力，少量樣本不作判斷,描述性關係；尚未扣費用、檢查除權息或做樣本外驗證；不評分、不認定關鍵分點
2368,1440,1440,美林,sell,5,1,1,17.351598173515992,1.0,17.351598173515992,0.0,0.9132420091324311,1,,量占比與後續報酬的描述性相關；非因果或預測能力，少量樣本不作判斷,描述性關係；尚未扣費用、檢查除權息或做樣本外驗證；不評分、不認定關鍵分點
2368,1470,1470,台灣摩根士丹利,sell,5,1,1,17.351598173515992,1.0,17.351598173515992,0.0,0.9132420091324311,1,,量占比與後續報酬的描述性相關；非因果或預測能力，少量樣本不作判斷,描述性關係；尚未扣費用、檢查除權息或做樣本外驗證；不評分、不認定關鍵分點
2368,1480,1480,美商高盛,sell,5,1,1,17.351598173515992,1.0,17.351598173515992,0.0,0.9132420091324311,1,,量占比與後續報酬的描述性相關；非因果或預測能力，少量樣本不作判斷,描述性關係；尚未扣費用、檢查除權息或做樣本外驗證；不評分、不認定關鍵分點
2368,1560,1560,港商野村,sell,5,1,1,17.351598173515992,1.0,17.351598173515992,0.0,0.9132420091324311,1,,量占比與後續報酬的描述性相關；非因果或預測能力，少量樣本不作判斷,描述性關係；尚未扣費用、檢查除權息或做樣本外驗證；不評分、不認定關鍵分點
2368,5850,5850,統一,buy,5,1,1,17.351598173515992,1.0,17.351598173515992,0.0,0.9132420091324311,1,,量占比與後續報酬的描述性相關；非因果或預測能力，少量樣本不作判斷,描述性關係；尚未扣費用、檢查除權息或做樣本外驗證；不評分、不認定關鍵分點
2368,5853,5850,統一-中壢,buy,5,1,1,17.351598173515992,1.0,17.351598173515992,0.0,0.9132420091324311,1,,量占比與後續報酬的描述性相關；非因果或預測能力，少量樣本不作判斷,描述性關係；尚未扣費用、檢查除權息或做樣本外驗證；不評分、不認定關鍵分點
2368,6160,6160,中國信託,sell,5,1,1,17.351598173515992,1.0,17.351598173515992,0.0,0.9132420091324311,1,,量占比與後續報酬的描述性相關；非因果或預測能力，少量樣本不作判斷,描述性關係；尚未扣費用、檢查除權息或做樣本外驗證；不評分、不認定關鍵分點
2368,6162,6160,中國信託-忠孝,sell,5,1,1,17.351598173515992,1.0,17.351598173515992,0.0,0.9132420091324311,1,,量占比與後續報酬的描述性相關；非因果或預測能力，少量樣本不作判斷,描述性關係；尚未扣費用、檢查除權息或做樣本外驗證；不評分、不認定關鍵分點
2368,7790,7790,國票證券,buy,5,1,1,17.351598173515992,1.0,17.351598173515992,0.0,0.9132420091324311,1,,量占比與後續報酬的描述性相關；非因果或預測能力，少量樣本不作判斷,描述性關係；尚未扣費用、檢查除權息或做樣本外驗證；不評分、不認定關鍵分點
2368,8440,8440,摩根大通,sell,5,1,1,17.351598173515992,1.0,17.351598173515992,0.0,0.9132420091324311,1,,量占比與後續報酬的描述性相關；非因果或預測能力，少量樣本不作判斷,描述性關係；尚未扣費用、檢查除權息或做樣本外驗證；不評分、不認定關鍵分點
2368,8560,8560,新光,buy,5,1,1,17.351598173515992,1.0,17.351598173515992,0.0,0.9132420091324311,1,,量占比與後續報酬的描述性相關；非因果或預測能力，少量樣本不作判斷,描述性關係；尚未扣費用、檢查除權息或做樣本外驗證；不評分、不認定關鍵分點
2368,8880,8880,國泰證券,buy,5,1,1,17.351598173515992,1.0,17.351598173515992,0.0,0.9132420091324311,1,,量占比與後續報酬的描述性相關；非因果或預測能力，少量樣本不作判斷,描述性關係；尚未扣費用、檢查除權息或做樣本外驗證；不評分、不認定關鍵分點
2368,8888,8880,國泰-敦南,buy,5,1,1,17.351598173515992,1.0,17.351598173515992,0.0,0.9132420091324311,1,,量占比與後續報酬的描述性相關；非因果或預測能力，少量樣本不作判斷,描述性關係；尚未扣費用、檢查除權息或做樣本外驗證；不評分、不認定關鍵分點
2368,8890,8890,大和國泰,buy,5,1,1,17.351598173515992,1.0,17.351598173515992,0.0,0.9132420091324311,1,,量占比與後續報酬的描述性相關；非因果或預測能力，少量樣本不作判斷,描述性關係；尚未扣費用、檢查除權息或做樣本外驗證；不評分、不認定關鍵分點
2368,9100,9100,群益金鼎,buy,5,1,1,17.351598173515992,1.0,17.351598173515992,0.0,0.9132420091324311,1,,量占比與後續報酬的描述性相關；非因果或預測能力，少量樣本不作判斷,描述性關係；尚未扣費用、檢查除權息或做樣本外驗證；不評分、不認定關鍵分點
2368,9268,9200,凱基-台北,sell,5,1,1,17.351598173515992,1.0,17.351598173515992,0.0,0.9132420091324311,1,,量占比與後續報酬的描述性相關；非因果或預測能力，少量樣本不作判斷,描述性關係；尚未扣費用、檢查除權息或做樣本外驗證；不評分、不認定關鍵分點
2368,9291,9200,凱基-大安,sell,5,1,1,17.351598173515992,1.0,17.351598173515992,0.0,0.9132420091324311,1,,量占比與後續報酬的描述性相關；非因果或預測能力，少量樣本不作判斷,描述性關係；尚未扣費用、檢查除權息或做樣本外驗證；不評分、不認定關鍵分點
2368,9300,9300,華南永昌,sell,5,1,1,17.351598173515992,1.0,17.351598173515992,0.0,0.9132420091324311,1,,量占比與後續報酬的描述性相關；非因果或預測能力，少量樣本不作判斷,描述性關係；尚未扣費用、檢查除權息或做樣本外驗證；不評分、不認定關鍵分點
2368,9600,9600,富邦證券,buy,5,1,1,17.351598173515992,1.0,17.351598173515992,0.0,0.9132420091324311,1,,量占比與後續報酬的描述性相關；非因果或預測能力，少量樣本不作判斷,描述性關係；尚未扣費用、檢查除權息或做樣本外驗證；不評分、不認定關鍵分點
2368,9634,9600,富邦-羅東,buy,5,1,1,17.351598173515992,1.0,17.351598173515992,0.0,0.9132420091324311,1,,量占比與後續報酬的描述性相關；非因果或預測能力，少量樣本不作判斷,描述性關係；尚未扣費用、檢查除權息或做樣本外驗證；不評分、不認定關鍵分點
2368,9658,9600,富邦-建國,buy,5,1,1,17.351598173515992,1.0,17.351598173515992,0.0,0.9132420091324311,1,,量占比與後續報酬的描述性相關；非因果或預測能力，少量樣本不作判斷,描述性關係；尚未扣費用、檢查除權息或做樣本外驗證；不評分、不認定關鍵分點
2368,9800,9800,元大證券,buy,5,1,1,17.351598173515992,1.0,17.351598173515992,0.0,0.9132420091324311,1,,量占比與後續報酬的描述性相關；非因果或預測能力，少量樣本不作判斷,描述性關係；尚未扣費用、檢查除權息或做樣本外驗證；不評分、不認定關鍵分點
2368,9838,9800,元大-豐原,buy,5,1,1,17.351598173515992,1.0,17.351598173515992,0.0,0.9132420091324311,1,,量占比與後續報酬的描述性相關；非因果或預測能力，少量樣本不作判斷,描述性關係；尚未扣費用、檢查除權息或做樣本外驗證；不評分、不認定關鍵分點
2369,003500330038004d,5380,第一金-嘉義,buy,5,1,1,0.7874015748031482,1.0,0.7874015748031482,0.0,-1.1023622047244164,1,,量占比與後續報酬的描述性相關；非因果或預測能力，少量樣本不作判斷,描述性關係；尚未扣費用、檢查除權息或做樣本外驗證；不評分、不認定關鍵分點
2369,0035003300380050,5380,第一金-路竹,sell,5,1,1,0.7874015748031482,1.0,0.7874015748031482,0.0,-1.1023622047244164,1,,量占比與後續報酬的描述性相關；非因果或預測能力，少量樣本不作判斷,描述性關係；尚未扣費用、檢查除權息或做樣本外驗證；不評分、不認定關鍵分點
2369,0035003800350051,5850,統一-三多,sell,5,1,1,0.7874015748031482,1.0,0.7874015748031482,0.0,-1.1023622047244164,1,,量占比與後續報酬的描述性相關；非因果或預測能力，少量樣本不作判斷,描述性關係；尚未扣費用、檢查除權息或做樣本外驗證；不評分、不認定關鍵分點
2369,003700300030005a,7000,兆豐-高雄,sell,5,1,1,0.7874015748031482,1.0,0.7874015748031482,0.0,-1.1023622047244164,1,,量占比與後續報酬的描述性相關；非因果或預測能力，少量樣本不作判斷,描述性關係；尚未扣費用、檢查除權息或做樣本外驗證；不評分、不認定關鍵分點
2369,0039003100380041,9100,群益金鼎-中壢,buy,5,1,1,0.7874015748031482,1.0,0.7874015748031482,0.0,-1.1023622047244164,1,,量占比與後續報酬的描述性相關；非因果或預測能力，少量樣本不作判斷,描述性關係；尚未扣費用、檢查除權息或做樣本外驗證；不評分、不認定關鍵分點
2369,0039003100380045,9100,群益金鼎-南京,buy,5,1,1,0.7874015748031482,1.0,0.7874015748031482,0.0,-1.1023622047244164,1,,量占比與後續報酬的描述性相關；非因果或預測能力，少量樣本不作判斷,描述性關係；尚未扣費用、檢查除權息或做樣本外驗證；不評分、不認定關鍵分點
2369,003900310038007a,9100,群益金鼎-宜蘭,sell,5,1,1,0.7874015748031482,1.0,0.7874015748031482,0.0,-1.1023622047244164,1,,量占比與後續報酬的描述性相關；非因果或預測能力，少量樣本不作判斷,描述性關係；尚未扣費用、檢查除權息或做樣本外驗證；不評分、不認定關鍵分點
2369,0039003600320043,9600,富邦-竹科,buy,5,1,1,0.7874015748031482,1.0,0.7874015748031482,0.0,-1.1023622047244164,1,,量占比與後續報酬的描述性相關；非因果或預測能力，少量樣本不作判斷,描述性關係；尚未扣費用、檢查除權息或做樣本外驗證；不評分、不認定關鍵分點
2369,0039003600320044,9600,富邦-新莊,buy,5,1,1,0.7874015748031482,1.0,0.7874015748031482,0.0,-1.1023622047244164,1,,量占比與後續報酬的描述性相關；非因果或預測能力，少量樣本不作判斷,描述性關係；尚未扣費用、檢查除權息或做樣本外驗證；不評分、不認定關鍵分點
2369,0039003600320050,9600,富邦-頭份,buy,5,1,1,0.7874015748031482,1.0,0.7874015748031482,0.0,-1.1023622047244164,1,,量占比與後續報酬的描述性相關；非因果或預測能力，少量樣本不作判斷,描述性關係；尚未扣費用、檢查除權息或做樣本外驗證；不評分、不認定關鍵分點
2369,0039003800390067,9800,元大-嘉義,buy,5,1,1,0.7874015748031482,1.0,0.7874015748031482,0.0,-1.1023622047244164,1,,量占比與後續報酬的描述性相關；非因果或預測能力，少量樣本不作判斷,描述性關係；尚未扣費用、檢查除權息或做樣本外驗證；不評分、不認定關鍵分點
2369,0039004100390051,9A00,永豐金-豐原,buy,5,1,1,0.7874015748031482,1.0,0.7874015748031482,0.0,-1.1023622047244164,1,,量占比與後續報酬的描述性相關；非因果或預測能力，少量樣本不作判斷,描述性關係；尚未扣費用、檢查除權息或做樣本外驗證；不評分、不認定關鍵分點
2369,0039004200310064,9B00,台新-左楠,buy,5,1,1,0.7874015748031482,1.0,0.7874015748031482,0.0,-1.1023622047244164,1,,量占比與後續報酬的描述性相關；非因果或預測能力，少量樣本不作判斷,描述性關係；尚未扣費用、檢查除權息或做樣本外驗證；不評分、不認定關鍵分點
2369,0039004200320062,9B00,台新-板橋,sell,5,1,1,0.7874015748031482,1.0,0.7874015748031482,0.0,-1.1023622047244164,1,,量占比與後續報酬的描述性相關；非因果或預測能力，少量樣本不作判斷,描述性關係；尚未扣費用、檢查除權息或做樣本外驗證；不評分、不認定關鍵分點
2369,003900420032007a,9B00,台新-文心,sell,5,1,1,0.7874015748031482,1.0,0.7874015748031482,0.0,-1.1023622047244164,1,,量占比與後續報酬的描述性相關；非因果或預測能力，少量樣本不作判斷,描述性關係；尚未扣費用、檢查除權息或做樣本外驗證；不評分、不認定關鍵分點
2369,1021,1020,合庫-台中,buy,5,1,1,0.7874015748031482,1.0,0.7874015748031482,0.0,-1.1023622047244164,1,,量占比與後續報酬的描述性相關；非因果或預測能力，少量樣本不作判斷,描述性關係；尚未扣費用、檢查除權息或做樣本外驗證；不評分、不認定關鍵分點
2369,1470,1470,台灣摩根士丹利,sell,5,1,1,0.7874015748031482,1.0,0.7874015748031482,0.0,-1.1023622047244164,1,,量占比與後續報酬的描述性相關；非因果或預測能力，少量樣本不作判斷,描述性關係；尚未扣費用、檢查除權息或做樣本外驗證；不評分、不認定關鍵分點
2369,1480,1480,美商高盛,sell,5,1,1,0.7874015748031482,1.0,0.7874015748031482,0.0,-1.1023622047244164,1,,量占比與後續報酬的描述性相關；非因果或預測能力，少量樣本不作判斷,描述性關係；尚未扣費用、檢查除權息或做樣本外驗證；不評分、不認定關鍵分點
2369,1650,1650,新加坡商瑞銀,sell,5,1,1,0.7874015748031482,1.0,0.7874015748031482,0.0,-1.1023622047244164,1,,量占比與後續報酬的描述性相關；非因果或預測能力，少量樣本不作判斷,描述性關係；尚未扣費用、檢查除權息或做樣本外驗證；不評分、不認定關鍵分點
2369,5260,5260,美好,buy,5,1,1,0.7874015748031482,1.0,0.7874015748031482,0.0,-1.1023622047244164,1,,量占比與後續報酬的描述性相關；非因果或預測能力，少量樣本不作判斷,描述性關係；尚未扣費用、檢查除權息或做樣本外驗證；不評分、不認定關鍵分點
2369,7003,7000,兆豐-台中,sell,5,1,1,0.7874015748031482,1.0,0.7874015748031482,0.0,-1.1023622047244164,1,,量占比與後續報酬的描述性相關；非因果或預測能力，少量樣本不作判斷,描述性關係；尚未扣費用、檢查除權息或做樣本外驗證；不評分、不認定關鍵分點
2369,8440,8440,摩根大通,buy,5,1,1,0.7874015748031482,1.0,0.7874015748031482,0.0,-1.1023622047244164,1,,量占比與後續報酬的描述性相關；非因果或預測能力，少量樣本不作判斷,描述性關係；尚未扣費用、檢查除權息或做樣本外驗證；不評分、不認定關鍵分點
2369,8888,8880,國泰-敦南,buy,5,1,1,0.7874015748031482,1.0,0.7874015748031482,0.0,-1.1023622047244164,1,,量占比與後續報酬的描述性相關；非因果或預測能力，少量樣本不作判斷,描述性關係；尚未扣費用、檢查除權息或做樣本外驗證；不評分、不認定關鍵分點
2369,9268,9200,凱基-台北,sell,5,1,1,0.7874015748031482,1.0,0.7874015748031482,0.0,-1.1023622047244164,1,,量占比與後續報酬的描述性相關；非因果或預測能力，少量樣本不作判斷,描述性關係；尚未扣費用、檢查除權息或做樣本外驗證；不評分、不認定關鍵分點
2369,9272,9200,凱基-竹科,buy,5,1,1,0.7874015748031482,1.0,0.7874015748031482,0.0,-1.1023622047244164,1,,量占比與後續報酬的描述性相關；非因果或預測能力，少量樣本不作判斷,描述性關係；尚未扣費用、檢查除權息或做樣本外驗證；不評分、不認定關鍵分點
2369,9283,9200,凱基-北門,sell,5,1,1,0.7874015748031482,1.0,0.7874015748031482,0.0,-1.1023622047244164,1,,量占比與後續報酬的描述性相關；非因果或預測能力，少量樣本不作判斷,描述性關係；尚未扣費用、檢查除權息或做樣本外驗證；不評分、不認定關鍵分點
2369,9647,9600,富邦-新竹,buy,5,1,1,0.7874015748031482,1.0,0.7874015748031482,0.0,-1.1023622047244164,1,,量占比與後續報酬的描述性相關；非因果或預測能力，少量樣本不作判斷,描述性關係；尚未扣費用、檢查除權息或做樣本外驗證；不評分、不認定關鍵分點
2369,9692,9600,富邦-嘉義,sell,5,1,1,0.7874015748031482,1.0,0.7874015748031482,0.0,-1.1023622047244164,1,,量占比與後續報酬的描述性相關；非因果或預測能力，少量樣本不作判斷,描述性關係；尚未扣費用、檢查除權息或做樣本外驗證；不評分、不認定關鍵分點
2369,9697,9600,富邦-虎尾,sell,5,1,1,0.7874015748031482,1.0,0.7874015748031482,0.0,-1.1023622047244164,1,,量占比與後續報酬的描述性相關；非因果或預測能力，少量樣本不作判斷,描述性關係；尚未扣費用、檢查除權息或做樣本外驗證；不評分、不認定關鍵分點
2369,9859,9800,元大-新竹經國,sell,5,1,1,0.7874015748031482,1.0,0.7874015748031482,0.0,-1.1023622047244164,1,,量占比與後續報酬的描述性相關；非因果或預測能力，少量樣本不作判斷,描述性關係；尚未扣費用、檢查除權息或做樣本外驗證；不評分、不認定關鍵分點
2376,0037003700390050,7790,國票-九鼎,sell,5,1,1,-1.4925373134328401,0.0,-1.4925373134328401,0.0,-1.4925373134328401,1,,量占比與後續報酬的描述性相關；非因果或預測能力，少量樣本不作判斷,描述性關係；尚未扣費用、檢查除權息或做樣本外驗證；不評分、不認定關鍵分點
2376,0039003100380045,9100,群益金鼎-南京,sell,5,1,1,-1.4925373134328401,0.0,-1.4925373134328401,0.0,-1.4925373134328401,1,,量占比與後續報酬的描述性相關；非因果或預測能力，少量樣本不作判斷,描述性關係；尚未扣費用、檢查除權息或做樣本外驗證；不評分、不認定關鍵分點
2376,0039003100380058,9100,群益金鼎-台北,buy,5,1,1,-1.4925373134328401,0.0,-1.4925373134328401,0.0,-1.4925373134328401,1,,量占比與後續報酬的描述性相關；非因果或預測能力，少量樣本不作判斷,描述性關係；尚未扣費用、檢查除權息或做樣本外驗證；不評分、不認定關鍵分點
2376,003900380033004e,9800,元大-大安,buy,5,1,1,-1.4925373134328401,0.0,-1.4925373134328401,0.0,-1.4925373134328401,1,,量占比與後續報酬的描述性相關；非因果或預測能力，少量樣本不作判斷,描述性關係；尚未扣費用、檢查除權息或做樣本外驗證；不評分、不認定關鍵分點
2376,0039004200300030,9B00,台新,sell,5,1,1,-1.4925373134328401,0.0,-1.4925373134328401,0.0,-1.4925373134328401,1,,量占比與後續報酬的描述性相關；非因果或預測能力，少量樣本不作判斷,描述性關係；尚未扣費用、檢查除權息或做樣本外驗證；不評分、不認定關鍵分點
2376,003900420032006d,9B00,台新-成功,sell,5,1,1,-1.4925373134328401,0.0,-1.4925373134328401,0.0,-1.4925373134328401,1,,量占比與後續報酬的描述性相關；非因果或預測能力，少量樣本不作判斷,描述性關係；尚未扣費用、檢查除權息或做樣本外驗證；不評分、不認定關鍵分點
2376,0039004200320079,9B00,台新-花蓮,sell,5,1,1,-1.4925373134328401,0.0,-1.4925373134328401,0.0,-1.4925373134328401,1,,量占比與後續報酬的描述性相關；非因果或預測能力，少量樣本不作判斷,描述性關係；尚未扣費用、檢查除權息或做樣本外驗證；不評分、不認定關鍵分點
2376,1360,1360,港商麥格理,sell,5,1,1,-1.4925373134328401,0.0,-1.4925373134328401,0.0,-1.4925373134328401,1,,量占比與後續報酬的描述性相關；非因果或預測能力，少量樣本不作判斷,描述性關係；尚未扣費用、檢查除權息或做樣本外驗證；不評分、不認定關鍵分點
2376,1470,1470,台灣摩根士丹利,sell,5,1,1,-1.4925373134328401,0.0,-1.4925373134328401,0.0,-1.4925373134328401,1,,量占比與後續報酬的描述性相關；非因果或預測能力，少量樣本不作判斷,描述性關係；尚未扣費用、檢查除權息或做樣本外驗證；不評分、不認定關鍵分點
2376,1480,1480,美商高盛,buy,5,1,1,-1.4925373134328401,0.0,-1.4925373134328401,0.0,-1.4925373134328401,1,,量占比與後續報酬的描述性相關；非因果或預測能力，少量樣本不作判斷,描述性關係；尚未扣費用、檢查除權息或做樣本外驗證；不評分、不認定關鍵分點
2376,1590,1590,花旗環球,sell,5,1,1,-1.4925373134328401,0.0,-1.4925373134328401,0.0,-1.4925373134328401,1,,量占比與後續報酬的描述性相關；非因果或預測能力，少量樣本不作判斷,描述性關係；尚未扣費用、檢查除權息或做樣本外驗證；不評分、不認定關鍵分點
2376,1650,1650,新加坡商瑞銀,buy,5,1,1,-1.4925373134328401,0.0,-1.4925373134328401,0.0,-1.4925373134328401,1,,量占比與後續報酬的描述性相關；非因果或預測能力，少量樣本不作判斷,描述性關係；尚未扣費用、檢查除權息或做樣本外驗證；不評分、不認定關鍵分點
2376,2181,2180,亞東-板橋,buy,5,1,1,-1.4925373134328401,0.0,-1.4925373134328401,0.0,-1.4925373134328401,1,,量占比與後續報酬的描述性相關；非因果或預測能力，少量樣本不作判斷,描述性關係；尚未扣費用、檢查除權息或做樣本外驗證；不評分、不認定關鍵分點
2376,5850,5850,統一,buy,5,1,1,-1.4925373134328401,0.0,-1.4925373134328401,0.0,-1.4925373134328401,1,,量占比與後續報酬的描述性相關；非因果或預測能力，少量樣本不作判斷,描述性關係；尚未扣費用、檢查除權息或做樣本外驗證；不評分、不認定關鍵分點
2376,5857,5850,統一-新竹,sell,5,1,1,-1.4925373134328401,0.0,-1.4925373134328401,0.0,-1.4925373134328401,1,,量占比與後續報酬的描述性相關；非因果或預測能力，少量樣本不作判斷,描述性關係；尚未扣費用、檢查除權息或做樣本外驗證；不評分、不認定關鍵分點
2376,6160,6160,中國信託,buy,5,1,1,-1.4925373134328401,0.0,-1.4925373134328401,0.0,-1.4925373134328401,1,,量占比與後續報酬的描述性相關；非因果或預測能力，少量樣本不作判斷,描述性關係；尚未扣費用、檢查除權息或做樣本外驗證；不評分、不認定關鍵分點
2376,8440,8440,摩根大通,buy,5,1,1,-1.4925373134328401,0.0,-1.4925373134328401,0.0,-1.4925373134328401,1,,量占比與後續報酬的描述性相關；非因果或預測能力，少量樣本不作判斷,描述性關係；尚未扣費用、檢查除權息或做樣本外驗證；不評分、不認定關鍵分點
2376,8560,8560,新光,sell,5,1,1,-1.4925373134328401,0.0,-1.4925373134328401,0.0,-1.4925373134328401,1,,量占比與後續報酬的描述性相關；非因果或預測能力，少量樣本不作判斷,描述性關係；尚未扣費用、檢查除權息或做樣本外驗證；不評分、不認定關鍵分點
2376,8848,8840,玉山-嘉義,sell,5,1,1,-1.4925373134328401,0.0,-1.4925373134328401,0.0,-1.4925373134328401,1,,量占比與後續報酬的描述性相關；非因果或預測能力，少量樣本不作判斷,描述性關係；尚未扣費用、檢查除權息或做樣本外驗證；不評分、不認定關鍵分點
2376,8880,8880,國泰證券,buy,5,1,1,-1.4925373134328401,0.0,-1.4925373134328401,0.0,-1.4925373134328401,1,,量占比與後續報酬的描述性相關；非因果或預測能力，少量樣本不作判斷,描述性關係；尚未扣費用、檢查除權息或做樣本外驗證；不評分、不認定關鍵分點
2376,8885,8880,國泰-桃園,sell,5,1,1,-1.4925373134328401,0.0,-1.4925373134328401,0.0,-1.4925373134328401,1,,量占比與後續報酬的描述性相關；非因果或預測能力，少量樣本不作判斷,描述性關係；尚未扣費用、檢查除權息或做樣本外驗證；不評分、不認定關鍵分點
2376,8888,8880,國泰-敦南,sell,5,1,1,-1.4925373134328401,0.0,-1.4925373134328401,0.0,-1.4925373134328401,1,,量占比與後續報酬的描述性相關；非因果或預測能力，少量樣本不作判斷,描述性關係；尚未扣費用、檢查除權息或做樣本外驗證；不評分、不認定關鍵分點
2376,8900,8900,法銀巴黎,sell,5,1,1,-1.4925373134328401,0.0,-1.4925373134328401,0.0,-1.4925373134328401,1,,量占比與後續報酬的描述性相關；非因果或預測能力，少量樣本不作判斷,描述性關係；尚未扣費用、檢查除權息或做樣本外驗證；不評分、不認定關鍵分點
2376,9200,9200,凱基,buy,5,1,1,-1.4925373134328401,0.0,-1.4925373134328401,0.0,-1.4925373134328401,1,,量占比與後續報酬的描述性相關；非因果或預測能力，少量樣本不作判斷,描述性關係；尚未扣費用、檢查除權息或做樣本外驗證；不評分、不認定關鍵分點
2376,9268,9200,凱基-台北,buy,5,1,1,-1.4925373134328401,0.0,-1.4925373134328401,0.0,-1.4925373134328401,1,,量占比與後續報酬的描述性相關；非因果或預測能力，少量樣本不作判斷,描述性關係；尚未扣費用、檢查除權息或做樣本外驗證；不評分、不認定關鍵分點
2376,9272,9200,凱基-竹科,sell,5,1,1,-1.4925373134328401,0.0,-1.4925373134328401,0.0,-1.4925373134328401,1,,量占比與後續報酬的描述性相關；非因果或預測能力，少量樣本不作判斷,描述性關係；尚未扣費用、檢查除權息或做樣本外驗證；不評分、不認定關鍵分點
2376,9600,9600,富邦證券,buy,5,1,1,-1.4925373134328401,0.0,-1.4925373134328401,0.0,-1.4925373134328401,1,,量占比與後續報酬的描述性相關；非因果或預測能力，少量樣本不作判斷,描述性關係；尚未扣費用、檢查除權息或做樣本外驗證；不評分、不認定關鍵分點
2376,9800,9800,元大證券,buy,5,1,1,-1.4925373134328401,0.0,-1.4925373134328401,0.0,-1.4925373134328401,1,,量占比與後續報酬的描述性相關；非因果或預測能力，少量樣本不作判斷,描述性關係；尚未扣費用、檢查除權息或做樣本外驗證；不評分、不認定關鍵分點
2376,9825,9800,元大-新營,buy,5,1,1,-1.4925373134328401,0.0,-1.4925373134328401,0.0,-1.4925373134328401,1,,量占比與後續報酬的描述性相關；非因果或預測能力，少量樣本不作判斷,描述性關係；尚未扣費用、檢查除權息或做樣本外驗證；不評分、不認定關鍵分點
2376,9867,9800,元大-內湖民權,buy,5,1,1,-1.4925373134328401,0.0,-1.4925373134328401,0.0,-1.4925373134328401,1,,量占比與後續報酬的描述性相關；非因果或預測能力，少量樣本不作判斷,描述性關係；尚未扣費用、檢查除權息或做樣本外驗證；不評分、不認定關鍵分點
2377,0035003800350051,5850,統一-三多,sell,5,1,1,1.3114754098360715,1.0,1.3114754098360715,0.0,1.3114754098360715,1,,量占比與後續報酬的描述性相關；非因果或預測能力，少量樣本不作判斷,描述性關係；尚未扣費用、檢查除權息或做樣本外驗證；不評分、不認定關鍵分點
2377,0036003000310064,6010,(牛牛牛)亞-鑫豐,sell,5,1,1,1.3114754098360715,1.0,1.3114754098360715,0.0,1.3114754098360715,1,,量占比與後續報酬的描述性相關；非因果或預測能力，少量樣本不作判斷,描述性關係；尚未扣費用、檢查除權息或做樣本外驗證；不評分、不認定關鍵分點
2377,003700300030004d,7000,兆豐-桃園,sell,5,1,1,1.3114754098360715,1.0,1.3114754098360715,0.0,1.3114754098360715,1,,量占比與後續報酬的描述性相關；非因果或預測能力，少量樣本不作判斷,描述性關係；尚未扣費用、檢查除權息或做樣本外驗證；不評分、不認定關鍵分點
2377,0038003800340043,8840,玉山-信義,sell,5,1,1,1.3114754098360715,1.0,1.3114754098360715,0.0,1.3114754098360715,1,,量占比與後續報酬的描述性相關；非因果或預測能力，少量樣本不作判斷,描述性關係；尚未扣費用、檢查除權息或做樣本外驗證；不評分、不認定關鍵分點
2377,0039003100330059,9100,群益金鼎-館前,buy,5,1,1,1.3114754098360715,1.0,1.3114754098360715,0.0,1.3114754098360715,1,,量占比與後續報酬的描述性相關；非因果或預測能力，少量樣本不作判斷,描述性關係；尚未扣費用、檢查除權息或做樣本外驗證；不評分、不認定關鍵分點
2377,0039003100380069,9100,群益金鼎-竹南,sell,5,1,1,1.3114754098360715,1.0,1.3114754098360715,0.0,1.3114754098360715,1,,量占比與後續報酬的描述性相關；非因果或預測能力，少量樣本不作判斷,描述性關係；尚未扣費用、檢查除權息或做樣本外驗證；不評分、不認定關鍵分點
2377,0039003800390059,9800,元大-基隆,sell,5,1,1,1.3114754098360715,1.0,1.3114754098360715,0.0,1.3114754098360715,1,,量占比與後續報酬的描述性相關；非因果或預測能力，少量樣本不作判斷,描述性關係；尚未扣費用、檢查除權息或做樣本外驗證；不評分、不認定關鍵分點
2377,0039004100300030,9A00,永豐金證券,buy,5,1,1,1.3114754098360715,1.0,1.3114754098360715,0.0,1.3114754098360715,1,,量占比與後續報酬的描述性相關；非因果或預測能力，少量樣本不作判斷,描述性關係；尚未扣費用、檢查除權息或做樣本外驗證；不評分、不認定關鍵分點
2377,003900410039004a,9A00,永豐金-板新,sell,5,1,1,1.3114754098360715,1.0,1.3114754098360715,0.0,1.3114754098360715,1,,量占比與後續報酬的描述性相關；非因果或預測能力，少量樣本不作判斷,描述性關係；尚未扣費用、檢查除權息或做樣本外驗證；不評分、不認定關鍵分點
2377,0039004100390058,9A00,永豐金-竹科,sell,5,1,1,1.3114754098360715,1.0,1.3114754098360715,0.0,1.3114754098360715,1,,量占比與後續報酬的描述性相關；非因果或預測能力，少量樣本不作判斷,描述性關係；尚未扣費用、檢查除權息或做樣本外驗證；不評分、不認定關鍵分點
2377,0039004200300030,9B00,台新,buy,5,1,1,1.3114754098360715,1.0,1.3114754098360715,0.0,1.3114754098360715,1,,量占比與後續報酬的描述性相關；非因果或預測能力，少量樣本不作判斷,描述性關係；尚未扣費用、檢查除權息或做樣本外驗證；不評分、不認定關鍵分點
2377,0039004200320075,9B00,台新-世貿,buy,5,1,1,1.3114754098360715,1.0,1.3114754098360715,0.0,1.3114754098360715,1,,量占比與後續報酬的描述性相關；非因果或預測能力，少量樣本不作判斷,描述性關係；尚未扣費用、檢查除權息或做樣本外驗證；不評分、不認定關鍵分點
2377,1021,1020,合庫-台中,buy,5,1,1,1.3114754098360715,1.0,1.3114754098360715,0.0,1.3114754098360715,1,,量占比與後續報酬的描述性相關；非因果或預測能力，少量樣本不作判斷,描述性關係；尚未扣費用、檢查除權息或做樣本外驗證；不評分、不認定關鍵分點
2377,1440,1440,美林,buy,5,1,1,1.3114754098360715,1.0,1.3114754098360715,0.0,1.3114754098360715,1,,量占比與後續報酬的描述性相關；非因果或預測能力，少量樣本不作判斷,描述性關係；尚未扣費用、檢查除權息或做樣本外驗證；不評分、不認定關鍵分點
2377,1470,1470,台灣摩根士丹利,sell,5,1,1,1.3114754098360715,1.0,1.3114754098360715,0.0,1.3114754098360715,1,,量占比與後續報酬的描述性相關；非因果或預測能力，少量樣本不作判斷,描述性關係；尚未扣費用、檢查除權息或做樣本外驗證；不評分、不認定關鍵分點
2377,1480,1480,美商高盛,buy,5,1,1,1.3114754098360715,1.0,1.3114754098360715,0.0,1.3114754098360715,1,,量占比與後續報酬的描述性相關；非因果或預測能力，少量樣本不作判斷,描述性關係；尚未扣費用、檢查除權息或做樣本外驗證；不評分、不認定關鍵分點
2377,1560,1560,港商野村,buy,5,1,1,1.3114754098360715,1.0,1.3114754098360715,0.0,1.3114754098360715,1,,量占比與後續報酬的描述性相關；非因果或預測能力，少量樣本不作判斷,描述性關係；尚未扣費用、檢查除權息或做樣本外驗證；不評分、不認定關鍵分點
2377,1590,1590,花旗環球,sell,5,1,1,1.3114754098360715,1.0,1.3114754098360715,0.0,1.3114754098360715,1,,量占比與後續報酬的描述性相關；非因果或預測能力，少量樣本不作判斷,描述性關係；尚未扣費用、檢查除權息或做樣本外驗證；不評分、不認定關鍵分點
2377,1650,1650,新加坡商瑞銀,buy,5,1,1,1.3114754098360715,1.0,1.3114754098360715,0.0,1.3114754098360715,1,,量占比與後續報酬的描述性相關；非因果或預測能力，少量樣本不作判斷,描述性關係；尚未扣費用、檢查除權息或做樣本外驗證；不評分、不認定關鍵分點
2377,5384,5380,第一金-台南,buy,5,1,1,1.3114754098360715,1.0,1.3114754098360715,0.0,1.3114754098360715,1,,量占比與後續報酬的描述性相關；非因果或預測能力，少量樣本不作判斷,描述性關係；尚未扣費用、檢查除權息或做樣本外驗證；不評分、不認定關鍵分點
2377,5856,5850,統一-台中,buy,5,1,1,1.3114754098360715,1.0,1.3114754098360715,0.0,1.3114754098360715,1,,量占比與後續報酬的描述性相關；非因果或預測能力，少量樣本不作判斷,描述性關係；尚未扣費用、檢查除權息或做樣本外驗證；不評分、不認定關鍵分點
2377,6381,6380,光和-溪湖,sell,5,1,1,1.3114754098360715,1.0,1.3114754098360715,0.0,1.3114754098360715,1,,量占比與後續報酬的描述性相關；非因果或預測能力，少量樣本不作判斷,描述性關係；尚未扣費用、檢查除權息或做樣本外驗證；不評分、不認定關鍵分點
2377,8440,8440,摩根大通,buy,5,1,1,1.3114754098360715,1.0,1.3114754098360715,0.0,1.3114754098360715,1,,量占比與後續報酬的描述性相關；非因果或預測能力，少量樣本不作判斷,描述性關係；尚未扣費用、檢查除權息或做樣本外驗證；不評分、不認定關鍵分點
2377,8883,8880,國泰-松江,sell,5,1,1,1.3114754098360715,1.0,1.3114754098360715,0.0,1.3114754098360715,1,,量占比與後續報酬的描述性相關；非因果或預測能力，少量樣本不作判斷,描述性關係；尚未扣費用、檢查除權息或做樣本外驗證；不評分、不認定關鍵分點
2377,8888,8880,國泰-敦南,sell,5,1,1,1.3114754098360715,1.0,1.3114754098360715,0.0,1.3114754098360715,1,,量占比與後續報酬的描述性相關；非因果或預測能力，少量樣本不作判斷,描述性關係；尚未扣費用、檢查除權息或做樣本外驗證；不評分、不認定關鍵分點
2377,8900,8900,法銀巴黎,buy,5,1,1,1.3114754098360715,1.0,1.3114754098360715,0.0,1.3114754098360715,1,,量占比與後續報酬的描述性相關；非因果或預測能力，少量樣本不作判斷,描述性關係；尚未扣費用、檢查除權息或做樣本外驗證；不評分、不認定關鍵分點
2377,9100,9100,群益金鼎,sell,5,1,1,1.3114754098360715,1.0,1.3114754098360715,0.0,1.3114754098360715,1,,量占比與後續報酬的描述性相關；非因果或預測能力，少量樣本不作判斷,描述性關係；尚未扣費用、檢查除權息或做樣本外驗證；不評分、不認定關鍵分點
2377,9239,9200,凱基-市政,sell,5,1,1,1.3114754098360715,1.0,1.3114754098360715,0.0,1.3114754098360715,1,,量占比與後續報酬的描述性相關；非因果或預測能力，少量樣本不作判斷,描述性關係；尚未扣費用、檢查除權息或做樣本外驗證；不評分、不認定關鍵分點
2377,9285,9200,凱基-中壢,buy,5,1,1,1.3114754098360715,1.0,1.3114754098360715,0.0,1.3114754098360715,1,,量占比與後續報酬的描述性相關；非因果或預測能力，少量樣本不作判斷,描述性關係；尚未扣費用、檢查除權息或做樣本外驗證；不評分、不認定關鍵分點
2377,9800,9800,元大證券,buy,5,1,1,1.3114754098360715,1.0,1.3114754098360715,0.0,1.3114754098360715,1,,量占比與後續報酬的描述性相關；非因果或預測能力，少量樣本不作判斷,描述性關係；尚未扣費用、檢查除權息或做樣本外驗證；不評分、不認定關鍵分點
2379,003700300030006a,7000,兆豐-大安,buy,5,1,1,-1.7060367454068248,0.0,-1.7060367454068248,0.0,-2.7559055118110187,1,,量占比與後續報酬的描述性相關；非因果或預測能力，少量樣本不作判斷,描述性關係；尚未扣費用、檢查除權息或做樣本外驗證；不評分、不認定關鍵分點
2379,0037003700390057,7790,國票-彰化,sell,5,1,1,-1.7060367454068248,0.0,-1.7060367454068248,0.0,-2.7559055118110187,1,,量占比與後續報酬的描述性相關；非因果或預測能力，少量樣本不作判斷,描述性關係；尚未扣費用、檢查除權息或做樣本外驗證；不評分、不認定關鍵分點
2379,0037003700390063,7790,國票-敦北法人,sell,5,1,1,-1.7060367454068248,0.0,-1.7060367454068248,0.0,-2.7559055118110187,1,,量占比與後續報酬的描述性相關；非因果或預測能力，少量樣本不作判斷,描述性關係；尚未扣費用、檢查除權息或做樣本外驗證；不評分、不認定關鍵分點
2379,0038003800340041,8840,玉山-士林,buy,5,1,1,-1.7060367454068248,0.0,-1.7060367454068248,0.0,-2.7559055118110187,1,,量占比與後續報酬的描述性相關；非因果或預測能力，少量樣本不作判斷,描述性關係；尚未扣費用、檢查除權息或做樣本外驗證；不評分、不認定關鍵分點
2379,0039003600360046,9600,富邦-左營,buy,5,1,1,-1.7060367454068248,0.0,-1.7060367454068248,0.0,-2.7559055118110187,1,,量占比與後續報酬的描述性相關；非因果或預測能力，少量樣本不作判斷,描述性關係；尚未扣費用、檢查除權息或做樣本外驗證；不評分、不認定關鍵分點
2379,0039003800390044,9800,元大-左營,buy,5,1,1,-1.7060367454068248,0.0,-1.7060367454068248,0.0,-2.7559055118110187,1,,量占比與後續報酬的描述性相關；非因果或預測能力，少量樣本不作判斷,描述性關係；尚未扣費用、檢查除權息或做樣本外驗證；不評分、不認定關鍵分點
2379,0039004100300030,9A00,永豐金證券,sell,5,1,1,-1.7060367454068248,0.0,-1.7060367454068248,0.0,-2.7559055118110187,1,,量占比與後續報酬的描述性相關；非因果或預測能力，少量樣本不作判斷,描述性關係；尚未扣費用、檢查除權息或做樣本外驗證；不評分、不認定關鍵分點
2379,0039004100380031,9A00,永豐金-匯立,buy,5,1,1,-1.7060367454068248,0.0,-1.7060367454068248,0.0,-2.7559055118110187,1,,量占比與後續報酬的描述性相關；非因果或預測能力，少量樣本不作判斷,描述性關係；尚未扣費用、檢查除權息或做樣本外驗證；不評分、不認定關鍵分點
2379,1260,1260,宏遠證券,sell,5,1,1,-1.7060367454068248,0.0,-1.7060367454068248,0.0,-2.7559055118110187,1,,量占比與後續報酬的描述性相關；非因果或預測能力，少量樣本不作判斷,描述性關係；尚未扣費用、檢查除權息或做樣本外驗證；不評分、不認定關鍵分點
2379,1440,1440,美林,buy,5,1,1,-1.7060367454068248,0.0,-1.7060367454068248,0.0,-2.7559055118110187,1,,量占比與後續報酬的描述性相關；非因果或預測能力，少量樣本不作判斷,描述性關係；尚未扣費用、檢查除權息或做樣本外驗證；不評分、不認定關鍵分點
2379,1470,1470,台灣摩根士丹利,buy,5,1,1,-1.7060367454068248,0.0,-1.7060367454068248,0.0,-2.7559055118110187,1,,量占比與後續報酬的描述性相關；非因果或預測能力，少量樣本不作判斷,描述性關係；尚未扣費用、檢查除權息或做樣本外驗證；不評分、不認定關鍵分點
2379,1480,1480,美商高盛,buy,5,1,1,-1.7060367454068248,0.0,-1.7060367454068248,0.0,-2.7559055118110187,1,,量占比與後續報酬的描述性相關；非因果或預測能力，少量樣本不作判斷,描述性關係；尚未扣費用、檢查除權息或做樣本外驗證；不評分、不認定關鍵分點
2379,1560,1560,港商野村,buy,5,1,1,-1.7060367454068248,0.0,-1.7060367454068248,0.0,-2.7559055118110187,1,,量占比與後續報酬的描述性相關；非因果或預測能力，少量樣本不作判斷,描述性關係；尚未扣費用、檢查除權息或做樣本外驗證；不評分、不認定關鍵分點
2379,1590,1590,花旗環球,sell,5,1,1,-1.7060367454068248,0.0,-1.7060367454068248,0.0,-2.7559055118110187,1,,量占比與後續報酬的描述性相關；非因果或預測能力，少量樣本不作判斷,描述性關係；尚未扣費用、檢查除權息或做樣本外驗證；不評分、不認定關鍵分點
2379,1650,1650,新加坡商瑞銀,sell,5,1,1,-1.7060367454068248,0.0,-1.7060367454068248,0.0,-2.7559055118110187,1,,量占比與後續報酬的描述性相關；非因果或預測能力，少量樣本不作判斷,描述性關係；尚未扣費用、檢查除權息或做樣本外驗證；不評分、不認定關鍵分點
2379,6160,6160,中國信託,sell,5,1,1,-1.7060367454068248,0.0,-1.7060367454068248,0.0,-2.7559055118110187,1,,量占比與後續報酬的描述性相關；非因果或預測能力，少量樣本不作判斷,描述性關係；尚未扣費用、檢查除權息或做樣本外驗證；不評分、不認定關鍵分點
2379,6451,6450,永全-南崁,buy,5,1,1,-1.7060367454068248,0.0,-1.7060367454068248,0.0,-2.7559055118110187,1,,量占比與後續報酬的描述性相關；非因果或預測能力，少量樣本不作判斷,描述性關係；尚未扣費用、檢查除權息或做樣本外驗證；不評分、不認定關鍵分點
2379,7000,7000,兆豐證券,buy,5,1,1,-1.7060367454068248,0.0,-1.7060367454068248,0.0,-2.7559055118110187,1,,量占比與後續報酬的描述性相關；非因果或預測能力，少量樣本不作判斷,描述性關係；尚未扣費用、檢查除權息或做樣本外驗證；不評分、不認定關鍵分點
2379,8440,8440,摩根大通,sell,5,1,1,-1.7060367454068248,0.0,-1.7060367454068248,0.0,-2.7559055118110187,1,,量占比與後續報酬的描述性相關；非因果或預測能力，少量樣本不作判斷,描述性關係；尚未扣費用、檢查除權息或做樣本外驗證；不評分、不認定關鍵分點
2379,8583,8580,聯邦-忠孝,buy,5,1,1,-1.7060367454068248,0.0,-1.7060367454068248,0.0,-2.7559055118110187,1,,量占比與後續報酬的描述性相關；非因果或預測能力，少量樣本不作判斷,描述性關係；尚未扣費用、檢查除權息或做樣本外驗證；不評分、不認定關鍵分點
2379,8880,8880,國泰證券,sell,5,1,1,-1.7060367454068248,0.0,-1.7060367454068248,0.0,-2.7559055118110187,1,,量占比與後續報酬的描述性相關；非因果或預測能力，少量樣本不作判斷,描述性關係；尚未扣費用、檢查除權息或做樣本外驗證；不評分、不認定關鍵分點
2379,8890,8890,大和國泰,sell,5,1,1,-1.7060367454068248,0.0,-1.7060367454068248,0.0,-2.7559055118110187,1,,量占比與後續報酬的描述性相關；非因果或預測能力，少量樣本不作判斷,描述性關係；尚未扣費用、檢查除權息或做樣本外驗證；不評分、不認定關鍵分點
2379,8960,8960,香港上海匯豐,buy,5,1,1,-1.7060367454068248,0.0,-1.7060367454068248,0.0,-2.7559055118110187,1,,量占比與後續報酬的描述性相關；非因果或預測能力，少量樣本不作判斷,描述性關係；尚未扣費用、檢查除權息或做樣本外驗證；不評分、不認定關鍵分點
2379,9100,9100,群益金鼎,buy,5,1,1,-1.7060367454068248,0.0,-1.7060367454068248,0.0,-2.7559055118110187,1,,量占比與後續報酬的描述性相關；非因果或預測能力，少量樣本不作判斷,描述性關係；尚未扣費用、檢查除權息或做樣本外驗證；不評分、不認定關鍵分點
2379,9209,9200,凱基-岡山,sell,5,1,1,-1.7060367454068248,0.0,-1.7060367454068248,0.0,-2.7559055118110187,1,,量占比與後續報酬的描述性相關；非因果或預測能力，少量樣本不作判斷,描述性關係；尚未扣費用、檢查除權息或做樣本外驗證；不評分、不認定關鍵分點
2379,9268,9200,凱基-台北,buy,5,1,1,-1.7060367454068248,0.0,-1.7060367454068248,0.0,-2.7559055118110187,1,,量占比與後續報酬的描述性相關；非因果或預測能力，少量樣本不作判斷,描述性關係；尚未扣費用、檢查除權息或做樣本外驗證；不評分、不認定關鍵分點
2379,9300,9300,華南永昌,sell,5,1,1,-1.7060367454068248,0.0,-1.7060367454068248,0.0,-2.7559055118110187,1,,量占比與後續報酬的描述性相關；非因果或預測能力，少量樣本不作判斷,描述性關係；尚未扣費用、檢查除權息或做樣本外驗證；不評分、不認定關鍵分點
2379,9359,9300,華南永昌-中正,sell,5,1,1,-1.7060367454068248,0.0,-1.7060367454068248,0.0,-2.7559055118110187,1,,量占比與後續報酬的描述性相關；非因果或預測能力，少量樣本不作判斷,描述性關係；尚未扣費用、檢查除權息或做樣本外驗證；不評分、不認定關鍵分點
2379,9600,9600,富邦證券,sell,5,1,1,-1.7060367454068248,0.0,-1.7060367454068248,0.0,-2.7559055118110187,1,,量占比與後續報酬的描述性相關；非因果或預測能力，少量樣本不作判斷,描述性關係；尚未扣費用、檢查除權息或做樣本外驗證；不評分、不認定關鍵分點
2379,9800,9800,元大證券,sell,5,1,1,-1.7060367454068248,0.0,-1.7060367454068248,0.0,-2.7559055118110187,1,,量占比與後續報酬的描述性相關；非因果或預測能力，少量樣本不作判斷,描述性關係；尚未扣費用、檢查除權息或做樣本外驗證；不評分、不認定關鍵分點
2382,0037003700390045,7790,國票-南崁,sell,5,1,1,-2.5449101796407136,0.0,-2.5449101796407136,0.0,-2.5449101796407136,1,,量占比與後續報酬的描述性相關；非因果或預測能力，少量樣本不作判斷,描述性關係；尚未扣費用、檢查除權息或做樣本外驗證；不評分、不認定關鍵分點
2382,0038003800340043,8840,玉山-信義,sell,5,1,1,-2.5449101796407136,0.0,-2.5449101796407136,0.0,-2.5449101796407136,1,,量占比與後續報酬的描述性相關；非因果或預測能力，少量樣本不作判斷,描述性關係；尚未扣費用、檢查除權息或做樣本外驗證；不評分、不認定關鍵分點
2382,0039003800390045,9800,元大-草屯,buy,5,1,1,-2.5449101796407136,0.0,-2.5449101796407136,0.0,-2.5449101796407136,1,,量占比與後續報酬的描述性相關；非因果或預測能力，少量樣本不作判斷,描述性關係；尚未扣費用、檢查除權息或做樣本外驗證；不評分、不認定關鍵分點
2382,0039004100300030,9A00,永豐金證券,sell,5,1,1,-2.5449101796407136,0.0,-2.5449101796407136,0.0,-2.5449101796407136,1,,量占比與後續報酬的描述性相關；非因果或預測能力，少量樣本不作判斷,描述性關係；尚未扣費用、檢查除權息或做樣本外驗證；不評分、不認定關鍵分點
2382,0039004100360039,9A00,永豐金-屏東,buy,5,1,1,-2.5449101796407136,0.0,-2.5449101796407136,0.0,-2.5449101796407136,1,,量占比與後續報酬的描述性相關；非因果或預測能力，少量樣本不作判斷,描述性關係；尚未扣費用、檢查除權息或做樣本外驗證；不評分、不認定關鍵分點
2382,0039004100380031,9A00,永豐金-匯立,sell,5,1,1,-2.5449101796407136,0.0,-2.5449101796407136,0.0,-2.5449101796407136,1,,量占比與後續報酬的描述性相關；非因果或預測能力，少量樣本不作判斷,描述性關係；尚未扣費用、檢查除權息或做樣本外驗證；不評分、不認定關鍵分點
2382,0039004200300030,9B00,台新,sell,5,1,1,-2.5449101796407136,0.0,-2.5449101796407136,0.0,-2.5449101796407136,1,,量占比與後續報酬的描述性相關；非因果或預測能力，少量樣本不作判斷,描述性關係；尚未扣費用、檢查除權息或做樣本外驗證；不評分、不認定關鍵分點
2382,1020,1020,合庫證券,buy,5,1,1,-2.5449101796407136,0.0,-2.5449101796407136,0.0,-2.5449101796407136,1,,量占比與後續報酬的描述性相關；非因果或預測能力，少量樣本不作判斷,描述性關係；尚未扣費用、檢查除權息或做樣本外驗證；不評分、不認定關鍵分點
2382,1360,1360,港商麥格理,sell,5,1,1,-2.5449101796407136,0.0,-2.5449101796407136,0.0,-2.5449101796407136,1,,量占比與後續報酬的描述性相關；非因果或預測能力，少量樣本不作判斷,描述性關係；尚未扣費用、檢查除權息或做樣本外驗證；不評分、不認定關鍵分點
2382,1440,1440,美林,sell,5,1,1,-2.5449101796407136,0.0,-2.5449101796407136,0.0,-2.5449101796407136,1,,量占比與後續報酬的描述性相關；非因果或預測能力，少量樣本不作判斷,描述性關係；尚未扣費用、檢查除權息或做樣本外驗證；不評分、不認定關鍵分點
2382,1470,1470,台灣摩根士丹利,sell,5,1,1,-2.5449101796407136,0.0,-2.5449101796407136,0.0,-2.5449101796407136,1,,量占比與後續報酬的描述性相關；非因果或預測能力，少量樣本不作判斷,描述性關係；尚未扣費用、檢查除權息或做樣本外驗證；不評分、不認定關鍵分點
2382,1480,1480,美商高盛,buy,5,1,1,-2.5449101796407136,0.0,-2.5449101796407136,0.0,-2.5449101796407136,1,,量占比與後續報酬的描述性相關；非因果或預測能力，少量樣本不作判斷,描述性關係；尚未扣費用、檢查除權息或做樣本外驗證；不評分、不認定關鍵分點
2382,1590,1590,花旗環球,sell,5,1,1,-2.5449101796407136,0.0,-2.5449101796407136,0.0,-2.5449101796407136,1,,量占比與後續報酬的描述性相關；非因果或預測能力，少量樣本不作判斷,描述性關係；尚未扣費用、檢查除權息或做樣本外驗證；不評分、不認定關鍵分點
2382,1650,1650,新加坡商瑞銀,sell,5,1,1,-2.5449101796407136,0.0,-2.5449101796407136,0.0,-2.5449101796407136,1,,量占比與後續報酬的描述性相關；非因果或預測能力，少量樣本不作判斷,描述性關係；尚未扣費用、檢查除權息或做樣本外驗證；不評分、不認定關鍵分點
2382,5380,5380,第一金,sell,5,1,1,-2.5449101796407136,0.0,-2.5449101796407136,0.0,-2.5449101796407136,1,,量占比與後續報酬的描述性相關；非因果或預測能力，少量樣本不作判斷,描述性關係；尚未扣費用、檢查除權息或做樣本外驗證；不評分、不認定關鍵分點
2382,5389,5380,第一金-中山,buy,5,1,1,-2.5449101796407136,0.0,-2.5449101796407136,0.0,-2.5449101796407136,1,,量占比與後續報酬的描述性相關；非因果或預測能力，少量樣本不作判斷,描述性關係；尚未扣費用、檢查除權息或做樣本外驗證；不評分、不認定關鍵分點
2382,5850,5850,統一,sell,5,1,1,-2.5449101796407136,0.0,-2.5449101796407136,0.0,-2.5449101796407136,1,,量占比與後續報酬的描述性相關；非因果或預測能力，少量樣本不作判斷,描述性關係；尚未扣費用、檢查除權息或做樣本外驗證；不評分、不認定關鍵分點
2382,5857,5850,統一-新竹,buy,5,1,1,-2.5449101796407136,0.0,-2.5449101796407136,0.0,-2.5449101796407136,1,,量占比與後續報酬的描述性相關；非因果或預測能力，少量樣本不作判斷,描述性關係；尚未扣費用、檢查除權息或做樣本外驗證；不評分、不認定關鍵分點
2382,7000,7000,兆豐證券,buy,5,1,1,-2.5449101796407136,0.0,-2.5449101796407136,0.0,-2.5449101796407136,1,,量占比與後續報酬的描述性相關；非因果或預測能力，少量樣本不作判斷,描述性關係；尚未扣費用、檢查除權息或做樣本外驗證；不評分、不認定關鍵分點
2382,8440,8440,摩根大通,buy,5,1,1,-2.5449101796407136,0.0,-2.5449101796407136,0.0,-2.5449101796407136,1,,量占比與後續報酬的描述性相關；非因果或預測能力，少量樣本不作判斷,描述性關係；尚未扣費用、檢查除權息或做樣本外驗證；不評分、不認定關鍵分點
2382,8880,8880,國泰證券,sell,5,1,1,-2.5449101796407136,0.0,-2.5449101796407136,0.0,-2.5449101796407136,1,,量占比與後續報酬的描述性相關；非因果或預測能力，少量樣本不作判斷,描述性關係；尚未扣費用、檢查除權息或做樣本外驗證；不評分、不認定關鍵分點
2382,8888,8880,國泰-敦南,buy,5,1,1,-2.5449101796407136,0.0,-2.5449101796407136,0.0,-2.5449101796407136,1,,量占比與後續報酬的描述性相關；非因果或預測能力，少量樣本不作判斷,描述性關係；尚未扣費用、檢查除權息或做樣本外驗證；不評分、不認定關鍵分點
2382,8900,8900,法銀巴黎,buy,5,1,1,-2.5449101796407136,0.0,-2.5449101796407136,0.0,-2.5449101796407136,1,,量占比與後續報酬的描述性相關；非因果或預測能力，少量樣本不作判斷,描述性關係；尚未扣費用、檢查除權息或做樣本外驗證；不評分、不認定關鍵分點
2382,9100,9100,群益金鼎,buy,5,1,1,-2.5449101796407136,0.0,-2.5449101796407136,0.0,-2.5449101796407136,1,,量占比與後續報酬的描述性相關；非因果或預測能力，少量樣本不作判斷,描述性關係；尚未扣費用、檢查除權息或做樣本外驗證；不評分、不認定關鍵分點
2382,9200,9200,凱基,buy,5,1,1,-2.5449101796407136,0.0,-2.5449101796407136,0.0,-2.5449101796407136,1,,量占比與後續報酬的描述性相關；非因果或預測能力，少量樣本不作判斷,描述性關係；尚未扣費用、檢查除權息或做樣本外驗證；不評分、不認定關鍵分點
2382,9238,9200,凱基-士林,buy,5,1,1,-2.5449101796407136,0.0,-2.5449101796407136,0.0,-2.5449101796407136,1,,量占比與後續報酬的描述性相關；非因果或預測能力，少量樣本不作判斷,描述性關係；尚未扣費用、檢查除權息或做樣本外驗證；不評分、不認定關鍵分點
2382,9268,9200,凱基-台北,sell,5,1,1,-2.5449101796407136,0.0,-2.5449101796407136,0.0,-2.5449101796407136,1,,量占比與後續報酬的描述性相關；非因果或預測能力，少量樣本不作判斷,描述性關係；尚未扣費用、檢查除權息或做樣本外驗證；不評分、不認定關鍵分點
2382,9272,9200,凱基-竹科,sell,5,1,1,-2.5449101796407136,0.0,-2.5449101796407136,0.0,-2.5449101796407136,1,,量占比與後續報酬的描述性相關；非因果或預測能力，少量樣本不作判斷,描述性關係；尚未扣費用、檢查除權息或做樣本外驗證；不評分、不認定關鍵分點
2382,9676,9600,富邦-仁愛,buy,5,1,1,-2.5449101796407136,0.0,-2.5449101796407136,0.0,-2.5449101796407136,1,,量占比與後續報酬的描述性相關；非因果或預測能力，少量樣本不作判斷,描述性關係；尚未扣費用、檢查除權息或做樣本外驗證；不評分、不認定關鍵分點
2382,9800,9800,元大證券,buy,5,1,1,-2.5449101796407136,0.0,-2.5449101796407136,0.0,-2.5449101796407136,1,,量占比與後續報酬的描述性相關；非因果或預測能力，少量樣本不作判斷,描述性關係；尚未扣費用、檢查除權息或做樣本外驗證；不評分、不認定關鍵分點
2383,0035003800350063,5850,統一-仁愛,sell,5,1,1,20.603015075376874,1.0,20.603015075376874,0.0,4.2211055276381915,1,,量占比與後續報酬的描述性相關；非因果或預測能力，少量樣本不作判斷,描述性關係；尚未扣費用、檢查除權息或做樣本外驗證；不評分、不認定關鍵分點
2383,0037003700390063,7790,國票-敦北法人,buy,5,1,1,20.603015075376874,1.0,20.603015075376874,0.0,4.2211055276381915,1,,量占比與後續報酬的描述性相關；非因果或預測能力，少量樣本不作判斷,描述性關係；尚未扣費用、檢查除權息或做樣本外驗證；不評分、不認定關鍵分點
2383,0039003100380057,9100,群益金鼎-忠孝,sell,5,1,1,20.603015075376874,1.0,20.603015075376874,0.0,4.2211055276381915,1,,量占比與後續報酬的描述性相關；非因果或預測能力，少量樣本不作判斷,描述性關係；尚未扣費用、檢查除權息或做樣本外驗證；不評分、不認定關鍵分點
2383,0039003200300046,9200,凱基-站前,buy,5,1,1,20.603015075376874,1.0,20.603015075376874,0.0,4.2211055276381915,1,,量占比與後續報酬的描述性相關；非因果或預測能力，少量樣本不作判斷,描述性關係；尚未扣費用、檢查除權息或做樣本外驗證；不評分、不認定關鍵分點
2383,0039003800300068,9800,元大-台北,buy,5,1,1,20.603015075376874,1.0,20.603015075376874,0.0,4.2211055276381915,1,,量占比與後續報酬的描述性相關；非因果或預測能力，少量樣本不作判斷,描述性關係；尚未扣費用、檢查除權息或做樣本外驗證；不評分、不認定關鍵分點
2383,0039004100380031,9A00,永豐金-匯立,buy,5,1,1,20.603015075376874,1.0,20.603015075376874,0.0,4.2211055276381915,1,,量占比與後續報酬的描述性相關；非因果或預測能力，少量樣本不作判斷,描述性關係；尚未扣費用、檢查除權息或做樣本外驗證；不評分、不認定關鍵分點
2383,0039004100380039,9A00,永豐金-敦北,buy,5,1,1,20.603015075376874,1.0,20.603015075376874,0.0,4.2211055276381915,1,,量占比與後續報酬的描述性相關；非因果或預測能力，少量樣本不作判斷,描述性關係；尚未扣費用、檢查除權息或做樣本外驗證；不評分、不認定關鍵分點
2383,0039004200300030,9B00,台新,buy,5,1,1,20.603015075376874,1.0,20.603015075376874,0.0,4.2211055276381915,1,,量占比與後續報酬的描述性相關；非因果或預測能力，少量樣本不作判斷,描述性關係；尚未扣費用、檢查除權息或做樣本外驗證；不評分、不認定關鍵分點
2383,0039004200320049,9B00,台新-嘉義,buy,5,1,1,20.603015075376874,1.0,20.603015075376874,0.0,4.2211055276381915,1,,量占比與後續報酬的描述性相關；非因果或預測能力，少量樣本不作判斷,描述性關係；尚未扣費用、檢查除權息或做樣本外驗證；不評分、不認定關鍵分點
2383,1020,1020,合庫證券,buy,5,1,1,20.603015075376874,1.0,20.603015075376874,0.0,4.2211055276381915,1,,量占比與後續報酬的描述性相關；非因果或預測能力，少量樣本不作判斷,描述性關係；尚未扣費用、檢查除權息或做樣本外驗證；不評分、不認定關鍵分點
2383,1030,1030,土銀,buy,5,1,1,20.603015075376874,1.0,20.603015075376874,0.0,4.2211055276381915,1,,量占比與後續報酬的描述性相關；非因果或預測能力，少量樣本不作判斷,描述性關係；尚未扣費用、檢查除權息或做樣本外驗證；不評分、不認定關鍵分點
2383,1040,1040,臺銀,buy,5,1,1,20.603015075376874,1.0,20.603015075376874,0.0,4.2211055276381915,1,,量占比與後續報酬的描述性相關；非因果或預測能力，少量樣本不作判斷,描述性關係；尚未扣費用、檢查除權息或做樣本外驗證；不評分、不認定關鍵分點
2383,1110,1110,台灣企銀,buy,5,1,1,20.603015075376874,1.0,20.603015075376874,0.0,4.2211055276381915,1,,量占比與後續報酬的描述性相關；非因果或預測能力，少量樣本不作判斷,描述性關係；尚未扣費用、檢查除權息或做樣本外驗證；不評分、不認定關鍵分點
2383,1360,1360,港商麥格理,sell,5,1,1,20.603015075376874,1.0,20.603015075376874,0.0,4.2211055276381915,1,,量占比與後續報酬的描述性相關；非因果或預測能力，少量樣本不作判斷,描述性關係；尚未扣費用、檢查除權息或做樣本外驗證；不評分、不認定關鍵分點
2383,1440,1440,美林,sell,5,1,1,20.603015075376874,1.0,20.603015075376874,0.0,4.2211055276381915,1,,量占比與後續報酬的描述性相關；非因果或預測能力，少量樣本不作判斷,描述性關係；尚未扣費用、檢查除權息或做樣本外驗證；不評分、不認定關鍵分點
2383,1470,1470,台灣摩根士丹利,sell,5,1,1,20.603015075376874,1.0,20.603015075376874,0.0,4.2211055276381915,1,,量占比與後續報酬的描述性相關；非因果或預測能力，少量樣本不作判斷,描述性關係；尚未扣費用、檢查除權息或做樣本外驗證；不評分、不認定關鍵分點
2383,1480,1480,美商高盛,sell,5,1,1,20.603015075376874,1.0,20.603015075376874,0.0,4.2211055276381915,1,,量占比與後續報酬的描述性相關；非因果或預測能力，少量樣本不作判斷,描述性關係；尚未扣費用、檢查除權息或做樣本外驗證；不評分、不認定關鍵分點
2383,1650,1650,新加坡商瑞銀,buy,5,1,1,20.603015075376874,1.0,20.603015075376874,0.0,4.2211055276381915,1,,量占比與後續報酬的描述性相關；非因果或預測能力，少量樣本不作判斷,描述性關係；尚未扣費用、檢查除權息或做樣本外驗證；不評分、不認定關鍵分點
2383,5850,5850,統一,sell,5,1,1,20.603015075376874,1.0,20.603015075376874,0.0,4.2211055276381915,1,,量占比與後續報酬的描述性相關；非因果或預測能力，少量樣本不作判斷,描述性關係；尚未扣費用、檢查除權息或做樣本外驗證；不評分、不認定關鍵分點
2383,6480,6480,福邦證券,sell,5,1,1,20.603015075376874,1.0,20.603015075376874,0.0,4.2211055276381915,1,,量占比與後續報酬的描述性相關；非因果或預測能力，少量樣本不作判斷,描述性關係；尚未扣費用、檢查除權息或做樣本外驗證；不評分、不認定關鍵分點
2383,7000,7000,兆豐證券,sell,5,1,1,20.603015075376874,1.0,20.603015075376874,0.0,4.2211055276381915,1,,量占比與後續報酬的描述性相關；非因果或預測能力，少量樣本不作判斷,描述性關係；尚未扣費用、檢查除權息或做樣本外驗證；不評分、不認定關鍵分點
2383,8440,8440,摩根大通,buy,5,1,1,20.603015075376874,1.0,20.603015075376874,0.0,4.2211055276381915,1,,量占比與後續報酬的描述性相關；非因果或預測能力，少量樣本不作判斷,描述性關係；尚未扣費用、檢查除權息或做樣本外驗證；不評分、不認定關鍵分點
2383,8450,8450,康和,sell,5,1,1,20.603015075376874,1.0,20.603015075376874,0.0,4.2211055276381915,1,,量占比與後續報酬的描述性相關；非因果或預測能力，少量樣本不作判斷,描述性關係；尚未扣費用、檢查除權息或做樣本外驗證；不評分、不認定關鍵分點
2383,8849,8840,玉山-景美,sell,5,1,1,20.603015075376874,1.0,20.603015075376874,0.0,4.2211055276381915,1,,量占比與後續報酬的描述性相關；非因果或預測能力，少量樣本不作判斷,描述性關係；尚未扣費用、檢查除權息或做樣本外驗證；不評分、不認定關鍵分點
2383,8880,8880,國泰證券,sell,5,1,1,20.603015075376874,1.0,20.603015075376874,0.0,4.2211055276381915,1,,量占比與後續報酬的描述性相關；非因果或預測能力，少量樣本不作判斷,描述性關係；尚未扣費用、檢查除權息或做樣本外驗證；不評分、不認定關鍵分點
2383,8888,8880,國泰-敦南,buy,5,1,1,20.603015075376874,1.0,20.603015075376874,0.0,4.2211055276381915,1,,量占比與後續報酬的描述性相關；非因果或預測能力，少量樣本不作判斷,描述性關係；尚未扣費用、檢查除權息或做樣本外驗證；不評分、不認定關鍵分點
2383,9268,9200,凱基-台北,sell,5,1,1,20.603015075376874,1.0,20.603015075376874,0.0,4.2211055276381915,1,,量占比與後續報酬的描述性相關；非因果或預測能力，少量樣本不作判斷,描述性關係；尚未扣費用、檢查除權息或做樣本外驗證；不評分、不認定關鍵分點
2383,9600,9600,富邦證券,sell,5,1,1,20.603015075376874,1.0,20.603015075376874,0.0,4.2211055276381915,1,,量占比與後續報酬的描述性相關；非因果或預測能力，少量樣本不作判斷,描述性關係；尚未扣費用、檢查除權息或做樣本外驗證；不評分、不認定關鍵分點
2383,9800,9800,元大證券,buy,5,1,1,20.603015075376874,1.0,20.603015075376874,0.0,4.2211055276381915,1,,量占比與後續報酬的描述性相關；非因果或預測能力，少量樣本不作判斷,描述性關係；尚未扣費用、檢查除權息或做樣本外驗證；不評分、不認定關鍵分點
2383,9834,9800,元大-中壢,sell,5,1,1,20.603015075376874,1.0,20.603015075376874,0.0,4.2211055276381915,1,,量占比與後續報酬的描述性相關；非因果或預測能力，少量樣本不作判斷,描述性關係；尚未扣費用、檢查除權息或做樣本外驗證；不評分、不認定關鍵分點
2385,0031003000320046,1020,合庫-西台中,buy,5,1,1,-1.4218009478673022,0.0,-1.4218009478673022,0.0,-1.4218009478673022,1,,量占比與後續報酬的描述性相關；非因果或預測能力，少量樣本不作判斷,描述性關係；尚未扣費用、檢查除權息或做樣本外驗證；不評分、不認定關鍵分點
2385,0031003000330043,1030,土銀-白河,buy,5,1,1,-1.4218009478673022,0.0,-1.4218009478673022,0.0,-1.4218009478673022,1,,量占比與後續報酬的描述性相關；非因果或預測能力，少量樣本不作判斷,描述性關係；尚未扣費用、檢查除權息或做樣本外驗證；不評分、不認定關鍵分點
2385,0035003800350046,5850,統一-彰化,sell,5,1,1,-1.4218009478673022,0.0,-1.4218009478673022,0.0,-1.4218009478673022,1,,量占比與後續報酬的描述性相關；非因果或預測能力，少量樣本不作判斷,描述性關係；尚未扣費用、檢查除權息或做樣本外驗證；不評分、不認定關鍵分點
2385,0036003000310064,6010,(牛牛牛)亞-鑫豐,sell,5,1,1,-1.4218009478673022,0.0,-1.4218009478673022,0.0,-1.4218009478673022,1,,量占比與後續報酬的描述性相關；非因果或預測能力，少量樣本不作判斷,描述性關係；尚未扣費用、檢查除權息或做樣本外驗證；不評分、不認定關鍵分點
2385,0037003000300042,7000,兆豐-板橋,buy,5,1,1,-1.4218009478673022,0.0,-1.4218009478673022,0.0,-1.4218009478673022,1,,量占比與後續報酬的描述性相關；非因果或預測能力，少量樣本不作判斷,描述性關係；尚未扣費用、檢查除權息或做樣本外驗證；不評分、不認定關鍵分點
2385,003700300030005a,7000,兆豐-高雄,sell,5,1,1,-1.4218009478673022,0.0,-1.4218009478673022,0.0,-1.4218009478673022,1,,量占比與後續報酬的描述性相關；非因果或預測能力，少量樣本不作判斷,描述性關係；尚未扣費用、檢查除權息或做樣本外驗證；不評分、不認定關鍵分點
2385,0038003800340046,8840,玉山-桃園,sell,5,1,1,-1.4218009478673022,0.0,-1.4218009478673022,0.0,-1.4218009478673022,1,,量占比與後續報酬的描述性相關；非因果或預測能力，少量樣本不作判斷,描述性關係；尚未扣費用、檢查除權息或做樣本外驗證；不評分、不認定關鍵分點
2385,0039004100300030,9A00,永豐金證券,buy,5,1,1,-1.4218009478673022,0.0,-1.4218009478673022,0.0,-1.4218009478673022,1,,量占比與後續報酬的描述性相關；非因果或預測能力，少量樣本不作判斷,描述性關係；尚未扣費用、檢查除權息或做樣本外驗證；不評分、不認定關鍵分點
2385,1260,1260,宏遠證券,sell,5,1,1,-1.4218009478673022,0.0,-1.4218009478673022,0.0,-1.4218009478673022,1,,量占比與後續報酬的描述性相關；非因果或預測能力，少量樣本不作判斷,描述性關係；尚未扣費用、檢查除權息或做樣本外驗證；不評分、不認定關鍵分點
2385,1360,1360,港商麥格理,sell,5,1,1,-1.4218009478673022,0.0,-1.4218009478673022,0.0,-1.4218009478673022,1,,量占比與後續報酬的描述性相關；非因果或預測能力，少量樣本不作判斷,描述性關係；尚未扣費用、檢查除權息或做樣本外驗證；不評分、不認定關鍵分點
2385,1440,1440,美林,buy,5,1,1,-1.4218009478673022,0.0,-1.4218009478673022,0.0,-1.4218009478673022,1,,量占比與後續報酬的描述性相關；非因果或預測能力，少量樣本不作判斷,描述性關係；尚未扣費用、檢查除權息或做樣本外驗證；不評分、不認定關鍵分點
2385,1470,1470,台灣摩根士丹利,buy,5,1,1,-1.4218009478673022,0.0,-1.4218009478673022,0.0,-1.4218009478673022,1,,量占比與後續報酬的描述性相關；非因果或預測能力，少量樣本不作判斷,描述性關係；尚未扣費用、檢查除權息或做樣本外驗證；不評分、不認定關鍵分點
2385,1480,1480,美商高盛,sell,5,1,1,-1.4218009478673022,0.0,-1.4218009478673022,0.0,-1.4218009478673022,1,,量占比與後續報酬的描述性相關；非因果或預測能力，少量樣本不作判斷,描述性關係；尚未扣費用、檢查除權息或做樣本外驗證；不評分、不認定關鍵分點
2385,1650,1650,新加坡商瑞銀,buy,5,1,1,-1.4218009478673022,0.0,-1.4218009478673022,0.0,-1.4218009478673022,1,,量占比與後續報酬的描述性相關；非因果或預測能力，少量樣本不作判斷,描述性關係；尚未扣費用、檢查除權息或做樣本外驗證；不評分、不認定關鍵分點
2385,2180,2180,亞東,sell,5,1,1,-1.4218009478673022,0.0,-1.4218009478673022,0.0,-1.4218009478673022,1,,量占比與後續報酬的描述性相關；非因果或預測能力，少量樣本不作判斷,描述性關係；尚未扣費用、檢查除權息或做樣本外驗證；不評分、不認定關鍵分點
2385,6160,6160,中國信託,sell,5,1,1,-1.4218009478673022,0.0,-1.4218009478673022,0.0,-1.4218009478673022,1,,量占比與後續報酬的描述性相關；非因果或預測能力，少量樣本不作判斷,描述性關係；尚未扣費用、檢查除權息或做樣本外驗證；不評分、不認定關鍵分點
2385,6462,6460,大昌-安康,sell,5,1,1,-1.4218009478673022,0.0,-1.4218009478673022,0.0,-1.4218009478673022,1,,量占比與後續報酬的描述性相關；非因果或預測能力，少量樣本不作判斷,描述性關係；尚未扣費用、檢查除權息或做樣本外驗證；不評分、不認定關鍵分點
2385,7798,7790,國票-內壢,buy,5,1,1,-1.4218009478673022,0.0,-1.4218009478673022,0.0,-1.4218009478673022,1,,量占比與後續報酬的描述性相關；非因果或預測能力，少量樣本不作判斷,描述性關係；尚未扣費用、檢查除權息或做樣本外驗證；不評分、不認定關鍵分點
2385,8440,8440,摩根大通,buy,5,1,1,-1.4218009478673022,0.0,-1.4218009478673022,0.0,-1.4218009478673022,1,,量占比與後續報酬的描述性相關；非因果或預測能力，少量樣本不作判斷,描述性關係；尚未扣費用、檢查除權息或做樣本外驗證；不評分、不認定關鍵分點
2385,8847,8840,玉山-台南,sell,5,1,1,-1.4218009478673022,0.0,-1.4218009478673022,0.0,-1.4218009478673022,1,,量占比與後續報酬的描述性相關；非因果或預測能力，少量樣本不作判斷,描述性關係；尚未扣費用、檢查除權息或做樣本外驗證；不評分、不認定關鍵分點
2385,8880,8880,國泰證券,sell,5,1,1,-1.4218009478673022,0.0,-1.4218009478673022,0.0,-1.4218009478673022,1,,量占比與後續報酬的描述性相關；非因果或預測能力，少量樣本不作判斷,描述性關係；尚未扣費用、檢查除權息或做樣本外驗證；不評分、不認定關鍵分點
2385,8888,8880,國泰-敦南,sell,5,1,1,-1.4218009478673022,0.0,-1.4218009478673022,0.0,-1.4218009478673022,1,,量占比與後續報酬的描述性相關；非因果或預測能力，少量樣本不作判斷,描述性關係；尚未扣費用、檢查除權息或做樣本外驗證；不評分、不認定關鍵分點
2385,8890,8890,大和國泰,sell,5,1,1,-1.4218009478673022,0.0,-1.4218009478673022,0.0,-1.4218009478673022,1,,量占比與後續報酬的描述性相關；非因果或預測能力，少量樣本不作判斷,描述性關係；尚未扣費用、檢查除權息或做樣本外驗證；不評分、不認定關鍵分點
2385,9268,9200,凱基-台北,buy,5,1,1,-1.4218009478673022,0.0,-1.4218009478673022,0.0,-1.4218009478673022,1,,量占比與後續報酬的描述性相關；非因果或預測能力，少量樣本不作判斷,描述性關係；尚未扣費用、檢查除權息或做樣本外驗證；不評分、不認定關鍵分點
2385,9616,9600,富邦-岡山,buy,5,1,1,-1.4218009478673022,0.0,-1.4218009478673022,0.0,-1.4218009478673022,1,,量占比與後續報酬的描述性相關；非因果或預測能力，少量樣本不作判斷,描述性關係；尚未扣費用、檢查除權息或做樣本外驗證；不評分、不認定關鍵分點
2385,9672,9600,富邦-員林,buy,5,1,1,-1.4218009478673022,0.0,-1.4218009478673022,0.0,-1.4218009478673022,1,,量占比與後續報酬的描述性相關；非因果或預測能力，少量樣本不作判斷,描述性關係；尚未扣費用、檢查除權息或做樣本外驗證；不評分、不認定關鍵分點
2385,9800,9800,元大證券,buy,5,1,1,-1.4218009478673022,0.0,-1.4218009478673022,0.0,-1.4218009478673022,1,,量占比與後續報酬的描述性相關；非因果或預測能力，少量樣本不作判斷,描述性關係；尚未扣費用、檢查除權息或做樣本外驗證；不評分、不認定關鍵分點
2385,9874,9800,元大-雙和,buy,5,1,1,-1.4218009478673022,0.0,-1.4218009478673022,0.0,-1.4218009478673022,1,,量占比與後續報酬的描述性相關；非因果或預測能力，少量樣本不作判斷,描述性關係；尚未扣費用、檢查除權息或做樣本外驗證；不評分、不認定關鍵分點
2385,9879,9800,元大-板橋三民,buy,5,1,1,-1.4218009478673022,0.0,-1.4218009478673022,0.0,-1.4218009478673022,1,,量占比與後續報酬的描述性相關；非因果或預測能力，少量樣本不作判斷,描述性關係；尚未扣費用、檢查除權息或做樣本外驗證；不評分、不認定關鍵分點
2385,9889,9800,元大-員林,sell,5,1,1,-1.4218009478673022,0.0,-1.4218009478673022,0.0,-1.4218009478673022,1,,量占比與後續報酬的描述性相關；非因果或預測能力，少量樣本不作判斷,描述性關係；尚未扣費用、檢查除權息或做樣本外驗證；不評分、不認定關鍵分點
2388,0035003300380044,5380,第一金-忠孝,buy,5,1,1,-3.2742155525238625,0.0,-3.2742155525238625,0.0,-3.683492496589358,1,,量占比與後續報酬的描述性相關；非因果或預測能力，少量樣本不作判斷,描述性關係；尚未扣費用、檢查除權息或做樣本外驗證；不評分、不認定關鍵分點
2388,0039003100380057,9100,群益金鼎-忠孝,sell,5,1,1,-3.2742155525238625,0.0,-3.2742155525238625,0.0,-3.683492496589358,1,,量占比與後續報酬的描述性相關；非因果或預測能力，少量樣本不作判斷,描述性關係；尚未扣費用、檢查除權息或做樣本外驗證；不評分、不認定關鍵分點
2388,0039003200300046,9200,凱基-站前,sell,5,1,1,-3.2742155525238625,0.0,-3.2742155525238625,0.0,-3.683492496589358,1,,量占比與後續報酬的描述性相關；非因果或預測能力，少量樣本不作判斷,描述性關係；尚未扣費用、檢查除權息或做樣本外驗證；不評分、不認定關鍵分點
2388,003900360035004b,9600,富邦-台中,sell,5,1,1,-3.2742155525238625,0.0,-3.2742155525238625,0.0,-3.683492496589358,1,,量占比與後續報酬的描述性相關；非因果或預測能力，少量樣本不作判斷,描述性關係；尚未扣費用、檢查除權息或做樣本外驗證；不評分、不認定關鍵分點
2388,0039003800300064,9800,元大-沙鹿,buy,5,1,1,-3.2742155525238625,0.0,-3.2742155525238625,0.0,-3.683492496589358,1,,量占比與後續報酬的描述性相關；非因果或預測能力，少量樣本不作判斷,描述性關係；尚未扣費用、檢查除權息或做樣本外驗證；不評分、不認定關鍵分點
2388,003900380030006c,9800,元大-虎尾,buy,5,1,1,-3.2742155525238625,0.0,-3.2742155525238625,0.0,-3.683492496589358,1,,量占比與後續報酬的描述性相關；非因果或預測能力，少量樣本不作判斷,描述性關係；尚未扣費用、檢查除權息或做樣本外驗證；不評分、不認定關鍵分點
2388,0039003800310043,9800,元大-路竹,sell,5,1,1,-3.2742155525238625,0.0,-3.2742155525238625,0.0,-3.683492496589358,1,,量占比與後續報酬的描述性相關；非因果或預測能力，少量樣本不作判斷,描述性關係；尚未扣費用、檢查除權息或做樣本外驗證；不評分、不認定關鍵分點
2388,003900380031004d,9800,元大-苗栗,sell,5,1,1,-3.2742155525238625,0.0,-3.2742155525238625,0.0,-3.683492496589358,1,,量占比與後續報酬的描述性相關；非因果或預測能力，少量樣本不作判斷,描述性關係；尚未扣費用、檢查除權息或做樣本外驗證；不評分、不認定關鍵分點
2388,003900380039005a,9800,元大-小港,buy,5,1,1,-3.2742155525238625,0.0,-3.2742155525238625,0.0,-3.683492496589358,1,,量占比與後續報酬的描述性相關；非因果或預測能力，少量樣本不作判斷,描述性關係；尚未扣費用、檢查除權息或做樣本外驗證；不評分、不認定關鍵分點
2388,003900380039006d,9800,元大-信義,buy,5,1,1,-3.2742155525238625,0.0,-3.2742155525238625,0.0,-3.683492496589358,1,,量占比與後續報酬的描述性相關；非因果或預測能力，少量樣本不作判斷,描述性關係；尚未扣費用、檢查除權息或做樣本外驗證；不評分、不認定關鍵分點
2388,0039004100300030,9A00,永豐金證券,buy,5,1,1,-3.2742155525238625,0.0,-3.2742155525238625,0.0,-3.683492496589358,1,,量占比與後續報酬的描述性相關；非因果或預測能力，少量樣本不作判斷,描述性關係；尚未扣費用、檢查除權息或做樣本外驗證；不評分、不認定關鍵分點
2388,0039004100390057,9A00,永豐金-市政,buy,5,1,1,-3.2742155525238625,0.0,-3.2742155525238625,0.0,-3.683492496589358,1,,量占比與後續報酬的描述性相關；非因果或預測能力，少量樣本不作判斷,描述性關係；尚未扣費用、檢查除權息或做樣本外驗證；不評分、不認定關鍵分點
2388,0039004100390069,9A00,永豐金-新店,sell,5,1,1,-3.2742155525238625,0.0,-3.2742155525238625,0.0,-3.683492496589358,1,,量占比與後續報酬的描述性相關；非因果或預測能力，少量樣本不作判斷,描述性關係；尚未扣費用、檢查除權息或做樣本外驗證；不評分、不認定關鍵分點
2388,0039004200320041,9B00,台新-緯城,sell,5,1,1,-3.2742155525238625,0.0,-3.2742155525238625,0.0,-3.683492496589358,1,,量占比與後續報酬的描述性相關；非因果或預測能力，少量樣本不作判斷,描述性關係；尚未扣費用、檢查除權息或做樣本外驗證；不評分、不認定關鍵分點
2388,0039004200320067,9B00,台新-中原,sell,5,1,1,-3.2742155525238625,0.0,-3.2742155525238625,0.0,-3.683492496589358,1,,量占比與後續報酬的描述性相關；非因果或預測能力，少量樣本不作判斷,描述性關係；尚未扣費用、檢查除權息或做樣本外驗證；不評分、不認定關鍵分點
2388,1113,1110,台灣企銀-九如,buy,5,1,1,-3.2742155525238625,0.0,-3.2742155525238625,0.0,-3.683492496589358,1,,量占比與後續報酬的描述性相關；非因果或預測能力，少量樣本不作判斷,描述性關係；尚未扣費用、檢查除權息或做樣本外驗證；不評分、不認定關鍵分點
2388,1260,1260,宏遠證券,sell,5,1,1,-3.2742155525238625,0.0,-3.2742155525238625,0.0,-3.683492496589358,1,,量占比與後續報酬的描述性相關；非因果或預測能力，少量樣本不作判斷,描述性關係；尚未扣費用、檢查除權息或做樣本外驗證；不評分、不認定關鍵分點
2388,1440,1440,美林,buy,5,1,1,-3.2742155525238625,0.0,-3.2742155525238625,0.0,-3.683492496589358,1,,量占比與後續報酬的描述性相關；非因果或預測能力，少量樣本不作判斷,描述性關係；尚未扣費用、檢查除權息或做樣本外驗證；不評分、不認定關鍵分點
2388,1480,1480,美商高盛,sell,5,1,1,-3.2742155525238625,0.0,-3.2742155525238625,0.0,-3.683492496589358,1,,量占比與後續報酬的描述性相關；非因果或預測能力，少量樣本不作判斷,描述性關係；尚未扣費用、檢查除權息或做樣本外驗證；不評分、不認定關鍵分點
2388,1650,1650,新加坡商瑞銀,buy,5,1,1,-3.2742155525238625,0.0,-3.2742155525238625,0.0,-3.683492496589358,1,,量占比與後續報酬的描述性相關；非因果或預測能力，少量樣本不作判斷,描述性關係；尚未扣費用、檢查除權息或做樣本外驗證；不評分、不認定關鍵分點
2388,5320,5320,高橋,buy,5,1,1,-3.2742155525238625,0.0,-3.2742155525238625,0.0,-3.683492496589358,1,,量占比與後續報酬的描述性相關；非因果或預測能力，少量樣本不作判斷,描述性關係；尚未扣費用、檢查除權息或做樣本外驗證；不評分、不認定關鍵分點
2388,6163,6160,中國信託-永康,sell,5,1,1,-3.2742155525238625,0.0,-3.2742155525238625,0.0,-3.683492496589358,1,,量占比與後續報酬的描述性相關；非因果或預測能力，少量樣本不作判斷,描述性關係；尚未扣費用、檢查除權息或做樣本外驗證；不評分、不認定關鍵分點
2388,6912,6910,德信-中正,sell,5,1,1,-3.2742155525238625,0.0,-3.2742155525238625,0.0,-3.683492496589358,1,,量占比與後續報酬的描述性相關；非因果或預測能力，少量樣本不作判斷,描述性關係；尚未扣費用、檢查除權息或做樣本外驗證；不評分、不認定關鍵分點
2388,8440,8440,摩根大通,buy,5,1,1,-3.2742155525238625,0.0,-3.2742155525238625,0.0,-3.683492496589358,1,,量占比與後續報酬的描述性相關；非因果或預測能力，少量樣本不作判斷,描述性關係；尚未扣費用、檢查除權息或做樣本外驗證；不評分、不認定關鍵分點
2388,8882,8880,國泰-台中,buy,5,1,1,-3.2742155525238625,0.0,-3.2742155525238625,0.0,-3.683492496589358,1,,量占比與後續報酬的描述性相關；非因果或預測能力，少量樣本不作判斷,描述性關係；尚未扣費用、檢查除權息或做樣本外驗證；不評分、不認定關鍵分點
2388,9268,9200,凱基-台北,sell,5,1,1,-3.2742155525238625,0.0,-3.2742155525238625,0.0,-3.683492496589358,1,,量占比與後續報酬的描述性相關；非因果或預測能力，少量樣本不作判斷,描述性關係；尚未扣費用、檢查除權息或做樣本外驗證；不評分、不認定關鍵分點
2388,9297,9200,凱基-文心,sell,5,1,1,-3.2742155525238625,0.0,-3.2742155525238625,0.0,-3.683492496589358,1,,量占比與後續報酬的描述性相關；非因果或預測能力，少量樣本不作判斷,描述性關係；尚未扣費用、檢查除權息或做樣本外驗證；不評分、不認定關鍵分點
2388,9604,9600,富邦-陽明,sell,5,1,1,-3.2742155525238625,0.0,-3.2742155525238625,0.0,-3.683492496589358,1,,量占比與後續報酬的描述性相關；非因果或預測能力，少量樣本不作判斷,描述性關係；尚未扣費用、檢查除權息或做樣本外驗證；不評分、不認定關鍵分點
2388,9686,9600,富邦-宜蘭,buy,5,1,1,-3.2742155525238625,0.0,-3.2742155525238625,0.0,-3.683492496589358,1,,量占比與後續報酬的描述性相關；非因果或預測能力，少量樣本不作判斷,描述性關係；尚未扣費用、檢查除權息或做樣本外驗證；不評分、不認定關鍵分點
2388,9897,9800,元大-土城,buy,5,1,1,-3.2742155525238625,0.0,-3.2742155525238625,0.0,-3.683492496589358,1,,量占比與後續報酬的描述性相關；非因果或預測能力，少量樣本不作判斷,描述性關係；尚未扣費用、檢查除權息或做樣本外驗證；不評分、不認定關鍵分點
2395,0037003700390063,7790,國票-敦北法人,sell,5,1,1,0.5532503457814641,1.0,0.5532503457814641,0.0,-0.9681881051175623,1,,量占比與後續報酬的描述性相關；非因果或預測能力，少量樣本不作判斷,描述性關係；尚未扣費用、檢查除權息或做樣本外驗證；不評分、不認定關鍵分點
2395,0038003800340042,8840,玉山-台中,buy,5,1,1,0.5532503457814641,1.0,0.5532503457814641,0.0,-0.9681881051175623,1,,量占比與後續報酬的描述性相關；非因果或預測能力，少量樣本不作判斷,描述性關係；尚未扣費用、檢查除權息或做樣本外驗證；不評分、不認定關鍵分點
2395,0039003100380045,9100,群益金鼎-南京,buy,5,1,1,0.5532503457814641,1.0,0.5532503457814641,0.0,-0.9681881051175623,1,,量占比與後續報酬的描述性相關；非因果或預測能力，少量樣本不作判斷,描述性關係；尚未扣費用、檢查除權息或做樣本外驗證；不評分、不認定關鍵分點
2395,003900380031005a,9800,元大-潮州,sell,5,1,1,0.5532503457814641,1.0,0.5532503457814641,0.0,-0.9681881051175623,1,,量占比與後續報酬的描述性相關；非因果或預測能力，少量樣本不作判斷,描述性關係；尚未扣費用、檢查除權息或做樣本外驗證；不評分、不認定關鍵分點
2395,0039004100300030,9A00,永豐金證券,sell,5,1,1,0.5532503457814641,1.0,0.5532503457814641,0.0,-0.9681881051175623,1,,量占比與後續報酬的描述性相關；非因果或預測能力，少量樣本不作判斷,描述性關係；尚未扣費用、檢查除權息或做樣本外驗證；不評分、不認定關鍵分點
2395,0039004100380031,9A00,永豐金-匯立,buy,5,1,1,0.5532503457814641,1.0,0.5532503457814641,0.0,-0.9681881051175623,1,,量占比與後續報酬的描述性相關；非因果或預測能力，少量樣本不作判斷,描述性關係；尚未扣費用、檢查除權息或做樣本外驗證；不評分、不認定關鍵分點
2395,0039004100390031,9A00,永豐金-松山,buy,5,1,1,0.5532503457814641,1.0,0.5532503457814641,0.0,-0.9681881051175623,1,,量占比與後續報酬的描述性相關；非因果或預測能力，少量樣本不作判斷,描述性關係；尚未扣費用、檢查除權息或做樣本外驗證；不評分、不認定關鍵分點
2395,0039004100390038,9A00,永豐金-大園,buy,5,1,1,0.5532503457814641,1.0,0.5532503457814641,0.0,-0.9681881051175623,1,,量占比與後續報酬的描述性相關；非因果或預測能力，少量樣本不作判斷,描述性關係；尚未扣費用、檢查除權息或做樣本外驗證；不評分、不認定關鍵分點
2395,0039004100390044,9A00,永豐金-忠孝,buy,5,1,1,0.5532503457814641,1.0,0.5532503457814641,0.0,-0.9681881051175623,1,,量占比與後續報酬的描述性相關；非因果或預測能力，少量樣本不作判斷,描述性關係；尚未扣費用、檢查除權息或做樣本外驗證；不評分、不認定關鍵分點
2395,1260,1260,宏遠證券,sell,5,1,1,0.5532503457814641,1.0,0.5532503457814641,0.0,-0.9681881051175623,1,,量占比與後續報酬的描述性相關；非因果或預測能力，少量樣本不作判斷,描述性關係；尚未扣費用、檢查除權息或做樣本外驗證；不評分、不認定關鍵分點
2395,1360,1360,港商麥格理,sell,5,1,1,0.5532503457814641,1.0,0.5532503457814641,0.0,-0.9681881051175623,1,,量占比與後續報酬的描述性相關；非因果或預測能力，少量樣本不作判斷,描述性關係；尚未扣費用、檢查除權息或做樣本外驗證；不評分、不認定關鍵分點
2395,1440,1440,美林,buy,5,1,1,0.5532503457814641,1.0,0.5532503457814641,0.0,-0.9681881051175623,1,,量占比與後續報酬的描述性相關；非因果或預測能力，少量樣本不作判斷,描述性關係；尚未扣費用、檢查除權息或做樣本外驗證；不評分、不認定關鍵分點
2395,1470,1470,台灣摩根士丹利,buy,5,1,1,0.5532503457814641,1.0,0.5532503457814641,0.0,-0.9681881051175623,1,,量占比與後續報酬的描述性相關；非因果或預測能力，少量樣本不作判斷,描述性關係；尚未扣費用、檢查除權息或做樣本外驗證；不評分、不認定關鍵分點
2395,1480,1480,美商高盛,sell,5,1,1,0.5532503457814641,1.0,0.5532503457814641,0.0,-0.9681881051175623,1,,量占比與後續報酬的描述性相關；非因果或預測能力，少量樣本不作判斷,描述性關係；尚未扣費用、檢查除權息或做樣本外驗證；不評分、不認定關鍵分點
2395,1560,1560,港商野村,buy,5,1,1,0.5532503457814641,1.0,0.5532503457814641,0.0,-0.9681881051175623,1,,量占比與後續報酬的描述性相關；非因果或預測能力，少量樣本不作判斷,描述性關係；尚未扣費用、檢查除權息或做樣本外驗證；不評分、不認定關鍵分點
2395,1590,1590,花旗環球,sell,5,1,1,0.5532503457814641,1.0,0.5532503457814641,0.0,-0.9681881051175623,1,,量占比與後續報酬的描述性相關；非因果或預測能力，少量樣本不作判斷,描述性關係；尚未扣費用、檢查除權息或做樣本外驗證；不評分、不認定關鍵分點
2395,1650,1650,新加坡商瑞銀,sell,5,1,1,0.5532503457814641,1.0,0.5532503457814641,0.0,-0.9681881051175623,1,,量占比與後續報酬的描述性相關；非因果或預測能力，少量樣本不作判斷,描述性關係；尚未扣費用、檢查除權息或做樣本外驗證；不評分、不認定關鍵分點
2395,5854,5850,統一-城中,buy,5,1,1,0.5532503457814641,1.0,0.5532503457814641,0.0,-0.9681881051175623,1,,量占比與後續報酬的描述性相關；非因果或預測能力，少量樣本不作判斷,描述性關係；尚未扣費用、檢查除權息或做樣本外驗證；不評分、不認定關鍵分點
2395,6160,6160,中國信託,sell,5,1,1,0.5532503457814641,1.0,0.5532503457814641,0.0,-0.9681881051175623,1,,量占比與後續報酬的描述性相關；非因果或預測能力，少量樣本不作判斷,描述性關係；尚未扣費用、檢查除權息或做樣本外驗證；不評分、不認定關鍵分點
2395,6210,6210,新百王,buy,5,1,1,0.5532503457814641,1.0,0.5532503457814641,0.0,-0.9681881051175623,1,,量占比與後續報酬的描述性相關；非因果或預測能力，少量樣本不作判斷,描述性關係；尚未扣費用、檢查除權息或做樣本外驗證；不評分、不認定關鍵分點
2395,8584,8580,聯邦-雙和,buy,5,1,1,0.5532503457814641,1.0,0.5532503457814641,0.0,-0.9681881051175623,1,,量占比與後續報酬的描述性相關；非因果或預測能力，少量樣本不作判斷,描述性關係；尚未扣費用、檢查除權息或做樣本外驗證；不評分、不認定關鍵分點
2395,8890,8890,大和國泰,sell,5,1,1,0.5532503457814641,1.0,0.5532503457814641,0.0,-0.9681881051175623,1,,量占比與後續報酬的描述性相關；非因果或預測能力，少量樣本不作判斷,描述性關係；尚未扣費用、檢查除權息或做樣本外驗證；不評分、不認定關鍵分點
2395,8900,8900,法銀巴黎,sell,5,1,1,0.5532503457814641,1.0,0.5532503457814641,0.0,-0.9681881051175623,1,,量占比與後續報酬的描述性相關；非因果或預測能力，少量樣本不作判斷,描述性關係；尚未扣費用、檢查除權息或做樣本外驗證；不評分、不認定關鍵分點
2395,8960,8960,香港上海匯豐,sell,5,1,1,0.5532503457814641,1.0,0.5532503457814641,0.0,-0.9681881051175623,1,,量占比與後續報酬的描述性相關；非因果或預測能力，少量樣本不作判斷,描述性關係；尚未扣費用、檢查除權息或做樣本外驗證；不評分、不認定關鍵分點
2395,9100,9100,群益金鼎,buy,5,1,1,0.5532503457814641,1.0,0.5532503457814641,0.0,-0.9681881051175623,1,,量占比與後續報酬的描述性相關；非因果或預測能力，少量樣本不作判斷,描述性關係；尚未扣費用、檢查除權息或做樣本外驗證；不評分、不認定關鍵分點
2395,9200,9200,凱基,sell,5,1,1,0.5532503457814641,1.0,0.5532503457814641,0.0,-0.9681881051175623,1,,量占比與後續報酬的描述性相關；非因果或預測能力，少量樣本不作判斷,描述性關係；尚未扣費用、檢查除權息或做樣本外驗證；不評分、不認定關鍵分點
2395,9268,9200,凱基-台北,buy,5,1,1,0.5532503457814641,1.0,0.5532503457814641,0.0,-0.9681881051175623,1,,量占比與後續報酬的描述性相關；非因果或預測能力，少量樣本不作判斷,描述性關係；尚未扣費用、檢查除權息或做樣本外驗證；不評分、不認定關鍵分點
2395,9300,9300,華南永昌,sell,5,1,1,0.5532503457814641,1.0,0.5532503457814641,0.0,-0.9681881051175623,1,,量占比與後續報酬的描述性相關；非因果或預測能力，少量樣本不作判斷,描述性關係；尚未扣費用、檢查除權息或做樣本外驗證；不評分、不認定關鍵分點
2395,9800,9800,元大證券,buy,5,1,1,0.5532503457814641,1.0,0.5532503457814641,0.0,-0.9681881051175623,1,,量占比與後續報酬的描述性相關；非因果或預測能力，少量樣本不作判斷,描述性關係；尚未扣費用、檢查除權息或做樣本外驗證；不評分、不認定關鍵分點
2395,9893,9800,元大-大天母,sell,5,1,1,0.5532503457814641,1.0,0.5532503457814641,0.0,-0.9681881051175623,1,,量占比與後續報酬的描述性相關；非因果或預測能力，少量樣本不作判斷,描述性關係；尚未扣費用、檢查除權息或做樣本外驗證；不評分、不認定關鍵分點
2404,0037003000300049,7000,兆豐-北高雄,buy,5,1,1,0.0,0.0,0.0,0.0,-1.532567049808431,1,,量占比與後續報酬的描述性相關；非因果或預測能力，少量樣本不作判斷,描述性關係；尚未扣費用、檢查除權息或做樣本外驗證；不評分、不認定關鍵分點
2404,003700370039006a,7790,國票-和平,buy,5,1,1,0.0,0.0,0.0,0.0,-1.532567049808431,1,,量占比與後續報酬的描述性相關；非因果或預測能力，少量樣本不作判斷,描述性關係；尚未扣費用、檢查除權息或做樣本外驗證；不評分、不認定關鍵分點
2404,0038003400350046,8450,康和-仁愛,buy,5,1,1,0.0,0.0,0.0,0.0,-1.532567049808431,1,,量占比與後續報酬的描述性相關；非因果或預測能力，少量樣本不作判斷,描述性關係；尚未扣費用、檢查除權息或做樣本外驗證；不評分、不認定關鍵分點
2404,0038003800340042,8840,玉山-台中,sell,5,1,1,0.0,0.0,0.0,0.0,-1.532567049808431,1,,量占比與後續報酬的描述性相關；非因果或預測能力，少量樣本不作判斷,描述性關係；尚未扣費用、檢查除權息或做樣本外驗證；不評分、不認定關鍵分點
2404,0039003100330059,9100,群益金鼎-館前,sell,5,1,1,0.0,0.0,0.0,0.0,-1.532567049808431,1,,量占比與後續報酬的描述性相關；非因果或預測能力，少量樣本不作判斷,描述性關係；尚未扣費用、檢查除權息或做樣本外驗證；不評分、不認定關鍵分點
2404,0039003200300046,9200,凱基-站前,buy,5,1,1,0.0,0.0,0.0,0.0,-1.532567049808431,1,,量占比與後續報酬的描述性相關；非因果或預測能力，少量樣本不作判斷,描述性關係；尚未扣費用、檢查除權息或做樣本外驗證；不評分、不認定關鍵分點
2404,0039003800380042,9800,元大-桃園,sell,5,1,1,0.0,0.0,0.0,0.0,-1.532567049808431,1,,量占比與後續報酬的描述性相關；非因果或預測能力，少量樣本不作判斷,描述性關係；尚未扣費用、檢查除權息或做樣本外驗證；不評分、不認定關鍵分點
2404,0039004100300030,9A00,永豐金證券,buy,5,1,1,0.0,0.0,0.0,0.0,-1.532567049808431,1,,量占比與後續報酬的描述性相關；非因果或預測能力，少量樣本不作判斷,描述性關係；尚未扣費用、檢查除權息或做樣本外驗證；不評分、不認定關鍵分點
2404,0039004100380031,9A00,永豐金-匯立,buy,5,1,1,0.0,0.0,0.0,0.0,-1.532567049808431,1,,量占比與後續報酬的描述性相關；非因果或預測能力，少量樣本不作判斷,描述性關係；尚未扣費用、檢查除權息或做樣本外驗證；不評分、不認定關鍵分點
2404,0039004200300030,9B00,台新,buy,5,1,1,0.0,0.0,0.0,0.0,-1.532567049808431,1,,量占比與後續報酬的描述性相關；非因果或預測能力，少量樣本不作判斷,描述性關係；尚未扣費用、檢查除權息或做樣本外驗證；不評分、不認定關鍵分點
2404,0039004200320030,9B00,台新-台北,buy,5,1,1,0.0,0.0,0.0,0.0,-1.532567049808431,1,,量占比與後續報酬的描述性相關；非因果或預測能力，少量樣本不作判斷,描述性關係；尚未扣費用、檢查除權息或做樣本外驗證；不評分、不認定關鍵分點
2404,1030,1030,土銀,sell,5,1,1,0.0,0.0,0.0,0.0,-1.532567049808431,1,,量占比與後續報酬的描述性相關；非因果或預測能力，少量樣本不作判斷,描述性關係；尚未扣費用、檢查除權息或做樣本外驗證；不評分、不認定關鍵分點
2404,1260,1260,宏遠證券,sell,5,1,1,0.0,0.0,0.0,0.0,-1.532567049808431,1,,量占比與後續報酬的描述性相關；非因果或預測能力，少量樣本不作判斷,描述性關係；尚未扣費用、檢查除權息或做樣本外驗證；不評分、不認定關鍵分點
2404,1440,1440,美林,buy,5,1,1,0.0,0.0,0.0,0.0,-1.532567049808431,1,,量占比與後續報酬的描述性相關；非因果或預測能力，少量樣本不作判斷,描述性關係；尚未扣費用、檢查除權息或做樣本外驗證；不評分、不認定關鍵分點
2404,1470,1470,台灣摩根士丹利,buy,5,1,1,0.0,0.0,0.0,0.0,-1.532567049808431,1,,量占比與後續報酬的描述性相關；非因果或預測能力，少量樣本不作判斷,描述性關係；尚未扣費用、檢查除權息或做樣本外驗證；不評分、不認定關鍵分點
2404,1560,1560,港商野村,sell,5,1,1,0.0,0.0,0.0,0.0,-1.532567049808431,1,,量占比與後續報酬的描述性相關；非因果或預測能力，少量樣本不作判斷,描述性關係；尚未扣費用、檢查除權息或做樣本外驗證；不評分、不認定關鍵分點
2404,1650,1650,新加坡商瑞銀,buy,5,1,1,0.0,0.0,0.0,0.0,-1.532567049808431,1,,量占比與後續報酬的描述性相關；非因果或預測能力，少量樣本不作判斷,描述性關係；尚未扣費用、檢查除權息或做樣本外驗證；不評分、不認定關鍵分點
2404,6160,6160,中國信託,sell,5,1,1,0.0,0.0,0.0,0.0,-1.532567049808431,1,,量占比與後續報酬的描述性相關；非因果或預測能力，少量樣本不作判斷,描述性關係；尚未扣費用、檢查除權息或做樣本外驗證；不評分、不認定關鍵分點
2404,7000,7000,兆豐證券,buy,5,1,1,0.0,0.0,0.0,0.0,-1.532567049808431,1,,量占比與後續報酬的描述性相關；非因果或預測能力，少量樣本不作判斷,描述性關係；尚未扣費用、檢查除權息或做樣本外驗證；不評分、不認定關鍵分點
2404,7005,7000,兆豐-台中港,sell,5,1,1,0.0,0.0,0.0,0.0,-1.532567049808431,1,,量占比與後續報酬的描述性相關；非因果或預測能力，少量樣本不作判斷,描述性關係；尚未扣費用、檢查除權息或做樣本外驗證；不評分、不認定關鍵分點
2404,8440,8440,摩根大通,sell,5,1,1,0.0,0.0,0.0,0.0,-1.532567049808431,1,,量占比與後續報酬的描述性相關；非因果或預測能力，少量樣本不作判斷,描述性關係；尚未扣費用、檢查除權息或做樣本外驗證；不評分、不認定關鍵分點
2404,8890,8890,大和國泰,sell,5,1,1,0.0,0.0,0.0,0.0,-1.532567049808431,1,,量占比與後續報酬的描述性相關；非因果或預測能力，少量樣本不作判斷,描述性關係；尚未扣費用、檢查除權息或做樣本外驗證；不評分、不認定關鍵分點
2404,9200,9200,凱基,sell,5,1,1,0.0,0.0,0.0,0.0,-1.532567049808431,1,,量占比與後續報酬的描述性相關；非因果或預測能力，少量樣本不作判斷,描述性關係；尚未扣費用、檢查除權息或做樣本外驗證；不評分、不認定關鍵分點
2404,9268,9200,凱基-台北,buy,5,1,1,0.0,0.0,0.0,0.0,-1.532567049808431,1,,量占比與後續報酬的描述性相關；非因果或預測能力，少量樣本不作判斷,描述性關係；尚未扣費用、檢查除權息或做樣本外驗證；不評分、不認定關鍵分點
2404,9326,9300,華南永昌-南京,buy,5,1,1,0.0,0.0,0.0,0.0,-1.532567049808431,1,,量占比與後續報酬的描述性相關；非因果或預測能力，少量樣本不作判斷,描述性關係；尚未扣費用、檢查除權息或做樣本外驗證；不評分、不認定關鍵分點
2404,9359,9300,華南永昌-中正,sell,5,1,1,0.0,0.0,0.0,0.0,-1.532567049808431,1,,量占比與後續報酬的描述性相關；非因果或預測能力，少量樣本不作判斷,描述性關係；尚未扣費用、檢查除權息或做樣本外驗證；不評分、不認定關鍵分點
2404,9600,9600,富邦證券,sell,5,1,1,0.0,0.0,0.0,0.0,-1.532567049808431,1,,量占比與後續報酬的描述性相關；非因果或預測能力，少量樣本不作判斷,描述性關係；尚未扣費用、檢查除權息或做樣本外驗證；不評分、不認定關鍵分點
2404,9676,9600,富邦-仁愛,sell,5,1,1,0.0,0.0,0.0,0.0,-1.532567049808431,1,,量占比與後續報酬的描述性相關；非因果或預測能力，少量樣本不作判斷,描述性關係；尚未扣費用、檢查除權息或做樣本外驗證；不評分、不認定關鍵分點
2404,9800,9800,元大證券,buy,5,1,1,0.0,0.0,0.0,0.0,-1.532567049808431,1,,量占比與後續報酬的描述性相關；非因果或預測能力，少量樣本不作判斷,描述性關係；尚未扣費用、檢查除權息或做樣本外驗證；不評分、不認定關鍵分點
2404,9801,9800,元大-松江,sell,5,1,1,0.0,0.0,0.0,0.0,-1.532567049808431,1,,量占比與後續報酬的描述性相關；非因果或預測能力，少量樣本不作判斷,描述性關係；尚未扣費用、檢查除權息或做樣本外驗證；不評分、不認定關鍵分點
2408,0035003300380045,5380,第一金-自由,buy,5,1,1,2.5048169556840083,1.0,2.5048169556840083,0.0,-0.9633911368015391,1,,量占比與後續報酬的描述性相關；非因果或預測能力，少量樣本不作判斷,描述性關係；尚未扣費用、檢查除權息或做樣本外驗證；不評分、不認定關鍵分點
2408,0035003800350044,5850,統一-新台中,buy,5,1,1,2.5048169556840083,1.0,2.5048169556840083,0.0,-0.9633911368015391,1,,量占比與後續報酬的描述性相關；非因果或預測能力，少量樣本不作判斷,描述性關係；尚未扣費用、檢查除權息或做樣本外驗證；不評分、不認定關鍵分點
2408,0037003700390063,7790,國票-敦北法人,sell,5,1,1,2.5048169556840083,1.0,2.5048169556840083,0.0,-0.9633911368015391,1,,量占比與後續報酬的描述性相關；非因果或預測能力，少量樣本不作判斷,描述性關係；尚未扣費用、檢查除權息或做樣本外驗證；不評分、不認定關鍵分點
2408,0039003100330048,9100,群益金鼎-屏東,buy,5,1,1,2.5048169556840083,1.0,2.5048169556840083,0.0,-0.9633911368015391,1,,量占比與後續報酬的描述性相關；非因果或預測能力，少量樣本不作判斷,描述性關係；尚未扣費用、檢查除權息或做樣本外驗證；不評分、不認定關鍵分點
2408,0039003200300046,9200,凱基-站前,sell,5,1,1,2.5048169556840083,1.0,2.5048169556840083,0.0,-0.9633911368015391,1,,量占比與後續報酬的描述性相關；非因果或預測能力，少量樣本不作判斷,描述性關係；尚未扣費用、檢查除權息或做樣本外驗證；不評分、不認定關鍵分點
2408,0039003600310052,9600,富邦-南員林,buy,5,1,1,2.5048169556840083,1.0,2.5048169556840083,0.0,-0.9633911368015391,1,,量占比與後續報酬的描述性相關；非因果或預測能力，少量樣本不作判斷,描述性關係；尚未扣費用、檢查除權息或做樣本外驗證；不評分、不認定關鍵分點
2408,0039003800390065,9800,元大-中和,sell,5,1,1,2.5048169556840083,1.0,2.5048169556840083,0.0,-0.9633911368015391,1,,量占比與後續報酬的描述性相關；非因果或預測能力，少量樣本不作判斷,描述性關係；尚未扣費用、檢查除權息或做樣本外驗證；不評分、不認定關鍵分點
2408,0039004100390052,9A00,永豐金-信義,sell,5,1,1,2.5048169556840083,1.0,2.5048169556840083,0.0,-0.9633911368015391,1,,量占比與後續報酬的描述性相關；非因果或預測能力，少量樣本不作判斷,描述性關係；尚未扣費用、檢查除權息或做樣本外驗證；不評分、不認定關鍵分點
2408,0039004200300030,9B00,台新,sell,5,1,1,2.5048169556840083,1.0,2.5048169556840083,0.0,-0.9633911368015391,1,,量占比與後續報酬的描述性相關；非因果或預測能力，少量樣本不作判斷,描述性關係；尚未扣費用、檢查除權息或做樣本外驗證；不評分、不認定關鍵分點
2408,0039004200310038,9B00,台新-建北,sell,5,1,1,2.5048169556840083,1.0,2.5048169556840083,0.0,-0.9633911368015391,1,,量占比與後續報酬的描述性相關；非因果或預測能力，少量樣本不作判斷,描述性關係；尚未扣費用、檢查除權息或做樣本外驗證；不評分、不認定關鍵分點
2408,0039004200320043,9B00,台新-潮州,buy,5,1,1,2.5048169556840083,1.0,2.5048169556840083,0.0,-0.9633911368015391,1,,量占比與後續報酬的描述性相關；非因果或預測能力，少量樣本不作判斷,描述性關係；尚未扣費用、檢查除權息或做樣本外驗證；不評分、不認定關鍵分點
2408,0039004200320051,9B00,台新-敦南,buy,5,1,1,2.5048169556840083,1.0,2.5048169556840083,0.0,-0.9633911368015391,1,,量占比與後續報酬的描述性相關；非因果或預測能力，少量樣本不作判斷,描述性關係；尚未扣費用、檢查除權息或做樣本外驗證；不評分、不認定關鍵分點
2408,1260,1260,宏遠證券,sell,5,1,1,2.5048169556840083,1.0,2.5048169556840083,0.0,-0.9633911368015391,1,,量占比與後續報酬的描述性相關；非因果或預測能力，少量樣本不作判斷,描述性關係；尚未扣費用、檢查除權息或做樣本外驗證；不評分、不認定關鍵分點
2408,1440,1440,美林,buy,5,1,1,2.5048169556840083,1.0,2.5048169556840083,0.0,-0.9633911368015391,1,,量占比與後續報酬的描述性相關；非因果或預測能力，少量樣本不作判斷,描述性關係；尚未扣費用、檢查除權息或做樣本外驗證；不評分、不認定關鍵分點
2408,1470,1470,台灣摩根士丹利,sell,5,1,1,2.5048169556840083,1.0,2.5048169556840083,0.0,-0.9633911368015391,1,,量占比與後續報酬的描述性相關；非因果或預測能力，少量樣本不作判斷,描述性關係；尚未扣費用、檢查除權息或做樣本外驗證；不評分、不認定關鍵分點
2408,1480,1480,美商高盛,sell,5,1,1,2.5048169556840083,1.0,2.5048169556840083,0.0,-0.9633911368015391,1,,量占比與後續報酬的描述性相關；非因果或預測能力，少量樣本不作判斷,描述性關係；尚未扣費用、檢查除權息或做樣本外驗證；不評分、不認定關鍵分點
2408,1590,1590,花旗環球,buy,5,1,1,2.5048169556840083,1.0,2.5048169556840083,0.0,-0.9633911368015391,1,,量占比與後續報酬的描述性相關；非因果或預測能力，少量樣本不作判斷,描述性關係；尚未扣費用、檢查除權息或做樣本外驗證；不評分、不認定關鍵分點
2408,1650,1650,新加坡商瑞銀,buy,5,1,1,2.5048169556840083,1.0,2.5048169556840083,0.0,-0.9633911368015391,1,,量占比與後續報酬的描述性相關；非因果或預測能力，少量樣本不作判斷,描述性關係；尚未扣費用、檢查除權息或做樣本外驗證；不評分、不認定關鍵分點
2408,8440,8440,摩根大通,sell,5,1,1,2.5048169556840083,1.0,2.5048169556840083,0.0,-0.9633911368015391,1,,量占比與後續報酬的描述性相關；非因果或預測能力，少量樣本不作判斷,描述性關係；尚未扣費用、檢查除權息或做樣本外驗證；不評分、不認定關鍵分點
2408,8560,8560,新光,sell,5,1,1,2.5048169556840083,1.0,2.5048169556840083,0.0,-0.9633911368015391,1,,量占比與後續報酬的描述性相關；非因果或預測能力，少量樣本不作判斷,描述性關係；尚未扣費用、檢查除權息或做樣本外驗證；不評分、不認定關鍵分點
2408,8885,8880,國泰-桃園,sell,5,1,1,2.5048169556840083,1.0,2.5048169556840083,0.0,-0.9633911368015391,1,,量占比與後續報酬的描述性相關；非因果或預測能力，少量樣本不作判斷,描述性關係；尚未扣費用、檢查除權息或做樣本外驗證；不評分、不認定關鍵分點
2408,8888,8880,國泰-敦南,sell,5,1,1,2.5048169556840083,1.0,2.5048169556840083,0.0,-0.9633911368015391,1,,量占比與後續報酬的描述性相關；非因果或預測能力，少量樣本不作判斷,描述性關係；尚未扣費用、檢查除權息或做樣本外驗證；不評分、不認定關鍵分點
2408,9100,9100,群益金鼎,buy,5,1,1,2.5048169556840083,1.0,2.5048169556840083,0.0,-0.9633911368015391,1,,量占比與後續報酬的描述性相關；非因果或預測能力，少量樣本不作判斷,描述性關係；尚未扣費用、檢查除權息或做樣本外驗證；不評分、不認定關鍵分點
2408,9200,9200,凱基,buy,5,1,1,2.5048169556840083,1.0,2.5048169556840083,0.0,-0.9633911368015391,1,,量占比與後續報酬的描述性相關；非因果或預測能力，少量樣本不作判斷,描述性關係；尚未扣費用、檢查除權息或做樣本外驗證；不評分、不認定關鍵分點
2408,9218,9200,凱基-大直,buy,5,1,1,2.5048169556840083,1.0,2.5048169556840083,0.0,-0.9633911368015391,1,,量占比與後續報酬的描述性相關；非因果或預測能力，少量樣本不作判斷,描述性關係；尚未扣費用、檢查除權息或做樣本外驗證；不評分、不認定關鍵分點
2408,9268,9200,凱基-台北,buy,5,1,1,2.5048169556840083,1.0,2.5048169556840083,0.0,-0.9633911368015391,1,,量占比與後續報酬的描述性相關；非因果或預測能力，少量樣本不作判斷,描述性關係；尚未扣費用、檢查除權息或做樣本外驗證；不評分、不認定關鍵分點
2408,9281,9200,凱基-斗六,sell,5,1,1,2.5048169556840083,1.0,2.5048169556840083,0.0,-0.9633911368015391,1,,量占比與後續報酬的描述性相關；非因果或預測能力，少量樣本不作判斷,描述性關係；尚未扣費用、檢查除權息或做樣本外驗證；不評分、不認定關鍵分點
2408,9600,9600,富邦證券,buy,5,1,1,2.5048169556840083,1.0,2.5048169556840083,0.0,-0.9633911368015391,1,,量占比與後續報酬的描述性相關；非因果或預測能力，少量樣本不作判斷,描述性關係；尚未扣費用、檢查除權息或做樣本外驗證；不評分、不認定關鍵分點
2408,9800,9800,元大證券,buy,5,1,1,2.5048169556840083,1.0,2.5048169556840083,0.0,-0.9633911368015391,1,,量占比與後續報酬的描述性相關；非因果或預測能力，少量樣本不作判斷,描述性關係；尚未扣費用、檢查除權息或做樣本外驗證；不評分、不認定關鍵分點
2408,9884,9800,元大-斗信,sell,5,1,1,2.5048169556840083,1.0,2.5048169556840083,0.0,-0.9633911368015391,1,,量占比與後續報酬的描述性相關；非因果或預測能力，少量樣本不作判斷,描述性關係；尚未扣費用、檢查除權息或做樣本外驗證；不評分、不認定關鍵分點
2421,003700300030004d,7000,兆豐-桃園,sell,5,1,1,2.4390243902439046,1.0,2.4390243902439046,0.0,1.2195121951219523,1,,量占比與後續報酬的描述性相關；非因果或預測能力，少量樣本不作判斷,描述性關係；尚未扣費用、檢查除權息或做樣本外驗證；不評分、不認定關鍵分點
2421,003700370039005a,7790,國票-安和,sell,5,1,1,2.4390243902439046,1.0,2.4390243902439046,0.0,1.2195121951219523,1,,量占比與後續報酬的描述性相關；非因果或預測能力，少量樣本不作判斷,描述性關係；尚未扣費用、檢查除權息或做樣本外驗證；不評分、不認定關鍵分點
2421,0038003800380041,8880,國泰-館前,sell,5,1,1,2.4390243902439046,1.0,2.4390243902439046,0.0,1.2195121951219523,1,,量占比與後續報酬的描述性相關；非因果或預測能力，少量樣本不作判斷,描述性關係；尚未扣費用、檢查除權息或做樣本外驗證；不評分、不認定關鍵分點
2421,003900360035004b,9600,富邦-台中,sell,5,1,1,2.4390243902439046,1.0,2.4390243902439046,0.0,1.2195121951219523,1,,量占比與後續報酬的描述性相關；非因果或預測能力，少量樣本不作判斷,描述性關係；尚未扣費用、檢查除權息或做樣本外驗證；不評分、不認定關鍵分點
2421,0039003800310068,9800,元大-屏東民生,sell,5,1,1,2.4390243902439046,1.0,2.4390243902439046,0.0,1.2195121951219523,1,,量占比與後續報酬的描述性相關；非因果或預測能力，少量樣本不作判斷,描述性關係；尚未扣費用、檢查除權息或做樣本外驗證；不評分、不認定關鍵分點
2421,0039003800390047,9800,元大-大同,buy,5,1,1,2.4390243902439046,1.0,2.4390243902439046,0.0,1.2195121951219523,1,,量占比與後續報酬的描述性相關；非因果或預測能力，少量樣本不作判斷,描述性關係；尚未扣費用、檢查除權息或做樣本外驗證；不評分、不認定關鍵分點
2421,0039004100300030,9A00,永豐金證券,buy,5,1,1,2.4390243902439046,1.0,2.4390243902439046,0.0,1.2195121951219523,1,,量占比與後續報酬的描述性相關；非因果或預測能力，少量樣本不作判斷,描述性關係；尚未扣費用、檢查除權息或做樣本外驗證；不評分、不認定關鍵分點
2421,0039004100380031,9A00,永豐金-匯立,sell,5,1,1,2.4390243902439046,1.0,2.4390243902439046,0.0,1.2195121951219523,1,,量占比與後續報酬的描述性相關；非因果或預測能力，少量樣本不作判斷,描述性關係；尚未扣費用、檢查除權息或做樣本外驗證；不評分、不認定關鍵分點
2421,0039004100390039,9A00,永豐金-中壢,buy,5,1,1,2.4390243902439046,1.0,2.4390243902439046,0.0,1.2195121951219523,1,,量占比與後續報酬的描述性相關；非因果或預測能力，少量樣本不作判斷,描述性關係；尚未扣費用、檢查除權息或做樣本外驗證；不評分、不認定關鍵分點
2421,0039004200300030,9B00,台新,sell,5,1,1,2.4390243902439046,1.0,2.4390243902439046,0.0,1.2195121951219523,1,,量占比與後續報酬的描述性相關；非因果或預測能力，少量樣本不作判斷,描述性關係；尚未扣費用、檢查除權息或做樣本外驗證；不評分、不認定關鍵分點
2421,0039004200310036,9B00,台新-台南,buy,5,1,1,2.4390243902439046,1.0,2.4390243902439046,0.0,1.2195121951219523,1,,量占比與後續報酬的描述性相關；非因果或預測能力，少量樣本不作判斷,描述性關係；尚未扣費用、檢查除權息或做樣本外驗證；不評分、不認定關鍵分點
2421,003900420032006e,9B00,台新-西松,sell,5,1,1,2.4390243902439046,1.0,2.4390243902439046,0.0,1.2195121951219523,1,,量占比與後續報酬的描述性相關；非因果或預測能力，少量樣本不作判斷,描述性關係；尚未扣費用、檢查除權息或做樣本外驗證；不評分、不認定關鍵分點
2421,1117,1110,台灣企銀-竹北,sell,5,1,1,2.4390243902439046,1.0,2.4390243902439046,0.0,1.2195121951219523,1,,量占比與後續報酬的描述性相關；非因果或預測能力，少量樣本不作判斷,描述性關係；尚未扣費用、檢查除權息或做樣本外驗證；不評分、不認定關鍵分點
2421,1440,1440,美林,buy,5,1,1,2.4390243902439046,1.0,2.4390243902439046,0.0,1.2195121951219523,1,,量占比與後續報酬的描述性相關；非因果或預測能力，少量樣本不作判斷,描述性關係；尚未扣費用、檢查除權息或做樣本外驗證；不評分、不認定關鍵分點
2421,1480,1480,美商高盛,buy,5,1,1,2.4390243902439046,1.0,2.4390243902439046,0.0,1.2195121951219523,1,,量占比與後續報酬的描述性相關；非因果或預測能力，少量樣本不作判斷,描述性關係；尚未扣費用、檢查除權息或做樣本外驗證；不評分、不認定關鍵分點
2421,1560,1560,港商野村,sell,5,1,1,2.4390243902439046,1.0,2.4390243902439046,0.0,1.2195121951219523,1,,量占比與後續報酬的描述性相關；非因果或預測能力，少量樣本不作判斷,描述性關係；尚未扣費用、檢查除權息或做樣本外驗證；不評分、不認定關鍵分點
2421,1650,1650,新加坡商瑞銀,sell,5,1,1,2.4390243902439046,1.0,2.4390243902439046,0.0,1.2195121951219523,1,,量占比與後續報酬的描述性相關；非因果或預測能力，少量樣本不作判斷,描述性關係；尚未扣費用、檢查除權息或做樣本外驗證；不評分、不認定關鍵分點
2421,5262,5260,美好-楊梅,buy,5,1,1,2.4390243902439046,1.0,2.4390243902439046,0.0,1.2195121951219523,1,,量占比與後續報酬的描述性相關；非因果或預測能力，少量樣本不作判斷,描述性關係；尚未扣費用、檢查除權息或做樣本外驗證；不評分、不認定關鍵分點
2421,6465,6460,大昌-桃園,buy,5,1,1,2.4390243902439046,1.0,2.4390243902439046,0.0,1.2195121951219523,1,,量占比與後續報酬的描述性相關；非因果或預測能力，少量樣本不作判斷,描述性關係；尚未扣費用、檢查除權息或做樣本外驗證；不評分、不認定關鍵分點
2421,8440,8440,摩根大通,buy,5,1,1,2.4390243902439046,1.0,2.4390243902439046,0.0,1.2195121951219523,1,,量占比與後續報酬的描述性相關；非因果或預測能力，少量樣本不作判斷,描述性關係；尚未扣費用、檢查除權息或做樣本外驗證；不評分、不認定關鍵分點
2421,8560,8560,新光,sell,5,1,1,2.4390243902439046,1.0,2.4390243902439046,0.0,1.2195121951219523,1,,量占比與後續報酬的描述性相關；非因果或預測能力，少量樣本不作判斷,描述性關係；尚未扣費用、檢查除權息或做樣本外驗證；不評分、不認定關鍵分點
2421,8960,8960,香港上海匯豐,buy,5,1,1,2.4390243902439046,1.0,2.4390243902439046,0.0,1.2195121951219523,1,,量占比與後續報酬的描述性相關；非因果或預測能力，少量樣本不作判斷,描述性關係；尚未扣費用、檢查除權息或做樣本外驗證；不評分、不認定關鍵分點
2421,9184,9100,群益金鼎-台中,buy,5,1,1,2.4390243902439046,1.0,2.4390243902439046,0.0,1.2195121951219523,1,,量占比與後續報酬的描述性相關；非因果或預測能力，少量樣本不作判斷,描述性關係；尚未扣費用、檢查除權息或做樣本外驗證；不評分、不認定關鍵分點
2421,9218,9200,凱基-大直,sell,5,1,1,2.4390243902439046,1.0,2.4390243902439046,0.0,1.2195121951219523,1,,量占比與後續報酬的描述性相關；非因果或預測能力，少量樣本不作判斷,描述性關係；尚未扣費用、檢查除權息或做樣本外驗證；不評分、不認定關鍵分點
2421,9237,9200,凱基-敦北,sell,5,1,1,2.4390243902439046,1.0,2.4390243902439046,0.0,1.2195121951219523,1,,量占比與後續報酬的描述性相關；非因果或預測能力，少量樣本不作判斷,描述性關係；尚未扣費用、檢查除權息或做樣本外驗證；不評分、不認定關鍵分點
2421,9268,9200,凱基-台北,buy,5,1,1,2.4390243902439046,1.0,2.4390243902439046,0.0,1.2195121951219523,1,,量占比與後續報酬的描述性相關；非因果或預測能力，少量樣本不作判斷,描述性關係；尚未扣費用、檢查除權息或做樣本外驗證；不評分、不認定關鍵分點
2421,9362,9300,華南永昌-苗栗,sell,5,1,1,2.4390243902439046,1.0,2.4390243902439046,0.0,1.2195121951219523,1,,量占比與後續報酬的描述性相關；非因果或預測能力，少量樣本不作判斷,描述性關係；尚未扣費用、檢查除權息或做樣本外驗證；不評分、不認定關鍵分點
2421,9600,9600,富邦證券,buy,5,1,1,2.4390243902439046,1.0,2.4390243902439046,0.0,1.2195121951219523,1,,量占比與後續報酬的描述性相關；非因果或預測能力，少量樣本不作判斷,描述性關係；尚未扣費用、檢查除權息或做樣本外驗證；不評分、不認定關鍵分點
2421,9676,9600,富邦-仁愛,buy,5,1,1,2.4390243902439046,1.0,2.4390243902439046,0.0,1.2195121951219523,1,,量占比與後續報酬的描述性相關；非因果或預測能力，少量樣本不作判斷,描述性關係；尚未扣費用、檢查除權息或做樣本外驗證；不評分、不認定關鍵分點
2421,9800,9800,元大證券,buy,5,1,1,2.4390243902439046,1.0,2.4390243902439046,0.0,1.2195121951219523,1,,量占比與後續報酬的描述性相關；非因果或預測能力，少量樣本不作判斷,描述性關係；尚未扣費用、檢查除權息或做樣本外驗證；不評分、不認定關鍵分點
2441,0031003000320043,1020,合庫-自強,sell,5,1,1,2.008032128514059,1.0,2.008032128514059,0.0,-0.40160642570281624,1,,量占比與後續報酬的描述性相關；非因果或預測能力，少量樣本不作判斷,描述性關係；尚未扣費用、檢查除權息或做樣本外驗證；不評分、不認定關鍵分點
2441,0035003800350052,5850,統一-東湖,buy,5,1,1,2.008032128514059,1.0,2.008032128514059,0.0,-0.40160642570281624,1,,量占比與後續報酬的描述性相關；非因果或預測能力，少量樣本不作判斷,描述性關係；尚未扣費用、檢查除權息或做樣本外驗證；不評分、不認定關鍵分點
2441,003800380038004e,8880,國泰-新竹,buy,5,1,1,2.008032128514059,1.0,2.008032128514059,0.0,-0.40160642570281624,1,,量占比與後續報酬的描述性相關；非因果或預測能力，少量樣本不作判斷,描述性關係；尚未扣費用、檢查除權息或做樣本外驗證；不評分、不認定關鍵分點
2441,003900380031006d,9800,元大-高雄,buy,5,1,1,2.008032128514059,1.0,2.008032128514059,0.0,-0.40160642570281624,1,,量占比與後續報酬的描述性相關；非因果或預測能力，少量樣本不作判斷,描述性關係；尚未扣費用、檢查除權息或做樣本外驗證；不評分、不認定關鍵分點
2441,003900380031007a,9800,元大-大統,buy,5,1,1,2.008032128514059,1.0,2.008032128514059,0.0,-0.40160642570281624,1,,量占比與後續報酬的描述性相關；非因果或預測能力，少量樣本不作判斷,描述性關係；尚未扣費用、檢查除權息或做樣本外驗證；不評分、不認定關鍵分點
2441,003900380039004c,9800,元大-成功,sell,5,1,1,2.008032128514059,1.0,2.008032128514059,0.0,-0.40160642570281624,1,,量占比與後續報酬的描述性相關；非因果或預測能力，少量樣本不作判斷,描述性關係；尚未扣費用、檢查除權息或做樣本外驗證；不評分、不認定關鍵分點
2441,0039004100300030,9A00,永豐金證券,buy,5,1,1,2.008032128514059,1.0,2.008032128514059,0.0,-0.40160642570281624,1,,量占比與後續報酬的描述性相關；非因果或預測能力，少量樣本不作判斷,描述性關係；尚未扣費用、檢查除權息或做樣本外驗證；不評分、不認定關鍵分點
2441,0039004100380031,9A00,永豐金-匯立,sell,5,1,1,2.008032128514059,1.0,2.008032128514059,0.0,-0.40160642570281624,1,,量占比與後續報酬的描述性相關；非因果或預測能力，少量樣本不作判斷,描述性關係；尚未扣費用、檢查除權息或做樣本外驗證；不評分、不認定關鍵分點
2441,0039004100390078,9A00,永豐金-桃園,buy,5,1,1,2.008032128514059,1.0,2.008032128514059,0.0,-0.40160642570281624,1,,量占比與後續報酬的描述性相關；非因果或預測能力，少量樣本不作判斷,描述性關係；尚未扣費用、檢查除權息或做樣本外驗證；不評分、不認定關鍵分點
2441,0039004200300030,9B00,台新,buy,5,1,1,2.008032128514059,1.0,2.008032128514059,0.0,-0.40160642570281624,1,,量占比與後續報酬的描述性相關；非因果或預測能力，少量樣本不作判斷,描述性關係；尚未扣費用、檢查除權息或做樣本外驗證；不評分、不認定關鍵分點
2441,0039004200320069,9B00,台新-中港,sell,5,1,1,2.008032128514059,1.0,2.008032128514059,0.0,-0.40160642570281624,1,,量占比與後續報酬的描述性相關；非因果或預測能力，少量樣本不作判斷,描述性關係；尚未扣費用、檢查除權息或做樣本外驗證；不評分、不認定關鍵分點
2441,1030,1030,土銀,sell,5,1,1,2.008032128514059,1.0,2.008032128514059,0.0,-0.40160642570281624,1,,量占比與後續報酬的描述性相關；非因果或預測能力，少量樣本不作判斷,描述性關係；尚未扣費用、檢查除權息或做樣本外驗證；不評分、不認定關鍵分點
2441,1440,1440,美林,sell,5,1,1,2.008032128514059,1.0,2.008032128514059,0.0,-0.40160642570281624,1,,量占比與後續報酬的描述性相關；非因果或預測能力，少量樣本不作判斷,描述性關係；尚未扣費用、檢查除權息或做樣本外驗證；不評分、不認定關鍵分點
2441,1470,1470,台灣摩根士丹利,sell,5,1,1,2.008032128514059,1.0,2.008032128514059,0.0,-0.40160642570281624,1,,量占比與後續報酬的描述性相關；非因果或預測能力，少量樣本不作判斷,描述性關係；尚未扣費用、檢查除權息或做樣本外驗證；不評分、不認定關鍵分點
2441,1650,1650,新加坡商瑞銀,sell,5,1,1,2.008032128514059,1.0,2.008032128514059,0.0,-0.40160642570281624,1,,量占比與後續報酬的描述性相關；非因果或預測能力，少量樣本不作判斷,描述性關係；尚未扣費用、檢查除權息或做樣本外驗證；不評分、不認定關鍵分點
2441,5850,5850,統一,sell,5,1,1,2.008032128514059,1.0,2.008032128514059,0.0,-0.40160642570281624,1,,量占比與後續報酬的描述性相關；非因果或預測能力，少量樣本不作判斷,描述性關係；尚未扣費用、檢查除權息或做樣本外驗證；不評分、不認定關鍵分點
2441,6950,6950,福勝,sell,5,1,1,2.008032128514059,1.0,2.008032128514059,0.0,-0.40160642570281624,1,,量占比與後續報酬的描述性相關；非因果或預測能力，少量樣本不作判斷,描述性關係；尚未扣費用、檢查除權息或做樣本外驗證；不評分、不認定關鍵分點
2441,8440,8440,摩根大通,sell,5,1,1,2.008032128514059,1.0,2.008032128514059,0.0,-0.40160642570281624,1,,量占比與後續報酬的描述性相關；非因果或預測能力，少量樣本不作判斷,描述性關係；尚未扣費用、檢查除權息或做樣本外驗證；不評分、不認定關鍵分點
2441,8561,8560,新光-台中,buy,5,1,1,2.008032128514059,1.0,2.008032128514059,0.0,-0.40160642570281624,1,,量占比與後續報酬的描述性相關；非因果或預測能力，少量樣本不作判斷,描述性關係；尚未扣費用、檢查除權息或做樣本外驗證；不評分、不認定關鍵分點
2441,8841,8840,玉山-雙和,buy,5,1,1,2.008032128514059,1.0,2.008032128514059,0.0,-0.40160642570281624,1,,量占比與後續報酬的描述性相關；非因果或預測能力，少量樣本不作判斷,描述性關係；尚未扣費用、檢查除權息或做樣本外驗證；不評分、不認定關鍵分點
2441,8882,8880,國泰-台中,buy,5,1,1,2.008032128514059,1.0,2.008032128514059,0.0,-0.40160642570281624,1,,量占比與後續報酬的描述性相關；非因果或預測能力，少量樣本不作判斷,描述性關係；尚未扣費用、檢查除權息或做樣本外驗證；不評分、不認定關鍵分點
2441,9184,9100,群益金鼎-台中,sell,5,1,1,2.008032128514059,1.0,2.008032128514059,0.0,-0.40160642570281624,1,,量占比與後續報酬的描述性相關；非因果或預測能力，少量樣本不作判斷,描述性關係；尚未扣費用、檢查除權息或做樣本外驗證；不評分、不認定關鍵分點
2441,9186,9100,群益金鼎-新竹,buy,5,1,1,2.008032128514059,1.0,2.008032128514059,0.0,-0.40160642570281624,1,,量占比與後續報酬的描述性相關；非因果或預測能力，少量樣本不作判斷,描述性關係；尚未扣費用、檢查除權息或做樣本外驗證；不評分、不認定關鍵分點
2441,9206,9200,凱基-高雄,buy,5,1,1,2.008032128514059,1.0,2.008032128514059,0.0,-0.40160642570281624,1,,量占比與後續報酬的描述性相關；非因果或預測能力，少量樣本不作判斷,描述性關係；尚未扣費用、檢查除權息或做樣本外驗證；不評分、不認定關鍵分點
2441,9217,9200,凱基-松山,buy,5,1,1,2.008032128514059,1.0,2.008032128514059,0.0,-0.40160642570281624,1,,量占比與後續報酬的描述性相關；非因果或預測能力，少量樣本不作判斷,描述性關係；尚未扣費用、檢查除權息或做樣本外驗證；不評分、不認定關鍵分點
2441,9223,9200,凱基-豐中,buy,5,1,1,2.008032128514059,1.0,2.008032128514059,0.0,-0.40160642570281624,1,,量占比與後續報酬的描述性相關；非因果或預測能力，少量樣本不作判斷,描述性關係；尚未扣費用、檢查除權息或做樣本外驗證；不評分、不認定關鍵分點
2441,9268,9200,凱基-台北,sell,5,1,1,2.008032128514059,1.0,2.008032128514059,0.0,-0.40160642570281624,1,,量占比與後續報酬的描述性相關；非因果或預測能力，少量樣本不作判斷,描述性關係；尚未扣費用、檢查除權息或做樣本外驗證；不評分、不認定關鍵分點
2441,9600,9600,富邦證券,sell,5,1,1,2.008032128514059,1.0,2.008032128514059,0.0,-0.40160642570281624,1,,量占比與後續報酬的描述性相關；非因果或預測能力，少量樣本不作判斷,描述性關係；尚未扣費用、檢查除權息或做樣本外驗證；不評分、不認定關鍵分點
2441,9604,9600,富邦-陽明,sell,5,1,1,2.008032128514059,1.0,2.008032128514059,0.0,-0.40160642570281624,1,,量占比與後續報酬的描述性相關；非因果或預測能力，少量樣本不作判斷,描述性關係；尚未扣費用、檢查除權息或做樣本外驗證；不評分、不認定關鍵分點
2441,9654,9600,富邦-永和,buy,5,1,1,2.008032128514059,1.0,2.008032128514059,0.0,-0.40160642570281624,1,,量占比與後續報酬的描述性相關；非因果或預測能力，少量樣本不作判斷,描述性關係；尚未扣費用、檢查除權息或做樣本外驗證；不評分、不認定關鍵分點
2449,003700370039006a,7790,國票-和平,buy,5,1,1,2.871621621621623,1.0,2.871621621621623,0.0,-0.6756756756756799,1,,量占比與後續報酬的描述性相關；非因果或預測能力，少量樣本不作判斷,描述性關係；尚未扣費用、檢查除權息或做樣本外驗證；不評分、不認定關鍵分點
2449,003800380038004b,8880,國泰-板橋,buy,5,1,1,2.871621621621623,1.0,2.871621621621623,0.0,-0.6756756756756799,1,,量占比與後續報酬的描述性相關；非因果或預測能力，少量樣本不作判斷,描述性關係；尚未扣費用、檢查除權息或做樣本外驗證；不評分、不認定關鍵分點
2449,003900320030005a,9200,凱基-台東,sell,5,1,1,2.871621621621623,1.0,2.871621621621623,0.0,-0.6756756756756799,1,,量占比與後續報酬的描述性相關；非因果或預測能力，少量樣本不作判斷,描述性關係；尚未扣費用、檢查除權息或做樣本外驗證；不評分、不認定關鍵分點
2449,003900380034004b,9800,元大-館前,buy,5,1,1,2.871621621621623,1.0,2.871621621621623,0.0,-0.6756756756756799,1,,量占比與後續報酬的描述性相關；非因果或預測能力，少量樣本不作判斷,描述性關係；尚未扣費用、檢查除權息或做樣本外驗證；不評分、不認定關鍵分點
2449,0039004100300030,9A00,永豐金證券,buy,5,1,1,2.871621621621623,1.0,2.871621621621623,0.0,-0.6756756756756799,1,,量占比與後續報酬的描述性相關；非因果或預測能力，少量樣本不作判斷,描述性關係；尚未扣費用、檢查除權息或做樣本外驗證；不評分、不認定關鍵分點
2449,0039004200320076,9B00,台新-桃園,buy,5,1,1,2.871621621621623,1.0,2.871621621621623,0.0,-0.6756756756756799,1,,量占比與後續報酬的描述性相關；非因果或預測能力，少量樣本不作判斷,描述性關係；尚未扣費用、檢查除權息或做樣本外驗證；不評分、不認定關鍵分點
2449,1260,1260,宏遠證券,buy,5,1,1,2.871621621621623,1.0,2.871621621621623,0.0,-0.6756756756756799,1,,量占比與後續報酬的描述性相關；非因果或預測能力，少量樣本不作判斷,描述性關係；尚未扣費用、檢查除權息或做樣本外驗證；不評分、不認定關鍵分點
2449,1440,1440,美林,buy,5,1,1,2.871621621621623,1.0,2.871621621621623,0.0,-0.6756756756756799,1,,量占比與後續報酬的描述性相關；非因果或預測能力，少量樣本不作判斷,描述性關係；尚未扣費用、檢查除權息或做樣本外驗證；不評分、不認定關鍵分點
2449,1470,1470,台灣摩根士丹利,sell,5,1,1,2.871621621621623,1.0,2.871621621621623,0.0,-0.6756756756756799,1,,量占比與後續報酬的描述性相關；非因果或預測能力，少量樣本不作判斷,描述性關係；尚未扣費用、檢查除權息或做樣本外驗證；不評分、不認定關鍵分點
2449,1480,1480,美商高盛,sell,5,1,1,2.871621621621623,1.0,2.871621621621623,0.0,-0.6756756756756799,1,,量占比與後續報酬的描述性相關；非因果或預測能力，少量樣本不作判斷,描述性關係；尚未扣費用、檢查除權息或做樣本外驗證；不評分、不認定關鍵分點
2449,1590,1590,花旗環球,buy,5,1,1,2.871621621621623,1.0,2.871621621621623,0.0,-0.6756756756756799,1,,量占比與後續報酬的描述性相關；非因果或預測能力，少量樣本不作判斷,描述性關係；尚未扣費用、檢查除權息或做樣本外驗證；不評分、不認定關鍵分點
2449,5850,5850,統一,sell,5,1,1,2.871621621621623,1.0,2.871621621621623,0.0,-0.6756756756756799,1,,量占比與後續報酬的描述性相關；非因果或預測能力，少量樣本不作判斷,描述性關係；尚未扣費用、檢查除權息或做樣本外驗證；不評分、不認定關鍵分點
2449,6167,6160,中國信託-松江,sell,5,1,1,2.871621621621623,1.0,2.871621621621623,0.0,-0.6756756756756799,1,,量占比與後續報酬的描述性相關；非因果或預測能力，少量樣本不作判斷,描述性關係；尚未扣費用、檢查除權息或做樣本外驗證；不評分、不認定關鍵分點
2449,6480,6480,福邦證券,buy,5,1,1,2.871621621621623,1.0,2.871621621621623,0.0,-0.6756756756756799,1,,量占比與後續報酬的描述性相關；非因果或預測能力，少量樣本不作判斷,描述性關係；尚未扣費用、檢查除權息或做樣本外驗證；不評分、不認定關鍵分點
2449,7000,7000,兆豐證券,sell,5,1,1,2.871621621621623,1.0,2.871621621621623,0.0,-0.6756756756756799,1,,量占比與後續報酬的描述性相關；非因果或預測能力，少量樣本不作判斷,描述性關係；尚未扣費用、檢查除權息或做樣本外驗證；不評分、不認定關鍵分點
2449,8440,8440,摩根大通,sell,5,1,1,2.871621621621623,1.0,2.871621621621623,0.0,-0.6756756756756799,1,,量占比與後續報酬的描述性相關；非因果或預測能力，少量樣本不作判斷,描述性關係；尚未扣費用、檢查除權息或做樣本外驗證；不評分、不認定關鍵分點
2449,8888,8880,國泰-敦南,buy,5,1,1,2.871621621621623,1.0,2.871621621621623,0.0,-0.6756756756756799,1,,量占比與後續報酬的描述性相關；非因果或預測能力，少量樣本不作判斷,描述性關係；尚未扣費用、檢查除權息或做樣本外驗證；不評分、不認定關鍵分點
2449,8890,8890,大和國泰,sell,5,1,1,2.871621621621623,1.0,2.871621621621623,0.0,-0.6756756756756799,1,,量占比與後續報酬的描述性相關；非因果或預測能力，少量樣本不作判斷,描述性關係；尚未扣費用、檢查除權息或做樣本外驗證；不評分、不認定關鍵分點
2449,8900,8900,法銀巴黎,sell,5,1,1,2.871621621621623,1.0,2.871621621621623,0.0,-0.6756756756756799,1,,量占比與後續報酬的描述性相關；非因果或預測能力，少量樣本不作判斷,描述性關係；尚未扣費用、檢查除權息或做樣本外驗證；不評分、不認定關鍵分點
2449,9101,9100,群益金鼎-敦南,sell,5,1,1,2.871621621621623,1.0,2.871621621621623,0.0,-0.6756756756756799,1,,量占比與後續報酬的描述性相關；非因果或預測能力，少量樣本不作判斷,描述性關係；尚未扣費用、檢查除權息或做樣本外驗證；不評分、不認定關鍵分點
2449,9200,9200,凱基,sell,5,1,1,2.871621621621623,1.0,2.871621621621623,0.0,-0.6756756756756799,1,,量占比與後續報酬的描述性相關；非因果或預測能力，少量樣本不作判斷,描述性關係；尚未扣費用、檢查除權息或做樣本外驗證；不評分、不認定關鍵分點
2449,9268,9200,凱基-台北,sell,5,1,1,2.871621621621623,1.0,2.871621621621623,0.0,-0.6756756756756799,1,,量占比與後續報酬的描述性相關；非因果或預測能力，少量樣本不作判斷,描述性關係；尚未扣費用、檢查除權息或做樣本外驗證；不評分、不認定關鍵分點
2449,9300,9300,華南永昌,sell,5,1,1,2.871621621621623,1.0,2.871621621621623,0.0,-0.6756756756756799,1,,量占比與後續報酬的描述性相關；非因果或預測能力，少量樣本不作判斷,描述性關係；尚未扣費用、檢查除權息或做樣本外驗證；不評分、不認定關鍵分點
2449,9600,9600,富邦證券,sell,5,1,1,2.871621621621623,1.0,2.871621621621623,0.0,-0.6756756756756799,1,,量占比與後續報酬的描述性相關；非因果或預測能力，少量樣本不作判斷,描述性關係；尚未扣費用、檢查除權息或做樣本外驗證；不評分、不認定關鍵分點
2449,9647,9600,富邦-新竹,buy,5,1,1,2.871621621621623,1.0,2.871621621621623,0.0,-0.6756756756756799,1,,量占比與後續報酬的描述性相關；非因果或預測能力，少量樣本不作判斷,描述性關係；尚未扣費用、檢查除權息或做樣本外驗證；不評分、不認定關鍵分點
2449,9661,9600,富邦-新店,buy,5,1,1,2.871621621621623,1.0,2.871621621621623,0.0,-0.6756756756756799,1,,量占比與後續報酬的描述性相關；非因果或預測能力，少量樣本不作判斷,描述性關係；尚未扣費用、檢查除權息或做樣本外驗證；不評分、不認定關鍵分點
2449,9663,9600,富邦-敦南,buy,5,1,1,2.871621621621623,1.0,2.871621621621623,0.0,-0.6756756756756799,1,,量占比與後續報酬的描述性相關；非因果或預測能力，少量樣本不作判斷,描述性關係；尚未扣費用、檢查除權息或做樣本外驗證；不評分、不認定關鍵分點
2449,9801,9800,元大-松江,sell,5,1,1,2.871621621621623,1.0,2.871621621621623,0.0,-0.6756756756756799,1,,量占比與後續報酬的描述性相關；非因果或預測能力，少量樣本不作判斷,描述性關係；尚未扣費用、檢查除權息或做樣本外驗證；不評分、不認定關鍵分點
2449,9863,9800,元大-和平,buy,5,1,1,2.871621621621623,1.0,2.871621621621623,0.0,-0.6756756756756799,1,,量占比與後續報酬的描述性相關；非因果或預測能力，少量樣本不作判斷,描述性關係；尚未扣費用、檢查除權息或做樣本外驗證；不評分、不認定關鍵分點
2449,9894,9800,元大-桃興,buy,5,1,1,2.871621621621623,1.0,2.871621621621623,0.0,-0.6756756756756799,1,,量占比與後續報酬的描述性相關；非因果或預測能力，少量樣本不作判斷,描述性關係；尚未扣費用、檢查除權息或做樣本外驗證；不評分、不認定關鍵分點
2454,0039004100300030,9A00,永豐金證券,buy,5,1,1,-5.823293172690757,0.0,-5.823293172690757,0.0,-5.823293172690757,1,,量占比與後續報酬的描述性相關；非因果或預測能力，少量樣本不作判斷,描述性關係；尚未扣費用、檢查除權息或做樣本外驗證；不評分、不認定關鍵分點
2454,0039004100380031,9A00,永豐金-匯立,buy,5,1,1,-5.823293172690757,0.0,-5.823293172690757,0.0,-5.823293172690757,1,,量占比與後續報酬的描述性相關；非因果或預測能力，少量樣本不作判斷,描述性關係；尚未扣費用、檢查除權息或做樣本外驗證；不評分、不認定關鍵分點
2454,0039004100390044,9A00,永豐金-忠孝,sell,5,1,1,-5.823293172690757,0.0,-5.823293172690757,0.0,-5.823293172690757,1,,量占比與後續報酬的描述性相關；非因果或預測能力，少量樣本不作判斷,描述性關係；尚未扣費用、檢查除權息或做樣本外驗證；不評分、不認定關鍵分點
2454,0039004100390052,9A00,永豐金-信義,sell,5,1,1,-5.823293172690757,0.0,-5.823293172690757,0.0,-5.823293172690757,1,,量占比與後續報酬的描述性相關；非因果或預測能力，少量樣本不作判斷,描述性關係；尚未扣費用、檢查除權息或做樣本外驗證；不評分、不認定關鍵分點
2454,0039004100390068,9A00,永豐金-台南,buy,5,1,1,-5.823293172690757,0.0,-5.823293172690757,0.0,-5.823293172690757,1,,量占比與後續報酬的描述性相關；非因果或預測能力，少量樣本不作判斷,描述性關係；尚未扣費用、檢查除權息或做樣本外驗證；不評分、不認定關鍵分點
2454,0039004200320072,9B00,台新-城東,sell,5,1,1,-5.823293172690757,0.0,-5.823293172690757,0.0,-5.823293172690757,1,,量占比與後續報酬的描述性相關；非因果或預測能力，少量樣本不作判斷,描述性關係；尚未扣費用、檢查除權息或做樣本外驗證；不評分、不認定關鍵分點
2454,1360,1360,港商麥格理,sell,5,1,1,-5.823293172690757,0.0,-5.823293172690757,0.0,-5.823293172690757,1,,量占比與後續報酬的描述性相關；非因果或預測能力，少量樣本不作判斷,描述性關係；尚未扣費用、檢查除權息或做樣本外驗證；不評分、不認定關鍵分點
2454,1440,1440,美林,sell,5,1,1,-5.823293172690757,0.0,-5.823293172690757,0.0,-5.823293172690757,1,,量占比與後續報酬的描述性相關；非因果或預測能力，少量樣本不作判斷,描述性關係；尚未扣費用、檢查除權息或做樣本外驗證；不評分、不認定關鍵分點
2454,1470,1470,台灣摩根士丹利,buy,5,1,1,-5.823293172690757,0.0,-5.823293172690757,0.0,-5.823293172690757,1,,量占比與後續報酬的描述性相關；非因果或預測能力，少量樣本不作判斷,描述性關係；尚未扣費用、檢查除權息或做樣本外驗證；不評分、不認定關鍵分點
2454,1480,1480,美商高盛,sell,5,1,1,-5.823293172690757,0.0,-5.823293172690757,0.0,-5.823293172690757,1,,量占比與後續報酬的描述性相關；非因果或預測能力，少量樣本不作判斷,描述性關係；尚未扣費用、檢查除權息或做樣本外驗證；不評分、不認定關鍵分點
2454,1560,1560,港商野村,sell,5,1,1,-5.823293172690757,0.0,-5.823293172690757,0.0,-5.823293172690757,1,,量占比與後續報酬的描述性相關；非因果或預測能力，少量樣本不作判斷,描述性關係；尚未扣費用、檢查除權息或做樣本外驗證；不評分、不認定關鍵分點
2454,1590,1590,花旗環球,buy,5,1,1,-5.823293172690757,0.0,-5.823293172690757,0.0,-5.823293172690757,1,,量占比與後續報酬的描述性相關；非因果或預測能力，少量樣本不作判斷,描述性關係；尚未扣費用、檢查除權息或做樣本外驗證；不評分、不認定關鍵分點
2454,1650,1650,新加坡商瑞銀,sell,5,1,1,-5.823293172690757,0.0,-5.823293172690757,0.0,-5.823293172690757,1,,量占比與後續報酬的描述性相關；非因果或預測能力，少量樣本不作判斷,描述性關係；尚未扣費用、檢查除權息或做樣本外驗證；不評分、不認定關鍵分點
2454,5850,5850,統一,buy,5,1,1,-5.823293172690757,0.0,-5.823293172690757,0.0,-5.823293172690757,1,,量占比與後續報酬的描述性相關；非因果或預測能力，少量樣本不作判斷,描述性關係；尚未扣費用、檢查除權息或做樣本外驗證；不評分、不認定關鍵分點
2454,5852,5850,統一-敦南,buy,5,1,1,-5.823293172690757,0.0,-5.823293172690757,0.0,-5.823293172690757,1,,量占比與後續報酬的描述性相關；非因果或預測能力，少量樣本不作判斷,描述性關係；尚未扣費用、檢查除權息或做樣本外驗證；不評分、不認定關鍵分點
2454,6165,6160,中國信託-新竹,buy,5,1,1,-5.823293172690757,0.0,-5.823293172690757,0.0,-5.823293172690757,1,,量占比與後續報酬的描述性相關；非因果或預測能力，少量樣本不作判斷,描述性關係；尚未扣費用、檢查除權息或做樣本外驗證；不評分、不認定關鍵分點
2454,8560,8560,新光,sell,5,1,1,-5.823293172690757,0.0,-5.823293172690757,0.0,-5.823293172690757,1,,量占比與後續報酬的描述性相關；非因果或預測能力，少量樣本不作判斷,描述性關係；尚未扣費用、檢查除權息或做樣本外驗證；不評分、不認定關鍵分點
2454,8880,8880,國泰證券,buy,5,1,1,-5.823293172690757,0.0,-5.823293172690757,0.0,-5.823293172690757,1,,量占比與後續報酬的描述性相關；非因果或預測能力，少量樣本不作判斷,描述性關係；尚未扣費用、檢查除權息或做樣本外驗證；不評分、不認定關鍵分點
2454,8888,8880,國泰-敦南,buy,5,1,1,-5.823293172690757,0.0,-5.823293172690757,0.0,-5.823293172690757,1,,量占比與後續報酬的描述性相關；非因果或預測能力，少量樣本不作判斷,描述性關係；尚未扣費用、檢查除權息或做樣本外驗證；不評分、不認定關鍵分點
2454,9103,9100,群益金鼎-松山,sell,5,1,1,-5.823293172690757,0.0,-5.823293172690757,0.0,-5.823293172690757,1,,量占比與後續報酬的描述性相關；非因果或預測能力，少量樣本不作判斷,描述性關係；尚未扣費用、檢查除權息或做樣本外驗證；不評分、不認定關鍵分點
2454,9200,9200,凱基,buy,5,1,1,-5.823293172690757,0.0,-5.823293172690757,0.0,-5.823293172690757,1,,量占比與後續報酬的描述性相關；非因果或預測能力，少量樣本不作判斷,描述性關係；尚未扣費用、檢查除權息或做樣本外驗證；不評分、不認定關鍵分點
2454,9229,9200,凱基-中山,sell,5,1,1,-5.823293172690757,0.0,-5.823293172690757,0.0,-5.823293172690757,1,,量占比與後續報酬的描述性相關；非因果或預測能力，少量樣本不作判斷,描述性關係；尚未扣費用、檢查除權息或做樣本外驗證；不評分、不認定關鍵分點
2454,9268,9200,凱基-台北,buy,5,1,1,-5.823293172690757,0.0,-5.823293172690757,0.0,-5.823293172690757,1,,量占比與後續報酬的描述性相關；非因果或預測能力，少量樣本不作判斷,描述性關係；尚未扣費用、檢查除權息或做樣本外驗證；不評分、不認定關鍵分點
2454,9323,9300,華南永昌-小港,sell,5,1,1,-5.823293172690757,0.0,-5.823293172690757,0.0,-5.823293172690757,1,,量占比與後續報酬的描述性相關；非因果或預測能力，少量樣本不作判斷,描述性關係；尚未扣費用、檢查除權息或做樣本外驗證；不評分、不認定關鍵分點
2454,9326,9300,華南永昌-南京,sell,5,1,1,-5.823293172690757,0.0,-5.823293172690757,0.0,-5.823293172690757,1,,量占比與後續報酬的描述性相關；非因果或預測能力，少量樣本不作判斷,描述性關係；尚未扣費用、檢查除權息或做樣本外驗證；不評分、不認定關鍵分點
2454,9600,9600,富邦證券,buy,5,1,1,-5.823293172690757,0.0,-5.823293172690757,0.0,-5.823293172690757,1,,量占比與後續報酬的描述性相關；非因果或預測能力，少量樣本不作判斷,描述性關係；尚未扣費用、檢查除權息或做樣本外驗證；不評分、不認定關鍵分點
2454,9647,9600,富邦-新竹,buy,5,1,1,-5.823293172690757,0.0,-5.823293172690757,0.0,-5.823293172690757,1,,量占比與後續報酬的描述性相關；非因果或預測能力，少量樣本不作判斷,描述性關係；尚未扣費用、檢查除權息或做樣本外驗證；不評分、不認定關鍵分點
2454,9800,9800,元大證券,sell,5,1,1,-5.823293172690757,0.0,-5.823293172690757,0.0,-5.823293172690757,1,,量占比與後續報酬的描述性相關；非因果或預測能力，少量樣本不作判斷,描述性關係；尚未扣費用、檢查除權息或做樣本外驗證；不評分、不認定關鍵分點
2454,9857,9800,元大-蘆洲,sell,5,1,1,-5.823293172690757,0.0,-5.823293172690757,0.0,-5.823293172690757,1,,量占比與後續報酬的描述性相關；非因果或預測能力，少量樣本不作判斷,描述性關係；尚未扣費用、檢查除權息或做樣本外驗證；不評分、不認定關鍵分點
2454,9875,9800,元大-土城永寧,buy,5,1,1,-5.823293172690757,0.0,-5.823293172690757,0.0,-5.823293172690757,1,,量占比與後續報酬的描述性相關；非因果或預測能力，少量樣本不作判斷,描述性關係；尚未扣費用、檢查除權息或做樣本外驗證；不評分、不認定關鍵分點
2467,0037003000300057,7000,兆豐-城中,sell,5,1,1,1.6574585635359185,1.0,1.6574585635359185,0.0,1.6574585635359185,1,,量占比與後續報酬的描述性相關；非因果或預測能力，少量樣本不作判斷,描述性關係；尚未扣費用、檢查除權息或做樣本外驗證；不評分、不認定關鍵分點
2467,0039003100380065,9100,群益金鼎-大安,sell,5,1,1,1.6574585635359185,1.0,1.6574585635359185,0.0,1.6574585635359185,1,,量占比與後續報酬的描述性相關；非因果或預測能力，少量樣本不作判斷,描述性關係；尚未扣費用、檢查除權息或做樣本外驗證；不評分、不認定關鍵分點
2467,003900360035004b,9600,富邦-台中,buy,5,1,1,1.6574585635359185,1.0,1.6574585635359185,0.0,1.6574585635359185,1,,量占比與後續報酬的描述性相關；非因果或預測能力，少量樣本不作判斷,描述性關係；尚未扣費用、檢查除權息或做樣本外驗證；不評分、不認定關鍵分點
2467,0039003800300061,9800,元大-中山北路,sell,5,1,1,1.6574585635359185,1.0,1.6574585635359185,0.0,1.6574585635359185,1,,量占比與後續報酬的描述性相關；非因果或預測能力，少量樣本不作判斷,描述性關係；尚未扣費用、檢查除權息或做樣本外驗證；不評分、不認定關鍵分點
2467,0039004100300030,9A00,永豐金證券,sell,5,1,1,1.6574585635359185,1.0,1.6574585635359185,0.0,1.6574585635359185,1,,量占比與後續報酬的描述性相關；非因果或預測能力，少量樣本不作判斷,描述性關係；尚未扣費用、檢查除權息或做樣本外驗證；不評分、不認定關鍵分點
2467,0039004100390037,9A00,永豐金-新竹,buy,5,1,1,1.6574585635359185,1.0,1.6574585635359185,0.0,1.6574585635359185,1,,量占比與後續報酬的描述性相關；非因果或預測能力，少量樣本不作判斷,描述性關係；尚未扣費用、檢查除權息或做樣本外驗證；不評分、不認定關鍵分點
2467,0039004100390050,9A00,永豐金-竹北,sell,5,1,1,1.6574585635359185,1.0,1.6574585635359185,0.0,1.6574585635359185,1,,量占比與後續報酬的描述性相關；非因果或預測能力，少量樣本不作判斷,描述性關係；尚未扣費用、檢查除權息或做樣本外驗證；不評分、不認定關鍵分點
2467,1021,1020,合庫-台中,sell,5,1,1,1.6574585635359185,1.0,1.6574585635359185,0.0,1.6574585635359185,1,,量占比與後續報酬的描述性相關；非因果或預測能力，少量樣本不作判斷,描述性關係；尚未扣費用、檢查除權息或做樣本外驗證；不評分、不認定關鍵分點
2467,1440,1440,美林,buy,5,1,1,1.6574585635359185,1.0,1.6574585635359185,0.0,1.6574585635359185,1,,量占比與後續報酬的描述性相關；非因果或預測能力，少量樣本不作判斷,描述性關係；尚未扣費用、檢查除權息或做樣本外驗證；不評分、不認定關鍵分點
2467,1470,1470,台灣摩根士丹利,buy,5,1,1,1.6574585635359185,1.0,1.6574585635359185,0.0,1.6574585635359185,1,,量占比與後續報酬的描述性相關；非因果或預測能力，少量樣本不作判斷,描述性關係；尚未扣費用、檢查除權息或做樣本外驗證；不評分、不認定關鍵分點
2467,1480,1480,美商高盛,buy,5,1,1,1.6574585635359185,1.0,1.6574585635359185,0.0,1.6574585635359185,1,,量占比與後續報酬的描述性相關；非因果或預測能力，少量樣本不作判斷,描述性關係；尚未扣費用、檢查除權息或做樣本外驗證；不評分、不認定關鍵分點
2467,1590,1590,花旗環球,buy,5,1,1,1.6574585635359185,1.0,1.6574585635359185,0.0,1.6574585635359185,1,,量占比與後續報酬的描述性相關；非因果或預測能力，少量樣本不作判斷,描述性關係；尚未扣費用、檢查除權息或做樣本外驗證；不評分、不認定關鍵分點
2467,1650,1650,新加坡商瑞銀,sell,5,1,1,1.6574585635359185,1.0,1.6574585635359185,0.0,1.6574585635359185,1,,量占比與後續報酬的描述性相關；非因果或預測能力，少量樣本不作判斷,描述性關係；尚未扣費用、檢查除權息或做樣本外驗證；不評分、不認定關鍵分點
2467,6160,6160,中國信託,buy,5,1,1,1.6574585635359185,1.0,1.6574585635359185,0.0,1.6574585635359185,1,,量占比與後續報酬的描述性相關；非因果或預測能力，少量樣本不作判斷,描述性關係；尚未扣費用、檢查除權息或做樣本外驗證；不評分、不認定關鍵分點
2467,6620,6620,口袋證券,buy,5,1,1,1.6574585635359185,1.0,1.6574585635359185,0.0,1.6574585635359185,1,,量占比與後續報酬的描述性相關；非因果或預測能力，少量樣本不作判斷,描述性關係；尚未扣費用、檢查除權息或做樣本外驗證；不評分、不認定關鍵分點
2467,8440,8440,摩根大通,buy,5,1,1,1.6574585635359185,1.0,1.6574585635359185,0.0,1.6574585635359185,1,,量占比與後續報酬的描述性相關；非因果或預測能力，少量樣本不作判斷,描述性關係；尚未扣費用、檢查除權息或做樣本外驗證；不評分、不認定關鍵分點
2467,8560,8560,新光,sell,5,1,1,1.6574585635359185,1.0,1.6574585635359185,0.0,1.6574585635359185,1,,量占比與後續報酬的描述性相關；非因果或預測能力，少量樣本不作判斷,描述性關係；尚未扣費用、檢查除權息或做樣本外驗證；不評分、不認定關鍵分點
2467,8881,8880,國泰-高雄,sell,5,1,1,1.6574585635359185,1.0,1.6574585635359185,0.0,1.6574585635359185,1,,量占比與後續報酬的描述性相關；非因果或預測能力，少量樣本不作判斷,描述性關係；尚未扣費用、檢查除權息或做樣本外驗證；不評分、不認定關鍵分點
2467,8888,8880,國泰-敦南,buy,5,1,1,1.6574585635359185,1.0,1.6574585635359185,0.0,1.6574585635359185,1,,量占比與後續報酬的描述性相關；非因果或預測能力，少量樣本不作判斷,描述性關係；尚未扣費用、檢查除權息或做樣本外驗證；不評分、不認定關鍵分點
2467,9134,9100,群益金鼎-開元,buy,5,1,1,1.6574585635359185,1.0,1.6574585635359185,0.0,1.6574585635359185,1,,量占比與後續報酬的描述性相關；非因果或預測能力，少量樣本不作判斷,描述性關係；尚未扣費用、檢查除權息或做樣本外驗證；不評分、不認定關鍵分點
2467,9136,9100,群益金鼎-西松,buy,5,1,1,1.6574585635359185,1.0,1.6574585635359185,0.0,1.6574585635359185,1,,量占比與後續報酬的描述性相關；非因果或預測能力，少量樣本不作判斷,描述性關係；尚未扣費用、檢查除權息或做樣本外驗證；不評分、不認定關鍵分點
2467,9200,9200,凱基,buy,5,1,1,1.6574585635359185,1.0,1.6574585635359185,0.0,1.6574585635359185,1,,量占比與後續報酬的描述性相關；非因果或預測能力，少量樣本不作判斷,描述性關係；尚未扣費用、檢查除權息或做樣本外驗證；不評分、不認定關鍵分點
2467,9227,9200,凱基-城中,sell,5,1,1,1.6574585635359185,1.0,1.6574585635359185,0.0,1.6574585635359185,1,,量占比與後續報酬的描述性相關；非因果或預測能力，少量樣本不作判斷,描述性關係；尚未扣費用、檢查除權息或做樣本外驗證；不評分、不認定關鍵分點
2467,9268,9200,凱基-台北,sell,5,1,1,1.6574585635359185,1.0,1.6574585635359185,0.0,1.6574585635359185,1,,量占比與後續報酬的描述性相關；非因果或預測能力，少量樣本不作判斷,描述性關係；尚未扣費用、檢查除權息或做樣本外驗證；不評分、不認定關鍵分點
2467,9272,9200,凱基-竹科,sell,5,1,1,1.6574585635359185,1.0,1.6574585635359185,0.0,1.6574585635359185,1,,量占比與後續報酬的描述性相關；非因果或預測能力，少量樣本不作判斷,描述性關係；尚未扣費用、檢查除權息或做樣本外驗證；不評分、不認定關鍵分點
2467,9273,9200,凱基-竹東,buy,5,1,1,1.6574585635359185,1.0,1.6574585635359185,0.0,1.6574585635359185,1,,量占比與後續報酬的描述性相關；非因果或預測能力，少量樣本不作判斷,描述性關係；尚未扣費用、檢查除權息或做樣本外驗證；不評分、不認定關鍵分點
2467,9337,9300,華南永昌-內壢,sell,5,1,1,1.6574585635359185,1.0,1.6574585635359185,0.0,1.6574585635359185,1,,量占比與後續報酬的描述性相關；非因果或預測能力，少量樣本不作判斷,描述性關係；尚未扣費用、檢查除權息或做樣本外驗證；不評分、不認定關鍵分點
2467,9377,9300,華南永昌-虎尾,sell,5,1,1,1.6574585635359185,1.0,1.6574585635359185,0.0,1.6574585635359185,1,,量占比與後續報酬的描述性相關；非因果或預測能力，少量樣本不作判斷,描述性關係；尚未扣費用、檢查除權息或做樣本外驗證；不評分、不認定關鍵分點
2467,9600,9600,富邦證券,sell,5,1,1,1.6574585635359185,1.0,1.6574585635359185,0.0,1.6574585635359185,1,,量占比與後續報酬的描述性相關；非因果或預測能力，少量樣本不作判斷,描述性關係；尚未扣費用、檢查除權息或做樣本外驗證；不評分、不認定關鍵分點
2467,9893,9800,元大-大天母,buy,5,1,1,1.6574585635359185,1.0,1.6574585635359185,0.0,1.6574585635359185,1,,量占比與後續報酬的描述性相關；非因果或預測能力，少量樣本不作判斷,描述性關係；尚未扣費用、檢查除權息或做樣本外驗證；不評分、不認定關鍵分點
3006,0037003000300077,7000,兆豐-新莊,buy,5,1,1,-4.982206405693946,0.0,-4.982206405693946,0.0,-4.982206405693946,1,,量占比與後續報酬的描述性相關；非因果或預測能力，少量樣本不作判斷,描述性關係；尚未扣費用、檢查除權息或做樣本外驗證；不評分、不認定關鍵分點
3006,0039003600320043,9600,富邦-竹科,buy,5,1,1,-4.982206405693946,0.0,-4.982206405693946,0.0,-4.982206405693946,1,,量占比與後續報酬的描述性相關；非因果或預測能力，少量樣本不作判斷,描述性關係；尚未扣費用、檢查除權息或做樣本外驗證；不評分、不認定關鍵分點
3006,0039003600350055,9600,富邦-彰化,sell,5,1,1,-4.982206405693946,0.0,-4.982206405693946,0.0,-4.982206405693946,1,,量占比與後續報酬的描述性相關；非因果或預測能力，少量樣本不作判斷,描述性關係；尚未扣費用、檢查除權息或做樣本外驗證；不評分、不認定關鍵分點
3006,0039003800330055,9800,元大-頭份,buy,5,1,1,-4.982206405693946,0.0,-4.982206405693946,0.0,-4.982206405693946,1,,量占比與後續報酬的描述性相關；非因果或預測能力，少量樣本不作判斷,描述性關係；尚未扣費用、檢查除權息或做樣本外驗證；不評分、不認定關鍵分點
3006,0039004100300030,9A00,永豐金證券,buy,5,1,1,-4.982206405693946,0.0,-4.982206405693946,0.0,-4.982206405693946,1,,量占比與後續報酬的描述性相關；非因果或預測能力，少量樣本不作判斷,描述性關係；尚未扣費用、檢查除權息或做樣本外驗證；不評分、不認定關鍵分點
3006,0039004100380031,9A00,永豐金-匯立,sell,5,1,1,-4.982206405693946,0.0,-4.982206405693946,0.0,-4.982206405693946,1,,量占比與後續報酬的描述性相關；非因果或預測能力，少量樣本不作判斷,描述性關係；尚未扣費用、檢查除權息或做樣本外驗證；不評分、不認定關鍵分點
3006,0039004100390037,9A00,永豐金-新竹,sell,5,1,1,-4.982206405693946,0.0,-4.982206405693946,0.0,-4.982206405693946,1,,量占比與後續報酬的描述性相關；非因果或預測能力，少量樣本不作判斷,描述性關係；尚未扣費用、檢查除權息或做樣本外驗證；不評分、不認定關鍵分點
3006,0039004100390047,9A00,永豐金-天母,buy,5,1,1,-4.982206405693946,0.0,-4.982206405693946,0.0,-4.982206405693946,1,,量占比與後續報酬的描述性相關；非因果或預測能力，少量樣本不作判斷,描述性關係；尚未扣費用、檢查除權息或做樣本外驗證；不評分、不認定關鍵分點
3006,0039004100390050,9A00,永豐金-竹北,sell,5,1,1,-4.982206405693946,0.0,-4.982206405693946,0.0,-4.982206405693946,1,,量占比與後續報酬的描述性相關；非因果或預測能力，少量樣本不作判斷,描述性關係；尚未扣費用、檢查除權息或做樣本外驗證；不評分、不認定關鍵分點
3006,0039004100390061,9A00,永豐金-亞灣,buy,5,1,1,-4.982206405693946,0.0,-4.982206405693946,0.0,-4.982206405693946,1,,量占比與後續報酬的描述性相關；非因果或預測能力，少量樣本不作判斷,描述性關係；尚未扣費用、檢查除權息或做樣本外驗證；不評分、不認定關鍵分點
3006,1118,1110,台灣企銀-豐原,buy,5,1,1,-4.982206405693946,0.0,-4.982206405693946,0.0,-4.982206405693946,1,,量占比與後續報酬的描述性相關；非因果或預測能力，少量樣本不作判斷,描述性關係；尚未扣費用、檢查除權息或做樣本外驗證；不評分、不認定關鍵分點
3006,1470,1470,台灣摩根士丹利,sell,5,1,1,-4.982206405693946,0.0,-4.982206405693946,0.0,-4.982206405693946,1,,量占比與後續報酬的描述性相關；非因果或預測能力，少量樣本不作判斷,描述性關係；尚未扣費用、檢查除權息或做樣本外驗證；不評分、不認定關鍵分點
3006,1480,1480,美商高盛,sell,5,1,1,-4.982206405693946,0.0,-4.982206405693946,0.0,-4.982206405693946,1,,量占比與後續報酬的描述性相關；非因果或預測能力，少量樣本不作判斷,描述性關係；尚未扣費用、檢查除權息或做樣本外驗證；不評分、不認定關鍵分點
3006,1560,1560,港商野村,buy,5,1,1,-4.982206405693946,0.0,-4.982206405693946,0.0,-4.982206405693946,1,,量占比與後續報酬的描述性相關；非因果或預測能力，少量樣本不作判斷,描述性關係；尚未扣費用、檢查除權息或做樣本外驗證；不評分、不認定關鍵分點
3006,1590,1590,花旗環球,sell,5,1,1,-4.982206405693946,0.0,-4.982206405693946,0.0,-4.982206405693946,1,,量占比與後續報酬的描述性相關；非因果或預測能力，少量樣本不作判斷,描述性關係；尚未扣費用、檢查除權息或做樣本外驗證；不評分、不認定關鍵分點
3006,1650,1650,新加坡商瑞銀,sell,5,1,1,-4.982206405693946,0.0,-4.982206405693946,0.0,-4.982206405693946,1,,量占比與後續報酬的描述性相關；非因果或預測能力，少量樣本不作判斷,描述性關係；尚未扣費用、檢查除權息或做樣本外驗證；不評分、不認定關鍵分點
3006,6210,6210,新百王,buy,5,1,1,-4.982206405693946,0.0,-4.982206405693946,0.0,-4.982206405693946,1,,量占比與後續報酬的描述性相關；非因果或預測能力，少量樣本不作判斷,描述性關係；尚未扣費用、檢查除權息或做樣本外驗證；不評分、不認定關鍵分點
3006,8440,8440,摩根大通,sell,5,1,1,-4.982206405693946,0.0,-4.982206405693946,0.0,-4.982206405693946,1,,量占比與後續報酬的描述性相關；非因果或預測能力，少量樣本不作判斷,描述性關係；尚未扣費用、檢查除權息或做樣本外驗證；不評分、不認定關鍵分點
3006,8710,8710,陽信,buy,5,1,1,-4.982206405693946,0.0,-4.982206405693946,0.0,-4.982206405693946,1,,量占比與後續報酬的描述性相關；非因果或預測能力，少量樣本不作判斷,描述性關係；尚未扣費用、檢查除權息或做樣本外驗證；不評分、不認定關鍵分點
3006,8880,8880,國泰證券,sell,5,1,1,-4.982206405693946,0.0,-4.982206405693946,0.0,-4.982206405693946,1,,量占比與後續報酬的描述性相關；非因果或預測能力，少量樣本不作判斷,描述性關係；尚未扣費用、檢查除權息或做樣本外驗證；不評分、不認定關鍵分點
3006,8887,8880,國泰-忠孝,sell,5,1,1,-4.982206405693946,0.0,-4.982206405693946,0.0,-4.982206405693946,1,,量占比與後續報酬的描述性相關；非因果或預測能力，少量樣本不作判斷,描述性關係；尚未扣費用、檢查除權息或做樣本外驗證；不評分、不認定關鍵分點
3006,8888,8880,國泰-敦南,buy,5,1,1,-4.982206405693946,0.0,-4.982206405693946,0.0,-4.982206405693946,1,,量占比與後續報酬的描述性相關；非因果或預測能力，少量樣本不作判斷,描述性關係；尚未扣費用、檢查除權息或做樣本外驗證；不評分、不認定關鍵分點
3006,9100,9100,群益金鼎,buy,5,1,1,-4.982206405693946,0.0,-4.982206405693946,0.0,-4.982206405693946,1,,量占比與後續報酬的描述性相關；非因果或預測能力，少量樣本不作判斷,描述性關係；尚未扣費用、檢查除權息或做樣本外驗證；不評分、不認定關鍵分點
3006,9212,9200,凱基-東港,buy,5,1,1,-4.982206405693946,0.0,-4.982206405693946,0.0,-4.982206405693946,1,,量占比與後續報酬的描述性相關；非因果或預測能力，少量樣本不作判斷,描述性關係；尚未扣費用、檢查除權息或做樣本外驗證；不評分、不認定關鍵分點
3006,9256,9200,凱基-南崁,buy,5,1,1,-4.982206405693946,0.0,-4.982206405693946,0.0,-4.982206405693946,1,,量占比與後續報酬的描述性相關；非因果或預測能力，少量樣本不作判斷,描述性關係；尚未扣費用、檢查除權息或做樣本外驗證；不評分、不認定關鍵分點
3006,9268,9200,凱基-台北,sell,5,1,1,-4.982206405693946,0.0,-4.982206405693946,0.0,-4.982206405693946,1,,量占比與後續報酬的描述性相關；非因果或預測能力，少量樣本不作判斷,描述性關係；尚未扣費用、檢查除權息或做樣本外驗證；不評分、不認定關鍵分點
3006,9306,9300,華南永昌-台南,sell,5,1,1,-4.982206405693946,0.0,-4.982206405693946,0.0,-4.982206405693946,1,,量占比與後續報酬的描述性相關；非因果或預測能力，少量樣本不作判斷,描述性關係；尚未扣費用、檢查除權息或做樣本外驗證；不評分、不認定關鍵分點
3006,9623,9600,富邦-台北,sell,5,1,1,-4.982206405693946,0.0,-4.982206405693946,0.0,-4.982206405693946,1,,量占比與後續報酬的描述性相關；非因果或預測能力，少量樣本不作判斷,描述性關係；尚未扣費用、檢查除權息或做樣本外驗證；不評分、不認定關鍵分點
3006,9800,9800,元大證券,sell,5,1,1,-4.982206405693946,0.0,-4.982206405693946,0.0,-4.982206405693946,1,,量占比與後續報酬的描述性相關；非因果或預測能力，少量樣本不作判斷,描述性關係；尚未扣費用、檢查除權息或做樣本外驗證；不評分、不認定關鍵分點
3006,9897,9800,元大-土城,buy,5,1,1,-4.982206405693946,0.0,-4.982206405693946,0.0,-4.982206405693946,1,,量占比與後續報酬的描述性相關；非因果或預測能力，少量樣本不作判斷,描述性關係；尚未扣費用、檢查除權息或做樣本外驗證；不評分、不認定關鍵分點
3008,0037003000300061,7000,兆豐-忠孝,buy,5,1,1,7.332796132151498,1.0,7.332796132151498,0.0,1.3698630136986356,1,,量占比與後續報酬的描述性相關；非因果或預測能力，少量樣本不作判斷,描述性關係；尚未扣費用、檢查除權息或做樣本外驗證；不評分、不認定關鍵分點
3008,0037003700390045,7790,國票-南崁,sell,5,1,1,7.332796132151498,1.0,7.332796132151498,0.0,1.3698630136986356,1,,量占比與後續報酬的描述性相關；非因果或預測能力，少量樣本不作判斷,描述性關係；尚未扣費用、檢查除權息或做樣本外驗證；不評分、不認定關鍵分點
3008,003700370039005a,7790,國票-安和,sell,5,1,1,7.332796132151498,1.0,7.332796132151498,0.0,1.3698630136986356,1,,量占比與後續報酬的描述性相關；非因果或預測能力，少量樣本不作判斷,描述性關係；尚未扣費用、檢查除權息或做樣本外驗證；不評分、不認定關鍵分點
3008,0039003200300046,9200,凱基-站前,sell,5,1,1,7.332796132151498,1.0,7.332796132151498,0.0,1.3698630136986356,1,,量占比與後續報酬的描述性相關；非因果或預測能力，少量樣本不作判斷,描述性關係；尚未扣費用、檢查除權息或做樣本外驗證；不評分、不認定關鍵分點
3008,003900380030004b,9800,元大-竹科,buy,5,1,1,7.332796132151498,1.0,7.332796132151498,0.0,1.3698630136986356,1,,量占比與後續報酬的描述性相關；非因果或預測能力，少量樣本不作判斷,描述性關係；尚未扣費用、檢查除權息或做樣本外驗證；不評分、不認定關鍵分點
3008,003900380031006a,9800,元大-士林,buy,5,1,1,7.332796132151498,1.0,7.332796132151498,0.0,1.3698630136986356,1,,量占比與後續報酬的描述性相關；非因果或預測能力，少量樣本不作判斷,描述性關係；尚未扣費用、檢查除權息或做樣本外驗證；不評分、不認定關鍵分點
3008,0039003800330047,9800,元大-上新莊,sell,5,1,1,7.332796132151498,1.0,7.332796132151498,0.0,1.3698630136986356,1,,量占比與後續報酬的描述性相關；非因果或預測能力，少量樣本不作判斷,描述性關係；尚未扣費用、檢查除權息或做樣本外驗證；不評分、不認定關鍵分點
3008,003900380033006a,9800,元大-仁愛,sell,5,1,1,7.332796132151498,1.0,7.332796132151498,0.0,1.3698630136986356,1,,量占比與後續報酬的描述性相關；非因果或預測能力，少量樣本不作判斷,描述性關係；尚未扣費用、檢查除權息或做樣本外驗證；不評分、不認定關鍵分點
3008,003900380034004b,9800,元大-館前,buy,5,1,1,7.332796132151498,1.0,7.332796132151498,0.0,1.3698630136986356,1,,量占比與後續報酬的描述性相關；非因果或預測能力，少量樣本不作判斷,描述性關係；尚未扣費用、檢查除權息或做樣本外驗證；不評分、不認定關鍵分點
3008,0039004100380046,9A00,永豐金-敦南,sell,5,1,1,7.332796132151498,1.0,7.332796132151498,0.0,1.3698630136986356,1,,量占比與後續報酬的描述性相關；非因果或預測能力，少量樣本不作判斷,描述性關係；尚未扣費用、檢查除權息或做樣本外驗證；不評分、不認定關鍵分點
3008,0039004200320030,9B00,台新-台北,buy,5,1,1,7.332796132151498,1.0,7.332796132151498,0.0,1.3698630136986356,1,,量占比與後續報酬的描述性相關；非因果或預測能力，少量樣本不作判斷,描述性關係；尚未扣費用、檢查除權息或做樣本外驗證；不評分、不認定關鍵分點
3008,1470,1470,台灣摩根士丹利,buy,5,1,1,7.332796132151498,1.0,7.332796132151498,0.0,1.3698630136986356,1,,量占比與後續報酬的描述性相關；非因果或預測能力，少量樣本不作判斷,描述性關係；尚未扣費用、檢查除權息或做樣本外驗證；不評分、不認定關鍵分點
3008,1480,1480,美商高盛,buy,5,1,1,7.332796132151498,1.0,7.332796132151498,0.0,1.3698630136986356,1,,量占比與後續報酬的描述性相關；非因果或預測能力，少量樣本不作判斷,描述性關係；尚未扣費用、檢查除權息或做樣本外驗證；不評分、不認定關鍵分點
3008,1560,1560,港商野村,sell,5,1,1,7.332796132151498,1.0,7.332796132151498,0.0,1.3698630136986356,1,,量占比與後續報酬的描述性相關；非因果或預測能力，少量樣本不作判斷,描述性關係；尚未扣費用、檢查除權息或做樣本外驗證；不評分、不認定關鍵分點
3008,1590,1590,花旗環球,buy,5,1,1,7.332796132151498,1.0,7.332796132151498,0.0,1.3698630136986356,1,,量占比與後續報酬的描述性相關；非因果或預測能力，少量樣本不作判斷,描述性關係；尚未扣費用、檢查除權息或做樣本外驗證；不評分、不認定關鍵分點
3008,1650,1650,新加坡商瑞銀,sell,5,1,1,7.332796132151498,1.0,7.332796132151498,0.0,1.3698630136986356,1,,量占比與後續報酬的描述性相關；非因果或預測能力，少量樣本不作判斷,描述性關係；尚未扣費用、檢查除權息或做樣本外驗證；不評分、不認定關鍵分點
3008,5380,5380,第一金,sell,5,1,1,7.332796132151498,1.0,7.332796132151498,0.0,1.3698630136986356,1,,量占比與後續報酬的描述性相關；非因果或預測能力，少量樣本不作判斷,描述性關係；尚未扣費用、檢查除權息或做樣本外驗證；不評分、不認定關鍵分點
3008,5850,5850,統一,sell,5,1,1,7.332796132151498,1.0,7.332796132151498,0.0,1.3698630136986356,1,,量占比與後續報酬的描述性相關；非因果或預測能力，少量樣本不作判斷,描述性關係；尚未扣費用、檢查除權息或做樣本外驗證；不評分、不認定關鍵分點
3008,8440,8440,摩根大通,buy,5,1,1,7.332796132151498,1.0,7.332796132151498,0.0,1.3698630136986356,1,,量占比與後續報酬的描述性相關；非因果或預測能力，少量樣本不作判斷,描述性關係；尚未扣費用、檢查除權息或做樣本外驗證；不評分、不認定關鍵分點
3008,8560,8560,新光,buy,5,1,1,7.332796132151498,1.0,7.332796132151498,0.0,1.3698630136986356,1,,量占比與後續報酬的描述性相關；非因果或預測能力，少量樣本不作判斷,描述性關係；尚未扣費用、檢查除權息或做樣本外驗證；不評分、不認定關鍵分點
3008,8880,8880,國泰證券,sell,5,1,1,7.332796132151498,1.0,7.332796132151498,0.0,1.3698630136986356,1,,量占比與後續報酬的描述性相關；非因果或預測能力，少量樣本不作判斷,描述性關係；尚未扣費用、檢查除權息或做樣本外驗證；不評分、不認定關鍵分點
3008,8890,8890,大和國泰,buy,5,1,1,7.332796132151498,1.0,7.332796132151498,0.0,1.3698630136986356,1,,量占比與後續報酬的描述性相關；非因果或預測能力，少量樣本不作判斷,描述性關係；尚未扣費用、檢查除權息或做樣本外驗證；不評分、不認定關鍵分點
3008,9100,9100,群益金鼎,sell,5,1,1,7.332796132151498,1.0,7.332796132151498,0.0,1.3698630136986356,1,,量占比與後續報酬的描述性相關；非因果或預測能力，少量樣本不作判斷,描述性關係；尚未扣費用、檢查除權息或做樣本外驗證；不評分、不認定關鍵分點
3008,9200,9200,凱基,buy,5,1,1,7.332796132151498,1.0,7.332796132151498,0.0,1.3698630136986356,1,,量占比與後續報酬的描述性相關；非因果或預測能力，少量樣本不作判斷,描述性關係；尚未扣費用、檢查除權息或做樣本外驗證；不評分、不認定關鍵分點
3008,9268,9200,凱基-台北,buy,5,1,1,7.332796132151498,1.0,7.332796132151498,0.0,1.3698630136986356,1,,量占比與後續報酬的描述性相關；非因果或預測能力，少量樣本不作判斷,描述性關係；尚未扣費用、檢查除權息或做樣本外驗證；不評分、不認定關鍵分點
3008,9275,9200,凱基-三多,sell,5,1,1,7.332796132151498,1.0,7.332796132151498,0.0,1.3698630136986356,1,,量占比與後續報酬的描述性相關；非因果或預測能力，少量樣本不作判斷,描述性關係；尚未扣費用、檢查除權息或做樣本外驗證；不評分、不認定關鍵分點
3008,9600,9600,富邦證券,buy,5,1,1,7.332796132151498,1.0,7.332796132151498,0.0,1.3698630136986356,1,,量占比與後續報酬的描述性相關；非因果或預測能力，少量樣本不作判斷,描述性關係；尚未扣費用、檢查除權息或做樣本外驗證；不評分、不認定關鍵分點
3008,9647,9600,富邦-新竹,sell,5,1,1,7.332796132151498,1.0,7.332796132151498,0.0,1.3698630136986356,1,,量占比與後續報酬的描述性相關；非因果或預測能力，少量樣本不作判斷,描述性關係；尚未扣費用、檢查除權息或做樣本外驗證；不評分、不認定關鍵分點
3008,9800,9800,元大證券,sell,5,1,1,7.332796132151498,1.0,7.332796132151498,0.0,1.3698630136986356,1,,量占比與後續報酬的描述性相關；非因果或預測能力，少量樣本不作判斷,描述性關係；尚未扣費用、檢查除權息或做樣本外驗證；不評分、不認定關鍵分點
3008,9862,9800,元大-南京,buy,5,1,1,7.332796132151498,1.0,7.332796132151498,0.0,1.3698630136986356,1,,量占比與後續報酬的描述性相關；非因果或預測能力，少量樣本不作判斷,描述性關係；尚未扣費用、檢查除權息或做樣本外驗證；不評分、不認定關鍵分點
3013,0031003000320046,1020,合庫-西台中,sell,5,1,1,4.148936170212769,1.0,4.148936170212769,0.0,-1.382978723404249,1,,量占比與後續報酬的描述性相關；非因果或預測能力，少量樣本不作判斷,描述性關係；尚未扣費用、檢查除權息或做樣本外驗證；不評分、不認定關鍵分點
3013,0035003300380050,5380,第一金-路竹,sell,5,1,1,4.148936170212769,1.0,4.148936170212769,0.0,-1.382978723404249,1,,量占比與後續報酬的描述性相關；非因果或預測能力，少量樣本不作判斷,描述性關係；尚未扣費用、檢查除權息或做樣本外驗證；不評分、不認定關鍵分點
3013,003500330038006a,5380,第一金-安和,buy,5,1,1,4.148936170212769,1.0,4.148936170212769,0.0,-1.382978723404249,1,,量占比與後續報酬的描述性相關；非因果或預測能力，少量樣本不作判斷,描述性關係；尚未扣費用、檢查除權息或做樣本外驗證；不評分、不認定關鍵分點
3013,003600310036004b,6160,中國信託-高雄,sell,5,1,1,4.148936170212769,1.0,4.148936170212769,0.0,-1.382978723404249,1,,量占比與後續報酬的描述性相關；非因果或預測能力，少量樣本不作判斷,描述性關係；尚未扣費用、檢查除權息或做樣本外驗證；不評分、不認定關鍵分點
3013,003900310038004d,9100,群益金鼎-嘉義,sell,5,1,1,4.148936170212769,1.0,4.148936170212769,0.0,-1.382978723404249,1,,量占比與後續報酬的描述性相關；非因果或預測能力，少量樣本不作判斷,描述性關係；尚未扣費用、檢查除權息或做樣本外驗證；不評分、不認定關鍵分點
3013,0039003800310042,9800,元大-竹北,buy,5,1,1,4.148936170212769,1.0,4.148936170212769,0.0,-1.382978723404249,1,,量占比與後續報酬的描述性相關；非因果或預測能力，少量樣本不作判斷,描述性關係；尚未扣費用、檢查除權息或做樣本外驗證；不評分、不認定關鍵分點
3013,0039003800320041,9800,元大-羅東,sell,5,1,1,4.148936170212769,1.0,4.148936170212769,0.0,-1.382978723404249,1,,量占比與後續報酬的描述性相關；非因果或預測能力，少量樣本不作判斷,描述性關係；尚未扣費用、檢查除權息或做樣本外驗證；不評分、不認定關鍵分點
3013,0039003800390050,9800,元大-敦南,sell,5,1,1,4.148936170212769,1.0,4.148936170212769,0.0,-1.382978723404249,1,,量占比與後續報酬的描述性相關；非因果或預測能力，少量樣本不作判斷,描述性關係；尚未扣費用、檢查除權息或做樣本外驗證；不評分、不認定關鍵分點
3013,0039004100300030,9A00,永豐金證券,buy,5,1,1,4.148936170212769,1.0,4.148936170212769,0.0,-1.382978723404249,1,,量占比與後續報酬的描述性相關；非因果或預測能力，少量樣本不作判斷,描述性關係；尚未扣費用、檢查除權息或做樣本外驗證；不評分、不認定關鍵分點
3013,0039004100390067,9A00,永豐金-內湖,buy,5,1,1,4.148936170212769,1.0,4.148936170212769,0.0,-1.382978723404249,1,,量占比與後續報酬的描述性相關；非因果或預測能力，少量樣本不作判斷,描述性關係；尚未扣費用、檢查除權息或做樣本外驗證；不評分、不認定關鍵分點
3013,0039004200320035,9B00,台新-五權西,sell,5,1,1,4.148936170212769,1.0,4.148936170212769,0.0,-1.382978723404249,1,,量占比與後續報酬的描述性相關；非因果或預測能力，少量樣本不作判斷,描述性關係；尚未扣費用、檢查除權息或做樣本外驗證；不評分、不認定關鍵分點
3013,0039004200320037,9B00,台新-林園,sell,5,1,1,4.148936170212769,1.0,4.148936170212769,0.0,-1.382978723404249,1,,量占比與後續報酬的描述性相關；非因果或預測能力，少量樣本不作判斷,描述性關係；尚未扣費用、檢查除權息或做樣本外驗證；不評分、不認定關鍵分點
3013,003900420032005a,9B00,台新-安南,sell,5,1,1,4.148936170212769,1.0,4.148936170212769,0.0,-1.382978723404249,1,,量占比與後續報酬的描述性相關；非因果或預測能力，少量樣本不作判斷,描述性關係；尚未扣費用、檢查除權息或做樣本外驗證；不評分、不認定關鍵分點
3013,003900420032006d,9B00,台新-成功,sell,5,1,1,4.148936170212769,1.0,4.148936170212769,0.0,-1.382978723404249,1,,量占比與後續報酬的描述性相關；非因果或預測能力，少量樣本不作判斷,描述性關係；尚未扣費用、檢查除權息或做樣本外驗證；不評分、不認定關鍵分點
3013,1021,1020,合庫-台中,sell,5,1,1,4.148936170212769,1.0,4.148936170212769,0.0,-1.382978723404249,1,,量占比與後續報酬的描述性相關；非因果或預測能力，少量樣本不作判斷,描述性關係；尚未扣費用、檢查除權息或做樣本外驗證；不評分、不認定關鍵分點
3013,1470,1470,台灣摩根士丹利,buy,5,1,1,4.148936170212769,1.0,4.148936170212769,0.0,-1.382978723404249,1,,量占比與後續報酬的描述性相關；非因果或預測能力，少量樣本不作判斷,描述性關係；尚未扣費用、檢查除權息或做樣本外驗證；不評分、不認定關鍵分點
3013,1480,1480,美商高盛,sell,5,1,1,4.148936170212769,1.0,4.148936170212769,0.0,-1.382978723404249,1,,量占比與後續報酬的描述性相關；非因果或預測能力，少量樣本不作判斷,描述性關係；尚未扣費用、檢查除權息或做樣本外驗證；不評分、不認定關鍵分點
3013,1560,1560,港商野村,buy,5,1,1,4.148936170212769,1.0,4.148936170212769,0.0,-1.382978723404249,1,,量占比與後續報酬的描述性相關；非因果或預測能力，少量樣本不作判斷,描述性關係；尚未扣費用、檢查除權息或做樣本外驗證；不評分、不認定關鍵分點
3013,1650,1650,新加坡商瑞銀,buy,5,1,1,4.148936170212769,1.0,4.148936170212769,0.0,-1.382978723404249,1,,量占比與後續報酬的描述性相關；非因果或預測能力，少量樣本不作判斷,描述性關係；尚未扣費用、檢查除權息或做樣本外驗證；不評分、不認定關鍵分點
3013,6461,6460,大昌-樹林,sell,5,1,1,4.148936170212769,1.0,4.148936170212769,0.0,-1.382978723404249,1,,量占比與後續報酬的描述性相關；非因果或預測能力，少量樣本不作判斷,描述性關係；尚未扣費用、檢查除權息或做樣本外驗證；不評分、不認定關鍵分點
3013,8440,8440,摩根大通,buy,5,1,1,4.148936170212769,1.0,4.148936170212769,0.0,-1.382978723404249,1,,量占比與後續報酬的描述性相關；非因果或預測能力，少量樣本不作判斷,描述性關係；尚未扣費用、檢查除權息或做樣本外驗證；不評分、不認定關鍵分點
3013,8560,8560,新光,buy,5,1,1,4.148936170212769,1.0,4.148936170212769,0.0,-1.382978723404249,1,,量占比與後續報酬的描述性相關；非因果或預測能力，少量樣本不作判斷,描述性關係；尚未扣費用、檢查除權息或做樣本外驗證；不評分、不認定關鍵分點
3013,8847,8840,玉山-台南,sell,5,1,1,4.148936170212769,1.0,4.148936170212769,0.0,-1.382978723404249,1,,量占比與後續報酬的描述性相關；非因果或預測能力，少量樣本不作判斷,描述性關係；尚未扣費用、檢查除權息或做樣本外驗證；不評分、不認定關鍵分點
3013,8880,8880,國泰證券,buy,5,1,1,4.148936170212769,1.0,4.148936170212769,0.0,-1.382978723404249,1,,量占比與後續報酬的描述性相關；非因果或預測能力，少量樣本不作判斷,描述性關係；尚未扣費用、檢查除權息或做樣本外驗證；不評分、不認定關鍵分點
3013,8882,8880,國泰-台中,buy,5,1,1,4.148936170212769,1.0,4.148936170212769,0.0,-1.382978723404249,1,,量占比與後續報酬的描述性相關；非因果或預測能力，少量樣本不作判斷,描述性關係；尚未扣費用、檢查除權息或做樣本外驗證；不評分、不認定關鍵分點
3013,9100,9100,群益金鼎,buy,5,1,1,4.148936170212769,1.0,4.148936170212769,0.0,-1.382978723404249,1,,量占比與後續報酬的描述性相關；非因果或預測能力，少量樣本不作判斷,描述性關係；尚未扣費用、檢查除權息或做樣本外驗證；不評分、不認定關鍵分點
3013,9285,9200,凱基-中壢,sell,5,1,1,4.148936170212769,1.0,4.148936170212769,0.0,-1.382978723404249,1,,量占比與後續報酬的描述性相關；非因果或預測能力，少量樣本不作判斷,描述性關係；尚未扣費用、檢查除權息或做樣本外驗證；不評分、不認定關鍵分點
3013,9600,9600,富邦證券,buy,5,1,1,4.148936170212769,1.0,4.148936170212769,0.0,-1.382978723404249,1,,量占比與後續報酬的描述性相關；非因果或預測能力，少量樣本不作判斷,描述性關係；尚未扣費用、檢查除權息或做樣本外驗證；不評分、不認定關鍵分點
3013,9623,9600,富邦-台北,buy,5,1,1,4.148936170212769,1.0,4.148936170212769,0.0,-1.382978723404249,1,,量占比與後續報酬的描述性相關；非因果或預測能力，少量樣本不作判斷,描述性關係；尚未扣費用、檢查除權息或做樣本外驗證；不評分、不認定關鍵分點
3013,9838,9800,元大-豐原,buy,5,1,1,4.148936170212769,1.0,4.148936170212769,0.0,-1.382978723404249,1,,量占比與後續報酬的描述性相關；非因果或預測能力，少量樣本不作判斷,描述性關係；尚未扣費用、檢查除權息或做樣本外驗證；不評分、不認定關鍵分點
3014,0031003200360051,1260,宏遠-高雄,buy,5,1,1,2.1126760563380254,1.0,2.1126760563380254,0.0,0.35211267605634866,1,,量占比與後續報酬的描述性相關；非因果或預測能力，少量樣本不作判斷,描述性關係；尚未扣費用、檢查除權息或做樣本外驗證；不評分、不認定關鍵分點
3014,0035003800350046,5850,統一-彰化,buy,5,1,1,2.1126760563380254,1.0,2.1126760563380254,0.0,0.35211267605634866,1,,量占比與後續報酬的描述性相關；非因果或預測能力，少量樣本不作判斷,描述性關係；尚未扣費用、檢查除權息或做樣本外驗證；不評分、不認定關鍵分點
3014,0035003800350055,5850,統一-南京,sell,5,1,1,2.1126760563380254,1.0,2.1126760563380254,0.0,0.35211267605634866,1,,量占比與後續報酬的描述性相關；非因果或預測能力，少量樣本不作判斷,描述性關係；尚未扣費用、檢查除權息或做樣本外驗證；不評分、不認定關鍵分點
3014,003700300030006b,7000,兆豐-員林,sell,5,1,1,2.1126760563380254,1.0,2.1126760563380254,0.0,0.35211267605634866,1,,量占比與後續報酬的描述性相關；非因果或預測能力，少量樣本不作判斷,描述性關係；尚未扣費用、檢查除權息或做樣本外驗證；不評分、不認定關鍵分點
3014,0037003700390050,7790,國票-九鼎,buy,5,1,1,2.1126760563380254,1.0,2.1126760563380254,0.0,0.35211267605634866,1,,量占比與後續報酬的描述性相關；非因果或預測能力，少量樣本不作判斷,描述性關係；尚未扣費用、檢查除權息或做樣本外驗證；不評分、不認定關鍵分點
3014,003800380034004a,8840,玉山-大里,sell,5,1,1,2.1126760563380254,1.0,2.1126760563380254,0.0,0.35211267605634866,1,,量占比與後續報酬的描述性相關；非因果或預測能力，少量樣本不作判斷,描述性關係；尚未扣費用、檢查除權息或做樣本外驗證；不評分、不認定關鍵分點
3014,0039003100380041,9100,群益金鼎-中壢,buy,5,1,1,2.1126760563380254,1.0,2.1126760563380254,0.0,0.35211267605634866,1,,量占比與後續報酬的描述性相關；非因果或預測能力，少量樣本不作判斷,描述性關係；尚未扣費用、檢查除權息或做樣本外驗證；不評分、不認定關鍵分點
3014,0039003100380063,9100,群益金鼎-鳳山,sell,5,1,1,2.1126760563380254,1.0,2.1126760563380254,0.0,0.35211267605634866,1,,量占比與後續報酬的描述性相關；非因果或預測能力，少量樣本不作判斷,描述性關係；尚未扣費用、檢查除權息或做樣本外驗證；不評分、不認定關鍵分點
3014,0039003600310048,9600,富邦-新板,sell,5,1,1,2.1126760563380254,1.0,2.1126760563380254,0.0,0.35211267605634866,1,,量占比與後續報酬的描述性相關；非因果或預測能力，少量樣本不作判斷,描述性關係；尚未扣費用、檢查除權息或做樣本外驗證；不評分、不認定關鍵分點
3014,0039003800310045,9800,元大-發財,sell,5,1,1,2.1126760563380254,1.0,2.1126760563380254,0.0,0.35211267605634866,1,,量占比與後續報酬的描述性相關；非因果或預測能力，少量樣本不作判斷,描述性關係；尚未扣費用、檢查除權息或做樣本外驗證；不評分、不認定關鍵分點
3014,0039003800320043,9800,元大-六合,sell,5,1,1,2.1126760563380254,1.0,2.1126760563380254,0.0,0.35211267605634866,1,,量占比與後續報酬的描述性相關；非因果或預測能力，少量樣本不作判斷,描述性關係；尚未扣費用、檢查除權息或做樣本外驗證；不評分、不認定關鍵分點
3014,0039004100300030,9A00,永豐金證券,buy,5,1,1,2.1126760563380254,1.0,2.1126760563380254,0.0,0.35211267605634866,1,,量占比與後續報酬的描述性相關；非因果或預測能力，少量樣本不作判斷,描述性關係；尚未扣費用、檢查除權息或做樣本外驗證；不評分、不認定關鍵分點
3014,0039004100380031,9A00,永豐金-匯立,sell,5,1,1,2.1126760563380254,1.0,2.1126760563380254,0.0,0.35211267605634866,1,,量占比與後續報酬的描述性相關；非因果或預測能力，少量樣本不作判斷,描述性關係；尚未扣費用、檢查除權息或做樣本外驗證；不評分、不認定關鍵分點
3014,0039004100380039,9A00,永豐金-敦北,buy,5,1,1,2.1126760563380254,1.0,2.1126760563380254,0.0,0.35211267605634866,1,,量占比與後續報酬的描述性相關；非因果或預測能力，少量樣本不作判斷,描述性關係；尚未扣費用、檢查除權息或做樣本外驗證；不評分、不認定關鍵分點
3014,0039004100390072,9A00,永豐金-北高雄,sell,5,1,1,2.1126760563380254,1.0,2.1126760563380254,0.0,0.35211267605634866,1,,量占比與後續報酬的描述性相關；非因果或預測能力，少量樣本不作判斷,描述性關係；尚未扣費用、檢查除權息或做樣本外驗證；不評分、不認定關鍵分點
3014,0039004200320059,9B00,台新-埔里,buy,5,1,1,2.1126760563380254,1.0,2.1126760563380254,0.0,0.35211267605634866,1,,量占比與後續報酬的描述性相關；非因果或預測能力，少量樣本不作判斷,描述性關係；尚未扣費用、檢查除權息或做樣本外驗證；不評分、不認定關鍵分點
3014,1037,1030,土銀-花蓮,sell,5,1,1,2.1126760563380254,1.0,2.1126760563380254,0.0,0.35211267605634866,1,,量占比與後續報酬的描述性相關；非因果或預測能力，少量樣本不作判斷,描述性關係；尚未扣費用、檢查除權息或做樣本外驗證；不評分、不認定關鍵分點
3014,1440,1440,美林,buy,5,1,1,2.1126760563380254,1.0,2.1126760563380254,0.0,0.35211267605634866,1,,量占比與後續報酬的描述性相關；非因果或預測能力，少量樣本不作判斷,描述性關係；尚未扣費用、檢查除權息或做樣本外驗證；不評分、不認定關鍵分點
3014,1470,1470,台灣摩根士丹利,buy,5,1,1,2.1126760563380254,1.0,2.1126760563380254,0.0,0.35211267605634866,1,,量占比與後續報酬的描述性相關；非因果或預測能力，少量樣本不作判斷,描述性關係；尚未扣費用、檢查除權息或做樣本外驗證；不評分、不認定關鍵分點
3014,1480,1480,美商高盛,buy,5,1,1,2.1126760563380254,1.0,2.1126760563380254,0.0,0.35211267605634866,1,,量占比與後續報酬的描述性相關；非因果或預測能力，少量樣本不作判斷,描述性關係；尚未扣費用、檢查除權息或做樣本外驗證；不評分、不認定關鍵分點
3014,1650,1650,新加坡商瑞銀,buy,5,1,1,2.1126760563380254,1.0,2.1126760563380254,0.0,0.35211267605634866,1,,量占比與後續報酬的描述性相關；非因果或預測能力，少量樣本不作判斷,描述性關係；尚未扣費用、檢查除權息或做樣本外驗證；不評分、不認定關鍵分點
3014,5385,5380,第一金-桃園,sell,5,1,1,2.1126760563380254,1.0,2.1126760563380254,0.0,0.35211267605634866,1,,量占比與後續報酬的描述性相關；非因果或預測能力，少量樣本不作判斷,描述性關係；尚未扣費用、檢查除權息或做樣本外驗證；不評分、不認定關鍵分點
3014,8440,8440,摩根大通,buy,5,1,1,2.1126760563380254,1.0,2.1126760563380254,0.0,0.35211267605634866,1,,量占比與後續報酬的描述性相關；非因果或預測能力，少量樣本不作判斷,描述性關係；尚未扣費用、檢查除權息或做樣本外驗證；不評分、不認定關鍵分點
3014,8458,8450,康和-台南,sell,5,1,1,2.1126760563380254,1.0,2.1126760563380254,0.0,0.35211267605634866,1,,量占比與後續報酬的描述性相關；非因果或預測能力，少量樣本不作判斷,描述性關係；尚未扣費用、檢查除權息或做樣本外驗證；不評分、不認定關鍵分點
3014,8888,8880,國泰-敦南,sell,5,1,1,2.1126760563380254,1.0,2.1126760563380254,0.0,0.35211267605634866,1,,量占比與後續報酬的描述性相關；非因果或預測能力，少量樣本不作判斷,描述性關係；尚未扣費用、檢查除權息或做樣本外驗證；不評分、不認定關鍵分點
3014,9136,9100,群益金鼎-西松,buy,5,1,1,2.1126760563380254,1.0,2.1126760563380254,0.0,0.35211267605634866,1,,量占比與後續報酬的描述性相關；非因果或預測能力，少量樣本不作判斷,描述性關係；尚未扣費用、檢查除權息或做樣本外驗證；不評分、不認定關鍵分點
3014,9239,9200,凱基-市政,sell,5,1,1,2.1126760563380254,1.0,2.1126760563380254,0.0,0.35211267605634866,1,,量占比與後續報酬的描述性相關；非因果或預測能力，少量樣本不作判斷,描述性關係；尚未扣費用、檢查除權息或做樣本外驗證；不評分、不認定關鍵分點
3014,9268,9200,凱基-台北,buy,5,1,1,2.1126760563380254,1.0,2.1126760563380254,0.0,0.35211267605634866,1,,量占比與後續報酬的描述性相關；非因果或預測能力，少量樣本不作判斷,描述性關係；尚未扣費用、檢查除權息或做樣本外驗證；不評分、不認定關鍵分點
3014,9283,9200,凱基-北門,buy,5,1,1,2.1126760563380254,1.0,2.1126760563380254,0.0,0.35211267605634866,1,,量占比與後續報酬的描述性相關；非因果或預測能力，少量樣本不作判斷,描述性關係；尚未扣費用、檢查除權息或做樣本外驗證；不評分、不認定關鍵分點
3014,9647,9600,富邦-新竹,sell,5,1,1,2.1126760563380254,1.0,2.1126760563380254,0.0,0.35211267605634866,1,,量占比與後續報酬的描述性相關；非因果或預測能力，少量樣本不作判斷,描述性關係；尚未扣費用、檢查除權息或做樣本外驗證；不評分、不認定關鍵分點
3015,003500380035004d,5850,統一-士林,sell,5,1,1,-5.311355311355303,0.0,-5.311355311355303,0.0,-5.311355311355303,1,,量占比與後續報酬的描述性相關；非因果或預測能力，少量樣本不作判斷,描述性關係；尚未扣費用、檢查除權息或做樣本外驗證；不評分、不認定關鍵分點
3015,0037003000300063,7000,兆豐-民生,buy,5,1,1,-5.311355311355303,0.0,-5.311355311355303,0.0,-5.311355311355303,1,,量占比與後續報酬的描述性相關；非因果或預測能力，少量樣本不作判斷,描述性關係；尚未扣費用、檢查除權息或做樣本外驗證；不評分、不認定關鍵分點
3015,0037003000300068,7000,兆豐-三民,sell,5,1,1,-5.311355311355303,0.0,-5.311355311355303,0.0,-5.311355311355303,1,,量占比與後續報酬的描述性相關；非因果或預測能力，少量樣本不作判斷,描述性關係；尚未扣費用、檢查除權息或做樣本外驗證；不評分、不認定關鍵分點
3015,0039003100330045,9100,群益金鼎-基隆,buy,5,1,1,-5.311355311355303,0.0,-5.311355311355303,0.0,-5.311355311355303,1,,量占比與後續報酬的描述性相關；非因果或預測能力，少量樣本不作判斷,描述性關係；尚未扣費用、檢查除權息或做樣本外驗證；不評分、不認定關鍵分點
3015,0039003100380045,9100,群益金鼎-南京,buy,5,1,1,-5.311355311355303,0.0,-5.311355311355303,0.0,-5.311355311355303,1,,量占比與後續報酬的描述性相關；非因果或預測能力，少量樣本不作判斷,描述性關係；尚未扣費用、檢查除權息或做樣本外驗證；不評分、不認定關鍵分點
3015,003900310038004d,9100,群益金鼎-嘉義,sell,5,1,1,-5.311355311355303,0.0,-5.311355311355303,0.0,-5.311355311355303,1,,量占比與後續報酬的描述性相關；非因果或預測能力，少量樣本不作判斷,描述性關係；尚未扣費用、檢查除權息或做樣本外驗證；不評分、不認定關鍵分點
3015,0039003200300046,9200,凱基-站前,sell,5,1,1,-5.311355311355303,0.0,-5.311355311355303,0.0,-5.311355311355303,1,,量占比與後續報酬的描述性相關；非因果或預測能力，少量樣本不作判斷,描述性關係；尚未扣費用、檢查除權息或做樣本外驗證；不評分、不認定關鍵分點
3015,003900360031005a,9600,富邦-永康,buy,5,1,1,-5.311355311355303,0.0,-5.311355311355303,0.0,-5.311355311355303,1,,量占比與後續報酬的描述性相關；非因果或預測能力，少量樣本不作判斷,描述性關係；尚未扣費用、檢查除權息或做樣本外驗證；不評分、不認定關鍵分點
3015,003900380031006a,9800,元大-士林,sell,5,1,1,-5.311355311355303,0.0,-5.311355311355303,0.0,-5.311355311355303,1,,量占比與後續報酬的描述性相關；非因果或預測能力，少量樣本不作判斷,描述性關係；尚未扣費用、檢查除權息或做樣本外驗證；不評分、不認定關鍵分點
3015,0039003800390050,9800,元大-敦南,buy,5,1,1,-5.311355311355303,0.0,-5.311355311355303,0.0,-5.311355311355303,1,,量占比與後續報酬的描述性相關；非因果或預測能力，少量樣本不作判斷,描述性關係；尚未扣費用、檢查除權息或做樣本外驗證；不評分、不認定關鍵分點
3015,0039004100360039,9A00,永豐金-屏東,sell,5,1,1,-5.311355311355303,0.0,-5.311355311355303,0.0,-5.311355311355303,1,,量占比與後續報酬的描述性相關；非因果或預測能力，少量樣本不作判斷,描述性關係；尚未扣費用、檢查除權息或做樣本外驗證；不評分、不認定關鍵分點
3015,1024,1020,合庫-嘉義,sell,5,1,1,-5.311355311355303,0.0,-5.311355311355303,0.0,-5.311355311355303,1,,量占比與後續報酬的描述性相關；非因果或預測能力，少量樣本不作判斷,描述性關係；尚未扣費用、檢查除權息或做樣本外驗證；不評分、不認定關鍵分點
3015,1470,1470,台灣摩根士丹利,buy,5,1,1,-5.311355311355303,0.0,-5.311355311355303,0.0,-5.311355311355303,1,,量占比與後續報酬的描述性相關；非因果或預測能力，少量樣本不作判斷,描述性關係；尚未扣費用、檢查除權息或做樣本外驗證；不評分、不認定關鍵分點
3015,1480,1480,美商高盛,buy,5,1,1,-5.311355311355303,0.0,-5.311355311355303,0.0,-5.311355311355303,1,,量占比與後續報酬的描述性相關；非因果或預測能力，少量樣本不作判斷,描述性關係；尚未扣費用、檢查除權息或做樣本外驗證；不評分、不認定關鍵分點
3015,1560,1560,港商野村,sell,5,1,1,-5.311355311355303,0.0,-5.311355311355303,0.0,-5.311355311355303,1,,量占比與後續報酬的描述性相關；非因果或預測能力，少量樣本不作判斷,描述性關係；尚未扣費用、檢查除權息或做樣本外驗證；不評分、不認定關鍵分點
3015,1650,1650,新加坡商瑞銀,buy,5,1,1,-5.311355311355303,0.0,-5.311355311355303,0.0,-5.311355311355303,1,,量占比與後續報酬的描述性相關；非因果或預測能力，少量樣本不作判斷,描述性關係；尚未扣費用、檢查除權息或做樣本外驗證；不評分、不認定關鍵分點
3015,7006,7000,兆豐-台南,buy,5,1,1,-5.311355311355303,0.0,-5.311355311355303,0.0,-5.311355311355303,1,,量占比與後續報酬的描述性相關；非因果或預測能力，少量樣本不作判斷,描述性關係；尚未扣費用、檢查除權息或做樣本外驗證；不評分、不認定關鍵分點
3015,8440,8440,摩根大通,buy,5,1,1,-5.311355311355303,0.0,-5.311355311355303,0.0,-5.311355311355303,1,,量占比與後續報酬的描述性相關；非因果或預測能力，少量樣本不作判斷,描述性關係；尚未扣費用、檢查除權息或做樣本外驗證；不評分、不認定關鍵分點
3015,8560,8560,新光,sell,5,1,1,-5.311355311355303,0.0,-5.311355311355303,0.0,-5.311355311355303,1,,量占比與後續報酬的描述性相關；非因果或預測能力，少量樣本不作判斷,描述性關係；尚未扣費用、檢查除權息或做樣本外驗證；不評分、不認定關鍵分點
3015,8886,8880,國泰-新莊,buy,5,1,1,-5.311355311355303,0.0,-5.311355311355303,0.0,-5.311355311355303,1,,量占比與後續報酬的描述性相關；非因果或預測能力，少量樣本不作判斷,描述性關係；尚未扣費用、檢查除權息或做樣本外驗證；不評分、不認定關鍵分點
3015,9200,9200,凱基,sell,5,1,1,-5.311355311355303,0.0,-5.311355311355303,0.0,-5.311355311355303,1,,量占比與後續報酬的描述性相關；非因果或預測能力，少量樣本不作判斷,描述性關係；尚未扣費用、檢查除權息或做樣本外驗證；不評分、不認定關鍵分點
3015,9202,9200,凱基-中港,sell,5,1,1,-5.311355311355303,0.0,-5.311355311355303,0.0,-5.311355311355303,1,,量占比與後續報酬的描述性相關；非因果或預測能力，少量樣本不作判斷,描述性關係；尚未扣費用、檢查除權息或做樣本外驗證；不評分、不認定關鍵分點
3015,9268,9200,凱基-台北,buy,5,1,1,-5.311355311355303,0.0,-5.311355311355303,0.0,-5.311355311355303,1,,量占比與後續報酬的描述性相關；非因果或預測能力，少量樣本不作判斷,描述性關係；尚未扣費用、檢查除權息或做樣本外驗證；不評分、不認定關鍵分點
3015,9272,9200,凱基-竹科,sell,5,1,1,-5.311355311355303,0.0,-5.311355311355303,0.0,-5.311355311355303,1,,量占比與後續報酬的描述性相關；非因果或預測能力，少量樣本不作判斷,描述性關係；尚未扣費用、檢查除權息或做樣本外驗證；不評分、不認定關鍵分點
3015,9647,9600,富邦-新竹,buy,5,1,1,-5.311355311355303,0.0,-5.311355311355303,0.0,-5.311355311355303,1,,量占比與後續報酬的描述性相關；非因果或預測能力，少量樣本不作判斷,描述性關係；尚未扣費用、檢查除權息或做樣本外驗證；不評分、不認定關鍵分點
3015,9661,9600,富邦-新店,buy,5,1,1,-5.311355311355303,0.0,-5.311355311355303,0.0,-5.311355311355303,1,,量占比與後續報酬的描述性相關；非因果或預測能力，少量樣本不作判斷,描述性關係；尚未扣費用、檢查除權息或做樣本外驗證；不評分、不認定關鍵分點
3015,9676,9600,富邦-仁愛,buy,5,1,1,-5.311355311355303,0.0,-5.311355311355303,0.0,-5.311355311355303,1,,量占比與後續報酬的描述性相關；非因果或預測能力，少量樣本不作判斷,描述性關係；尚未扣費用、檢查除權息或做樣本外驗證；不評分、不認定關鍵分點
3015,9814,9800,元大-大益,sell,5,1,1,-5.311355311355303,0.0,-5.311355311355303,0.0,-5.311355311355303,1,,量占比與後續報酬的描述性相關；非因果或預測能力，少量樣本不作判斷,描述性關係；尚未扣費用、檢查除權息或做樣本外驗證；不評分、不認定關鍵分點
3015,9838,9800,元大-豐原,sell,5,1,1,-5.311355311355303,0.0,-5.311355311355303,0.0,-5.311355311355303,1,,量占比與後續報酬的描述性相關；非因果或預測能力，少量樣本不作判斷,描述性關係；尚未扣費用、檢查除權息或做樣本外驗證；不評分、不認定關鍵分點
3015,9856,9800,元大-花蓮,sell,5,1,1,-5.311355311355303,0.0,-5.311355311355303,0.0,-5.311355311355303,1,,量占比與後續報酬的描述性相關；非因果或預測能力，少量樣本不作判斷,描述性關係；尚未扣費用、檢查除權息或做樣本外驗證；不評分、不認定關鍵分點
3017,003500380035004d,5850,統一-士林,sell,5,1,1,-1.9943019943019946,0.0,-1.9943019943019946,0.0,-1.9943019943019946,1,,量占比與後續報酬的描述性相關；非因果或預測能力，少量樣本不作判斷,描述性關係；尚未扣費用、檢查除權息或做樣本外驗證；不評分、不認定關鍵分點
3017,0037003700390063,7790,國票-敦北法人,buy,5,1,1,-1.9943019943019946,0.0,-1.9943019943019946,0.0,-1.9943019943019946,1,,量占比與後續報酬的描述性相關；非因果或預測能力，少量樣本不作判斷,描述性關係；尚未扣費用、檢查除權息或做樣本外驗證；不評分、不認定關鍵分點
3017,0038003800380041,8880,國泰-館前,sell,5,1,1,-1.9943019943019946,0.0,-1.9943019943019946,0.0,-1.9943019943019946,1,,量占比與後續報酬的描述性相關；非因果或預測能力，少量樣本不作判斷,描述性關係；尚未扣費用、檢查除權息或做樣本外驗證；不評分、不認定關鍵分點
3017,003900360031004d,9600,富邦-木柵,sell,5,1,1,-1.9943019943019946,0.0,-1.9943019943019946,0.0,-1.9943019943019946,1,,量占比與後續報酬的描述性相關；非因果或預測能力，少量樣本不作判斷,描述性關係；尚未扣費用、檢查除權息或做樣本外驗證；不評分、不認定關鍵分點
3017,0039003800300064,9800,元大-沙鹿,sell,5,1,1,-1.9943019943019946,0.0,-1.9943019943019946,0.0,-1.9943019943019946,1,,量占比與後續報酬的描述性相關；非因果或預測能力，少量樣本不作判斷,描述性關係；尚未扣費用、檢查除權息或做樣本外驗證；不評分、不認定關鍵分點
3017,0039004100300030,9A00,永豐金證券,buy,5,1,1,-1.9943019943019946,0.0,-1.9943019943019946,0.0,-1.9943019943019946,1,,量占比與後續報酬的描述性相關；非因果或預測能力，少量樣本不作判斷,描述性關係；尚未扣費用、檢查除權息或做樣本外驗證；不評分、不認定關鍵分點
3017,0039004100380031,9A00,永豐金-匯立,sell,5,1,1,-1.9943019943019946,0.0,-1.9943019943019946,0.0,-1.9943019943019946,1,,量占比與後續報酬的描述性相關；非因果或預測能力，少量樣本不作判斷,描述性關係；尚未扣費用、檢查除權息或做樣本外驗證；不評分、不認定關鍵分點
3017,1360,1360,港商麥格理,buy,5,1,1,-1.9943019943019946,0.0,-1.9943019943019946,0.0,-1.9943019943019946,1,,量占比與後續報酬的描述性相關；非因果或預測能力，少量樣本不作判斷,描述性關係；尚未扣費用、檢查除權息或做樣本外驗證；不評分、不認定關鍵分點
3017,1440,1440,美林,buy,5,1,1,-1.9943019943019946,0.0,-1.9943019943019946,0.0,-1.9943019943019946,1,,量占比與後續報酬的描述性相關；非因果或預測能力，少量樣本不作判斷,描述性關係；尚未扣費用、檢查除權息或做樣本外驗證；不評分、不認定關鍵分點
3017,1470,1470,台灣摩根士丹利,buy,5,1,1,-1.9943019943019946,0.0,-1.9943019943019946,0.0,-1.9943019943019946,1,,量占比與後續報酬的描述性相關；非因果或預測能力，少量樣本不作判斷,描述性關係；尚未扣費用、檢查除權息或做樣本外驗證；不評分、不認定關鍵分點
3017,1480,1480,美商高盛,buy,5,1,1,-1.9943019943019946,0.0,-1.9943019943019946,0.0,-1.9943019943019946,1,,量占比與後續報酬的描述性相關；非因果或預測能力，少量樣本不作判斷,描述性關係；尚未扣費用、檢查除權息或做樣本外驗證；不評分、不認定關鍵分點
3017,1560,1560,港商野村,buy,5,1,1,-1.9943019943019946,0.0,-1.9943019943019946,0.0,-1.9943019943019946,1,,量占比與後續報酬的描述性相關；非因果或預測能力，少量樣本不作判斷,描述性關係；尚未扣費用、檢查除權息或做樣本外驗證；不評分、不認定關鍵分點
3017,1590,1590,花旗環球,buy,5,1,1,-1.9943019943019946,0.0,-1.9943019943019946,0.0,-1.9943019943019946,1,,量占比與後續報酬的描述性相關；非因果或預測能力，少量樣本不作判斷,描述性關係；尚未扣費用、檢查除權息或做樣本外驗證；不評分、不認定關鍵分點
3017,1650,1650,新加坡商瑞銀,buy,5,1,1,-1.9943019943019946,0.0,-1.9943019943019946,0.0,-1.9943019943019946,1,,量占比與後續報酬的描述性相關；非因果或預測能力，少量樣本不作判斷,描述性關係；尚未扣費用、檢查除權息或做樣本外驗證；不評分、不認定關鍵分點
3017,5380,5380,第一金,sell,5,1,1,-1.9943019943019946,0.0,-1.9943019943019946,0.0,-1.9943019943019946,1,,量占比與後續報酬的描述性相關；非因果或預測能力，少量樣本不作判斷,描述性關係；尚未扣費用、檢查除權息或做樣本外驗證；不評分、不認定關鍵分點
3017,5852,5850,統一-敦南,buy,5,1,1,-1.9943019943019946,0.0,-1.9943019943019946,0.0,-1.9943019943019946,1,,量占比與後續報酬的描述性相關；非因果或預測能力，少量樣本不作判斷,描述性關係；尚未扣費用、檢查除權息或做樣本外驗證；不評分、不認定關鍵分點
3017,8440,8440,摩根大通,sell,5,1,1,-1.9943019943019946,0.0,-1.9943019943019946,0.0,-1.9943019943019946,1,,量占比與後續報酬的描述性相關；非因果或預測能力，少量樣本不作判斷,描述性關係；尚未扣費用、檢查除權息或做樣本外驗證；不評分、不認定關鍵分點
3017,8560,8560,新光,buy,5,1,1,-1.9943019943019946,0.0,-1.9943019943019946,0.0,-1.9943019943019946,1,,量占比與後續報酬的描述性相關；非因果或預測能力，少量樣本不作判斷,描述性關係；尚未扣費用、檢查除權息或做樣本外驗證；不評分、不認定關鍵分點
3017,8880,8880,國泰證券,buy,5,1,1,-1.9943019943019946,0.0,-1.9943019943019946,0.0,-1.9943019943019946,1,,量占比與後續報酬的描述性相關；非因果或預測能力，少量樣本不作判斷,描述性關係；尚未扣費用、檢查除權息或做樣本外驗證；不評分、不認定關鍵分點
3017,8890,8890,大和國泰,sell,5,1,1,-1.9943019943019946,0.0,-1.9943019943019946,0.0,-1.9943019943019946,1,,量占比與後續報酬的描述性相關；非因果或預測能力，少量樣本不作判斷,描述性關係；尚未扣費用、檢查除權息或做樣本外驗證；不評分、不認定關鍵分點
3017,9100,9100,群益金鼎,sell,5,1,1,-1.9943019943019946,0.0,-1.9943019943019946,0.0,-1.9943019943019946,1,,量占比與後續報酬的描述性相關；非因果或預測能力，少量樣本不作判斷,描述性關係；尚未扣費用、檢查除權息或做樣本外驗證；不評分、不認定關鍵分點
3017,9200,9200,凱基,buy,5,1,1,-1.9943019943019946,0.0,-1.9943019943019946,0.0,-1.9943019943019946,1,,量占比與後續報酬的描述性相關；非因果或預測能力，少量樣本不作判斷,描述性關係；尚未扣費用、檢查除權息或做樣本外驗證；不評分、不認定關鍵分點
3017,9205,9200,凱基-三重,sell,5,1,1,-1.9943019943019946,0.0,-1.9943019943019946,0.0,-1.9943019943019946,1,,量占比與後續報酬的描述性相關；非因果或預測能力，少量樣本不作判斷,描述性關係；尚未扣費用、檢查除權息或做樣本外驗證；不評分、不認定關鍵分點
3017,9206,9200,凱基-高雄,sell,5,1,1,-1.9943019943019946,0.0,-1.9943019943019946,0.0,-1.9943019943019946,1,,量占比與後續報酬的描述性相關；非因果或預測能力，少量樣本不作判斷,描述性關係；尚未扣費用、檢查除權息或做樣本外驗證；不評分、不認定關鍵分點
3017,9216,9200,凱基-信義,buy,5,1,1,-1.9943019943019946,0.0,-1.9943019943019946,0.0,-1.9943019943019946,1,,量占比與後續報酬的描述性相關；非因果或預測能力，少量樣本不作判斷,描述性關係；尚未扣費用、檢查除權息或做樣本外驗證；不評分、不認定關鍵分點
3017,9268,9200,凱基-台北,sell,5,1,1,-1.9943019943019946,0.0,-1.9943019943019946,0.0,-1.9943019943019946,1,,量占比與後續報酬的描述性相關；非因果或預測能力，少量樣本不作判斷,描述性關係；尚未扣費用、檢查除權息或做樣本外驗證；不評分、不認定關鍵分點
3017,9300,9300,華南永昌,buy,5,1,1,-1.9943019943019946,0.0,-1.9943019943019946,0.0,-1.9943019943019946,1,,量占比與後續報酬的描述性相關；非因果或預測能力，少量樣本不作判斷,描述性關係；尚未扣費用、檢查除權息或做樣本外驗證；不評分、不認定關鍵分點
3017,9600,9600,富邦證券,sell,5,1,1,-1.9943019943019946,0.0,-1.9943019943019946,0.0,-1.9943019943019946,1,,量占比與後續報酬的描述性相關；非因果或預測能力，少量樣本不作判斷,描述性關係；尚未扣費用、檢查除權息或做樣本外驗證；不評分、不認定關鍵分點
3017,9676,9600,富邦-仁愛,sell,5,1,1,-1.9943019943019946,0.0,-1.9943019943019946,0.0,-1.9943019943019946,1,,量占比與後續報酬的描述性相關；非因果或預測能力，少量樣本不作判斷,描述性關係；尚未扣費用、檢查除權息或做樣本外驗證；不評分、不認定關鍵分點
3017,9800,9800,元大證券,sell,5,1,1,-1.9943019943019946,0.0,-1.9943019943019946,0.0,-1.9943019943019946,1,,量占比與後續報酬的描述性相關；非因果或預測能力，少量樣本不作判斷,描述性關係；尚未扣費用、檢查除權息或做樣本外驗證；不評分、不認定關鍵分點
3032,0031003100310045,1110,台灣企銀-桃園,buy,5,1,1,-2.9003783102143688,0.0,-2.9003783102143688,0.0,-2.9003783102143688,1,,量占比與後續報酬的描述性相關；非因果或預測能力，少量樣本不作判斷,描述性關係；尚未扣費用、檢查除權息或做樣本外驗證；不評分、不認定關鍵分點
3032,0035003300380043,5380,第一金-光復,sell,5,1,1,-2.9003783102143688,0.0,-2.9003783102143688,0.0,-2.9003783102143688,1,,量占比與後續報酬的描述性相關；非因果或預測能力，少量樣本不作判斷,描述性關係；尚未扣費用、檢查除權息或做樣本外驗證；不評分、不認定關鍵分點
3032,003600310036004b,6160,中國信託-高雄,buy,5,1,1,-2.9003783102143688,0.0,-2.9003783102143688,0.0,-2.9003783102143688,1,,量占比與後續報酬的描述性相關；非因果或預測能力，少量樣本不作判斷,描述性關係；尚未扣費用、檢查除權息或做樣本外驗證；不評分、不認定關鍵分點
3032,0037003000300072,7000,兆豐-寶成,sell,5,1,1,-2.9003783102143688,0.0,-2.9003783102143688,0.0,-2.9003783102143688,1,,量占比與後續報酬的描述性相關；非因果或預測能力，少量樣本不作判斷,描述性關係；尚未扣費用、檢查除權息或做樣本外驗證；不評分、不認定關鍵分點
3032,003700370039006d,7790,國票-中港,sell,5,1,1,-2.9003783102143688,0.0,-2.9003783102143688,0.0,-2.9003783102143688,1,,量占比與後續報酬的描述性相關；非因果或預測能力，少量樣本不作判斷,描述性關係；尚未扣費用、檢查除權息或做樣本外驗證；不評分、不認定關鍵分點
3032,0039003200300041,9200,凱基-板橋,sell,5,1,1,-2.9003783102143688,0.0,-2.9003783102143688,0.0,-2.9003783102143688,1,,量占比與後續報酬的描述性相關；非因果或預測能力，少量樣本不作判斷,描述性關係；尚未扣費用、檢查除權息或做樣本外驗證；不評分、不認定關鍵分點
3032,0039003600310046,9600,富邦-公益,buy,5,1,1,-2.9003783102143688,0.0,-2.9003783102143688,0.0,-2.9003783102143688,1,,量占比與後續報酬的描述性相關；非因果或預測能力，少量樣本不作判斷,描述性關係；尚未扣費用、檢查除權息或做樣本外驗證；不評分、不認定關鍵分點
3032,0039003600320050,9600,富邦-頭份,buy,5,1,1,-2.9003783102143688,0.0,-2.9003783102143688,0.0,-2.9003783102143688,1,,量占比與後續報酬的描述性相關；非因果或預測能力，少量樣本不作判斷,描述性關係；尚未扣費用、檢查除權息或做樣本外驗證；不評分、不認定關鍵分點
3032,0039003800300044,9800,元大-北府,sell,5,1,1,-2.9003783102143688,0.0,-2.9003783102143688,0.0,-2.9003783102143688,1,,量占比與後續報酬的描述性相關；非因果或預測能力，少量樣本不作判斷,描述性關係；尚未扣費用、檢查除權息或做樣本外驗證；不評分、不認定關鍵分點
3032,0039003800300075,9800,元大-府城,sell,5,1,1,-2.9003783102143688,0.0,-2.9003783102143688,0.0,-2.9003783102143688,1,,量占比與後續報酬的描述性相關；非因果或預測能力，少量樣本不作判斷,描述性關係；尚未扣費用、檢查除權息或做樣本外驗證；不評分、不認定關鍵分點
3032,0039003800320041,9800,元大-羅東,sell,5,1,1,-2.9003783102143688,0.0,-2.9003783102143688,0.0,-2.9003783102143688,1,,量占比與後續報酬的描述性相關；非因果或預測能力，少量樣本不作判斷,描述性關係；尚未扣費用、檢查除權息或做樣本外驗證；不評分、不認定關鍵分點
3032,0039003800390064,9800,元大-北屯,buy,5,1,1,-2.9003783102143688,0.0,-2.9003783102143688,0.0,-2.9003783102143688,1,,量占比與後續報酬的描述性相關；非因果或預測能力，少量樣本不作判斷,描述性關係；尚未扣費用、檢查除權息或做樣本外驗證；不評分、不認定關鍵分點
3032,0039004100390038,9A00,永豐金-大園,sell,5,1,1,-2.9003783102143688,0.0,-2.9003783102143688,0.0,-2.9003783102143688,1,,量占比與後續報酬的描述性相關；非因果或預測能力，少量樣本不作判斷,描述性關係；尚未扣費用、檢查除權息或做樣本外驗證；不評分、不認定關鍵分點
3032,0039004100390078,9A00,永豐金-桃園,sell,5,1,1,-2.9003783102143688,0.0,-2.9003783102143688,0.0,-2.9003783102143688,1,,量占比與後續報酬的描述性相關；非因果或預測能力，少量樣本不作判斷,描述性關係；尚未扣費用、檢查除權息或做樣本外驗證；不評分、不認定關鍵分點
3032,0039004200320072,9B00,台新-城東,buy,5,1,1,-2.9003783102143688,0.0,-2.9003783102143688,0.0,-2.9003783102143688,1,,量占比與後續報酬的描述性相關；非因果或預測能力，少量樣本不作判斷,描述性關係；尚未扣費用、檢查除權息或做樣本外驗證；不評分、不認定關鍵分點
3032,1440,1440,美林,buy,5,1,1,-2.9003783102143688,0.0,-2.9003783102143688,0.0,-2.9003783102143688,1,,量占比與後續報酬的描述性相關；非因果或預測能力，少量樣本不作判斷,描述性關係；尚未扣費用、檢查除權息或做樣本外驗證；不評分、不認定關鍵分點
3032,1470,1470,台灣摩根士丹利,sell,5,1,1,-2.9003783102143688,0.0,-2.9003783102143688,0.0,-2.9003783102143688,1,,量占比與後續報酬的描述性相關；非因果或預測能力，少量樣本不作判斷,描述性關係；尚未扣費用、檢查除權息或做樣本外驗證；不評分、不認定關鍵分點
3032,1480,1480,美商高盛,buy,5,1,1,-2.9003783102143688,0.0,-2.9003783102143688,0.0,-2.9003783102143688,1,,量占比與後續報酬的描述性相關；非因果或預測能力，少量樣本不作判斷,描述性關係；尚未扣費用、檢查除權息或做樣本外驗證；不評分、不認定關鍵分點
3032,1650,1650,新加坡商瑞銀,buy,5,1,1,-2.9003783102143688,0.0,-2.9003783102143688,0.0,-2.9003783102143688,1,,量占比與後續報酬的描述性相關；非因果或預測能力，少量樣本不作判斷,描述性關係；尚未扣費用、檢查除權息或做樣本外驗證；不評分、不認定關鍵分點
3032,5854,5850,統一-城中,sell,5,1,1,-2.9003783102143688,0.0,-2.9003783102143688,0.0,-2.9003783102143688,1,,量占比與後續報酬的描述性相關；非因果或預測能力，少量樣本不作判斷,描述性關係；尚未扣費用、檢查除權息或做樣本外驗證；不評分、不認定關鍵分點
3032,8440,8440,摩根大通,buy,5,1,1,-2.9003783102143688,0.0,-2.9003783102143688,0.0,-2.9003783102143688,1,,量占比與後續報酬的描述性相關；非因果或預測能力，少量樣本不作判斷,描述性關係；尚未扣費用、檢查除權息或做樣本外驗證；不評分、不認定關鍵分點
3032,8455,8450,康和-台中,sell,5,1,1,-2.9003783102143688,0.0,-2.9003783102143688,0.0,-2.9003783102143688,1,,量占比與後續報酬的描述性相關；非因果或預測能力，少量樣本不作判斷,描述性關係；尚未扣費用、檢查除權息或做樣本外驗證；不評分、不認定關鍵分點
3032,8562,8560,新光-高雄,buy,5,1,1,-2.9003783102143688,0.0,-2.9003783102143688,0.0,-2.9003783102143688,1,,量占比與後續報酬的描述性相關；非因果或預測能力，少量樣本不作判斷,描述性關係；尚未扣費用、檢查除權息或做樣本外驗證；不評分、不認定關鍵分點
3032,8565,8560,新光-桃園,sell,5,1,1,-2.9003783102143688,0.0,-2.9003783102143688,0.0,-2.9003783102143688,1,,量占比與後續報酬的描述性相關；非因果或預測能力，少量樣本不作判斷,描述性關係；尚未扣費用、檢查除權息或做樣本外驗證；不評分、不認定關鍵分點
3032,8882,8880,國泰-台中,buy,5,1,1,-2.9003783102143688,0.0,-2.9003783102143688,0.0,-2.9003783102143688,1,,量占比與後續報酬的描述性相關；非因果或預測能力，少量樣本不作判斷,描述性關係；尚未扣費用、檢查除權息或做樣本外驗證；不評分、不認定關鍵分點
3032,9215,9200,凱基-高美館,sell,5,1,1,-2.9003783102143688,0.0,-2.9003783102143688,0.0,-2.9003783102143688,1,,量占比與後續報酬的描述性相關；非因果或預測能力，少量樣本不作判斷,描述性關係；尚未扣費用、檢查除權息或做樣本外驗證；不評分、不認定關鍵分點
3032,9268,9200,凱基-台北,buy,5,1,1,-2.9003783102143688,0.0,-2.9003783102143688,0.0,-2.9003783102143688,1,,量占比與後續報酬的描述性相關；非因果或預測能力，少量樣本不作判斷,描述性關係；尚未扣費用、檢查除權息或做樣本外驗證；不評分、不認定關鍵分點
3032,9289,9200,凱基-興隆,sell,5,1,1,-2.9003783102143688,0.0,-2.9003783102143688,0.0,-2.9003783102143688,1,,量占比與後續報酬的描述性相關；非因果或預測能力，少量樣本不作判斷,描述性關係；尚未扣費用、檢查除權息或做樣本外驗證；不評分、不認定關鍵分點
3032,9359,9300,華南永昌-中正,buy,5,1,1,-2.9003783102143688,0.0,-2.9003783102143688,0.0,-2.9003783102143688,1,,量占比與後續報酬的描述性相關；非因果或預測能力，少量樣本不作判斷,描述性關係；尚未扣費用、檢查除權息或做樣本外驗證；不評分、不認定關鍵分點
3032,9869,9800,元大-新盛,buy,5,1,1,-2.9003783102143688,0.0,-2.9003783102143688,0.0,-2.9003783102143688,1,,量占比與後續報酬的描述性相關；非因果或預測能力，少量樣本不作判斷,描述性關係；尚未扣費用、檢查除權息或做樣本外驗證；不評分、不認定關鍵分點
3035,0031003000320043,1020,合庫-自強,sell,5,1,1,-5.164319248826288,0.0,-5.164319248826288,0.0,-5.164319248826288,1,,量占比與後續報酬的描述性相關；非因果或預測能力，少量樣本不作判斷,描述性關係；尚未扣費用、檢查除權息或做樣本外驗證；不評分、不認定關鍵分點
3035,0035003300380057,5380,第一金-華江,buy,5,1,1,-5.164319248826288,0.0,-5.164319248826288,0.0,-5.164319248826288,1,,量占比與後續報酬的描述性相關；非因果或預測能力，少量樣本不作判斷,描述性關係；尚未扣費用、檢查除權息或做樣本外驗證；不評分、不認定關鍵分點
3035,0038003800340044,8840,玉山-左營,buy,5,1,1,-5.164319248826288,0.0,-5.164319248826288,0.0,-5.164319248826288,1,,量占比與後續報酬的描述性相關；非因果或預測能力，少量樣本不作判斷,描述性關係；尚未扣費用、檢查除權息或做樣本外驗證；不評分、不認定關鍵分點
3035,0039003200300041,9200,凱基-板橋,buy,5,1,1,-5.164319248826288,0.0,-5.164319248826288,0.0,-5.164319248826288,1,,量占比與後續報酬的描述性相關；非因果或預測能力，少量樣本不作判斷,描述性關係；尚未扣費用、檢查除權息或做樣本外驗證；不評分、不認定關鍵分點
3035,0039003200300046,9200,凱基-站前,sell,5,1,1,-5.164319248826288,0.0,-5.164319248826288,0.0,-5.164319248826288,1,,量占比與後續報酬的描述性相關；非因果或預測能力，少量樣本不作判斷,描述性關係；尚未扣費用、檢查除權息或做樣本外驗證；不評分、不認定關鍵分點
3035,0039003600310052,9600,富邦-南員林,sell,5,1,1,-5.164319248826288,0.0,-5.164319248826288,0.0,-5.164319248826288,1,,量占比與後續報酬的描述性相關；非因果或預測能力，少量樣本不作判斷,描述性關係；尚未扣費用、檢查除權息或做樣本外驗證；不評分、不認定關鍵分點
3035,0039004100390038,9A00,永豐金-大園,sell,5,1,1,-5.164319248826288,0.0,-5.164319248826288,0.0,-5.164319248826288,1,,量占比與後續報酬的描述性相關；非因果或預測能力，少量樣本不作判斷,描述性關係；尚未扣費用、檢查除權息或做樣本外驗證；不評分、不認定關鍵分點
3035,0039004100390048,9A00,永豐金-新莊,sell,5,1,1,-5.164319248826288,0.0,-5.164319248826288,0.0,-5.164319248826288,1,,量占比與後續報酬的描述性相關；非因果或預測能力，少量樣本不作判斷,描述性關係；尚未扣費用、檢查除權息或做樣本外驗證；不評分、不認定關鍵分點
3035,0039004100390061,9A00,永豐金-亞灣,sell,5,1,1,-5.164319248826288,0.0,-5.164319248826288,0.0,-5.164319248826288,1,,量占比與後續報酬的描述性相關；非因果或預測能力，少量樣本不作判斷,描述性關係；尚未扣費用、檢查除權息或做樣本外驗證；不評分、不認定關鍵分點
3035,0039004200320041,9B00,台新-緯城,buy,5,1,1,-5.164319248826288,0.0,-5.164319248826288,0.0,-5.164319248826288,1,,量占比與後續報酬的描述性相關；非因果或預測能力，少量樣本不作判斷,描述性關係；尚未扣費用、檢查除權息或做樣本外驗證；不評分、不認定關鍵分點
3035,1440,1440,美林,buy,5,1,1,-5.164319248826288,0.0,-5.164319248826288,0.0,-5.164319248826288,1,,量占比與後續報酬的描述性相關；非因果或預測能力，少量樣本不作判斷,描述性關係；尚未扣費用、檢查除權息或做樣本外驗證；不評分、不認定關鍵分點
3035,1470,1470,台灣摩根士丹利,buy,5,1,1,-5.164319248826288,0.0,-5.164319248826288,0.0,-5.164319248826288,1,,量占比與後續報酬的描述性相關；非因果或預測能力，少量樣本不作判斷,描述性關係；尚未扣費用、檢查除權息或做樣本外驗證；不評分、不認定關鍵分點
3035,1480,1480,美商高盛,buy,5,1,1,-5.164319248826288,0.0,-5.164319248826288,0.0,-5.164319248826288,1,,量占比與後續報酬的描述性相關；非因果或預測能力，少量樣本不作判斷,描述性關係；尚未扣費用、檢查除權息或做樣本外驗證；不評分、不認定關鍵分點
3035,1650,1650,新加坡商瑞銀,buy,5,1,1,-5.164319248826288,0.0,-5.164319248826288,0.0,-5.164319248826288,1,,量占比與後續報酬的描述性相關；非因果或預測能力，少量樣本不作判斷,描述性關係；尚未扣費用、檢查除權息或做樣本外驗證；不評分、不認定關鍵分點
3035,8440,8440,摩根大通,buy,5,1,1,-5.164319248826288,0.0,-5.164319248826288,0.0,-5.164319248826288,1,,量占比與後續報酬的描述性相關；非因果或預測能力，少量樣本不作判斷,描述性關係；尚未扣費用、檢查除權息或做樣本外驗證；不評分、不認定關鍵分點
3035,8565,8560,新光-桃園,sell,5,1,1,-5.164319248826288,0.0,-5.164319248826288,0.0,-5.164319248826288,1,,量占比與後續報酬的描述性相關；非因果或預測能力，少量樣本不作判斷,描述性關係；尚未扣費用、檢查除權息或做樣本外驗證；不評分、不認定關鍵分點
3035,8710,8710,陽信,sell,5,1,1,-5.164319248826288,0.0,-5.164319248826288,0.0,-5.164319248826288,1,,量占比與後續報酬的描述性相關；非因果或預測能力，少量樣本不作判斷,描述性關係；尚未扣費用、檢查除權息或做樣本外驗證；不評分、不認定關鍵分點
3035,8847,8840,玉山-台南,sell,5,1,1,-5.164319248826288,0.0,-5.164319248826288,0.0,-5.164319248826288,1,,量占比與後續報酬的描述性相關；非因果或預測能力，少量樣本不作判斷,描述性關係；尚未扣費用、檢查除權息或做樣本外驗證；不評分、不認定關鍵分點
3035,8880,8880,國泰證券,buy,5,1,1,-5.164319248826288,0.0,-5.164319248826288,0.0,-5.164319248826288,1,,量占比與後續報酬的描述性相關；非因果或預測能力，少量樣本不作判斷,描述性關係；尚未扣費用、檢查除權息或做樣本外驗證；不評分、不認定關鍵分點
3035,8881,8880,國泰-高雄,sell,5,1,1,-5.164319248826288,0.0,-5.164319248826288,0.0,-5.164319248826288,1,,量占比與後續報酬的描述性相關；非因果或預測能力，少量樣本不作判斷,描述性關係；尚未扣費用、檢查除權息或做樣本外驗證；不評分、不認定關鍵分點
3035,8882,8880,國泰-台中,sell,5,1,1,-5.164319248826288,0.0,-5.164319248826288,0.0,-5.164319248826288,1,,量占比與後續報酬的描述性相關；非因果或預測能力，少量樣本不作判斷,描述性關係；尚未扣費用、檢查除權息或做樣本外驗證；不評分、不認定關鍵分點
3035,8885,8880,國泰-桃園,sell,5,1,1,-5.164319248826288,0.0,-5.164319248826288,0.0,-5.164319248826288,1,,量占比與後續報酬的描述性相關；非因果或預測能力，少量樣本不作判斷,描述性關係；尚未扣費用、檢查除權息或做樣本外驗證；不評分、不認定關鍵分點
3035,8888,8880,國泰-敦南,sell,5,1,1,-5.164319248826288,0.0,-5.164319248826288,0.0,-5.164319248826288,1,,量占比與後續報酬的描述性相關；非因果或預測能力，少量樣本不作判斷,描述性關係；尚未扣費用、檢查除權息或做樣本外驗證；不評分、不認定關鍵分點
3035,9200,9200,凱基,buy,5,1,1,-5.164319248826288,0.0,-5.164319248826288,0.0,-5.164319248826288,1,,量占比與後續報酬的描述性相關；非因果或預測能力，少量樣本不作判斷,描述性關係；尚未扣費用、檢查除權息或做樣本外驗證；不評分、不認定關鍵分點
3035,9234,9200,凱基-竹北,sell,5,1,1,-5.164319248826288,0.0,-5.164319248826288,0.0,-5.164319248826288,1,,量占比與後續報酬的描述性相關；非因果或預測能力，少量樣本不作判斷,描述性關係；尚未扣費用、檢查除權息或做樣本外驗證；不評分、不認定關鍵分點
3035,9268,9200,凱基-台北,buy,5,1,1,-5.164319248826288,0.0,-5.164319248826288,0.0,-5.164319248826288,1,,量占比與後續報酬的描述性相關；非因果或預測能力，少量樣本不作判斷,描述性關係；尚未扣費用、檢查除權息或做樣本外驗證；不評分、不認定關鍵分點
3035,9285,9200,凱基-中壢,buy,5,1,1,-5.164319248826288,0.0,-5.164319248826288,0.0,-5.164319248826288,1,,量占比與後續報酬的描述性相關；非因果或預測能力，少量樣本不作判斷,描述性關係；尚未扣費用、檢查除權息或做樣本外驗證；不評分、不認定關鍵分點
3035,9658,9600,富邦-建國,sell,5,1,1,-5.164319248826288,0.0,-5.164319248826288,0.0,-5.164319248826288,1,,量占比與後續報酬的描述性相關；非因果或預測能力，少量樣本不作判斷,描述性關係；尚未扣費用、檢查除權息或做樣本外驗證；不評分、不認定關鍵分點
3035,9667,9600,富邦-台南,buy,5,1,1,-5.164319248826288,0.0,-5.164319248826288,0.0,-5.164319248826288,1,,量占比與後續報酬的描述性相關；非因果或預測能力，少量樣本不作判斷,描述性關係；尚未扣費用、檢查除權息或做樣本外驗證；不評分、不認定關鍵分點
3035,9800,9800,元大證券,buy,5,1,1,-5.164319248826288,0.0,-5.164319248826288,0.0,-5.164319248826288,1,,量占比與後續報酬的描述性相關；非因果或預測能力，少量樣本不作判斷,描述性關係；尚未扣費用、檢查除權息或做樣本外驗證；不評分、不認定關鍵分點
3037,0037003000300049,7000,兆豐-北高雄,sell,5,1,1,4.526748971193406,1.0,4.526748971193406,0.0,4.526748971193406,1,,量占比與後續報酬的描述性相關；非因果或預測能力，少量樣本不作判斷,描述性關係；尚未扣費用、檢查除權息或做樣本外驗證；不評分、不認定關鍵分點
3037,0037003700390063,7790,國票-敦北法人,buy,5,1,1,4.526748971193406,1.0,4.526748971193406,0.0,4.526748971193406,1,,量占比與後續報酬的描述性相關；非因果或預測能力，少量樣本不作判斷,描述性關係；尚未扣費用、檢查除權息或做樣本外驗證；不評分、不認定關鍵分點
3037,0038003800340041,8840,玉山-士林,buy,5,1,1,4.526748971193406,1.0,4.526748971193406,0.0,4.526748971193406,1,,量占比與後續報酬的描述性相關；非因果或預測能力，少量樣本不作判斷,描述性關係；尚未扣費用、檢查除權息或做樣本外驗證；不評分、不認定關鍵分點
3037,0039003200300046,9200,凱基-站前,buy,5,1,1,4.526748971193406,1.0,4.526748971193406,0.0,4.526748971193406,1,,量占比與後續報酬的描述性相關；非因果或預測能力，少量樣本不作判斷,描述性關係；尚未扣費用、檢查除權息或做樣本外驗證；不評分、不認定關鍵分點
3037,003900380030004b,9800,元大-竹科,sell,5,1,1,4.526748971193406,1.0,4.526748971193406,0.0,4.526748971193406,1,,量占比與後續報酬的描述性相關；非因果或預測能力，少量樣本不作判斷,描述性關係；尚未扣費用、檢查除權息或做樣本外驗證；不評分、不認定關鍵分點
3037,0039004100300030,9A00,永豐金證券,buy,5,1,1,4.526748971193406,1.0,4.526748971193406,0.0,4.526748971193406,1,,量占比與後續報酬的描述性相關；非因果或預測能力，少量樣本不作判斷,描述性關係；尚未扣費用、檢查除權息或做樣本外驗證；不評分、不認定關鍵分點
3037,0039004100390044,9A00,永豐金-忠孝,sell,5,1,1,4.526748971193406,1.0,4.526748971193406,0.0,4.526748971193406,1,,量占比與後續報酬的描述性相關；非因果或預測能力，少量樣本不作判斷,描述性關係；尚未扣費用、檢查除權息或做樣本外驗證；不評分、不認定關鍵分點
3037,0039004200320038,9B00,台新-北新莊,buy,5,1,1,4.526748971193406,1.0,4.526748971193406,0.0,4.526748971193406,1,,量占比與後續報酬的描述性相關；非因果或預測能力，少量樣本不作判斷,描述性關係；尚未扣費用、檢查除權息或做樣本外驗證；不評分、不認定關鍵分點
3037,1360,1360,港商麥格理,sell,5,1,1,4.526748971193406,1.0,4.526748971193406,0.0,4.526748971193406,1,,量占比與後續報酬的描述性相關；非因果或預測能力，少量樣本不作判斷,描述性關係；尚未扣費用、檢查除權息或做樣本外驗證；不評分、不認定關鍵分點
3037,1440,1440,美林,sell,5,1,1,4.526748971193406,1.0,4.526748971193406,0.0,4.526748971193406,1,,量占比與後續報酬的描述性相關；非因果或預測能力，少量樣本不作判斷,描述性關係；尚未扣費用、檢查除權息或做樣本外驗證；不評分、不認定關鍵分點
3037,1470,1470,台灣摩根士丹利,buy,5,1,1,4.526748971193406,1.0,4.526748971193406,0.0,4.526748971193406,1,,量占比與後續報酬的描述性相關；非因果或預測能力，少量樣本不作判斷,描述性關係；尚未扣費用、檢查除權息或做樣本外驗證；不評分、不認定關鍵分點
3037,1480,1480,美商高盛,sell,5,1,1,4.526748971193406,1.0,4.526748971193406,0.0,4.526748971193406,1,,量占比與後續報酬的描述性相關；非因果或預測能力，少量樣本不作判斷,描述性關係；尚未扣費用、檢查除權息或做樣本外驗證；不評分、不認定關鍵分點
3037,1560,1560,港商野村,sell,5,1,1,4.526748971193406,1.0,4.526748971193406,0.0,4.526748971193406,1,,量占比與後續報酬的描述性相關；非因果或預測能力，少量樣本不作判斷,描述性關係；尚未扣費用、檢查除權息或做樣本外驗證；不評分、不認定關鍵分點
3037,1590,1590,花旗環球,sell,5,1,1,4.526748971193406,1.0,4.526748971193406,0.0,4.526748971193406,1,,量占比與後續報酬的描述性相關；非因果或預測能力，少量樣本不作判斷,描述性關係；尚未扣費用、檢查除權息或做樣本外驗證；不評分、不認定關鍵分點
3037,1650,1650,新加坡商瑞銀,buy,5,1,1,4.526748971193406,1.0,4.526748971193406,0.0,4.526748971193406,1,,量占比與後續報酬的描述性相關；非因果或預測能力，少量樣本不作判斷,描述性關係；尚未扣費用、檢查除權息或做樣本外驗證；不評分、不認定關鍵分點
3037,5600,5600,永興,buy,5,1,1,4.526748971193406,1.0,4.526748971193406,0.0,4.526748971193406,1,,量占比與後續報酬的描述性相關；非因果或預測能力，少量樣本不作判斷,描述性關係；尚未扣費用、檢查除權息或做樣本外驗證；不評分、不認定關鍵分點
3037,5850,5850,統一,buy,5,1,1,4.526748971193406,1.0,4.526748971193406,0.0,4.526748971193406,1,,量占比與後續報酬的描述性相關；非因果或預測能力，少量樣本不作判斷,描述性關係；尚未扣費用、檢查除權息或做樣本外驗證；不評分、不認定關鍵分點
3037,6160,6160,中國信託,sell,5,1,1,4.526748971193406,1.0,4.526748971193406,0.0,4.526748971193406,1,,量占比與後續報酬的描述性相關；非因果或預測能力，少量樣本不作判斷,描述性關係；尚未扣費用、檢查除權息或做樣本外驗證；不評分、不認定關鍵分點
3037,6161,6160,中國信託-三重,sell,5,1,1,4.526748971193406,1.0,4.526748971193406,0.0,4.526748971193406,1,,量占比與後續報酬的描述性相關；非因果或預測能力，少量樣本不作判斷,描述性關係；尚未扣費用、檢查除權息或做樣本外驗證；不評分、不認定關鍵分點
3037,8440,8440,摩根大通,buy,5,1,1,4.526748971193406,1.0,4.526748971193406,0.0,4.526748971193406,1,,量占比與後續報酬的描述性相關；非因果或預測能力，少量樣本不作判斷,描述性關係；尚未扣費用、檢查除權息或做樣本外驗證；不評分、不認定關鍵分點
3037,8880,8880,國泰證券,buy,5,1,1,4.526748971193406,1.0,4.526748971193406,0.0,4.526748971193406,1,,量占比與後續報酬的描述性相關；非因果或預測能力，少量樣本不作判斷,描述性關係；尚未扣費用、檢查除權息或做樣本外驗證；不評分、不認定關鍵分點
3037,8888,8880,國泰-敦南,sell,5,1,1,4.526748971193406,1.0,4.526748971193406,0.0,4.526748971193406,1,,量占比與後續報酬的描述性相關；非因果或預測能力，少量樣本不作判斷,描述性關係；尚未扣費用、檢查除權息或做樣本外驗證；不評分、不認定關鍵分點
3037,9200,9200,凱基,buy,5,1,1,4.526748971193406,1.0,4.526748971193406,0.0,4.526748971193406,1,,量占比與後續報酬的描述性相關；非因果或預測能力，少量樣本不作判斷,描述性關係；尚未扣費用、檢查除權息或做樣本外驗證；不評分、不認定關鍵分點
3037,9268,9200,凱基-台北,buy,5,1,1,4.526748971193406,1.0,4.526748971193406,0.0,4.526748971193406,1,,量占比與後續報酬的描述性相關；非因果或預測能力，少量樣本不作判斷,描述性關係；尚未扣費用、檢查除權息或做樣本外驗證；不評分、不認定關鍵分點
3037,9339,9300,華南永昌-竹北,sell,5,1,1,4.526748971193406,1.0,4.526748971193406,0.0,4.526748971193406,1,,量占比與後續報酬的描述性相關；非因果或預測能力，少量樣本不作判斷,描述性關係；尚未扣費用、檢查除權息或做樣本外驗證；不評分、不認定關鍵分點
3037,9600,9600,富邦證券,buy,5,1,1,4.526748971193406,1.0,4.526748971193406,0.0,4.526748971193406,1,,量占比與後續報酬的描述性相關；非因果或預測能力，少量樣本不作判斷,描述性關係；尚未扣費用、檢查除權息或做樣本外驗證；不評分、不認定關鍵分點
3037,9623,9600,富邦-台北,sell,5,1,1,4.526748971193406,1.0,4.526748971193406,0.0,4.526748971193406,1,,量占比與後續報酬的描述性相關；非因果或預測能力，少量樣本不作判斷,描述性關係；尚未扣費用、檢查除權息或做樣本外驗證；不評分、不認定關鍵分點
3037,9636,9600,富邦-中壢,sell,5,1,1,4.526748971193406,1.0,4.526748971193406,0.0,4.526748971193406,1,,量占比與後續報酬的描述性相關；非因果或預測能力，少量樣本不作判斷,描述性關係；尚未扣費用、檢查除權息或做樣本外驗證；不評分、不認定關鍵分點
3037,9800,9800,元大證券,buy,5,1,1,4.526748971193406,1.0,4.526748971193406,0.0,4.526748971193406,1,,量占比與後續報酬的描述性相關；非因果或預測能力，少量樣本不作判斷,描述性關係；尚未扣費用、檢查除權息或做樣本外驗證；不評分、不認定關鍵分點
3037,9875,9800,元大-土城永寧,sell,5,1,1,4.526748971193406,1.0,4.526748971193406,0.0,4.526748971193406,1,,量占比與後續報酬的描述性相關；非因果或預測能力，少量樣本不作判斷,描述性關係；尚未扣費用、檢查除權息或做樣本外驗證；不評分、不認定關鍵分點
3044,003500380035004d,5850,統一-士林,sell,5,1,1,10.018903591682427,1.0,10.018903591682427,0.0,2.457466918714557,1,,量占比與後續報酬的描述性相關；非因果或預測能力，少量樣本不作判斷,描述性關係；尚未扣費用、檢查除權息或做樣本外驗證；不評分、不認定關鍵分點
3044,0035003800350059,5850,統一-土城,sell,5,1,1,10.018903591682427,1.0,10.018903591682427,0.0,2.457466918714557,1,,量占比與後續報酬的描述性相關；非因果或預測能力，少量樣本不作判斷,描述性關係；尚未扣費用、檢查除權息或做樣本外驗證；不評分、不認定關鍵分點
3044,0037003700390050,7790,國票-九鼎,sell,5,1,1,10.018903591682427,1.0,10.018903591682427,0.0,2.457466918714557,1,,量占比與後續報酬的描述性相關；非因果或預測能力，少量樣本不作判斷,描述性關係；尚未扣費用、檢查除權息或做樣本外驗證；不評分、不認定關鍵分點
3044,0039003100300044,9100,群益金鼎-市府,sell,5,1,1,10.018903591682427,1.0,10.018903591682427,0.0,2.457466918714557,1,,量占比與後續報酬的描述性相關；非因果或預測能力，少量樣本不作判斷,描述性關係；尚未扣費用、檢查除權息或做樣本外驗證；不評分、不認定關鍵分點
3044,0039003100330044,9100,群益金鼎-潭子,buy,5,1,1,10.018903591682427,1.0,10.018903591682427,0.0,2.457466918714557,1,,量占比與後續報酬的描述性相關；非因果或預測能力，少量樣本不作判斷,描述性關係；尚未扣費用、檢查除權息或做樣本外驗證；不評分、不認定關鍵分點
3044,0039003800330055,9800,元大-頭份,buy,5,1,1,10.018903591682427,1.0,10.018903591682427,0.0,2.457466918714557,1,,量占比與後續報酬的描述性相關；非因果或預測能力，少量樣本不作判斷,描述性關係；尚未扣費用、檢查除權息或做樣本外驗證；不評分、不認定關鍵分點
3044,0039003800390049,9800,元大-長榮,buy,5,1,1,10.018903591682427,1.0,10.018903591682427,0.0,2.457466918714557,1,,量占比與後續報酬的描述性相關；非因果或預測能力，少量樣本不作判斷,描述性關係；尚未扣費用、檢查除權息或做樣本外驗證；不評分、不認定關鍵分點
3044,0039004100300030,9A00,永豐金證券,buy,5,1,1,10.018903591682427,1.0,10.018903591682427,0.0,2.457466918714557,1,,量占比與後續報酬的描述性相關；非因果或預測能力，少量樣本不作判斷,描述性關係；尚未扣費用、檢查除權息或做樣本外驗證；不評分、不認定關鍵分點
3044,0039004100360039,9A00,永豐金-屏東,sell,5,1,1,10.018903591682427,1.0,10.018903591682427,0.0,2.457466918714557,1,,量占比與後續報酬的描述性相關；非因果或預測能力，少量樣本不作判斷,描述性關係；尚未扣費用、檢查除權息或做樣本外驗證；不評分、不認定關鍵分點
3044,0039004100380031,9A00,永豐金-匯立,buy,5,1,1,10.018903591682427,1.0,10.018903591682427,0.0,2.457466918714557,1,,量占比與後續報酬的描述性相關；非因果或預測能力，少量樣本不作判斷,描述性關係；尚未扣費用、檢查除權息或做樣本外驗證；不評分、不認定關鍵分點
3044,0039004200320045,9B00,台新-城中,sell,5,1,1,10.018903591682427,1.0,10.018903591682427,0.0,2.457466918714557,1,,量占比與後續報酬的描述性相關；非因果或預測能力，少量樣本不作判斷,描述性關係；尚未扣費用、檢查除權息或做樣本外驗證；不評分、不認定關鍵分點
3044,1440,1440,美林,buy,5,1,1,10.018903591682427,1.0,10.018903591682427,0.0,2.457466918714557,1,,量占比與後續報酬的描述性相關；非因果或預測能力，少量樣本不作判斷,描述性關係；尚未扣費用、檢查除權息或做樣本外驗證；不評分、不認定關鍵分點
3044,1470,1470,台灣摩根士丹利,buy,5,1,1,10.018903591682427,1.0,10.018903591682427,0.0,2.457466918714557,1,,量占比與後續報酬的描述性相關；非因果或預測能力，少量樣本不作判斷,描述性關係；尚未扣費用、檢查除權息或做樣本外驗證；不評分、不認定關鍵分點
3044,1480,1480,美商高盛,buy,5,1,1,10.018903591682427,1.0,10.018903591682427,0.0,2.457466918714557,1,,量占比與後續報酬的描述性相關；非因果或預測能力，少量樣本不作判斷,描述性關係；尚未扣費用、檢查除權息或做樣本外驗證；不評分、不認定關鍵分點
3044,1560,1560,港商野村,buy,5,1,1,10.018903591682427,1.0,10.018903591682427,0.0,2.457466918714557,1,,量占比與後續報酬的描述性相關；非因果或預測能力，少量樣本不作判斷,描述性關係；尚未扣費用、檢查除權息或做樣本外驗證；不評分、不認定關鍵分點
3044,1590,1590,花旗環球,buy,5,1,1,10.018903591682427,1.0,10.018903591682427,0.0,2.457466918714557,1,,量占比與後續報酬的描述性相關；非因果或預測能力，少量樣本不作判斷,描述性關係；尚未扣費用、檢查除權息或做樣本外驗證；不評分、不認定關鍵分點
3044,1650,1650,新加坡商瑞銀,buy,5,1,1,10.018903591682427,1.0,10.018903591682427,0.0,2.457466918714557,1,,量占比與後續報酬的描述性相關；非因果或預測能力，少量樣本不作判斷,描述性關係；尚未扣費用、檢查除權息或做樣本外驗證；不評分、不認定關鍵分點
3044,5853,5850,統一-中壢,sell,5,1,1,10.018903591682427,1.0,10.018903591682427,0.0,2.457466918714557,1,,量占比與後續報酬的描述性相關；非因果或預測能力，少量樣本不作判斷,描述性關係；尚未扣費用、檢查除權息或做樣本外驗證；不評分、不認定關鍵分點
3044,6160,6160,中國信託,sell,5,1,1,10.018903591682427,1.0,10.018903591682427,0.0,2.457466918714557,1,,量占比與後續報酬的描述性相關；非因果或預測能力，少量樣本不作判斷,描述性關係；尚未扣費用、檢查除權息或做樣本外驗證；不評分、不認定關鍵分點
3044,8440,8440,摩根大通,sell,5,1,1,10.018903591682427,1.0,10.018903591682427,0.0,2.457466918714557,1,,量占比與後續報酬的描述性相關；非因果或預測能力，少量樣本不作判斷,描述性關係；尚未扣費用、檢查除權息或做樣本外驗證；不評分、不認定關鍵分點
3044,8560,8560,新光,sell,5,1,1,10.018903591682427,1.0,10.018903591682427,0.0,2.457466918714557,1,,量占比與後續報酬的描述性相關；非因果或預測能力，少量樣本不作判斷,描述性關係；尚未扣費用、檢查除權息或做樣本外驗證；不評分、不認定關鍵分點
3044,8888,8880,國泰-敦南,sell,5,1,1,10.018903591682427,1.0,10.018903591682427,0.0,2.457466918714557,1,,量占比與後續報酬的描述性相關；非因果或預測能力，少量樣本不作判斷,描述性關係；尚未扣費用、檢查除權息或做樣本外驗證；不評分、不認定關鍵分點
3044,8900,8900,法銀巴黎,sell,5,1,1,10.018903591682427,1.0,10.018903591682427,0.0,2.457466918714557,1,,量占比與後續報酬的描述性相關；非因果或預測能力，少量樣本不作判斷,描述性關係；尚未扣費用、檢查除權息或做樣本外驗證；不評分、不認定關鍵分點
3044,8960,8960,香港上海匯豐,sell,5,1,1,10.018903591682427,1.0,10.018903591682427,0.0,2.457466918714557,1,,量占比與後續報酬的描述性相關；非因果或預測能力，少量樣本不作判斷,描述性關係；尚未扣費用、檢查除權息或做樣本外驗證；不評分、不認定關鍵分點
3044,9200,9200,凱基,sell,5,1,1,10.018903591682427,1.0,10.018903591682427,0.0,2.457466918714557,1,,量占比與後續報酬的描述性相關；非因果或預測能力，少量樣本不作判斷,描述性關係；尚未扣費用、檢查除權息或做樣本外驗證；不評分、不認定關鍵分點
3044,9268,9200,凱基-台北,buy,5,1,1,10.018903591682427,1.0,10.018903591682427,0.0,2.457466918714557,1,,量占比與後續報酬的描述性相關；非因果或預測能力，少量樣本不作判斷,描述性關係；尚未扣費用、檢查除權息或做樣本外驗證；不評分、不認定關鍵分點
3044,9300,9300,華南永昌,buy,5,1,1,10.018903591682427,1.0,10.018903591682427,0.0,2.457466918714557,1,,量占比與後續報酬的描述性相關；非因果或預測能力，少量樣本不作判斷,描述性關係；尚未扣費用、檢查除權息或做樣本外驗證；不評分、不認定關鍵分點
3044,9600,9600,富邦證券,buy,5,1,1,10.018903591682427,1.0,10.018903591682427,0.0,2.457466918714557,1,,量占比與後續報酬的描述性相關；非因果或預測能力，少量樣本不作判斷,描述性關係；尚未扣費用、檢查除權息或做樣本外驗證；不評分、不認定關鍵分點
3044,9676,9600,富邦-仁愛,buy,5,1,1,10.018903591682427,1.0,10.018903591682427,0.0,2.457466918714557,1,,量占比與後續報酬的描述性相關；非因果或預測能力，少量樣本不作判斷,描述性關係；尚未扣費用、檢查除權息或做樣本外驗證；不評分、不認定關鍵分點
3044,9800,9800,元大證券,sell,5,1,1,10.018903591682427,1.0,10.018903591682427,0.0,2.457466918714557,1,,量占比與後續報酬的描述性相關；非因果或預測能力，少量樣本不作判斷,描述性關係；尚未扣費用、檢查除權息或做樣本外驗證；不評分、不認定關鍵分點
3047,0035003300380042,5380,第一金-新竹,sell,5,1,1,-1.0344827586206917,0.0,-1.0344827586206917,0.0,-1.0344827586206917,1,,量占比與後續報酬的描述性相關；非因果或預測能力，少量樣本不作判斷,描述性關係；尚未扣費用、檢查除權息或做樣本外驗證；不評分、不認定關鍵分點
3047,0035003800350052,5850,統一-東湖,sell,5,1,1,-1.0344827586206917,0.0,-1.0344827586206917,0.0,-1.0344827586206917,1,,量占比與後續報酬的描述性相關；非因果或預測能力，少量樣本不作判斷,描述性關係；尚未扣費用、檢查除權息或做樣本外驗證；不評分、不認定關鍵分點
3047,003700300030005a,7000,兆豐-高雄,buy,5,1,1,-1.0344827586206917,0.0,-1.0344827586206917,0.0,-1.0344827586206917,1,,量占比與後續報酬的描述性相關；非因果或預測能力，少量樣本不作判斷,描述性關係；尚未扣費用、檢查除權息或做樣本外驗證；不評分、不認定關鍵分點
3047,0037003700390048,7790,國票-嘉義,sell,5,1,1,-1.0344827586206917,0.0,-1.0344827586206917,0.0,-1.0344827586206917,1,,量占比與後續報酬的描述性相關；非因果或預測能力，少量樣本不作判斷,描述性關係；尚未扣費用、檢查除權息或做樣本外驗證；不評分、不認定關鍵分點
3047,003800380034004a,8840,玉山-大里,sell,5,1,1,-1.0344827586206917,0.0,-1.0344827586206917,0.0,-1.0344827586206917,1,,量占比與後續報酬的描述性相關；非因果或預測能力，少量樣本不作判斷,描述性關係；尚未扣費用、檢查除權息或做樣本外驗證；不評分、不認定關鍵分點
3047,003900320031004a,9200,凱基-土城,buy,5,1,1,-1.0344827586206917,0.0,-1.0344827586206917,0.0,-1.0344827586206917,1,,量占比與後續報酬的描述性相關；非因果或預測能力，少量樣本不作判斷,描述性關係；尚未扣費用、檢查除權息或做樣本外驗證；不評分、不認定關鍵分點
3047,003900380031004e,9800,元大-金門,sell,5,1,1,-1.0344827586206917,0.0,-1.0344827586206917,0.0,-1.0344827586206917,1,,量占比與後續報酬的描述性相關；非因果或預測能力，少量樣本不作判斷,描述性關係；尚未扣費用、檢查除權息或做樣本外驗證；不評分、不認定關鍵分點
3047,0039003800310072,9800,元大-屏南,buy,5,1,1,-1.0344827586206917,0.0,-1.0344827586206917,0.0,-1.0344827586206917,1,,量占比與後續報酬的描述性相關；非因果或預測能力，少量樣本不作判斷,描述性關係；尚未扣費用、檢查除權息或做樣本外驗證；不評分、不認定關鍵分點
3047,003900380034004b,9800,元大-館前,sell,5,1,1,-1.0344827586206917,0.0,-1.0344827586206917,0.0,-1.0344827586206917,1,,量占比與後續報酬的描述性相關；非因果或預測能力，少量樣本不作判斷,描述性關係；尚未扣費用、檢查除權息或做樣本外驗證；不評分、不認定關鍵分點
3047,0039004200310079,9B00,台新-中壢,sell,5,1,1,-1.0344827586206917,0.0,-1.0344827586206917,0.0,-1.0344827586206917,1,,量占比與後續報酬的描述性相關；非因果或預測能力，少量樣本不作判斷,描述性關係；尚未扣費用、檢查除權息或做樣本外驗證；不評分、不認定關鍵分點
3047,0039004200320039,9B00,台新-府城,buy,5,1,1,-1.0344827586206917,0.0,-1.0344827586206917,0.0,-1.0344827586206917,1,,量占比與後續報酬的描述性相關；非因果或預測能力，少量樣本不作判斷,描述性關係；尚未扣費用、檢查除權息或做樣本外驗證；不評分、不認定關鍵分點
3047,0039004200320072,9B00,台新-城東,sell,5,1,1,-1.0344827586206917,0.0,-1.0344827586206917,0.0,-1.0344827586206917,1,,量占比與後續報酬的描述性相關；非因果或預測能力，少量樣本不作判斷,描述性關係；尚未扣費用、檢查除權息或做樣本外驗證；不評分、不認定關鍵分點
3047,1025,1020,合庫-基隆,sell,5,1,1,-1.0344827586206917,0.0,-1.0344827586206917,0.0,-1.0344827586206917,1,,量占比與後續報酬的描述性相關；非因果或預測能力，少量樣本不作判斷,描述性關係；尚未扣費用、檢查除權息或做樣本外驗證；不評分、不認定關鍵分點
3047,1440,1440,美林,buy,5,1,1,-1.0344827586206917,0.0,-1.0344827586206917,0.0,-1.0344827586206917,1,,量占比與後續報酬的描述性相關；非因果或預測能力，少量樣本不作判斷,描述性關係；尚未扣費用、檢查除權息或做樣本外驗證；不評分、不認定關鍵分點
3047,1470,1470,台灣摩根士丹利,sell,5,1,1,-1.0344827586206917,0.0,-1.0344827586206917,0.0,-1.0344827586206917,1,,量占比與後續報酬的描述性相關；非因果或預測能力，少量樣本不作判斷,描述性關係；尚未扣費用、檢查除權息或做樣本外驗證；不評分、不認定關鍵分點
3047,1480,1480,美商高盛,sell,5,1,1,-1.0344827586206917,0.0,-1.0344827586206917,0.0,-1.0344827586206917,1,,量占比與後續報酬的描述性相關；非因果或預測能力，少量樣本不作判斷,描述性關係；尚未扣費用、檢查除權息或做樣本外驗證；不評分、不認定關鍵分點
3047,6114,6110,台中銀-員林,sell,5,1,1,-1.0344827586206917,0.0,-1.0344827586206917,0.0,-1.0344827586206917,1,,量占比與後續報酬的描述性相關；非因果或預測能力，少量樣本不作判斷,描述性關係；尚未扣費用、檢查除權息或做樣本外驗證；不評分、不認定關鍵分點
3047,8380,8380,安泰,buy,5,1,1,-1.0344827586206917,0.0,-1.0344827586206917,0.0,-1.0344827586206917,1,,量占比與後續報酬的描述性相關；非因果或預測能力，少量樣本不作判斷,描述性關係；尚未扣費用、檢查除權息或做樣本外驗證；不評分、不認定關鍵分點
3047,8440,8440,摩根大通,buy,5,1,1,-1.0344827586206917,0.0,-1.0344827586206917,0.0,-1.0344827586206917,1,,量占比與後續報酬的描述性相關；非因果或預測能力，少量樣本不作判斷,描述性關係；尚未扣費用、檢查除權息或做樣本外驗證；不評分、不認定關鍵分點
3047,8564,8560,新光-台南,buy,5,1,1,-1.0344827586206917,0.0,-1.0344827586206917,0.0,-1.0344827586206917,1,,量占比與後續報酬的描述性相關；非因果或預測能力，少量樣本不作判斷,描述性關係；尚未扣費用、檢查除權息或做樣本外驗證；不評分、不認定關鍵分點
3047,8888,8880,國泰-敦南,buy,5,1,1,-1.0344827586206917,0.0,-1.0344827586206917,0.0,-1.0344827586206917,1,,量占比與後續報酬的描述性相關；非因果或預測能力，少量樣本不作判斷,描述性關係；尚未扣費用、檢查除權息或做樣本外驗證；不評分、不認定關鍵分點
3047,9215,9200,凱基-高美館,buy,5,1,1,-1.0344827586206917,0.0,-1.0344827586206917,0.0,-1.0344827586206917,1,,量占比與後續報酬的描述性相關；非因果或預測能力，少量樣本不作判斷,描述性關係；尚未扣費用、檢查除權息或做樣本外驗證；不評分、不認定關鍵分點
3047,9226,9200,凱基-汐止,buy,5,1,1,-1.0344827586206917,0.0,-1.0344827586206917,0.0,-1.0344827586206917,1,,量占比與後續報酬的描述性相關；非因果或預測能力，少量樣本不作判斷,描述性關係；尚未扣費用、檢查除權息或做樣本外驗證；不評分、不認定關鍵分點
3047,9238,9200,凱基-士林,sell,5,1,1,-1.0344827586206917,0.0,-1.0344827586206917,0.0,-1.0344827586206917,1,,量占比與後續報酬的描述性相關；非因果或預測能力，少量樣本不作判斷,描述性關係；尚未扣費用、檢查除權息或做樣本外驗證；不評分、不認定關鍵分點
3047,9268,9200,凱基-台北,sell,5,1,1,-1.0344827586206917,0.0,-1.0344827586206917,0.0,-1.0344827586206917,1,,量占比與後續報酬的描述性相關；非因果或預測能力，少量樣本不作判斷,描述性關係；尚未扣費用、檢查除權息或做樣本外驗證；不評分、不認定關鍵分點
3047,9316,9300,華南永昌-淡水,buy,5,1,1,-1.0344827586206917,0.0,-1.0344827586206917,0.0,-1.0344827586206917,1,,量占比與後續報酬的描述性相關；非因果或預測能力，少量樣本不作判斷,描述性關係；尚未扣費用、檢查除權息或做樣本外驗證；不評分、不認定關鍵分點
3047,9366,9300,華南永昌-豐原,buy,5,1,1,-1.0344827586206917,0.0,-1.0344827586206917,0.0,-1.0344827586206917,1,,量占比與後續報酬的描述性相關；非因果或預測能力，少量樣本不作判斷,描述性關係；尚未扣費用、檢查除權息或做樣本外驗證；不評分、不認定關鍵分點
3047,9654,9600,富邦-永和,buy,5,1,1,-1.0344827586206917,0.0,-1.0344827586206917,0.0,-1.0344827586206917,1,,量占比與後續報酬的描述性相關；非因果或預測能力，少量樣本不作判斷,描述性關係；尚未扣費用、檢查除權息或做樣本外驗證；不評分、不認定關鍵分點
3047,9817,9800,元大-東泰,sell,5,1,1,-1.0344827586206917,0.0,-1.0344827586206917,0.0,-1.0344827586206917,1,,量占比與後續報酬的描述性相關；非因果或預測能力，少量樣本不作判斷,描述性關係；尚未扣費用、檢查除權息或做樣本外驗證；不評分、不認定關鍵分點
3047,9893,9800,元大-大天母,buy,5,1,1,-1.0344827586206917,0.0,-1.0344827586206917,0.0,-1.0344827586206917,1,,量占比與後續報酬的描述性相關；非因果或預測能力，少量樣本不作判斷,描述性關係；尚未扣費用、檢查除權息或做樣本外驗證；不評分、不認定關鍵分點
3071,0035003300380043,5380,第一金-光復,buy,5,1,1,-1.3015184381778733,0.0,-1.3015184381778733,0.0,-1.95227765726681,1,,量占比與後續報酬的描述性相關；非因果或預測能力，少量樣本不作判斷,描述性關係；尚未扣費用、檢查除權息或做樣本外驗證；不評分、不認定關鍵分點
3071,003500330038006a,5380,第一金-安和,buy,5,1,1,-1.3015184381778733,0.0,-1.3015184381778733,0.0,-1.95227765726681,1,,量占比與後續報酬的描述性相關；非因果或預測能力，少量樣本不作判斷,描述性關係；尚未扣費用、檢查除權息或做樣本外驗證；不評分、不認定關鍵分點
3071,0035003800350042,5850,統一-永和,sell,5,1,1,-1.3015184381778733,0.0,-1.3015184381778733,0.0,-1.95227765726681,1,,量占比與後續報酬的描述性相關；非因果或預測能力，少量樣本不作判斷,描述性關係；尚未扣費用、檢查除權息或做樣本外驗證；不評分、不認定關鍵分點
3071,003700300030004a,7000,兆豐-公益,sell,5,1,1,-1.3015184381778733,0.0,-1.3015184381778733,0.0,-1.95227765726681,1,,量占比與後續報酬的描述性相關；非因果或預測能力，少量樣本不作判斷,描述性關係；尚未扣費用、檢查除權息或做樣本外驗證；不評分、不認定關鍵分點
3071,0037003000300064,7000,兆豐-彰化,buy,5,1,1,-1.3015184381778733,0.0,-1.3015184381778733,0.0,-1.95227765726681,1,,量占比與後續報酬的描述性相關；非因果或預測能力，少量樣本不作判斷,描述性關係；尚未扣費用、檢查除權息或做樣本外驗證；不評分、不認定關鍵分點
3071,003900310038004d,9100,群益金鼎-嘉義,buy,5,1,1,-1.3015184381778733,0.0,-1.3015184381778733,0.0,-1.95227765726681,1,,量占比與後續報酬的描述性相關；非因果或預測能力，少量樣本不作判斷,描述性關係；尚未扣費用、檢查除權息或做樣本外驗證；不評分、不認定關鍵分點
3071,0039003200300046,9200,凱基-站前,buy,5,1,1,-1.3015184381778733,0.0,-1.3015184381778733,0.0,-1.95227765726681,1,,量占比與後續報酬的描述性相關；非因果或預測能力，少量樣本不作判斷,描述性關係；尚未扣費用、檢查除權息或做樣本外驗證；不評分、不認定關鍵分點
3071,0039003800310061,9800,元大-歸仁,sell,5,1,1,-1.3015184381778733,0.0,-1.3015184381778733,0.0,-1.95227765726681,1,,量占比與後續報酬的描述性相關；非因果或預測能力，少量樣本不作判斷,描述性關係；尚未扣費用、檢查除權息或做樣本外驗證；不評分、不認定關鍵分點
3071,0039003800310079,9800,元大-善化,sell,5,1,1,-1.3015184381778733,0.0,-1.3015184381778733,0.0,-1.95227765726681,1,,量占比與後續報酬的描述性相關；非因果或預測能力，少量樣本不作判斷,描述性關係；尚未扣費用、檢查除權息或做樣本外驗證；不評分、不認定關鍵分點
3071,0039003800320043,9800,元大-六合,sell,5,1,1,-1.3015184381778733,0.0,-1.3015184381778733,0.0,-1.95227765726681,1,,量占比與後續報酬的描述性相關；非因果或預測能力，少量樣本不作判斷,描述性關係；尚未扣費用、檢查除權息或做樣本外驗證；不評分、不認定關鍵分點
3071,0039003800320046,9800,元大-忠孝鼎富,buy,5,1,1,-1.3015184381778733,0.0,-1.3015184381778733,0.0,-1.95227765726681,1,,量占比與後續報酬的描述性相關；非因果或預測能力，少量樣本不作判斷,描述性關係；尚未扣費用、檢查除權息或做樣本外驗證；不評分、不認定關鍵分點
3071,0039003800340048,9800,元大-景美,buy,5,1,1,-1.3015184381778733,0.0,-1.3015184381778733,0.0,-1.95227765726681,1,,量占比與後續報酬的描述性相關；非因果或預測能力，少量樣本不作判斷,描述性關係；尚未扣費用、檢查除權息或做樣本外驗證；不評分、不認定關鍵分點
3071,0039004200320037,9B00,台新-林園,buy,5,1,1,-1.3015184381778733,0.0,-1.3015184381778733,0.0,-1.95227765726681,1,,量占比與後續報酬的描述性相關；非因果或預測能力，少量樣本不作判斷,描述性關係；尚未扣費用、檢查除權息或做樣本外驗證；不評分、不認定關鍵分點
3071,0039004200320071,9B00,台新-屏新,sell,5,1,1,-1.3015184381778733,0.0,-1.3015184381778733,0.0,-1.95227765726681,1,,量占比與後續報酬的描述性相關；非因果或預測能力，少量樣本不作判斷,描述性關係；尚未扣費用、檢查除權息或做樣本外驗證；不評分、不認定關鍵分點
3071,0039004200320075,9B00,台新-世貿,sell,5,1,1,-1.3015184381778733,0.0,-1.3015184381778733,0.0,-1.95227765726681,1,,量占比與後續報酬的描述性相關；非因果或預測能力，少量樣本不作判斷,描述性關係；尚未扣費用、檢查除權息或做樣本外驗證；不評分、不認定關鍵分點
3071,1110,1110,台灣企銀,buy,5,1,1,-1.3015184381778733,0.0,-1.3015184381778733,0.0,-1.95227765726681,1,,量占比與後續報酬的描述性相關；非因果或預測能力，少量樣本不作判斷,描述性關係；尚未扣費用、檢查除權息或做樣本外驗證；不評分、不認定關鍵分點
3071,1470,1470,台灣摩根士丹利,buy,5,1,1,-1.3015184381778733,0.0,-1.3015184381778733,0.0,-1.95227765726681,1,,量占比與後續報酬的描述性相關；非因果或預測能力，少量樣本不作判斷,描述性關係；尚未扣費用、檢查除權息或做樣本外驗證；不評分、不認定關鍵分點
3071,1480,1480,美商高盛,buy,5,1,1,-1.3015184381778733,0.0,-1.3015184381778733,0.0,-1.95227765726681,1,,量占比與後續報酬的描述性相關；非因果或預測能力，少量樣本不作判斷,描述性關係；尚未扣費用、檢查除權息或做樣本外驗證；不評分、不認定關鍵分點
3071,5321,5320,高橋-龍潭,sell,5,1,1,-1.3015184381778733,0.0,-1.3015184381778733,0.0,-1.95227765726681,1,,量占比與後續報酬的描述性相關；非因果或預測能力，少量樣本不作判斷,描述性關係；尚未扣費用、檢查除權息或做樣本外驗證；不評分、不認定關鍵分點
3071,6160,6160,中國信託,sell,5,1,1,-1.3015184381778733,0.0,-1.3015184381778733,0.0,-1.95227765726681,1,,量占比與後續報酬的描述性相關；非因果或預測能力，少量樣本不作判斷,描述性關係；尚未扣費用、檢查除權息或做樣本外驗證；不評分、不認定關鍵分點
3071,6464,6460,大昌-新店,buy,5,1,1,-1.3015184381778733,0.0,-1.3015184381778733,0.0,-1.95227765726681,1,,量占比與後續報酬的描述性相關；非因果或預測能力，少量樣本不作判斷,描述性關係；尚未扣費用、檢查除權息或做樣本外驗證；不評分、不認定關鍵分點
3071,8440,8440,摩根大通,sell,5,1,1,-1.3015184381778733,0.0,-1.3015184381778733,0.0,-1.95227765726681,1,,量占比與後續報酬的描述性相關；非因果或預測能力，少量樣本不作判斷,描述性關係；尚未扣費用、檢查除權息或做樣本外驗證；不評分、不認定關鍵分點
3071,8711,8710,陽信-石牌,sell,5,1,1,-1.3015184381778733,0.0,-1.3015184381778733,0.0,-1.95227765726681,1,,量占比與後續報酬的描述性相關；非因果或預測能力，少量樣本不作判斷,描述性關係；尚未扣費用、檢查除權息或做樣本外驗證；不評分、不認定關鍵分點
3071,8886,8880,國泰-新莊,sell,5,1,1,-1.3015184381778733,0.0,-1.3015184381778733,0.0,-1.95227765726681,1,,量占比與後續報酬的描述性相關；非因果或預測能力，少量樣本不作判斷,描述性關係；尚未扣費用、檢查除權息或做樣本外驗證；不評分、不認定關鍵分點
3071,9184,9100,群益金鼎-台中,buy,5,1,1,-1.3015184381778733,0.0,-1.3015184381778733,0.0,-1.95227765726681,1,,量占比與後續報酬的描述性相關；非因果或預測能力，少量樣本不作判斷,描述性關係；尚未扣費用、檢查除權息或做樣本外驗證；不評分、不認定關鍵分點
3071,9225,9200,凱基-內埔,sell,5,1,1,-1.3015184381778733,0.0,-1.3015184381778733,0.0,-1.95227765726681,1,,量占比與後續報酬的描述性相關；非因果或預測能力，少量樣本不作判斷,描述性關係；尚未扣費用、檢查除權息或做樣本外驗證；不評分、不認定關鍵分點
3071,9266,9200,凱基-新豐,sell,5,1,1,-1.3015184381778733,0.0,-1.3015184381778733,0.0,-1.95227765726681,1,,量占比與後續報酬的描述性相關；非因果或預測能力，少量樣本不作判斷,描述性關係；尚未扣費用、檢查除權息或做樣本外驗證；不評分、不認定關鍵分點
3071,9278,9200,凱基-永康,sell,5,1,1,-1.3015184381778733,0.0,-1.3015184381778733,0.0,-1.95227765726681,1,,量占比與後續報酬的描述性相關；非因果或預測能力，少量樣本不作判斷,描述性關係；尚未扣費用、檢查除權息或做樣本外驗證；不評分、不認定關鍵分點
3071,9305,9300,華南永昌-新莊,buy,5,1,1,-1.3015184381778733,0.0,-1.3015184381778733,0.0,-1.95227765726681,1,,量占比與後續報酬的描述性相關；非因果或預測能力，少量樣本不作判斷,描述性關係；尚未扣費用、檢查除權息或做樣本外驗證；不評分、不認定關鍵分點
3071,9621,9600,富邦-花蓮,buy,5,1,1,-1.3015184381778733,0.0,-1.3015184381778733,0.0,-1.95227765726681,1,,量占比與後續報酬的描述性相關；非因果或預測能力，少量樣本不作判斷,描述性關係；尚未扣費用、檢查除權息或做樣本外驗證；不評分、不認定關鍵分點
3078,0038003800340042,8840,玉山-台中,sell,5,1,1,1.7486338797814138,1.0,1.7486338797814138,0.0,0.43715846994536456,1,,量占比與後續報酬的描述性相關；非因果或預測能力，少量樣本不作判斷,描述性關係；尚未扣費用、檢查除權息或做樣本外驗證；不評分、不認定關鍵分點
3078,0039003600310043,9600,富邦-南京,buy,5,1,1,1.7486338797814138,1.0,1.7486338797814138,0.0,0.43715846994536456,1,,量占比與後續報酬的描述性相關；非因果或預測能力，少量樣本不作判斷,描述性關係；尚未扣費用、檢查除權息或做樣本外驗證；不評分、不認定關鍵分點
3078,0039003600310052,9600,富邦-南員林,buy,5,1,1,1.7486338797814138,1.0,1.7486338797814138,0.0,0.43715846994536456,1,,量占比與後續報酬的描述性相關；非因果或預測能力，少量樣本不作判斷,描述性關係；尚未扣費用、檢查除權息或做樣本外驗證；不評分、不認定關鍵分點
3078,003900380033006a,9800,元大-仁愛,buy,5,1,1,1.7486338797814138,1.0,1.7486338797814138,0.0,0.43715846994536456,1,,量占比與後續報酬的描述性相關；非因果或預測能力，少量樣本不作判斷,描述性關係；尚未扣費用、檢查除權息或做樣本外驗證；不評分、不認定關鍵分點
3078,0039003800390045,9800,元大-草屯,buy,5,1,1,1.7486338797814138,1.0,1.7486338797814138,0.0,0.43715846994536456,1,,量占比與後續報酬的描述性相關；非因果或預測能力，少量樣本不作判斷,描述性關係；尚未扣費用、檢查除權息或做樣本外驗證；不評分、不認定關鍵分點
3078,0039003800390050,9800,元大-敦南,sell,5,1,1,1.7486338797814138,1.0,1.7486338797814138,0.0,0.43715846994536456,1,,量占比與後續報酬的描述性相關；非因果或預測能力，少量樣本不作判斷,描述性關係；尚未扣費用、檢查除權息或做樣本外驗證；不評分、不認定關鍵分點
3078,0039004100380031,9A00,永豐金-匯立,sell,5,1,1,1.7486338797814138,1.0,1.7486338797814138,0.0,0.43715846994536456,1,,量占比與後續報酬的描述性相關；非因果或預測能力，少量樣本不作判斷,描述性關係；尚未扣費用、檢查除權息或做樣本外驗證；不評分、不認定關鍵分點
3078,0039004100390044,9A00,永豐金-忠孝,buy,5,1,1,1.7486338797814138,1.0,1.7486338797814138,0.0,0.43715846994536456,1,,量占比與後續報酬的描述性相關；非因果或預測能力，少量樣本不作判斷,描述性關係；尚未扣費用、檢查除權息或做樣本外驗證；不評分、不認定關鍵分點
3078,003900410039004c,9A00,永豐金-台中,buy,5,1,1,1.7486338797814138,1.0,1.7486338797814138,0.0,0.43715846994536456,1,,量占比與後續報酬的描述性相關；非因果或預測能力，少量樣本不作判斷,描述性關係；尚未扣費用、檢查除權息或做樣本外驗證；不評分、不認定關鍵分點
3078,0039004200300030,9B00,台新,sell,5,1,1,1.7486338797814138,1.0,1.7486338797814138,0.0,0.43715846994536456,1,,量占比與後續報酬的描述性相關；非因果或預測能力，少量樣本不作判斷,描述性關係；尚未扣費用、檢查除權息或做樣本外驗證；不評分、不認定關鍵分點
3078,1440,1440,美林,buy,5,1,1,1.7486338797814138,1.0,1.7486338797814138,0.0,0.43715846994536456,1,,量占比與後續報酬的描述性相關；非因果或預測能力，少量樣本不作判斷,描述性關係；尚未扣費用、檢查除權息或做樣本外驗證；不評分、不認定關鍵分點
3078,1480,1480,美商高盛,sell,5,1,1,1.7486338797814138,1.0,1.7486338797814138,0.0,0.43715846994536456,1,,量占比與後續報酬的描述性相關；非因果或預測能力，少量樣本不作判斷,描述性關係；尚未扣費用、檢查除權息或做樣本外驗證；不評分、不認定關鍵分點
3078,1560,1560,港商野村,sell,5,1,1,1.7486338797814138,1.0,1.7486338797814138,0.0,0.43715846994536456,1,,量占比與後續報酬的描述性相關；非因果或預測能力，少量樣本不作判斷,描述性關係；尚未扣費用、檢查除權息或做樣本外驗證；不評分、不認定關鍵分點
3078,1650,1650,新加坡商瑞銀,sell,5,1,1,1.7486338797814138,1.0,1.7486338797814138,0.0,0.43715846994536456,1,,量占比與後續報酬的描述性相關；非因果或預測能力，少量樣本不作判斷,描述性關係；尚未扣費用、檢查除權息或做樣本外驗證；不評分、不認定關鍵分點
3078,2187,2180,亞東-台中,buy,5,1,1,1.7486338797814138,1.0,1.7486338797814138,0.0,0.43715846994536456,1,,量占比與後續報酬的描述性相關；非因果或預測能力，少量樣本不作判斷,描述性關係；尚未扣費用、檢查除權息或做樣本外驗證；不評分、不認定關鍵分點
3078,5381,5380,第一金-員林,buy,5,1,1,1.7486338797814138,1.0,1.7486338797814138,0.0,0.43715846994536456,1,,量占比與後續報酬的描述性相關；非因果或預測能力，少量樣本不作判斷,描述性關係；尚未扣費用、檢查除權息或做樣本外驗證；不評分、不認定關鍵分點
3078,8440,8440,摩根大通,sell,5,1,1,1.7486338797814138,1.0,1.7486338797814138,0.0,0.43715846994536456,1,,量占比與後續報酬的描述性相關；非因果或預測能力，少量樣本不作判斷,描述性關係；尚未扣費用、檢查除權息或做樣本外驗證；不評分、不認定關鍵分點
3078,8455,8450,康和-台中,buy,5,1,1,1.7486338797814138,1.0,1.7486338797814138,0.0,0.43715846994536456,1,,量占比與後續報酬的描述性相關；非因果或預測能力，少量樣本不作判斷,描述性關係；尚未扣費用、檢查除權息或做樣本外驗證；不評分、不認定關鍵分點
3078,8459,8450,康和-嘉義,buy,5,1,1,1.7486338797814138,1.0,1.7486338797814138,0.0,0.43715846994536456,1,,量占比與後續報酬的描述性相關；非因果或預測能力，少量樣本不作判斷,描述性關係；尚未扣費用、檢查除權息或做樣本外驗證；不評分、不認定關鍵分點
3078,8843,8840,玉山-高雄,buy,5,1,1,1.7486338797814138,1.0,1.7486338797814138,0.0,0.43715846994536456,1,,量占比與後續報酬的描述性相關；非因果或預測能力，少量樣本不作判斷,描述性關係；尚未扣費用、檢查除權息或做樣本外驗證；不評分、不認定關鍵分點
3078,8847,8840,玉山-台南,sell,5,1,1,1.7486338797814138,1.0,1.7486338797814138,0.0,0.43715846994536456,1,,量占比與後續報酬的描述性相關；非因果或預測能力，少量樣本不作判斷,描述性關係；尚未扣費用、檢查除權息或做樣本外驗證；不評分、不認定關鍵分點
3078,9108,9100,群益金鼎-海山,sell,5,1,1,1.7486338797814138,1.0,1.7486338797814138,0.0,0.43715846994536456,1,,量占比與後續報酬的描述性相關；非因果或預測能力，少量樣本不作判斷,描述性關係；尚未扣費用、檢查除權息或做樣本外驗證；不評分、不認定關鍵分點
3078,9208,9200,凱基-桃園,sell,5,1,1,1.7486338797814138,1.0,1.7486338797814138,0.0,0.43715846994536456,1,,量占比與後續報酬的描述性相關；非因果或預測能力，少量樣本不作判斷,描述性關係；尚未扣費用、檢查除權息或做樣本外驗證；不評分、不認定關鍵分點
3078,9215,9200,凱基-高美館,buy,5,1,1,1.7486338797814138,1.0,1.7486338797814138,0.0,0.43715846994536456,1,,量占比與後續報酬的描述性相關；非因果或預測能力，少量樣本不作判斷,描述性關係；尚未扣費用、檢查除權息或做樣本外驗證；不評分、不認定關鍵分點
3078,9268,9200,凱基-台北,sell,5,1,1,1.7486338797814138,1.0,1.7486338797814138,0.0,0.43715846994536456,1,,量占比與後續報酬的描述性相關；非因果或預測能力，少量樣本不作判斷,描述性關係；尚未扣費用、檢查除權息或做樣本外驗證；不評分、不認定關鍵分點
3078,9300,9300,華南永昌,buy,5,1,1,1.7486338797814138,1.0,1.7486338797814138,0.0,0.43715846994536456,1,,量占比與後續報酬的描述性相關；非因果或預測能力，少量樣本不作判斷,描述性關係；尚未扣費用、檢查除權息或做樣本外驗證；不評分、不認定關鍵分點
3078,9325,9300,華南永昌-忠孝,sell,5,1,1,1.7486338797814138,1.0,1.7486338797814138,0.0,0.43715846994536456,1,,量占比與後續報酬的描述性相關；非因果或預測能力，少量樣本不作判斷,描述性關係；尚未扣費用、檢查除權息或做樣本外驗證；不評分、不認定關鍵分點
3078,9604,9600,富邦-陽明,sell,5,1,1,1.7486338797814138,1.0,1.7486338797814138,0.0,0.43715846994536456,1,,量占比與後續報酬的描述性相關；非因果或預測能力，少量樣本不作判斷,描述性關係；尚未扣費用、檢查除權息或做樣本外驗證；不評分、不認定關鍵分點
3078,9813,9800,元大-中崙,sell,5,1,1,1.7486338797814138,1.0,1.7486338797814138,0.0,0.43715846994536456,1,,量占比與後續報酬的描述性相關；非因果或預測能力，少量樣本不作判斷,描述性關係；尚未扣費用、檢查除權息或做樣本外驗證；不評分、不認定關鍵分點
3078,9867,9800,元大-內湖民權,buy,5,1,1,1.7486338797814138,1.0,1.7486338797814138,0.0,0.43715846994536456,1,,量占比與後續報酬的描述性相關；非因果或預測能力，少量樣本不作判斷,描述性關係；尚未扣費用、檢查除權息或做樣本外驗證；不評分、不認定關鍵分點
3081,0035003300380044,5380,第一金-忠孝,sell,5,1,1,11.2781954887218,1.0,11.2781954887218,0.0,9.774436090225569,1,,量占比與後續報酬的描述性相關；非因果或預測能力，少量樣本不作判斷,描述性關係；尚未扣費用、檢查除權息或做樣本外驗證；不評分、不認定關鍵分點
3081,0035003800350063,5850,統一-仁愛,sell,5,1,1,11.2781954887218,1.0,11.2781954887218,0.0,9.774436090225569,1,,量占比與後續報酬的描述性相關；非因果或預測能力，少量樣本不作判斷,描述性關係；尚未扣費用、檢查除權息或做樣本外驗證；不評分、不認定關鍵分點
3081,003700300030004e,7000,兆豐-埔墘,buy,5,1,1,11.2781954887218,1.0,11.2781954887218,0.0,9.774436090225569,1,,量占比與後續報酬的描述性相關；非因果或預測能力，少量樣本不作判斷,描述性關係；尚未扣費用、檢查除權息或做樣本外驗證；不評分、不認定關鍵分點
3081,003700370039005a,7790,國票-安和,buy,5,1,1,11.2781954887218,1.0,11.2781954887218,0.0,9.774436090225569,1,,量占比與後續報酬的描述性相關；非因果或預測能力，少量樣本不作判斷,描述性關係；尚未扣費用、檢查除權息或做樣本外驗證；不評分、不認定關鍵分點
3081,003800380038004b,8880,國泰-板橋,buy,5,1,1,11.2781954887218,1.0,11.2781954887218,0.0,9.774436090225569,1,,量占比與後續報酬的描述性相關；非因果或預測能力，少量樣本不作判斷,描述性關係；尚未扣費用、檢查除權息或做樣本外驗證；不評分、不認定關鍵分點
3081,0039003800310053,9800,元大-崇德,sell,5,1,1,11.2781954887218,1.0,11.2781954887218,0.0,9.774436090225569,1,,量占比與後續報酬的描述性相關；非因果或預測能力，少量樣本不作判斷,描述性關係；尚未扣費用、檢查除權息或做樣本外驗證；不評分、不認定關鍵分點
3081,003900380039004e,9800,元大-內湖,buy,5,1,1,11.2781954887218,1.0,11.2781954887218,0.0,9.774436090225569,1,,量占比與後續報酬的描述性相關；非因果或預測能力，少量樣本不作判斷,描述性關係；尚未扣費用、檢查除權息或做樣本外驗證；不評分、不認定關鍵分點
3081,0039004100300030,9A00,永豐金證券,buy,5,1,1,11.2781954887218,1.0,11.2781954887218,0.0,9.774436090225569,1,,量占比與後續報酬的描述性相關；非因果或預測能力，少量樣本不作判斷,描述性關係；尚未扣費用、檢查除權息或做樣本外驗證；不評分、不認定關鍵分點
3081,0039004200300030,9B00,台新,buy,5,1,1,11.2781954887218,1.0,11.2781954887218,0.0,9.774436090225569,1,,量占比與後續報酬的描述性相關；非因果或預測能力，少量樣本不作判斷,描述性關係；尚未扣費用、檢查除權息或做樣本外驗證；不評分、不認定關鍵分點
3081,0039004200320032,9B00,台新-新店,buy,5,1,1,11.2781954887218,1.0,11.2781954887218,0.0,9.774436090225569,1,,量占比與後續報酬的描述性相關；非因果或預測能力，少量樣本不作判斷,描述性關係；尚未扣費用、檢查除權息或做樣本外驗證；不評分、不認定關鍵分點
3081,1440,1440,美林,sell,5,1,1,11.2781954887218,1.0,11.2781954887218,0.0,9.774436090225569,1,,量占比與後續報酬的描述性相關；非因果或預測能力，少量樣本不作判斷,描述性關係；尚未扣費用、檢查除權息或做樣本外驗證；不評分、不認定關鍵分點
3081,1470,1470,台灣摩根士丹利,sell,5,1,1,11.2781954887218,1.0,11.2781954887218,0.0,9.774436090225569,1,,量占比與後續報酬的描述性相關；非因果或預測能力，少量樣本不作判斷,描述性關係；尚未扣費用、檢查除權息或做樣本外驗證；不評分、不認定關鍵分點
3081,1480,1480,美商高盛,buy,5,1,1,11.2781954887218,1.0,11.2781954887218,0.0,9.774436090225569,1,,量占比與後續報酬的描述性相關；非因果或預測能力，少量樣本不作判斷,描述性關係；尚未扣費用、檢查除權息或做樣本外驗證；不評分、不認定關鍵分點
3081,1650,1650,新加坡商瑞銀,buy,5,1,1,11.2781954887218,1.0,11.2781954887218,0.0,9.774436090225569,1,,量占比與後續報酬的描述性相關；非因果或預測能力，少量樣本不作判斷,描述性關係；尚未扣費用、檢查除權息或做樣本外驗證；不評分、不認定關鍵分點
3081,5380,5380,第一金,sell,5,1,1,11.2781954887218,1.0,11.2781954887218,0.0,9.774436090225569,1,,量占比與後續報酬的描述性相關；非因果或預測能力，少量樣本不作判斷,描述性關係；尚未扣費用、檢查除權息或做樣本外驗證；不評分、不認定關鍵分點
3081,5850,5850,統一,sell,5,1,1,11.2781954887218,1.0,11.2781954887218,0.0,9.774436090225569,1,,量占比與後續報酬的描述性相關；非因果或預測能力，少量樣本不作判斷,描述性關係；尚未扣費用、檢查除權息或做樣本外驗證；不評分、不認定關鍵分點
3081,6160,6160,中國信託,sell,5,1,1,11.2781954887218,1.0,11.2781954887218,0.0,9.774436090225569,1,,量占比與後續報酬的描述性相關；非因果或預測能力，少量樣本不作判斷,描述性關係；尚未扣費用、檢查除權息或做樣本外驗證；不評分、不認定關鍵分點
3081,6162,6160,中國信託-忠孝,buy,5,1,1,11.2781954887218,1.0,11.2781954887218,0.0,9.774436090225569,1,,量占比與後續報酬的描述性相關；非因果或預測能力，少量樣本不作判斷,描述性關係；尚未扣費用、檢查除權息或做樣本外驗證；不評分、不認定關鍵分點
3081,7000,7000,兆豐證券,sell,5,1,1,11.2781954887218,1.0,11.2781954887218,0.0,9.774436090225569,1,,量占比與後續報酬的描述性相關；非因果或預測能力，少量樣本不作判斷,描述性關係；尚未扣費用、檢查除權息或做樣本外驗證；不評分、不認定關鍵分點
3081,8440,8440,摩根大通,buy,5,1,1,11.2781954887218,1.0,11.2781954887218,0.0,9.774436090225569,1,,量占比與後續報酬的描述性相關；非因果或預測能力，少量樣本不作判斷,描述性關係；尚未扣費用、檢查除權息或做樣本外驗證；不評分、不認定關鍵分點
3081,8880,8880,國泰證券,sell,5,1,1,11.2781954887218,1.0,11.2781954887218,0.0,9.774436090225569,1,,量占比與後續報酬的描述性相關；非因果或預測能力，少量樣本不作判斷,描述性關係；尚未扣費用、檢查除權息或做樣本外驗證；不評分、不認定關鍵分點
3081,8881,8880,國泰-高雄,buy,5,1,1,11.2781954887218,1.0,11.2781954887218,0.0,9.774436090225569,1,,量占比與後續報酬的描述性相關；非因果或預測能力，少量樣本不作判斷,描述性關係；尚未扣費用、檢查除權息或做樣本外驗證；不評分、不認定關鍵分點
3081,8885,8880,國泰-桃園,sell,5,1,1,11.2781954887218,1.0,11.2781954887218,0.0,9.774436090225569,1,,量占比與後續報酬的描述性相關；非因果或預測能力，少量樣本不作判斷,描述性關係；尚未扣費用、檢查除權息或做樣本外驗證；不評分、不認定關鍵分點
3081,8888,8880,國泰-敦南,buy,5,1,1,11.2781954887218,1.0,11.2781954887218,0.0,9.774436090225569,1,,量占比與後續報酬的描述性相關；非因果或預測能力，少量樣本不作判斷,描述性關係；尚未扣費用、檢查除權息或做樣本外驗證；不評分、不認定關鍵分點
3081,9100,9100,群益金鼎,sell,5,1,1,11.2781954887218,1.0,11.2781954887218,0.0,9.774436090225569,1,,量占比與後續報酬的描述性相關；非因果或預測能力，少量樣本不作判斷,描述性關係；尚未扣費用、檢查除權息或做樣本外驗證；不評分、不認定關鍵分點
3081,9200,9200,凱基,sell,5,1,1,11.2781954887218,1.0,11.2781954887218,0.0,9.774436090225569,1,,量占比與後續報酬的描述性相關；非因果或預測能力，少量樣本不作判斷,描述性關係；尚未扣費用、檢查除權息或做樣本外驗證；不評分、不認定關鍵分點
3081,9268,9200,凱基-台北,sell,5,1,1,11.2781954887218,1.0,11.2781954887218,0.0,9.774436090225569,1,,量占比與後續報酬的描述性相關；非因果或預測能力，少量樣本不作判斷,描述性關係；尚未扣費用、檢查除權息或做樣本外驗證；不評分、不認定關鍵分點
3081,9627,9600,富邦-內湖,buy,5,1,1,11.2781954887218,1.0,11.2781954887218,0.0,9.774436090225569,1,,量占比與後續報酬的描述性相關；非因果或預測能力，少量樣本不作判斷,描述性關係；尚未扣費用、檢查除權息或做樣本外驗證；不評分、不認定關鍵分點
3081,9666,9600,富邦-南屯,buy,5,1,1,11.2781954887218,1.0,11.2781954887218,0.0,9.774436090225569,1,,量占比與後續報酬的描述性相關；非因果或預測能力，少量樣本不作判斷,描述性關係；尚未扣費用、檢查除權息或做樣本外驗證；不評分、不認定關鍵分點
3081,9800,9800,元大證券,sell,5,1,1,11.2781954887218,1.0,11.2781954887218,0.0,9.774436090225569,1,,量占比與後續報酬的描述性相關；非因果或預測能力，少量樣本不作判斷,描述性關係；尚未扣費用、檢查除權息或做樣本外驗證；不評分、不認定關鍵分點
3131,0035003300380057,5380,第一金-華江,buy,5,1,1,3.571428571428581,1.0,3.571428571428581,0.0,2.1008403361344463,1,,量占比與後續報酬的描述性相關；非因果或預測能力，少量樣本不作判斷,描述性關係；尚未扣費用、檢查除權息或做樣本外驗證；不評分、不認定關鍵分點
3131,0037003000300043,7000,兆豐-來福,buy,5,1,1,3.571428571428581,1.0,3.571428571428581,0.0,2.1008403361344463,1,,量占比與後續報酬的描述性相關；非因果或預測能力，少量樣本不作判斷,描述性關係；尚未扣費用、檢查除權息或做樣本外驗證；不評分、不認定關鍵分點
3131,0038003800340041,8840,玉山-士林,buy,5,1,1,3.571428571428581,1.0,3.571428571428581,0.0,2.1008403361344463,1,,量占比與後續報酬的描述性相關；非因果或預測能力，少量樣本不作判斷,描述性關係；尚未扣費用、檢查除權息或做樣本外驗證；不評分、不認定關鍵分點
3131,0038003800340043,8840,玉山-信義,buy,5,1,1,3.571428571428581,1.0,3.571428571428581,0.0,2.1008403361344463,1,,量占比與後續報酬的描述性相關；非因果或預測能力，少量樣本不作判斷,描述性關係；尚未扣費用、檢查除權息或做樣本外驗證；不評分、不認定關鍵分點
3131,0038003800340046,8840,玉山-桃園,buy,5,1,1,3.571428571428581,1.0,3.571428571428581,0.0,2.1008403361344463,1,,量占比與後續報酬的描述性相關；非因果或預測能力，少量樣本不作判斷,描述性關係；尚未扣費用、檢查除權息或做樣本外驗證；不評分、不認定關鍵分點
3131,003900320030004e,9200,凱基-湖口,buy,5,1,1,3.571428571428581,1.0,3.571428571428581,0.0,2.1008403361344463,1,,量占比與後續報酬的描述性相關；非因果或預測能力，少量樣本不作判斷,描述性關係；尚未扣費用、檢查除權息或做樣本外驗證；不評分、不認定關鍵分點
3131,0039003800310042,9800,元大-竹北,buy,5,1,1,3.571428571428581,1.0,3.571428571428581,0.0,2.1008403361344463,1,,量占比與後續報酬的描述性相關；非因果或預測能力，少量樣本不作判斷,描述性關係；尚未扣費用、檢查除權息或做樣本外驗證；不評分、不認定關鍵分點
3131,0039003800390046,9800,元大-三民,buy,5,1,1,3.571428571428581,1.0,3.571428571428581,0.0,2.1008403361344463,1,,量占比與後續報酬的描述性相關；非因果或預測能力，少量樣本不作判斷,描述性關係；尚未扣費用、檢查除權息或做樣本外驗證；不評分、不認定關鍵分點
3131,0039004100390057,9A00,永豐金-市政,buy,5,1,1,3.571428571428581,1.0,3.571428571428581,0.0,2.1008403361344463,1,,量占比與後續報酬的描述性相關；非因果或預測能力，少量樣本不作判斷,描述性關係；尚未扣費用、檢查除權息或做樣本外驗證；不評分、不認定關鍵分點
3131,0039004200310035,9B00,台新-松江,sell,5,1,1,3.571428571428581,1.0,3.571428571428581,0.0,2.1008403361344463,1,,量占比與後續報酬的描述性相關；非因果或預測能力，少量樣本不作判斷,描述性關係；尚未扣費用、檢查除權息或做樣本外驗證；不評分、不認定關鍵分點
3131,0039004200310068,9B00,台新-台中,buy,5,1,1,3.571428571428581,1.0,3.571428571428581,0.0,2.1008403361344463,1,,量占比與後續報酬的描述性相關；非因果或預測能力，少量樣本不作判斷,描述性關係；尚未扣費用、檢查除權息或做樣本外驗證；不評分、不認定關鍵分點
3131,1260,1260,宏遠證券,buy,5,1,1,3.571428571428581,1.0,3.571428571428581,0.0,2.1008403361344463,1,,量占比與後續報酬的描述性相關；非因果或預測能力，少量樣本不作判斷,描述性關係；尚未扣費用、檢查除權息或做樣本外驗證；不評分、不認定關鍵分點
3131,1440,1440,美林,sell,5,1,1,3.571428571428581,1.0,3.571428571428581,0.0,2.1008403361344463,1,,量占比與後續報酬的描述性相關；非因果或預測能力，少量樣本不作判斷,描述性關係；尚未扣費用、檢查除權息或做樣本外驗證；不評分、不認定關鍵分點
3131,1470,1470,台灣摩根士丹利,sell,5,1,1,3.571428571428581,1.0,3.571428571428581,0.0,2.1008403361344463,1,,量占比與後續報酬的描述性相關；非因果或預測能力，少量樣本不作判斷,描述性關係；尚未扣費用、檢查除權息或做樣本外驗證；不評分、不認定關鍵分點
3131,1480,1480,美商高盛,sell,5,1,1,3.571428571428581,1.0,3.571428571428581,0.0,2.1008403361344463,1,,量占比與後續報酬的描述性相關；非因果或預測能力，少量樣本不作判斷,描述性關係；尚未扣費用、檢查除權息或做樣本外驗證；不評分、不認定關鍵分點
3131,1560,1560,港商野村,sell,5,1,1,3.571428571428581,1.0,3.571428571428581,0.0,2.1008403361344463,1,,量占比與後續報酬的描述性相關；非因果或預測能力，少量樣本不作判斷,描述性關係；尚未扣費用、檢查除權息或做樣本外驗證；不評分、不認定關鍵分點
3131,1590,1590,花旗環球,sell,5,1,1,3.571428571428581,1.0,3.571428571428581,0.0,2.1008403361344463,1,,量占比與後續報酬的描述性相關；非因果或預測能力，少量樣本不作判斷,描述性關係；尚未扣費用、檢查除權息或做樣本外驗證；不評分、不認定關鍵分點
3131,1650,1650,新加坡商瑞銀,sell,5,1,1,3.571428571428581,1.0,3.571428571428581,0.0,2.1008403361344463,1,,量占比與後續報酬的描述性相關；非因果或預測能力，少量樣本不作判斷,描述性關係；尚未扣費用、檢查除權息或做樣本外驗證；不評分、不認定關鍵分點
3131,5380,5380,第一金,sell,5,1,1,3.571428571428581,1.0,3.571428571428581,0.0,2.1008403361344463,1,,量占比與後續報酬的描述性相關；非因果或預測能力，少量樣本不作判斷,描述性關係；尚未扣費用、檢查除權息或做樣本外驗證；不評分、不認定關鍵分點
3131,7000,7000,兆豐證券,sell,5,1,1,3.571428571428581,1.0,3.571428571428581,0.0,2.1008403361344463,1,,量占比與後續報酬的描述性相關；非因果或預測能力，少量樣本不作判斷,描述性關係；尚未扣費用、檢查除權息或做樣本外驗證；不評分、不認定關鍵分點
3131,8450,8450,康和,sell,5,1,1,3.571428571428581,1.0,3.571428571428581,0.0,2.1008403361344463,1,,量占比與後續報酬的描述性相關；非因果或預測能力，少量樣本不作判斷,描述性關係；尚未扣費用、檢查除權息或做樣本外驗證；不評分、不認定關鍵分點
3131,8451,8450,康和-延平,buy,5,1,1,3.571428571428581,1.0,3.571428571428581,0.0,2.1008403361344463,1,,量占比與後續報酬的描述性相關；非因果或預測能力，少量樣本不作判斷,描述性關係；尚未扣費用、檢查除權息或做樣本外驗證；不評分、不認定關鍵分點
3131,8847,8840,玉山-台南,buy,5,1,1,3.571428571428581,1.0,3.571428571428581,0.0,2.1008403361344463,1,,量占比與後續報酬的描述性相關；非因果或預測能力，少量樣本不作判斷,描述性關係；尚未扣費用、檢查除權息或做樣本外驗證；不評分、不認定關鍵分點
3131,8880,8880,國泰證券,sell,5,1,1,3.571428571428581,1.0,3.571428571428581,0.0,2.1008403361344463,1,,量占比與後續報酬的描述性相關；非因果或預測能力，少量樣本不作判斷,描述性關係；尚未扣費用、檢查除權息或做樣本外驗證；不評分、不認定關鍵分點
3131,8888,8880,國泰-敦南,buy,5,1,1,3.571428571428581,1.0,3.571428571428581,0.0,2.1008403361344463,1,,量占比與後續報酬的描述性相關；非因果或預測能力，少量樣本不作判斷,描述性關係；尚未扣費用、檢查除權息或做樣本外驗證；不評分、不認定關鍵分點
3131,9268,9200,凱基-台北,sell,5,1,1,3.571428571428581,1.0,3.571428571428581,0.0,2.1008403361344463,1,,量占比與後續報酬的描述性相關；非因果或預測能力，少量樣本不作判斷,描述性關係；尚未扣費用、檢查除權息或做樣本外驗證；不評分、不認定關鍵分點
3131,9300,9300,華南永昌,sell,5,1,1,3.571428571428581,1.0,3.571428571428581,0.0,2.1008403361344463,1,,量占比與後續報酬的描述性相關；非因果或預測能力，少量樣本不作判斷,描述性關係；尚未扣費用、檢查除權息或做樣本外驗證；不評分、不認定關鍵分點
3131,9600,9600,富邦證券,sell,5,1,1,3.571428571428581,1.0,3.571428571428581,0.0,2.1008403361344463,1,,量占比與後續報酬的描述性相關；非因果或預測能力，少量樣本不作判斷,描述性關係；尚未扣費用、檢查除權息或做樣本外驗證；不評分、不認定關鍵分點
3131,9676,9600,富邦-仁愛,buy,5,1,1,3.571428571428581,1.0,3.571428571428581,0.0,2.1008403361344463,1,,量占比與後續報酬的描述性相關；非因果或預測能力，少量樣本不作判斷,描述性關係；尚未扣費用、檢查除權息或做樣本外驗證；不評分、不認定關鍵分點
3131,9800,9800,元大證券,sell,5,1,1,3.571428571428581,1.0,3.571428571428581,0.0,2.1008403361344463,1,,量占比與後續報酬的描述性相關；非因果或預測能力，少量樣本不作判斷,描述性關係；尚未扣費用、檢查除權息或做樣本外驗證；不評分、不認定關鍵分點
3163,0031003100310042,1110,台灣企銀-建成,buy,5,1,1,5.837173579109067,1.0,5.837173579109067,0.0,5.837173579109067,1,,量占比與後續報酬的描述性相關；非因果或預測能力，少量樣本不作判斷,描述性關係；尚未扣費用、檢查除權息或做樣本外驗證；不評分、不認定關鍵分點
3163,003700370039005a,7790,國票-安和,buy,5,1,1,5.837173579109067,1.0,5.837173579109067,0.0,5.837173579109067,1,,量占比與後續報酬的描述性相關；非因果或預測能力，少量樣本不作判斷,描述性關係；尚未扣費用、檢查除權息或做樣本外驗證；不評分、不認定關鍵分點
3163,0037003700390063,7790,國票-敦北法人,sell,5,1,1,5.837173579109067,1.0,5.837173579109067,0.0,5.837173579109067,1,,量占比與後續報酬的描述性相關；非因果或預測能力，少量樣本不作判斷,描述性關係；尚未扣費用、檢查除權息或做樣本外驗證；不評分、不認定關鍵分點
3163,0038003800340042,8840,玉山-台中,sell,5,1,1,5.837173579109067,1.0,5.837173579109067,0.0,5.837173579109067,1,,量占比與後續報酬的描述性相關；非因果或預測能力，少量樣本不作判斷,描述性關係；尚未扣費用、檢查除權息或做樣本外驗證；不評分、不認定關鍵分點
3163,0039003100380044,9100,群益金鼎-東門,sell,5,1,1,5.837173579109067,1.0,5.837173579109067,0.0,5.837173579109067,1,,量占比與後續報酬的描述性相關；非因果或預測能力，少量樣本不作判斷,描述性關係；尚未扣費用、檢查除權息或做樣本外驗證；不評分、不認定關鍵分點
3163,0039003800300061,9800,元大-中山北路,buy,5,1,1,5.837173579109067,1.0,5.837173579109067,0.0,5.837173579109067,1,,量占比與後續報酬的描述性相關；非因果或預測能力，少量樣本不作判斷,描述性關係；尚未扣費用、檢查除權息或做樣本外驗證；不評分、不認定關鍵分點
3163,003900380031006d,9800,元大-高雄,buy,5,1,1,5.837173579109067,1.0,5.837173579109067,0.0,5.837173579109067,1,,量占比與後續報酬的描述性相關；非因果或預測能力，少量樣本不作判斷,描述性關係；尚未扣費用、檢查除權息或做樣本外驗證；不評分、不認定關鍵分點
3163,0039003800390064,9800,元大-北屯,buy,5,1,1,5.837173579109067,1.0,5.837173579109067,0.0,5.837173579109067,1,,量占比與後續報酬的描述性相關；非因果或預測能力，少量樣本不作判斷,描述性關係；尚未扣費用、檢查除權息或做樣本外驗證；不評分、不認定關鍵分點
3163,0039004100300030,9A00,永豐金證券,sell,5,1,1,5.837173579109067,1.0,5.837173579109067,0.0,5.837173579109067,1,,量占比與後續報酬的描述性相關；非因果或預測能力，少量樣本不作判斷,描述性關係；尚未扣費用、檢查除權息或做樣本外驗證；不評分、不認定關鍵分點
3163,0039004100390052,9A00,永豐金-信義,sell,5,1,1,5.837173579109067,1.0,5.837173579109067,0.0,5.837173579109067,1,,量占比與後續報酬的描述性相關；非因果或預測能力，少量樣本不作判斷,描述性關係；尚未扣費用、檢查除權息或做樣本外驗證；不評分、不認定關鍵分點
3163,003900410039005a,9A00,永豐金-復興,buy,5,1,1,5.837173579109067,1.0,5.837173579109067,0.0,5.837173579109067,1,,量占比與後續報酬的描述性相關；非因果或預測能力，少量樣本不作判斷,描述性關係；尚未扣費用、檢查除權息或做樣本外驗證；不評分、不認定關鍵分點
3163,0039004200300030,9B00,台新,buy,5,1,1,5.837173579109067,1.0,5.837173579109067,0.0,5.837173579109067,1,,量占比與後續報酬的描述性相關；非因果或預測能力，少量樣本不作判斷,描述性關係；尚未扣費用、檢查除權息或做樣本外驗證；不評分、不認定關鍵分點
3163,0039004200310038,9B00,台新-建北,buy,5,1,1,5.837173579109067,1.0,5.837173579109067,0.0,5.837173579109067,1,,量占比與後續報酬的描述性相關；非因果或預測能力，少量樣本不作判斷,描述性關係；尚未扣費用、檢查除權息或做樣本外驗證；不評分、不認定關鍵分點
3163,003900420032006c,9B00,台新-大裕,buy,5,1,1,5.837173579109067,1.0,5.837173579109067,0.0,5.837173579109067,1,,量占比與後續報酬的描述性相關；非因果或預測能力，少量樣本不作判斷,描述性關係；尚未扣費用、檢查除權息或做樣本外驗證；不評分、不認定關鍵分點
3163,1021,1020,合庫-台中,sell,5,1,1,5.837173579109067,1.0,5.837173579109067,0.0,5.837173579109067,1,,量占比與後續報酬的描述性相關；非因果或預測能力，少量樣本不作判斷,描述性關係；尚未扣費用、檢查除權息或做樣本外驗證；不評分、不認定關鍵分點
3163,1440,1440,美林,sell,5,1,1,5.837173579109067,1.0,5.837173579109067,0.0,5.837173579109067,1,,量占比與後續報酬的描述性相關；非因果或預測能力，少量樣本不作判斷,描述性關係；尚未扣費用、檢查除權息或做樣本外驗證；不評分、不認定關鍵分點
3163,1470,1470,台灣摩根士丹利,sell,5,1,1,5.837173579109067,1.0,5.837173579109067,0.0,5.837173579109067,1,,量占比與後續報酬的描述性相關；非因果或預測能力，少量樣本不作判斷,描述性關係；尚未扣費用、檢查除權息或做樣本外驗證；不評分、不認定關鍵分點
3163,1480,1480,美商高盛,sell,5,1,1,5.837173579109067,1.0,5.837173579109067,0.0,5.837173579109067,1,,量占比與後續報酬的描述性相關；非因果或預測能力，少量樣本不作判斷,描述性關係；尚未扣費用、檢查除權息或做樣本外驗證；不評分、不認定關鍵分點
3163,1650,1650,新加坡商瑞銀,sell,5,1,1,5.837173579109067,1.0,5.837173579109067,0.0,5.837173579109067,1,,量占比與後續報酬的描述性相關；非因果或預測能力，少量樣本不作判斷,描述性關係；尚未扣費用、檢查除權息或做樣本外驗證；不評分、不認定關鍵分點
3163,5321,5320,高橋-龍潭,sell,5,1,1,5.837173579109067,1.0,5.837173579109067,0.0,5.837173579109067,1,,量占比與後續報酬的描述性相關；非因果或預測能力，少量樣本不作判斷,描述性關係；尚未扣費用、檢查除權息或做樣本外驗證；不評分、不認定關鍵分點
3163,5380,5380,第一金,buy,5,1,1,5.837173579109067,1.0,5.837173579109067,0.0,5.837173579109067,1,,量占比與後續報酬的描述性相關；非因果或預測能力，少量樣本不作判斷,描述性關係；尚未扣費用、檢查除權息或做樣本外驗證；不評分、不認定關鍵分點
3163,7003,7000,兆豐-台中,sell,5,1,1,5.837173579109067,1.0,5.837173579109067,0.0,5.837173579109067,1,,量占比與後續報酬的描述性相關；非因果或預測能力，少量樣本不作判斷,描述性關係；尚未扣費用、檢查除權息或做樣本外驗證；不評分、不認定關鍵分點
3163,8440,8440,摩根大通,sell,5,1,1,5.837173579109067,1.0,5.837173579109067,0.0,5.837173579109067,1,,量占比與後續報酬的描述性相關；非因果或預測能力，少量樣本不作判斷,描述性關係；尚未扣費用、檢查除權息或做樣本外驗證；不評分、不認定關鍵分點
3163,8880,8880,國泰證券,sell,5,1,1,5.837173579109067,1.0,5.837173579109067,0.0,5.837173579109067,1,,量占比與後續報酬的描述性相關；非因果或預測能力，少量樣本不作判斷,描述性關係；尚未扣費用、檢查除權息或做樣本外驗證；不評分、不認定關鍵分點
3163,8888,8880,國泰-敦南,buy,5,1,1,5.837173579109067,1.0,5.837173579109067,0.0,5.837173579109067,1,,量占比與後續報酬的描述性相關；非因果或預測能力，少量樣本不作判斷,描述性關係；尚未扣費用、檢查除權息或做樣本外驗證；不評分、不認定關鍵分點
3163,9225,9200,凱基-內埔,buy,5,1,1,5.837173579109067,1.0,5.837173579109067,0.0,5.837173579109067,1,,量占比與後續報酬的描述性相關；非因果或預測能力，少量樣本不作判斷,描述性關係；尚未扣費用、檢查除權息或做樣本外驗證；不評分、不認定關鍵分點
3163,9236,9200,凱基-虎尾,buy,5,1,1,5.837173579109067,1.0,5.837173579109067,0.0,5.837173579109067,1,,量占比與後續報酬的描述性相關；非因果或預測能力，少量樣本不作判斷,描述性關係；尚未扣費用、檢查除權息或做樣本外驗證；不評分、不認定關鍵分點
3163,9268,9200,凱基-台北,sell,5,1,1,5.837173579109067,1.0,5.837173579109067,0.0,5.837173579109067,1,,量占比與後續報酬的描述性相關；非因果或預測能力，少量樣本不作判斷,描述性關係；尚未扣費用、檢查除權息或做樣本外驗證；不評分、不認定關鍵分點
3163,9359,9300,華南永昌-中正,buy,5,1,1,5.837173579109067,1.0,5.837173579109067,0.0,5.837173579109067,1,,量占比與後續報酬的描述性相關；非因果或預測能力，少量樣本不作判斷,描述性關係；尚未扣費用、檢查除權息或做樣本外驗證；不評分、不認定關鍵分點
3163,9852,9800,元大-永春,buy,5,1,1,5.837173579109067,1.0,5.837173579109067,0.0,5.837173579109067,1,,量占比與後續報酬的描述性相關；非因果或預測能力，少量樣本不作判斷,描述性關係；尚未扣費用、檢查除權息或做樣本外驗證；不評分、不認定關鍵分點
3189,003500380035004d,5850,統一-士林,sell,5,1,1,6.435643564356441,1.0,6.435643564356441,0.0,3.960396039603964,1,,量占比與後續報酬的描述性相關；非因果或預測能力，少量樣本不作判斷,描述性關係；尚未扣費用、檢查除權息或做樣本外驗證；不評分、不認定關鍵分點
3189,0035003800350052,5850,統一-東湖,sell,5,1,1,6.435643564356441,1.0,6.435643564356441,0.0,3.960396039603964,1,,量占比與後續報酬的描述性相關；非因果或預測能力，少量樣本不作判斷,描述性關係；尚未扣費用、檢查除權息或做樣本外驗證；不評分、不認定關鍵分點
3189,0036003100360041,6160,中國信託-中壢,sell,5,1,1,6.435643564356441,1.0,6.435643564356441,0.0,3.960396039603964,1,,量占比與後續報酬的描述性相關；非因果或預測能力，少量樣本不作判斷,描述性關係；尚未扣費用、檢查除權息或做樣本外驗證；不評分、不認定關鍵分點
3189,0037003700390056,7790,國票-天祥,buy,5,1,1,6.435643564356441,1.0,6.435643564356441,0.0,3.960396039603964,1,,量占比與後續報酬的描述性相關；非因果或預測能力，少量樣本不作判斷,描述性關係；尚未扣費用、檢查除權息或做樣本外驗證；不評分、不認定關鍵分點
3189,0039003800310047,9800,元大-彰化,sell,5,1,1,6.435643564356441,1.0,6.435643564356441,0.0,3.960396039603964,1,,量占比與後續報酬的描述性相關；非因果或預測能力，少量樣本不作判斷,描述性關係；尚未扣費用、檢查除權息或做樣本外驗證；不評分、不認定關鍵分點
3189,003900380034004b,9800,元大-館前,sell,5,1,1,6.435643564356441,1.0,6.435643564356441,0.0,3.960396039603964,1,,量占比與後續報酬的描述性相關；非因果或預測能力，少量樣本不作判斷,描述性關係；尚未扣費用、檢查除權息或做樣本外驗證；不評分、不認定關鍵分點
3189,0039003800390041,9800,元大-北投,buy,5,1,1,6.435643564356441,1.0,6.435643564356441,0.0,3.960396039603964,1,,量占比與後續報酬的描述性相關；非因果或預測能力，少量樣本不作判斷,描述性關係；尚未扣費用、檢查除權息或做樣本外驗證；不評分、不認定關鍵分點
3189,0039004100300030,9A00,永豐金證券,buy,5,1,1,6.435643564356441,1.0,6.435643564356441,0.0,3.960396039603964,1,,量占比與後續報酬的描述性相關；非因果或預測能力，少量樣本不作判斷,描述性關係；尚未扣費用、檢查除權息或做樣本外驗證；不評分、不認定關鍵分點
3189,0039004100390032,9A00,永豐金-萬盛,sell,5,1,1,6.435643564356441,1.0,6.435643564356441,0.0,3.960396039603964,1,,量占比與後續報酬的描述性相關；非因果或預測能力，少量樣本不作判斷,描述性關係；尚未扣費用、檢查除權息或做樣本外驗證；不評分、不認定關鍵分點
3189,0039004100390044,9A00,永豐金-忠孝,buy,5,1,1,6.435643564356441,1.0,6.435643564356441,0.0,3.960396039603964,1,,量占比與後續報酬的描述性相關；非因果或預測能力，少量樣本不作判斷,描述性關係；尚未扣費用、檢查除權息或做樣本外驗證；不評分、不認定關鍵分點
3189,0039004200320041,9B00,台新-緯城,sell,5,1,1,6.435643564356441,1.0,6.435643564356441,0.0,3.960396039603964,1,,量占比與後續報酬的描述性相關；非因果或預測能力，少量樣本不作判斷,描述性關係；尚未扣費用、檢查除權息或做樣本外驗證；不評分、不認定關鍵分點
3189,1260,1260,宏遠證券,sell,5,1,1,6.435643564356441,1.0,6.435643564356441,0.0,3.960396039603964,1,,量占比與後續報酬的描述性相關；非因果或預測能力，少量樣本不作判斷,描述性關係；尚未扣費用、檢查除權息或做樣本外驗證；不評分、不認定關鍵分點
3189,1440,1440,美林,buy,5,1,1,6.435643564356441,1.0,6.435643564356441,0.0,3.960396039603964,1,,量占比與後續報酬的描述性相關；非因果或預測能力，少量樣本不作判斷,描述性關係；尚未扣費用、檢查除權息或做樣本外驗證；不評分、不認定關鍵分點
3189,1470,1470,台灣摩根士丹利,buy,5,1,1,6.435643564356441,1.0,6.435643564356441,0.0,3.960396039603964,1,,量占比與後續報酬的描述性相關；非因果或預測能力，少量樣本不作判斷,描述性關係；尚未扣費用、檢查除權息或做樣本外驗證；不評分、不認定關鍵分點
3189,1480,1480,美商高盛,buy,5,1,1,6.435643564356441,1.0,6.435643564356441,0.0,3.960396039603964,1,,量占比與後續報酬的描述性相關；非因果或預測能力，少量樣本不作判斷,描述性關係；尚未扣費用、檢查除權息或做樣本外驗證；不評分、不認定關鍵分點
3189,1650,1650,新加坡商瑞銀,buy,5,1,1,6.435643564356441,1.0,6.435643564356441,0.0,3.960396039603964,1,,量占比與後續報酬的描述性相關；非因果或預測能力，少量樣本不作判斷,描述性關係；尚未扣費用、檢查除權息或做樣本外驗證；不評分、不認定關鍵分點
3189,5600,5600,永興,buy,5,1,1,6.435643564356441,1.0,6.435643564356441,0.0,3.960396039603964,1,,量占比與後續報酬的描述性相關；非因果或預測能力，少量樣本不作判斷,描述性關係；尚未扣費用、檢查除權息或做樣本外驗證；不評分、不認定關鍵分點
3189,6010,6010,(牛牛牛)亞證券,buy,5,1,1,6.435643564356441,1.0,6.435643564356441,0.0,3.960396039603964,1,,量占比與後續報酬的描述性相關；非因果或預測能力，少量樣本不作判斷,描述性關係；尚未扣費用、檢查除權息或做樣本外驗證；不評分、不認定關鍵分點
3189,6160,6160,中國信託,buy,5,1,1,6.435643564356441,1.0,6.435643564356441,0.0,3.960396039603964,1,,量占比與後續報酬的描述性相關；非因果或預測能力，少量樣本不作判斷,描述性關係；尚未扣費用、檢查除權息或做樣本外驗證；不評分、不認定關鍵分點
3189,8440,8440,摩根大通,buy,5,1,1,6.435643564356441,1.0,6.435643564356441,0.0,3.960396039603964,1,,量占比與後續報酬的描述性相關；非因果或預測能力，少量樣本不作判斷,描述性關係；尚未扣費用、檢查除權息或做樣本外驗證；不評分、不認定關鍵分點
3189,8880,8880,國泰證券,buy,5,1,1,6.435643564356441,1.0,6.435643564356441,0.0,3.960396039603964,1,,量占比與後續報酬的描述性相關；非因果或預測能力，少量樣本不作判斷,描述性關係；尚未扣費用、檢查除權息或做樣本外驗證；不評分、不認定關鍵分點
3189,8888,8880,國泰-敦南,sell,5,1,1,6.435643564356441,1.0,6.435643564356441,0.0,3.960396039603964,1,,量占比與後續報酬的描述性相關；非因果或預測能力，少量樣本不作判斷,描述性關係；尚未扣費用、檢查除權息或做樣本外驗證；不評分、不認定關鍵分點
3189,9100,9100,群益金鼎,buy,5,1,1,6.435643564356441,1.0,6.435643564356441,0.0,3.960396039603964,1,,量占比與後續報酬的描述性相關；非因果或預測能力，少量樣本不作判斷,描述性關係；尚未扣費用、檢查除權息或做樣本外驗證；不評分、不認定關鍵分點
3189,9211,9200,凱基-台南,sell,5,1,1,6.435643564356441,1.0,6.435643564356441,0.0,3.960396039603964,1,,量占比與後續報酬的描述性相關；非因果或預測能力，少量樣本不作判斷,描述性關係；尚未扣費用、檢查除權息或做樣本外驗證；不評分、不認定關鍵分點
3189,9227,9200,凱基-城中,sell,5,1,1,6.435643564356441,1.0,6.435643564356441,0.0,3.960396039603964,1,,量占比與後續報酬的描述性相關；非因果或預測能力，少量樣本不作判斷,描述性關係；尚未扣費用、檢查除權息或做樣本外驗證；不評分、不認定關鍵分點
3189,9616,9600,富邦-岡山,sell,5,1,1,6.435643564356441,1.0,6.435643564356441,0.0,3.960396039603964,1,,量占比與後續報酬的描述性相關；非因果或預測能力，少量樣本不作判斷,描述性關係；尚未扣費用、檢查除權息或做樣本外驗證；不評分、不認定關鍵分點
3189,9636,9600,富邦-中壢,sell,5,1,1,6.435643564356441,1.0,6.435643564356441,0.0,3.960396039603964,1,,量占比與後續報酬的描述性相關；非因果或預測能力，少量樣本不作判斷,描述性關係；尚未扣費用、檢查除權息或做樣本外驗證；不評分、不認定關鍵分點
3189,9800,9800,元大證券,sell,5,1,1,6.435643564356441,1.0,6.435643564356441,0.0,3.960396039603964,1,,量占比與後續報酬的描述性相關；非因果或預測能力，少量樣本不作判斷,描述性關係；尚未扣費用、檢查除權息或做樣本外驗證；不評分、不認定關鍵分點
3189,9869,9800,元大-新盛,buy,5,1,1,6.435643564356441,1.0,6.435643564356441,0.0,3.960396039603964,1,,量占比與後續報酬的描述性相關；非因果或預測能力，少量樣本不作判斷,描述性關係；尚未扣費用、檢查除權息或做樣本外驗證；不評分、不認定關鍵分點
3189,9875,9800,元大-土城永寧,sell,5,1,1,6.435643564356441,1.0,6.435643564356441,0.0,3.960396039603964,1,,量占比與後續報酬的描述性相關；非因果或預測能力，少量樣本不作判斷,描述性關係；尚未扣費用、檢查除權息或做樣本外驗證；不評分、不認定關鍵分點
3217,0038003800340046,8840,玉山-桃園,buy,5,1,1,-1.9305019305019266,0.0,-1.9305019305019266,0.0,-1.9305019305019266,1,,量占比與後續報酬的描述性相關；非因果或預測能力，少量樣本不作判斷,描述性關係；尚未扣費用、檢查除權息或做樣本外驗證；不評分、不認定關鍵分點
3217,003800380038004b,8880,國泰-板橋,buy,5,1,1,-1.9305019305019266,0.0,-1.9305019305019266,0.0,-1.9305019305019266,1,,量占比與後續報酬的描述性相關；非因果或預測能力，少量樣本不作判斷,描述性關係；尚未扣費用、檢查除權息或做樣本外驗證；不評分、不認定關鍵分點
3217,0039003800310044,9800,元大-南投,buy,5,1,1,-1.9305019305019266,0.0,-1.9305019305019266,0.0,-1.9305019305019266,1,,量占比與後續報酬的描述性相關；非因果或預測能力，少量樣本不作判斷,描述性關係；尚未扣費用、檢查除權息或做樣本外驗證；不評分、不認定關鍵分點
3217,0039003800310065,9800,元大-佳里,buy,5,1,1,-1.9305019305019266,0.0,-1.9305019305019266,0.0,-1.9305019305019266,1,,量占比與後續報酬的描述性相關；非因果或預測能力，少量樣本不作判斷,描述性關係；尚未扣費用、檢查除權息或做樣本外驗證；不評分、不認定關鍵分點
3217,0039003800320042,9800,元大-博愛,buy,5,1,1,-1.9305019305019266,0.0,-1.9305019305019266,0.0,-1.9305019305019266,1,,量占比與後續報酬的描述性相關；非因果或預測能力，少量樣本不作判斷,描述性關係；尚未扣費用、檢查除權息或做樣本外驗證；不評分、不認定關鍵分點
3217,003900380039004e,9800,元大-內湖,buy,5,1,1,-1.9305019305019266,0.0,-1.9305019305019266,0.0,-1.9305019305019266,1,,量占比與後續報酬的描述性相關；非因果或預測能力，少量樣本不作判斷,描述性關係；尚未扣費用、檢查除權息或做樣本外驗證；不評分、不認定關鍵分點
3217,0039003800390057,9800,元大-豐原站前,buy,5,1,1,-1.9305019305019266,0.0,-1.9305019305019266,0.0,-1.9305019305019266,1,,量占比與後續報酬的描述性相關；非因果或預測能力，少量樣本不作判斷,描述性關係；尚未扣費用、檢查除權息或做樣本外驗證；不評分、不認定關鍵分點
3217,0039004200320048,9B00,台新-信義,buy,5,1,1,-1.9305019305019266,0.0,-1.9305019305019266,0.0,-1.9305019305019266,1,,量占比與後續報酬的描述性相關；非因果或預測能力，少量樣本不作判斷,描述性關係；尚未扣費用、檢查除權息或做樣本外驗證；不評分、不認定關鍵分點
3217,0039004200320067,9B00,台新-中原,buy,5,1,1,-1.9305019305019266,0.0,-1.9305019305019266,0.0,-1.9305019305019266,1,,量占比與後續報酬的描述性相關；非因果或預測能力，少量樣本不作判斷,描述性關係；尚未扣費用、檢查除權息或做樣本外驗證；不評分、不認定關鍵分點
3217,003900420032006f,9B00,台新-新興,buy,5,1,1,-1.9305019305019266,0.0,-1.9305019305019266,0.0,-1.9305019305019266,1,,量占比與後續報酬的描述性相關；非因果或預測能力，少量樣本不作判斷,描述性關係；尚未扣費用、檢查除權息或做樣本外驗證；不評分、不認定關鍵分點
3217,1110,1110,台灣企銀,sell,5,1,1,-1.9305019305019266,0.0,-1.9305019305019266,0.0,-1.9305019305019266,1,,量占比與後續報酬的描述性相關；非因果或預測能力，少量樣本不作判斷,描述性關係；尚未扣費用、檢查除權息或做樣本外驗證；不評分、不認定關鍵分點
3217,1470,1470,台灣摩根士丹利,sell,5,1,1,-1.9305019305019266,0.0,-1.9305019305019266,0.0,-1.9305019305019266,1,,量占比與後續報酬的描述性相關；非因果或預測能力，少量樣本不作判斷,描述性關係；尚未扣費用、檢查除權息或做樣本外驗證；不評分、不認定關鍵分點
3217,1480,1480,美商高盛,sell,5,1,1,-1.9305019305019266,0.0,-1.9305019305019266,0.0,-1.9305019305019266,1,,量占比與後續報酬的描述性相關；非因果或預測能力，少量樣本不作判斷,描述性關係；尚未扣費用、檢查除權息或做樣本外驗證；不評分、不認定關鍵分點
3217,5383,5380,第一金-高雄,buy,5,1,1,-1.9305019305019266,0.0,-1.9305019305019266,0.0,-1.9305019305019266,1,,量占比與後續報酬的描述性相關；非因果或預測能力，少量樣本不作判斷,描述性關係；尚未扣費用、檢查除權息或做樣本外驗證；不評分、不認定關鍵分點
3217,5856,5850,統一-台中,buy,5,1,1,-1.9305019305019266,0.0,-1.9305019305019266,0.0,-1.9305019305019266,1,,量占比與後續報酬的描述性相關；非因果或預測能力，少量樣本不作判斷,描述性關係；尚未扣費用、檢查除權息或做樣本外驗證；不評分、不認定關鍵分點
3217,6114,6110,台中銀-員林,buy,5,1,1,-1.9305019305019266,0.0,-1.9305019305019266,0.0,-1.9305019305019266,1,,量占比與後續報酬的描述性相關；非因果或預測能力，少量樣本不作判斷,描述性關係；尚未扣費用、檢查除權息或做樣本外驗證；不評分、不認定關鍵分點
3217,6165,6160,中國信託-新竹,sell,5,1,1,-1.9305019305019266,0.0,-1.9305019305019266,0.0,-1.9305019305019266,1,,量占比與後續報酬的描述性相關；非因果或預測能力，少量樣本不作判斷,描述性關係；尚未扣費用、檢查除權息或做樣本外驗證；不評分、不認定關鍵分點
3217,6460,6460,大昌,sell,5,1,1,-1.9305019305019266,0.0,-1.9305019305019266,0.0,-1.9305019305019266,1,,量占比與後續報酬的描述性相關；非因果或預測能力，少量樣本不作判斷,描述性關係；尚未扣費用、檢查除權息或做樣本外驗證；不評分、不認定關鍵分點
3217,8440,8440,摩根大通,sell,5,1,1,-1.9305019305019266,0.0,-1.9305019305019266,0.0,-1.9305019305019266,1,,量占比與後續報酬的描述性相關；非因果或預測能力，少量樣本不作判斷,描述性關係；尚未扣費用、檢查除權息或做樣本外驗證；不評分、不認定關鍵分點
3217,8849,8840,玉山-景美,sell,5,1,1,-1.9305019305019266,0.0,-1.9305019305019266,0.0,-1.9305019305019266,1,,量占比與後續報酬的描述性相關；非因果或預測能力，少量樣本不作判斷,描述性關係；尚未扣費用、檢查除權息或做樣本外驗證；不評分、不認定關鍵分點
3217,8887,8880,國泰-忠孝,buy,5,1,1,-1.9305019305019266,0.0,-1.9305019305019266,0.0,-1.9305019305019266,1,,量占比與後續報酬的描述性相關；非因果或預測能力，少量樣本不作判斷,描述性關係；尚未扣費用、檢查除權息或做樣本外驗證；不評分、不認定關鍵分點
3217,8888,8880,國泰-敦南,sell,5,1,1,-1.9305019305019266,0.0,-1.9305019305019266,0.0,-1.9305019305019266,1,,量占比與後續報酬的描述性相關；非因果或預測能力，少量樣本不作判斷,描述性關係；尚未扣費用、檢查除權息或做樣本外驗證；不評分、不認定關鍵分點
3217,9268,9200,凱基-台北,sell,5,1,1,-1.9305019305019266,0.0,-1.9305019305019266,0.0,-1.9305019305019266,1,,量占比與後續報酬的描述性相關；非因果或預測能力，少量樣本不作判斷,描述性關係；尚未扣費用、檢查除權息或做樣本外驗證；不評分、不認定關鍵分點
3217,9272,9200,凱基-竹科,buy,5,1,1,-1.9305019305019266,0.0,-1.9305019305019266,0.0,-1.9305019305019266,1,,量占比與後續報酬的描述性相關；非因果或預測能力，少量樣本不作判斷,描述性關係；尚未扣費用、檢查除權息或做樣本外驗證；不評分、不認定關鍵分點
3217,9625,9600,富邦-竹東,sell,5,1,1,-1.9305019305019266,0.0,-1.9305019305019266,0.0,-1.9305019305019266,1,,量占比與後續報酬的描述性相關；非因果或預測能力，少量樣本不作判斷,描述性關係；尚未扣費用、檢查除權息或做樣本外驗證；不評分、不認定關鍵分點
3217,9647,9600,富邦-新竹,sell,5,1,1,-1.9305019305019266,0.0,-1.9305019305019266,0.0,-1.9305019305019266,1,,量占比與後續報酬的描述性相關；非因果或預測能力，少量樣本不作判斷,描述性關係；尚未扣費用、檢查除權息或做樣本外驗證；不評分、不認定關鍵分點
3217,9665,9600,富邦-桃園,sell,5,1,1,-1.9305019305019266,0.0,-1.9305019305019266,0.0,-1.9305019305019266,1,,量占比與後續報酬的描述性相關；非因果或預測能力，少量樣本不作判斷,描述性關係；尚未扣費用、檢查除權息或做樣本外驗證；不評分、不認定關鍵分點
3217,9672,9600,富邦-員林,sell,5,1,1,-1.9305019305019266,0.0,-1.9305019305019266,0.0,-1.9305019305019266,1,,量占比與後續報酬的描述性相關；非因果或預測能力，少量樣本不作判斷,描述性關係；尚未扣費用、檢查除權息或做樣本外驗證；不評分、不認定關鍵分點
3217,9676,9600,富邦-仁愛,sell,5,1,1,-1.9305019305019266,0.0,-1.9305019305019266,0.0,-1.9305019305019266,1,,量占比與後續報酬的描述性相關；非因果或預測能力，少量樣本不作判斷,描述性關係；尚未扣費用、檢查除權息或做樣本外驗證；不評分、不認定關鍵分點
3217,9822,9800,元大-土城學府,sell,5,1,1,-1.9305019305019266,0.0,-1.9305019305019266,0.0,-1.9305019305019266,1,,量占比與後續報酬的描述性相關；非因果或預測能力，少量樣本不作判斷,描述性關係；尚未扣費用、檢查除權息或做樣本外驗證；不評分、不認定關鍵分點
3231,0031003200360055,1260,宏遠-館前,sell,5,1,1,-1.049868766404205,0.0,-1.049868766404205,0.0,-2.887139107611547,1,,量占比與後續報酬的描述性相關；非因果或預測能力，少量樣本不作判斷,描述性關係；尚未扣費用、檢查除權息或做樣本外驗證；不評分、不認定關鍵分點
3231,003700370039005a,7790,國票-安和,buy,5,1,1,-1.049868766404205,0.0,-1.049868766404205,0.0,-2.887139107611547,1,,量占比與後續報酬的描述性相關；非因果或預測能力，少量樣本不作判斷,描述性關係；尚未扣費用、檢查除權息或做樣本外驗證；不評分、不認定關鍵分點
3231,0038003400350046,8450,康和-仁愛,buy,5,1,1,-1.049868766404205,0.0,-1.049868766404205,0.0,-2.887139107611547,1,,量占比與後續報酬的描述性相關；非因果或預測能力，少量樣本不作判斷,描述性關係；尚未扣費用、檢查除權息或做樣本外驗證；不評分、不認定關鍵分點
3231,0039003100380057,9100,群益金鼎-忠孝,buy,5,1,1,-1.049868766404205,0.0,-1.049868766404205,0.0,-2.887139107611547,1,,量占比與後續報酬的描述性相關；非因果或預測能力，少量樣本不作判斷,描述性關係；尚未扣費用、檢查除權息或做樣本外驗證；不評分、不認定關鍵分點
3231,003900380030004b,9800,元大-竹科,buy,5,1,1,-1.049868766404205,0.0,-1.049868766404205,0.0,-2.887139107611547,1,,量占比與後續報酬的描述性相關；非因果或預測能力，少量樣本不作判斷,描述性關係；尚未扣費用、檢查除權息或做樣本外驗證；不評分、不認定關鍵分點
3231,0039004100300030,9A00,永豐金證券,sell,5,1,1,-1.049868766404205,0.0,-1.049868766404205,0.0,-2.887139107611547,1,,量占比與後續報酬的描述性相關；非因果或預測能力，少量樣本不作判斷,描述性關係；尚未扣費用、檢查除權息或做樣本外驗證；不評分、不認定關鍵分點
3231,0039004200310064,9B00,台新-左楠,sell,5,1,1,-1.049868766404205,0.0,-1.049868766404205,0.0,-2.887139107611547,1,,量占比與後續報酬的描述性相關；非因果或預測能力，少量樣本不作判斷,描述性關係；尚未扣費用、檢查除權息或做樣本外驗證；不評分、不認定關鍵分點
3231,0039004200320053,9B00,台新-基隆,sell,5,1,1,-1.049868766404205,0.0,-1.049868766404205,0.0,-2.887139107611547,1,,量占比與後續報酬的描述性相關；非因果或預測能力，少量樣本不作判斷,描述性關係；尚未扣費用、檢查除權息或做樣本外驗證；不評分、不認定關鍵分點
3231,1260,1260,宏遠證券,sell,5,1,1,-1.049868766404205,0.0,-1.049868766404205,0.0,-2.887139107611547,1,,量占比與後續報酬的描述性相關；非因果或預測能力，少量樣本不作判斷,描述性關係；尚未扣費用、檢查除權息或做樣本外驗證；不評分、不認定關鍵分點
3231,1440,1440,美林,buy,5,1,1,-1.049868766404205,0.0,-1.049868766404205,0.0,-2.887139107611547,1,,量占比與後續報酬的描述性相關；非因果或預測能力，少量樣本不作判斷,描述性關係；尚未扣費用、檢查除權息或做樣本外驗證；不評分、不認定關鍵分點
3231,1470,1470,台灣摩根士丹利,buy,5,1,1,-1.049868766404205,0.0,-1.049868766404205,0.0,-2.887139107611547,1,,量占比與後續報酬的描述性相關；非因果或預測能力，少量樣本不作判斷,描述性關係；尚未扣費用、檢查除權息或做樣本外驗證；不評分、不認定關鍵分點
3231,1480,1480,美商高盛,buy,5,1,1,-1.049868766404205,0.0,-1.049868766404205,0.0,-2.887139107611547,1,,量占比與後續報酬的描述性相關；非因果或預測能力，少量樣本不作判斷,描述性關係；尚未扣費用、檢查除權息或做樣本外驗證；不評分、不認定關鍵分點
3231,1560,1560,港商野村,buy,5,1,1,-1.049868766404205,0.0,-1.049868766404205,0.0,-2.887139107611547,1,,量占比與後續報酬的描述性相關；非因果或預測能力，少量樣本不作判斷,描述性關係；尚未扣費用、檢查除權息或做樣本外驗證；不評分、不認定關鍵分點
3231,1590,1590,花旗環球,sell,5,1,1,-1.049868766404205,0.0,-1.049868766404205,0.0,-2.887139107611547,1,,量占比與後續報酬的描述性相關；非因果或預測能力，少量樣本不作判斷,描述性關係；尚未扣費用、檢查除權息或做樣本外驗證；不評分、不認定關鍵分點
3231,1650,1650,新加坡商瑞銀,buy,5,1,1,-1.049868766404205,0.0,-1.049868766404205,0.0,-2.887139107611547,1,,量占比與後續報酬的描述性相關；非因果或預測能力，少量樣本不作判斷,描述性關係；尚未扣費用、檢查除權息或做樣本外驗證；不評分、不認定關鍵分點
3231,6160,6160,中國信託,sell,5,1,1,-1.049868766404205,0.0,-1.049868766404205,0.0,-2.887139107611547,1,,量占比與後續報酬的描述性相關；非因果或預測能力，少量樣本不作判斷,描述性關係；尚未扣費用、檢查除權息或做樣本外驗證；不評分、不認定關鍵分點
3231,7000,7000,兆豐證券,buy,5,1,1,-1.049868766404205,0.0,-1.049868766404205,0.0,-2.887139107611547,1,,量占比與後續報酬的描述性相關；非因果或預測能力，少量樣本不作判斷,描述性關係；尚未扣費用、檢查除權息或做樣本外驗證；不評分、不認定關鍵分點
3231,8440,8440,摩根大通,buy,5,1,1,-1.049868766404205,0.0,-1.049868766404205,0.0,-2.887139107611547,1,,量占比與後續報酬的描述性相關；非因果或預測能力，少量樣本不作判斷,描述性關係；尚未扣費用、檢查除權息或做樣本外驗證；不評分、不認定關鍵分點
3231,8560,8560,新光,sell,5,1,1,-1.049868766404205,0.0,-1.049868766404205,0.0,-2.887139107611547,1,,量占比與後續報酬的描述性相關；非因果或預測能力，少量樣本不作判斷,描述性關係；尚未扣費用、檢查除權息或做樣本外驗證；不評分、不認定關鍵分點
3231,8888,8880,國泰-敦南,sell,5,1,1,-1.049868766404205,0.0,-1.049868766404205,0.0,-2.887139107611547,1,,量占比與後續報酬的描述性相關；非因果或預測能力，少量樣本不作判斷,描述性關係；尚未扣費用、檢查除權息或做樣本外驗證；不評分、不認定關鍵分點
3231,9100,9100,群益金鼎,buy,5,1,1,-1.049868766404205,0.0,-1.049868766404205,0.0,-2.887139107611547,1,,量占比與後續報酬的描述性相關；非因果或預測能力，少量樣本不作判斷,描述性關係；尚未扣費用、檢查除權息或做樣本外驗證；不評分、不認定關鍵分點
3231,9238,9200,凱基-士林,sell,5,1,1,-1.049868766404205,0.0,-1.049868766404205,0.0,-2.887139107611547,1,,量占比與後續報酬的描述性相關；非因果或預測能力，少量樣本不作判斷,描述性關係；尚未扣費用、檢查除權息或做樣本外驗證；不評分、不認定關鍵分點
3231,9268,9200,凱基-台北,buy,5,1,1,-1.049868766404205,0.0,-1.049868766404205,0.0,-2.887139107611547,1,,量占比與後續報酬的描述性相關；非因果或預測能力，少量樣本不作判斷,描述性關係；尚未扣費用、檢查除權息或做樣本外驗證；不評分、不認定關鍵分點
3231,9300,9300,華南永昌,sell,5,1,1,-1.049868766404205,0.0,-1.049868766404205,0.0,-2.887139107611547,1,,量占比與後續報酬的描述性相關；非因果或預測能力，少量樣本不作判斷,描述性關係；尚未扣費用、檢查除權息或做樣本外驗證；不評分、不認定關鍵分點
3231,9326,9300,華南永昌-南京,sell,5,1,1,-1.049868766404205,0.0,-1.049868766404205,0.0,-2.887139107611547,1,,量占比與後續報酬的描述性相關；非因果或預測能力，少量樣本不作判斷,描述性關係；尚未扣費用、檢查除權息或做樣本外驗證；不評分、不認定關鍵分點
3231,9600,9600,富邦證券,buy,5,1,1,-1.049868766404205,0.0,-1.049868766404205,0.0,-2.887139107611547,1,,量占比與後續報酬的描述性相關；非因果或預測能力，少量樣本不作判斷,描述性關係；尚未扣費用、檢查除權息或做樣本外驗證；不評分、不認定關鍵分點
3231,9658,9600,富邦-建國,sell,5,1,1,-1.049868766404205,0.0,-1.049868766404205,0.0,-2.887139107611547,1,,量占比與後續報酬的描述性相關；非因果或預測能力，少量樣本不作判斷,描述性關係；尚未扣費用、檢查除權息或做樣本外驗證；不評分、不認定關鍵分點
3231,9676,9600,富邦-仁愛,sell,5,1,1,-1.049868766404205,0.0,-1.049868766404205,0.0,-2.887139107611547,1,,量占比與後續報酬的描述性相關；非因果或預測能力，少量樣本不作判斷,描述性關係；尚未扣費用、檢查除權息或做樣本外驗證；不評分、不認定關鍵分點
3231,9800,9800,元大證券,buy,5,1,1,-1.049868766404205,0.0,-1.049868766404205,0.0,-2.887139107611547,1,,量占比與後續報酬的描述性相關；非因果或預測能力，少量樣本不作判斷,描述性關係；尚未扣費用、檢查除權息或做樣本外驗證；不評分、不認定關鍵分點
3231,9875,9800,元大-土城永寧,sell,5,1,1,-1.049868766404205,0.0,-1.049868766404205,0.0,-2.887139107611547,1,,量占比與後續報酬的描述性相關；非因果或預測能力，少量樣本不作判斷,描述性關係；尚未扣費用、檢查除權息或做樣本外驗證；不評分、不認定關鍵分點
3260,0036003100310041,6110,台中銀-豐原,sell,5,1,1,-4.6052631578947345,0.0,-4.6052631578947345,0.0,-4.6052631578947345,1,,量占比與後續報酬的描述性相關；非因果或預測能力，少量樣本不作判斷,描述性關係；尚未扣費用、檢查除權息或做樣本外驗證；不評分、不認定關鍵分點
3260,0039003200300044,9200,凱基-市府,sell,5,1,1,-4.6052631578947345,0.0,-4.6052631578947345,0.0,-4.6052631578947345,1,,量占比與後續報酬的描述性相關；非因果或預測能力，少量樣本不作判斷,描述性關係；尚未扣費用、檢查除權息或做樣本外驗證；不評分、不認定關鍵分點
3260,003900380033004b,9800,元大-學甲,buy,5,1,1,-4.6052631578947345,0.0,-4.6052631578947345,0.0,-4.6052631578947345,1,,量占比與後續報酬的描述性相關；非因果或預測能力，少量樣本不作判斷,描述性關係；尚未扣費用、檢查除權息或做樣本外驗證；不評分、不認定關鍵分點
3260,0039003800330069,9800,元大-大雅,sell,5,1,1,-4.6052631578947345,0.0,-4.6052631578947345,0.0,-4.6052631578947345,1,,量占比與後續報酬的描述性相關；非因果或預測能力，少量樣本不作判斷,描述性關係；尚未扣費用、檢查除權息或做樣本外驗證；不評分、不認定關鍵分點
3260,003900380033006a,9800,元大-仁愛,buy,5,1,1,-4.6052631578947345,0.0,-4.6052631578947345,0.0,-4.6052631578947345,1,,量占比與後續報酬的描述性相關；非因果或預測能力，少量樣本不作判斷,描述性關係；尚未扣費用、檢查除權息或做樣本外驗證；不評分、不認定關鍵分點
3260,0039003800390061,9800,元大-苑裡,buy,5,1,1,-4.6052631578947345,0.0,-4.6052631578947345,0.0,-4.6052631578947345,1,,量占比與後續報酬的描述性相關；非因果或預測能力，少量樣本不作判斷,描述性關係；尚未扣費用、檢查除權息或做樣本外驗證；不評分、不認定關鍵分點
3260,0039004100300030,9A00,永豐金證券,buy,5,1,1,-4.6052631578947345,0.0,-4.6052631578947345,0.0,-4.6052631578947345,1,,量占比與後續報酬的描述性相關；非因果或預測能力，少量樣本不作判斷,描述性關係；尚未扣費用、檢查除權息或做樣本外驗證；不評分、不認定關鍵分點
3260,003900410039004a,9A00,永豐金-板新,sell,5,1,1,-4.6052631578947345,0.0,-4.6052631578947345,0.0,-4.6052631578947345,1,,量占比與後續報酬的描述性相關；非因果或預測能力，少量樣本不作判斷,描述性關係；尚未扣費用、檢查除權息或做樣本外驗證；不評分、不認定關鍵分點
3260,1360,1360,港商麥格理,sell,5,1,1,-4.6052631578947345,0.0,-4.6052631578947345,0.0,-4.6052631578947345,1,,量占比與後續報酬的描述性相關；非因果或預測能力，少量樣本不作判斷,描述性關係；尚未扣費用、檢查除權息或做樣本外驗證；不評分、不認定關鍵分點
3260,1470,1470,台灣摩根士丹利,buy,5,1,1,-4.6052631578947345,0.0,-4.6052631578947345,0.0,-4.6052631578947345,1,,量占比與後續報酬的描述性相關；非因果或預測能力，少量樣本不作判斷,描述性關係；尚未扣費用、檢查除權息或做樣本外驗證；不評分、不認定關鍵分點
3260,1480,1480,美商高盛,buy,5,1,1,-4.6052631578947345,0.0,-4.6052631578947345,0.0,-4.6052631578947345,1,,量占比與後續報酬的描述性相關；非因果或預測能力，少量樣本不作判斷,描述性關係；尚未扣費用、檢查除權息或做樣本外驗證；不評分、不認定關鍵分點
3260,1590,1590,花旗環球,sell,5,1,1,-4.6052631578947345,0.0,-4.6052631578947345,0.0,-4.6052631578947345,1,,量占比與後續報酬的描述性相關；非因果或預測能力，少量樣本不作判斷,描述性關係；尚未扣費用、檢查除權息或做樣本外驗證；不評分、不認定關鍵分點
3260,1650,1650,新加坡商瑞銀,sell,5,1,1,-4.6052631578947345,0.0,-4.6052631578947345,0.0,-4.6052631578947345,1,,量占比與後續報酬的描述性相關；非因果或預測能力，少量樣本不作判斷,描述性關係；尚未扣費用、檢查除權息或做樣本外驗證；不評分、不認定關鍵分點
3260,5858,5850,統一-嘉義,buy,5,1,1,-4.6052631578947345,0.0,-4.6052631578947345,0.0,-4.6052631578947345,1,,量占比與後續報酬的描述性相關；非因果或預測能力，少量樣本不作判斷,描述性關係；尚未扣費用、檢查除權息或做樣本外驗證；不評分、不認定關鍵分點
3260,6167,6160,中國信託-松江,sell,5,1,1,-4.6052631578947345,0.0,-4.6052631578947345,0.0,-4.6052631578947345,1,,量占比與後續報酬的描述性相關；非因果或預測能力，少量樣本不作判斷,描述性關係；尚未扣費用、檢查除權息或做樣本外驗證；不評分、不認定關鍵分點
3260,8440,8440,摩根大通,buy,5,1,1,-4.6052631578947345,0.0,-4.6052631578947345,0.0,-4.6052631578947345,1,,量占比與後續報酬的描述性相關；非因果或預測能力，少量樣本不作判斷,描述性關係；尚未扣費用、檢查除權息或做樣本外驗證；不評分、不認定關鍵分點
3260,8563,8560,新光-新竹,buy,5,1,1,-4.6052631578947345,0.0,-4.6052631578947345,0.0,-4.6052631578947345,1,,量占比與後續報酬的描述性相關；非因果或預測能力，少量樣本不作判斷,描述性關係；尚未扣費用、檢查除權息或做樣本外驗證；不評分、不認定關鍵分點
3260,8881,8880,國泰-高雄,sell,5,1,1,-4.6052631578947345,0.0,-4.6052631578947345,0.0,-4.6052631578947345,1,,量占比與後續報酬的描述性相關；非因果或預測能力，少量樣本不作判斷,描述性關係；尚未扣費用、檢查除權息或做樣本外驗證；不評分、不認定關鍵分點
3260,8884,8880,國泰-台南,buy,5,1,1,-4.6052631578947345,0.0,-4.6052631578947345,0.0,-4.6052631578947345,1,,量占比與後續報酬的描述性相關；非因果或預測能力，少量樣本不作判斷,描述性關係；尚未扣費用、檢查除權息或做樣本外驗證；不評分、不認定關鍵分點
3260,9100,9100,群益金鼎,sell,5,1,1,-4.6052631578947345,0.0,-4.6052631578947345,0.0,-4.6052631578947345,1,,量占比與後續報酬的描述性相關；非因果或預測能力，少量樣本不作判斷,描述性關係；尚未扣費用、檢查除權息或做樣本外驗證；不評分、不認定關鍵分點
3260,9200,9200,凱基,sell,5,1,1,-4.6052631578947345,0.0,-4.6052631578947345,0.0,-4.6052631578947345,1,,量占比與後續報酬的描述性相關；非因果或預測能力，少量樣本不作判斷,描述性關係；尚未扣費用、檢查除權息或做樣本外驗證；不評分、不認定關鍵分點
3260,9229,9200,凱基-中山,buy,5,1,1,-4.6052631578947345,0.0,-4.6052631578947345,0.0,-4.6052631578947345,1,,量占比與後續報酬的描述性相關；非因果或預測能力，少量樣本不作判斷,描述性關係；尚未扣費用、檢查除權息或做樣本外驗證；不評分、不認定關鍵分點
3260,9268,9200,凱基-台北,sell,5,1,1,-4.6052631578947345,0.0,-4.6052631578947345,0.0,-4.6052631578947345,1,,量占比與後續報酬的描述性相關；非因果或預測能力，少量樣本不作判斷,描述性關係；尚未扣費用、檢查除權息或做樣本外驗證；不評分、不認定關鍵分點
3260,9600,9600,富邦證券,buy,5,1,1,-4.6052631578947345,0.0,-4.6052631578947345,0.0,-4.6052631578947345,1,,量占比與後續報酬的描述性相關；非因果或預測能力，少量樣本不作判斷,描述性關係；尚未扣費用、檢查除權息或做樣本外驗證；不評分、不認定關鍵分點
3260,9604,9600,富邦-陽明,sell,5,1,1,-4.6052631578947345,0.0,-4.6052631578947345,0.0,-4.6052631578947345,1,,量占比與後續報酬的描述性相關；非因果或預測能力，少量樣本不作判斷,描述性關係；尚未扣費用、檢查除權息或做樣本外驗證；不評分、不認定關鍵分點
3260,9623,9600,富邦-台北,buy,5,1,1,-4.6052631578947345,0.0,-4.6052631578947345,0.0,-4.6052631578947345,1,,量占比與後續報酬的描述性相關；非因果或預測能力，少量樣本不作判斷,描述性關係；尚未扣費用、檢查除權息或做樣本外驗證；不評分、不認定關鍵分點
3260,9657,9600,富邦-苗栗,sell,5,1,1,-4.6052631578947345,0.0,-4.6052631578947345,0.0,-4.6052631578947345,1,,量占比與後續報酬的描述性相關；非因果或預測能力，少量樣本不作判斷,描述性關係；尚未扣費用、檢查除權息或做樣本外驗證；不評分、不認定關鍵分點
3260,9663,9600,富邦-敦南,sell,5,1,1,-4.6052631578947345,0.0,-4.6052631578947345,0.0,-4.6052631578947345,1,,量占比與後續報酬的描述性相關；非因果或預測能力，少量樣本不作判斷,描述性關係；尚未扣費用、檢查除權息或做樣本外驗證；不評分、不認定關鍵分點
3260,9800,9800,元大證券,buy,5,1,1,-4.6052631578947345,0.0,-4.6052631578947345,0.0,-4.6052631578947345,1,,量占比與後續報酬的描述性相關；非因果或預測能力，少量樣本不作判斷,描述性關係；尚未扣費用、檢查除權息或做樣本外驗證；不評分、不認定關鍵分點
3260,9815,9800,元大-大灣,buy,5,1,1,-4.6052631578947345,0.0,-4.6052631578947345,0.0,-4.6052631578947345,1,,量占比與後續報酬的描述性相關；非因果或預測能力，少量樣本不作判斷,描述性關係；尚未扣費用、檢查除權息或做樣本外驗證；不評分、不認定關鍵分點
3289,0031003200360048,1260,宏遠-中和,buy,5,1,1,0.7067137809187329,1.0,0.7067137809187329,0.0,-0.35335689045936647,1,,量占比與後續報酬的描述性相關；非因果或預測能力，少量樣本不作判斷,描述性關係；尚未扣費用、檢查除權息或做樣本外驗證；不評分、不認定關鍵分點
3289,0035003800350049,5850,統一-員林,sell,5,1,1,0.7067137809187329,1.0,0.7067137809187329,0.0,-0.35335689045936647,1,,量占比與後續報酬的描述性相關；非因果或預測能力，少量樣本不作判斷,描述性關係；尚未扣費用、檢查除權息或做樣本外驗證；不評分、不認定關鍵分點
3289,0035003800350051,5850,統一-三多,buy,5,1,1,0.7067137809187329,1.0,0.7067137809187329,0.0,-0.35335689045936647,1,,量占比與後續報酬的描述性相關；非因果或預測能力，少量樣本不作判斷,描述性關係；尚未扣費用、檢查除權息或做樣本外驗證；不評分、不認定關鍵分點
3289,0039003100330049,9100,群益金鼎-萬華,buy,5,1,1,0.7067137809187329,1.0,0.7067137809187329,0.0,-0.35335689045936647,1,,量占比與後續報酬的描述性相關；非因果或預測能力，少量樣本不作判斷,描述性關係；尚未扣費用、檢查除權息或做樣本外驗證；不評分、不認定關鍵分點
3289,0039003800300064,9800,元大-沙鹿,sell,5,1,1,0.7067137809187329,1.0,0.7067137809187329,0.0,-0.35335689045936647,1,,量占比與後續報酬的描述性相關；非因果或預測能力，少量樣本不作判斷,描述性關係；尚未扣費用、檢查除權息或做樣本外驗證；不評分、不認定關鍵分點
3289,0039003800330066,9800,元大-竹東,buy,5,1,1,0.7067137809187329,1.0,0.7067137809187329,0.0,-0.35335689045936647,1,,量占比與後續報酬的描述性相關；非因果或預測能力，少量樣本不作判斷,描述性關係；尚未扣費用、檢查除權息或做樣本外驗證；不評分、不認定關鍵分點
3289,003900380039004e,9800,元大-內湖,buy,5,1,1,0.7067137809187329,1.0,0.7067137809187329,0.0,-0.35335689045936647,1,,量占比與後續報酬的描述性相關；非因果或預測能力，少量樣本不作判斷,描述性關係；尚未扣費用、檢查除權息或做樣本外驗證；不評分、不認定關鍵分點
3289,0039004100300030,9A00,永豐金證券,sell,5,1,1,0.7067137809187329,1.0,0.7067137809187329,0.0,-0.35335689045936647,1,,量占比與後續報酬的描述性相關；非因果或預測能力，少量樣本不作判斷,描述性關係；尚未扣費用、檢查除權息或做樣本外驗證；不評分、不認定關鍵分點
3289,0039004100390052,9A00,永豐金-信義,buy,5,1,1,0.7067137809187329,1.0,0.7067137809187329,0.0,-0.35335689045936647,1,,量占比與後續報酬的描述性相關；非因果或預測能力，少量樣本不作判斷,描述性關係；尚未扣費用、檢查除權息或做樣本外驗證；不評分、不認定關鍵分點
3289,1045,1040,臺銀-新竹,sell,5,1,1,0.7067137809187329,1.0,0.7067137809187329,0.0,-0.35335689045936647,1,,量占比與後續報酬的描述性相關；非因果或預測能力，少量樣本不作判斷,描述性關係；尚未扣費用、檢查除權息或做樣本外驗證；不評分、不認定關鍵分點
3289,1440,1440,美林,sell,5,1,1,0.7067137809187329,1.0,0.7067137809187329,0.0,-0.35335689045936647,1,,量占比與後續報酬的描述性相關；非因果或預測能力，少量樣本不作判斷,描述性關係；尚未扣費用、檢查除權息或做樣本外驗證；不評分、不認定關鍵分點
3289,1470,1470,台灣摩根士丹利,buy,5,1,1,0.7067137809187329,1.0,0.7067137809187329,0.0,-0.35335689045936647,1,,量占比與後續報酬的描述性相關；非因果或預測能力，少量樣本不作判斷,描述性關係；尚未扣費用、檢查除權息或做樣本外驗證；不評分、不認定關鍵分點
3289,1480,1480,美商高盛,sell,5,1,1,0.7067137809187329,1.0,0.7067137809187329,0.0,-0.35335689045936647,1,,量占比與後續報酬的描述性相關；非因果或預測能力，少量樣本不作判斷,描述性關係；尚未扣費用、檢查除權息或做樣本外驗證；不評分、不認定關鍵分點
3289,1650,1650,新加坡商瑞銀,sell,5,1,1,0.7067137809187329,1.0,0.7067137809187329,0.0,-0.35335689045936647,1,,量占比與後續報酬的描述性相關；非因果或預測能力，少量樣本不作判斷,描述性關係；尚未扣費用、檢查除權息或做樣本外驗證；不評分、不認定關鍵分點
3289,5852,5850,統一-敦南,buy,5,1,1,0.7067137809187329,1.0,0.7067137809187329,0.0,-0.35335689045936647,1,,量占比與後續報酬的描述性相關；非因果或預測能力，少量樣本不作判斷,描述性關係；尚未扣費用、檢查除權息或做樣本外驗證；不評分、不認定關鍵分點
3289,8440,8440,摩根大通,buy,5,1,1,0.7067137809187329,1.0,0.7067137809187329,0.0,-0.35335689045936647,1,,量占比與後續報酬的描述性相關；非因果或預測能力，少量樣本不作判斷,描述性關係；尚未扣費用、檢查除權息或做樣本外驗證；不評分、不認定關鍵分點
3289,8560,8560,新光,sell,5,1,1,0.7067137809187329,1.0,0.7067137809187329,0.0,-0.35335689045936647,1,,量占比與後續報酬的描述性相關；非因果或預測能力，少量樣本不作判斷,描述性關係；尚未扣費用、檢查除權息或做樣本外驗證；不評分、不認定關鍵分點
3289,8887,8880,國泰-忠孝,sell,5,1,1,0.7067137809187329,1.0,0.7067137809187329,0.0,-0.35335689045936647,1,,量占比與後續報酬的描述性相關；非因果或預測能力，少量樣本不作判斷,描述性關係；尚未扣費用、檢查除權息或做樣本外驗證；不評分、不認定關鍵分點
3289,9100,9100,群益金鼎,sell,5,1,1,0.7067137809187329,1.0,0.7067137809187329,0.0,-0.35335689045936647,1,,量占比與後續報酬的描述性相關；非因果或預測能力，少量樣本不作判斷,描述性關係；尚未扣費用、檢查除權息或做樣本外驗證；不評分、不認定關鍵分點
3289,9103,9100,群益金鼎-松山,buy,5,1,1,0.7067137809187329,1.0,0.7067137809187329,0.0,-0.35335689045936647,1,,量占比與後續報酬的描述性相關；非因果或預測能力，少量樣本不作判斷,描述性關係；尚未扣費用、檢查除權息或做樣本外驗證；不評分、不認定關鍵分點
3289,9234,9200,凱基-竹北,buy,5,1,1,0.7067137809187329,1.0,0.7067137809187329,0.0,-0.35335689045936647,1,,量占比與後續報酬的描述性相關；非因果或預測能力，少量樣本不作判斷,描述性關係；尚未扣費用、檢查除權息或做樣本外驗證；不評分、不認定關鍵分點
3289,9358,9300,華南永昌-東勢,sell,5,1,1,0.7067137809187329,1.0,0.7067137809187329,0.0,-0.35335689045936647,1,,量占比與後續報酬的描述性相關；非因果或預測能力，少量樣本不作判斷,描述性關係；尚未扣費用、檢查除權息或做樣本外驗證；不評分、不認定關鍵分點
3289,9623,9600,富邦-台北,sell,5,1,1,0.7067137809187329,1.0,0.7067137809187329,0.0,-0.35335689045936647,1,,量占比與後續報酬的描述性相關；非因果或預測能力，少量樣本不作判斷,描述性關係；尚未扣費用、檢查除權息或做樣本外驗證；不評分、不認定關鍵分點
3289,9624,9600,富邦-竹北,buy,5,1,1,0.7067137809187329,1.0,0.7067137809187329,0.0,-0.35335689045936647,1,,量占比與後續報酬的描述性相關；非因果或預測能力，少量樣本不作判斷,描述性關係；尚未扣費用、檢查除權息或做樣本外驗證；不評分、不認定關鍵分點
3289,9800,9800,元大證券,buy,5,1,1,0.7067137809187329,1.0,0.7067137809187329,0.0,-0.35335689045936647,1,,量占比與後續報酬的描述性相關；非因果或預測能力，少量樣本不作判斷,描述性關係；尚未扣費用、檢查除權息或做樣本外驗證；不評分、不認定關鍵分點
3289,9814,9800,元大-大益,sell,5,1,1,0.7067137809187329,1.0,0.7067137809187329,0.0,-0.35335689045936647,1,,量占比與後續報酬的描述性相關；非因果或預測能力，少量樣本不作判斷,描述性關係；尚未扣費用、檢查除權息或做樣本外驗證；不評分、不認定關鍵分點
3289,9816,9800,元大-新竹,buy,5,1,1,0.7067137809187329,1.0,0.7067137809187329,0.0,-0.35335689045936647,1,,量占比與後續報酬的描述性相關；非因果或預測能力，少量樣本不作判斷,描述性關係；尚未扣費用、檢查除權息或做樣本外驗證；不評分、不認定關鍵分點
3289,9838,9800,元大-豐原,buy,5,1,1,0.7067137809187329,1.0,0.7067137809187329,0.0,-0.35335689045936647,1,,量占比與後續報酬的描述性相關；非因果或預測能力，少量樣本不作判斷,描述性關係；尚未扣費用、檢查除權息或做樣本外驗證；不評分、不認定關鍵分點
3289,9874,9800,元大-雙和,sell,5,1,1,0.7067137809187329,1.0,0.7067137809187329,0.0,-0.35335689045936647,1,,量占比與後續報酬的描述性相關；非因果或預測能力，少量樣本不作判斷,描述性關係；尚未扣費用、檢查除權息或做樣本外驗證；不評分、不認定關鍵分點
3289,9896,9800,元大-台南,sell,5,1,1,0.7067137809187329,1.0,0.7067137809187329,0.0,-0.35335689045936647,1,,量占比與後續報酬的描述性相關；非因果或預測能力，少量樣本不作判斷,描述性關係；尚未扣費用、檢查除權息或做樣本外驗證；不評分、不認定關鍵分點
3324,003500330038004e,5380,第一金-豐原,sell,5,1,1,-0.3278688524590123,0.0,-0.3278688524590123,0.0,-1.3114754098360604,1,,量占比與後續報酬的描述性相關；非因果或預測能力，少量樣本不作判斷,描述性關係；尚未扣費用、檢查除權息或做樣本外驗證；不評分、不認定關鍵分點
3324,0039003200300044,9200,凱基-市府,buy,5,1,1,-0.3278688524590123,0.0,-0.3278688524590123,0.0,-1.3114754098360604,1,,量占比與後續報酬的描述性相關；非因果或預測能力，少量樣本不作判斷,描述性關係；尚未扣費用、檢查除權息或做樣本外驗證；不評分、不認定關鍵分點
3324,003900380034004b,9800,元大-館前,sell,5,1,1,-0.3278688524590123,0.0,-0.3278688524590123,0.0,-1.3114754098360604,1,,量占比與後續報酬的描述性相關；非因果或預測能力，少量樣本不作判斷,描述性關係；尚未扣費用、檢查除權息或做樣本外驗證；不評分、不認定關鍵分點
3324,0039004100300030,9A00,永豐金證券,buy,5,1,1,-0.3278688524590123,0.0,-0.3278688524590123,0.0,-1.3114754098360604,1,,量占比與後續報酬的描述性相關；非因果或預測能力，少量樣本不作判斷,描述性關係；尚未扣費用、檢查除權息或做樣本外驗證；不評分、不認定關鍵分點
3324,0039004100390067,9A00,永豐金-內湖,sell,5,1,1,-0.3278688524590123,0.0,-0.3278688524590123,0.0,-1.3114754098360604,1,,量占比與後續報酬的描述性相關；非因果或預測能力，少量樣本不作判斷,描述性關係；尚未扣費用、檢查除權息或做樣本外驗證；不評分、不認定關鍵分點
3324,0039004200300030,9B00,台新,sell,5,1,1,-0.3278688524590123,0.0,-0.3278688524590123,0.0,-1.3114754098360604,1,,量占比與後續報酬的描述性相關；非因果或預測能力，少量樣本不作判斷,描述性關係；尚未扣費用、檢查除權息或做樣本外驗證；不評分、不認定關鍵分點
3324,0039004200320030,9B00,台新-台北,sell,5,1,1,-0.3278688524590123,0.0,-0.3278688524590123,0.0,-1.3114754098360604,1,,量占比與後續報酬的描述性相關；非因果或預測能力，少量樣本不作判斷,描述性關係；尚未扣費用、檢查除權息或做樣本外驗證；不評分、不認定關鍵分點
3324,1020,1020,合庫證券,buy,5,1,1,-0.3278688524590123,0.0,-0.3278688524590123,0.0,-1.3114754098360604,1,,量占比與後續報酬的描述性相關；非因果或預測能力，少量樣本不作判斷,描述性關係；尚未扣費用、檢查除權息或做樣本外驗證；不評分、不認定關鍵分點
3324,1360,1360,港商麥格理,buy,5,1,1,-0.3278688524590123,0.0,-0.3278688524590123,0.0,-1.3114754098360604,1,,量占比與後續報酬的描述性相關；非因果或預測能力，少量樣本不作判斷,描述性關係；尚未扣費用、檢查除權息或做樣本外驗證；不評分、不認定關鍵分點
3324,1440,1440,美林,sell,5,1,1,-0.3278688524590123,0.0,-0.3278688524590123,0.0,-1.3114754098360604,1,,量占比與後續報酬的描述性相關；非因果或預測能力，少量樣本不作判斷,描述性關係；尚未扣費用、檢查除權息或做樣本外驗證；不評分、不認定關鍵分點
3324,1470,1470,台灣摩根士丹利,sell,5,1,1,-0.3278688524590123,0.0,-0.3278688524590123,0.0,-1.3114754098360604,1,,量占比與後續報酬的描述性相關；非因果或預測能力，少量樣本不作判斷,描述性關係；尚未扣費用、檢查除權息或做樣本外驗證；不評分、不認定關鍵分點
3324,1480,1480,美商高盛,sell,5,1,1,-0.3278688524590123,0.0,-0.3278688524590123,0.0,-1.3114754098360604,1,,量占比與後續報酬的描述性相關；非因果或預測能力，少量樣本不作判斷,描述性關係；尚未扣費用、檢查除權息或做樣本外驗證；不評分、不認定關鍵分點
3324,1560,1560,港商野村,buy,5,1,1,-0.3278688524590123,0.0,-0.3278688524590123,0.0,-1.3114754098360604,1,,量占比與後續報酬的描述性相關；非因果或預測能力，少量樣本不作判斷,描述性關係；尚未扣費用、檢查除權息或做樣本外驗證；不評分、不認定關鍵分點
3324,1590,1590,花旗環球,sell,5,1,1,-0.3278688524590123,0.0,-0.3278688524590123,0.0,-1.3114754098360604,1,,量占比與後續報酬的描述性相關；非因果或預測能力，少量樣本不作判斷,描述性關係；尚未扣費用、檢查除權息或做樣本外驗證；不評分、不認定關鍵分點
3324,1650,1650,新加坡商瑞銀,sell,5,1,1,-0.3278688524590123,0.0,-0.3278688524590123,0.0,-1.3114754098360604,1,,量占比與後續報酬的描述性相關；非因果或預測能力，少量樣本不作判斷,描述性關係；尚未扣費用、檢查除權息或做樣本外驗證；不評分、不認定關鍵分點
3324,5389,5380,第一金-中山,buy,5,1,1,-0.3278688524590123,0.0,-0.3278688524590123,0.0,-1.3114754098360604,1,,量占比與後續報酬的描述性相關；非因果或預測能力，少量樣本不作判斷,描述性關係；尚未扣費用、檢查除權息或做樣本外驗證；不評分、不認定關鍵分點
3324,5852,5850,統一-敦南,buy,5,1,1,-0.3278688524590123,0.0,-0.3278688524590123,0.0,-1.3114754098360604,1,,量占比與後續報酬的描述性相關；非因果或預測能力，少量樣本不作判斷,描述性關係；尚未扣費用、檢查除權息或做樣本外驗證；不評分、不認定關鍵分點
3324,5854,5850,統一-城中,sell,5,1,1,-0.3278688524590123,0.0,-0.3278688524590123,0.0,-1.3114754098360604,1,,量占比與後續報酬的描述性相關；非因果或預測能力，少量樣本不作判斷,描述性關係；尚未扣費用、檢查除權息或做樣本外驗證；不評分、不認定關鍵分點
3324,8440,8440,摩根大通,sell,5,1,1,-0.3278688524590123,0.0,-0.3278688524590123,0.0,-1.3114754098360604,1,,量占比與後續報酬的描述性相關；非因果或預測能力，少量樣本不作判斷,描述性關係；尚未扣費用、檢查除權息或做樣本外驗證；不評分、不認定關鍵分點
3324,8880,8880,國泰證券,buy,5,1,1,-0.3278688524590123,0.0,-0.3278688524590123,0.0,-1.3114754098360604,1,,量占比與後續報酬的描述性相關；非因果或預測能力，少量樣本不作判斷,描述性關係；尚未扣費用、檢查除權息或做樣本外驗證；不評分、不認定關鍵分點
3324,8888,8880,國泰-敦南,buy,5,1,1,-0.3278688524590123,0.0,-0.3278688524590123,0.0,-1.3114754098360604,1,,量占比與後續報酬的描述性相關；非因果或預測能力，少量樣本不作判斷,描述性關係；尚未扣費用、檢查除權息或做樣本外驗證；不評分、不認定關鍵分點
3324,8900,8900,法銀巴黎,buy,5,1,1,-0.3278688524590123,0.0,-0.3278688524590123,0.0,-1.3114754098360604,1,,量占比與後續報酬的描述性相關；非因果或預測能力，少量樣本不作判斷,描述性關係；尚未扣費用、檢查除權息或做樣本外驗證；不評分、不認定關鍵分點
3324,9100,9100,群益金鼎,buy,5,1,1,-0.3278688524590123,0.0,-0.3278688524590123,0.0,-1.3114754098360604,1,,量占比與後續報酬的描述性相關；非因果或預測能力，少量樣本不作判斷,描述性關係；尚未扣費用、檢查除權息或做樣本外驗證；不評分、不認定關鍵分點
3324,9229,9200,凱基-中山,sell,5,1,1,-0.3278688524590123,0.0,-0.3278688524590123,0.0,-1.3114754098360604,1,,量占比與後續報酬的描述性相關；非因果或預測能力，少量樣本不作判斷,描述性關係；尚未扣費用、檢查除權息或做樣本外驗證；不評分、不認定關鍵分點
3324,9268,9200,凱基-台北,sell,5,1,1,-0.3278688524590123,0.0,-0.3278688524590123,0.0,-1.3114754098360604,1,,量占比與後續報酬的描述性相關；非因果或預測能力，少量樣本不作判斷,描述性關係；尚未扣費用、檢查除權息或做樣本外驗證；不評分、不認定關鍵分點
3324,9291,9200,凱基-大安,buy,5,1,1,-0.3278688524590123,0.0,-0.3278688524590123,0.0,-1.3114754098360604,1,,量占比與後續報酬的描述性相關；非因果或預測能力，少量樣本不作判斷,描述性關係；尚未扣費用、檢查除權息或做樣本外驗證；不評分、不認定關鍵分點
3324,9326,9300,華南永昌-南京,buy,5,1,1,-0.3278688524590123,0.0,-0.3278688524590123,0.0,-1.3114754098360604,1,,量占比與後續報酬的描述性相關；非因果或預測能力，少量樣本不作判斷,描述性關係；尚未扣費用、檢查除權息或做樣本外驗證；不評分、不認定關鍵分點
3324,9661,9600,富邦-新店,buy,5,1,1,-0.3278688524590123,0.0,-0.3278688524590123,0.0,-1.3114754098360604,1,,量占比與後續報酬的描述性相關；非因果或預測能力，少量樣本不作判斷,描述性關係；尚未扣費用、檢查除權息或做樣本外驗證；不評分、不認定關鍵分點
3324,9800,9800,元大證券,buy,5,1,1,-0.3278688524590123,0.0,-0.3278688524590123,0.0,-1.3114754098360604,1,,量占比與後續報酬的描述性相關；非因果或預測能力，少量樣本不作判斷,描述性關係；尚未扣費用、檢查除權息或做樣本外驗證；不評分、不認定關鍵分點
3324,9822,9800,元大-土城學府,sell,5,1,1,-0.3278688524590123,0.0,-0.3278688524590123,0.0,-1.3114754098360604,1,,量占比與後續報酬的描述性相關；非因果或預測能力，少量樣本不作判斷,描述性關係；尚未扣費用、檢查除權息或做樣本外驗證；不評分、不認定關鍵分點
3325,0035003300380049,5380,第一金-頭份,buy,5,1,1,-3.8461538461538436,0.0,-3.8461538461538436,0.0,-3.8461538461538436,1,,量占比與後續報酬的描述性相關；非因果或預測能力，少量樣本不作判斷,描述性關係；尚未扣費用、檢查除權息或做樣本外驗證；不評分、不認定關鍵分點
3325,0037003700390075,7790,國票-長城,buy,5,1,1,-3.8461538461538436,0.0,-3.8461538461538436,0.0,-3.8461538461538436,1,,量占比與後續報酬的描述性相關；非因果或預測能力，少量樣本不作判斷,描述性關係；尚未扣費用、檢查除權息或做樣本外驗證；不評分、不認定關鍵分點
3325,0039003200300046,9200,凱基-站前,sell,5,1,1,-3.8461538461538436,0.0,-3.8461538461538436,0.0,-3.8461538461538436,1,,量占比與後續報酬的描述性相關；非因果或預測能力，少量樣本不作判斷,描述性關係；尚未扣費用、檢查除權息或做樣本外驗證；不評分、不認定關鍵分點
3325,003900360032004a,9600,富邦-三峽,buy,5,1,1,-3.8461538461538436,0.0,-3.8461538461538436,0.0,-3.8461538461538436,1,,量占比與後續報酬的描述性相關；非因果或預測能力，少量樣本不作判斷,描述性關係；尚未扣費用、檢查除權息或做樣本外驗證；不評分、不認定關鍵分點
3325,003900380039004c,9800,元大-成功,buy,5,1,1,-3.8461538461538436,0.0,-3.8461538461538436,0.0,-3.8461538461538436,1,,量占比與後續報酬的描述性相關；非因果或預測能力，少量樣本不作判斷,描述性關係；尚未扣費用、檢查除權息或做樣本外驗證；不評分、不認定關鍵分點
3325,0039003800390067,9800,元大-嘉義,buy,5,1,1,-3.8461538461538436,0.0,-3.8461538461538436,0.0,-3.8461538461538436,1,,量占比與後續報酬的描述性相關；非因果或預測能力，少量樣本不作判斷,描述性關係；尚未扣費用、檢查除權息或做樣本外驗證；不評分、不認定關鍵分點
3325,0039004100300030,9A00,永豐金證券,sell,5,1,1,-3.8461538461538436,0.0,-3.8461538461538436,0.0,-3.8461538461538436,1,,量占比與後續報酬的描述性相關；非因果或預測能力，少量樣本不作判斷,描述性關係；尚未扣費用、檢查除權息或做樣本外驗證；不評分、不認定關鍵分點
3325,0039004200320035,9B00,台新-五權西,buy,5,1,1,-3.8461538461538436,0.0,-3.8461538461538436,0.0,-3.8461538461538436,1,,量占比與後續報酬的描述性相關；非因果或預測能力，少量樣本不作判斷,描述性關係；尚未扣費用、檢查除權息或做樣本外驗證；不評分、不認定關鍵分點
3325,003900420032004d,9B00,台新-彰化,buy,5,1,1,-3.8461538461538436,0.0,-3.8461538461538436,0.0,-3.8461538461538436,1,,量占比與後續報酬的描述性相關；非因果或預測能力，少量樣本不作判斷,描述性關係；尚未扣費用、檢查除權息或做樣本外驗證；不評分、不認定關鍵分點
3325,003900420032004e,9B00,台新-虎尾,buy,5,1,1,-3.8461538461538436,0.0,-3.8461538461538436,0.0,-3.8461538461538436,1,,量占比與後續報酬的描述性相關；非因果或預測能力，少量樣本不作判斷,描述性關係；尚未扣費用、檢查除權息或做樣本外驗證；不評分、不認定關鍵分點
3325,1035,1030,土銀-新竹,sell,5,1,1,-3.8461538461538436,0.0,-3.8461538461538436,0.0,-3.8461538461538436,1,,量占比與後續報酬的描述性相關；非因果或預測能力，少量樣本不作判斷,描述性關係；尚未扣費用、檢查除權息或做樣本外驗證；不評分、不認定關鍵分點
3325,1045,1040,臺銀-新竹,sell,5,1,1,-3.8461538461538436,0.0,-3.8461538461538436,0.0,-3.8461538461538436,1,,量占比與後續報酬的描述性相關；非因果或預測能力，少量樣本不作判斷,描述性關係；尚未扣費用、檢查除權息或做樣本外驗證；不評分、不認定關鍵分點
3325,1110,1110,台灣企銀,buy,5,1,1,-3.8461538461538436,0.0,-3.8461538461538436,0.0,-3.8461538461538436,1,,量占比與後續報酬的描述性相關；非因果或預測能力，少量樣本不作判斷,描述性關係；尚未扣費用、檢查除權息或做樣本外驗證；不評分、不認定關鍵分點
3325,1480,1480,美商高盛,sell,5,1,1,-3.8461538461538436,0.0,-3.8461538461538436,0.0,-3.8461538461538436,1,,量占比與後續報酬的描述性相關；非因果或預測能力，少量樣本不作判斷,描述性關係；尚未扣費用、檢查除權息或做樣本外驗證；不評分、不認定關鍵分點
3325,5853,5850,統一-中壢,buy,5,1,1,-3.8461538461538436,0.0,-3.8461538461538436,0.0,-3.8461538461538436,1,,量占比與後續報酬的描述性相關；非因果或預測能力，少量樣本不作判斷,描述性關係；尚未扣費用、檢查除權息或做樣本外驗證；不評分、不認定關鍵分點
3325,6950,6950,福勝,buy,5,1,1,-3.8461538461538436,0.0,-3.8461538461538436,0.0,-3.8461538461538436,1,,量占比與後續報酬的描述性相關；非因果或預測能力，少量樣本不作判斷,描述性關係；尚未扣費用、檢查除權息或做樣本外驗證；不評分、不認定關鍵分點
3325,7790,7790,國票證券,buy,5,1,1,-3.8461538461538436,0.0,-3.8461538461538436,0.0,-3.8461538461538436,1,,量占比與後續報酬的描述性相關；非因果或預測能力，少量樣本不作判斷,描述性關係；尚未扣費用、檢查除權息或做樣本外驗證；不評分、不認定關鍵分點
3325,8450,8450,康和,buy,5,1,1,-3.8461538461538436,0.0,-3.8461538461538436,0.0,-3.8461538461538436,1,,量占比與後續報酬的描述性相關；非因果或預測能力，少量樣本不作判斷,描述性關係；尚未扣費用、檢查除權息或做樣本外驗證；不評分、不認定關鍵分點
3325,8458,8450,康和-台南,sell,5,1,1,-3.8461538461538436,0.0,-3.8461538461538436,0.0,-3.8461538461538436,1,,量占比與後續報酬的描述性相關；非因果或預測能力，少量樣本不作判斷,描述性關係；尚未扣費用、檢查除權息或做樣本外驗證；不評分、不認定關鍵分點
3325,8885,8880,國泰-桃園,sell,5,1,1,-3.8461538461538436,0.0,-3.8461538461538436,0.0,-3.8461538461538436,1,,量占比與後續報酬的描述性相關；非因果或預測能力，少量樣本不作判斷,描述性關係；尚未扣費用、檢查除權息或做樣本外驗證；不評分、不認定關鍵分點
3325,9137,9100,群益金鼎-士林,sell,5,1,1,-3.8461538461538436,0.0,-3.8461538461538436,0.0,-3.8461538461538436,1,,量占比與後續報酬的描述性相關；非因果或預測能力，少量樣本不作判斷,描述性關係；尚未扣費用、檢查除權息或做樣本外驗證；不評分、不認定關鍵分點
3325,9206,9200,凱基-高雄,sell,5,1,1,-3.8461538461538436,0.0,-3.8461538461538436,0.0,-3.8461538461538436,1,,量占比與後續報酬的描述性相關；非因果或預測能力，少量樣本不作判斷,描述性關係；尚未扣費用、檢查除權息或做樣本外驗證；不評分、不認定關鍵分點
3325,9268,9200,凱基-台北,buy,5,1,1,-3.8461538461538436,0.0,-3.8461538461538436,0.0,-3.8461538461538436,1,,量占比與後續報酬的描述性相關；非因果或預測能力，少量樣本不作判斷,描述性關係；尚未扣費用、檢查除權息或做樣本外驗證；不評分、不認定關鍵分點
3325,9274,9200,凱基-鳳山,sell,5,1,1,-3.8461538461538436,0.0,-3.8461538461538436,0.0,-3.8461538461538436,1,,量占比與後續報酬的描述性相關；非因果或預測能力，少量樣本不作判斷,描述性關係；尚未扣費用、檢查除權息或做樣本外驗證；不評分、不認定關鍵分點
3325,9312,9300,華南永昌-民權,sell,5,1,1,-3.8461538461538436,0.0,-3.8461538461538436,0.0,-3.8461538461538436,1,,量占比與後續報酬的描述性相關；非因果或預測能力，少量樣本不作判斷,描述性關係；尚未扣費用、檢查除權息或做樣本外驗證；不評分、不認定關鍵分點
3325,9621,9600,富邦-花蓮,buy,5,1,1,-3.8461538461538436,0.0,-3.8461538461538436,0.0,-3.8461538461538436,1,,量占比與後續報酬的描述性相關；非因果或預測能力，少量樣本不作判斷,描述性關係；尚未扣費用、檢查除權息或做樣本外驗證；不評分、不認定關鍵分點
3325,9654,9600,富邦-永和,sell,5,1,1,-3.8461538461538436,0.0,-3.8461538461538436,0.0,-3.8461538461538436,1,,量占比與後續報酬的描述性相關；非因果或預測能力，少量樣本不作判斷,描述性關係；尚未扣費用、檢查除權息或做樣本外驗證；不評分、不認定關鍵分點
3325,9858,9800,元大-龍潭,sell,5,1,1,-3.8461538461538436,0.0,-3.8461538461538436,0.0,-3.8461538461538436,1,,量占比與後續報酬的描述性相關；非因果或預測能力，少量樣本不作判斷,描述性關係；尚未扣費用、檢查除權息或做樣本外驗證；不評分、不認定關鍵分點
3325,9875,9800,元大-土城永寧,sell,5,1,1,-3.8461538461538436,0.0,-3.8461538461538436,0.0,-3.8461538461538436,1,,量占比與後續報酬的描述性相關；非因果或預測能力，少量樣本不作判斷,描述性關係；尚未扣費用、檢查除權息或做樣本外驗證；不評分、不認定關鍵分點
3325,9889,9800,元大-員林,sell,5,1,1,-3.8461538461538436,0.0,-3.8461538461538436,0.0,-3.8461538461538436,1,,量占比與後續報酬的描述性相關；非因果或預測能力，少量樣本不作判斷,描述性關係；尚未扣費用、檢查除權息或做樣本外驗證；不評分、不認定關鍵分點
3338,0031003000340043,1040,臺銀-高雄,buy,5,1,1,0.8836524300441795,1.0,0.8836524300441795,0.0,0.8836524300441795,1,,量占比與後續報酬的描述性相關；非因果或預測能力，少量樣本不作判斷,描述性關係；尚未扣費用、檢查除權息或做樣本外驗證；不評分、不認定關鍵分點
3338,003500330038004d,5380,第一金-嘉義,sell,5,1,1,0.8836524300441795,1.0,0.8836524300441795,0.0,0.8836524300441795,1,,量占比與後續報酬的描述性相關；非因果或預測能力，少量樣本不作判斷,描述性關係；尚未扣費用、檢查除權息或做樣本外驗證；不評分、不認定關鍵分點
3338,003700370039005a,7790,國票-安和,sell,5,1,1,0.8836524300441795,1.0,0.8836524300441795,0.0,0.8836524300441795,1,,量占比與後續報酬的描述性相關；非因果或預測能力，少量樣本不作判斷,描述性關係；尚未扣費用、檢查除權息或做樣本外驗證；不評分、不認定關鍵分點
3338,0038003800380041,8880,國泰-館前,buy,5,1,1,0.8836524300441795,1.0,0.8836524300441795,0.0,0.8836524300441795,1,,量占比與後續報酬的描述性相關；非因果或預測能力，少量樣本不作判斷,描述性關係；尚未扣費用、檢查除權息或做樣本外驗證；不評分、不認定關鍵分點
3338,0039003100380073,9100,群益金鼎-丹鳳,sell,5,1,1,0.8836524300441795,1.0,0.8836524300441795,0.0,0.8836524300441795,1,,量占比與後續報酬的描述性相關；非因果或預測能力，少量樣本不作判斷,描述性關係；尚未扣費用、檢查除權息或做樣本外驗證；不評分、不認定關鍵分點
3338,0039003200300046,9200,凱基-站前,sell,5,1,1,0.8836524300441795,1.0,0.8836524300441795,0.0,0.8836524300441795,1,,量占比與後續報酬的描述性相關；非因果或預測能力，少量樣本不作判斷,描述性關係；尚未扣費用、檢查除權息或做樣本外驗證；不評分、不認定關鍵分點
3338,0039003200300047,9200,凱基-彰化,sell,5,1,1,0.8836524300441795,1.0,0.8836524300441795,0.0,0.8836524300441795,1,,量占比與後續報酬的描述性相關；非因果或預測能力，少量樣本不作判斷,描述性關係；尚未扣費用、檢查除權息或做樣本外驗證；不評分、不認定關鍵分點
3338,0039003600320045,9600,富邦-樹林,buy,5,1,1,0.8836524300441795,1.0,0.8836524300441795,0.0,0.8836524300441795,1,,量占比與後續報酬的描述性相關；非因果或預測能力，少量樣本不作判斷,描述性關係；尚未扣費用、檢查除權息或做樣本外驗證；不評分、不認定關鍵分點
3338,0039003800300075,9800,元大-府城,sell,5,1,1,0.8836524300441795,1.0,0.8836524300441795,0.0,0.8836524300441795,1,,量占比與後續報酬的描述性相關；非因果或預測能力，少量樣本不作判斷,描述性關係；尚未扣費用、檢查除權息或做樣本外驗證；不評分、不認定關鍵分點
3338,003900380033004e,9800,元大-大安,sell,5,1,1,0.8836524300441795,1.0,0.8836524300441795,0.0,0.8836524300441795,1,,量占比與後續報酬的描述性相關；非因果或預測能力，少量樣本不作判斷,描述性關係；尚未扣費用、檢查除權息或做樣本外驗證；不評分、不認定關鍵分點
3338,0039003800390043,9800,元大-板橋,buy,5,1,1,0.8836524300441795,1.0,0.8836524300441795,0.0,0.8836524300441795,1,,量占比與後續報酬的描述性相關；非因果或預測能力，少量樣本不作判斷,描述性關係；尚未扣費用、檢查除權息或做樣本外驗證；不評分、不認定關鍵分點
3338,0039004100390071,9A00,永豐金-潮州,buy,5,1,1,0.8836524300441795,1.0,0.8836524300441795,0.0,0.8836524300441795,1,,量占比與後續報酬的描述性相關；非因果或預測能力，少量樣本不作判斷,描述性關係；尚未扣費用、檢查除權息或做樣本外驗證；不評分、不認定關鍵分點
3338,0039004200310031,9B00,台新-新營,buy,5,1,1,0.8836524300441795,1.0,0.8836524300441795,0.0,0.8836524300441795,1,,量占比與後續報酬的描述性相關；非因果或預測能力，少量樣本不作判斷,描述性關係；尚未扣費用、檢查除權息或做樣本外驗證；不評分、不認定關鍵分點
3338,0039004200310067,9B00,台新-高雄,sell,5,1,1,0.8836524300441795,1.0,0.8836524300441795,0.0,0.8836524300441795,1,,量占比與後續報酬的描述性相關；非因果或預測能力，少量樣本不作判斷,描述性關係；尚未扣費用、檢查除權息或做樣本外驗證；不評分、不認定關鍵分點
3338,0039004200320042,9B00,台新-永和,buy,5,1,1,0.8836524300441795,1.0,0.8836524300441795,0.0,0.8836524300441795,1,,量占比與後續報酬的描述性相關；非因果或預測能力，少量樣本不作判斷,描述性關係；尚未扣費用、檢查除權息或做樣本外驗證；不評分、不認定關鍵分點
3338,1033,1030,土銀-高雄,sell,5,1,1,0.8836524300441795,1.0,0.8836524300441795,0.0,0.8836524300441795,1,,量占比與後續報酬的描述性相關；非因果或預測能力，少量樣本不作判斷,描述性關係；尚未扣費用、檢查除權息或做樣本外驗證；不評分、不認定關鍵分點
3338,1440,1440,美林,buy,5,1,1,0.8836524300441795,1.0,0.8836524300441795,0.0,0.8836524300441795,1,,量占比與後續報酬的描述性相關；非因果或預測能力，少量樣本不作判斷,描述性關係；尚未扣費用、檢查除權息或做樣本外驗證；不評分、不認定關鍵分點
3338,1470,1470,台灣摩根士丹利,sell,5,1,1,0.8836524300441795,1.0,0.8836524300441795,0.0,0.8836524300441795,1,,量占比與後續報酬的描述性相關；非因果或預測能力，少量樣本不作判斷,描述性關係；尚未扣費用、檢查除權息或做樣本外驗證；不評分、不認定關鍵分點
3338,1480,1480,美商高盛,buy,5,1,1,0.8836524300441795,1.0,0.8836524300441795,0.0,0.8836524300441795,1,,量占比與後續報酬的描述性相關；非因果或預測能力，少量樣本不作判斷,描述性關係；尚未扣費用、檢查除權息或做樣本外驗證；不評分、不認定關鍵分點
3338,1560,1560,港商野村,buy,5,1,1,0.8836524300441795,1.0,0.8836524300441795,0.0,0.8836524300441795,1,,量占比與後續報酬的描述性相關；非因果或預測能力，少量樣本不作判斷,描述性關係；尚未扣費用、檢查除權息或做樣本外驗證；不評分、不認定關鍵分點
3338,6114,6110,台中銀-員林,sell,5,1,1,0.8836524300441795,1.0,0.8836524300441795,0.0,0.8836524300441795,1,,量占比與後續報酬的描述性相關；非因果或預測能力，少量樣本不作判斷,描述性關係；尚未扣費用、檢查除權息或做樣本外驗證；不評分、不認定關鍵分點
3338,7007,7000,兆豐-竹北,buy,5,1,1,0.8836524300441795,1.0,0.8836524300441795,0.0,0.8836524300441795,1,,量占比與後續報酬的描述性相關；非因果或預測能力，少量樣本不作判斷,描述性關係；尚未扣費用、檢查除權息或做樣本外驗證；不評分、不認定關鍵分點
3338,8440,8440,摩根大通,buy,5,1,1,0.8836524300441795,1.0,0.8836524300441795,0.0,0.8836524300441795,1,,量占比與後續報酬的描述性相關；非因果或預測能力，少量樣本不作判斷,描述性關係；尚未扣費用、檢查除權息或做樣本外驗證；不評分、不認定關鍵分點
3338,8842,8840,玉山-新莊,sell,5,1,1,0.8836524300441795,1.0,0.8836524300441795,0.0,0.8836524300441795,1,,量占比與後續報酬的描述性相關；非因果或預測能力，少量樣本不作判斷,描述性關係；尚未扣費用、檢查除權息或做樣本外驗證；不評分、不認定關鍵分點
3338,8888,8880,國泰-敦南,buy,5,1,1,0.8836524300441795,1.0,0.8836524300441795,0.0,0.8836524300441795,1,,量占比與後續報酬的描述性相關；非因果或預測能力，少量樣本不作判斷,描述性關係；尚未扣費用、檢查除權息或做樣本外驗證；不評分、不認定關鍵分點
3338,9183,9100,群益金鼎-高雄,buy,5,1,1,0.8836524300441795,1.0,0.8836524300441795,0.0,0.8836524300441795,1,,量占比與後續報酬的描述性相關；非因果或預測能力，少量樣本不作判斷,描述性關係；尚未扣費用、檢查除權息或做樣本外驗證；不評分、不認定關鍵分點
3338,9289,9200,凱基-興隆,sell,5,1,1,0.8836524300441795,1.0,0.8836524300441795,0.0,0.8836524300441795,1,,量占比與後續報酬的描述性相關；非因果或預測能力，少量樣本不作判斷,描述性關係；尚未扣費用、檢查除權息或做樣本外驗證；不評分、不認定關鍵分點
3338,9300,9300,華南永昌,sell,5,1,1,0.8836524300441795,1.0,0.8836524300441795,0.0,0.8836524300441795,1,,量占比與後續報酬的描述性相關；非因果或預測能力，少量樣本不作判斷,描述性關係；尚未扣費用、檢查除權息或做樣本外驗證；不評分、不認定關鍵分點
3338,9343,9300,華南永昌-頭份,sell,5,1,1,0.8836524300441795,1.0,0.8836524300441795,0.0,0.8836524300441795,1,,量占比與後續報酬的描述性相關；非因果或預測能力，少量樣本不作判斷,描述性關係；尚未扣費用、檢查除權息或做樣本外驗證；不評分、不認定關鍵分點
3338,9872,9800,元大-復北,buy,5,1,1,0.8836524300441795,1.0,0.8836524300441795,0.0,0.8836524300441795,1,,量占比與後續報酬的描述性相關；非因果或預測能力，少量樣本不作判斷,描述性關係；尚未扣費用、檢查除權息或做樣本外驗證；不評分、不認定關鍵分點
3363,0031003000330041,1030,土銀-建國,sell,5,1,1,4.056162246489858,1.0,4.056162246489858,0.0,1.4040561622464809,1,,量占比與後續報酬的描述性相關；非因果或預測能力，少量樣本不作判斷,描述性關係；尚未扣費用、檢查除權息或做樣本外驗證；不評分、不認定關鍵分點
3363,0037003700390076,7790,國票-台中,sell,5,1,1,4.056162246489858,1.0,4.056162246489858,0.0,1.4040561622464809,1,,量占比與後續報酬的描述性相關；非因果或預測能力，少量樣本不作判斷,描述性關係；尚未扣費用、檢查除權息或做樣本外驗證；不評分、不認定關鍵分點
3363,0039003100380069,9100,群益金鼎-竹南,sell,5,1,1,4.056162246489858,1.0,4.056162246489858,0.0,1.4040561622464809,1,,量占比與後續報酬的描述性相關；非因果或預測能力，少量樣本不作判斷,描述性關係；尚未扣費用、檢查除權息或做樣本外驗證；不評分、不認定關鍵分點
3363,0039003200300046,9200,凱基-站前,buy,5,1,1,4.056162246489858,1.0,4.056162246489858,0.0,1.4040561622464809,1,,量占比與後續報酬的描述性相關；非因果或預測能力，少量樣本不作判斷,描述性關係；尚未扣費用、檢查除權息或做樣本外驗證；不評分、不認定關鍵分點
3363,0039003800320046,9800,元大-忠孝鼎富,sell,5,1,1,4.056162246489858,1.0,4.056162246489858,0.0,1.4040561622464809,1,,量占比與後續報酬的描述性相關；非因果或預測能力，少量樣本不作判斷,描述性關係；尚未扣費用、檢查除權息或做樣本外驗證；不評分、不認定關鍵分點
3363,003900380039004c,9800,元大-成功,buy,5,1,1,4.056162246489858,1.0,4.056162246489858,0.0,1.4040561622464809,1,,量占比與後續報酬的描述性相關；非因果或預測能力，少量樣本不作判斷,描述性關係；尚未扣費用、檢查除權息或做樣本外驗證；不評分、不認定關鍵分點
3363,0039004100300030,9A00,永豐金證券,buy,5,1,1,4.056162246489858,1.0,4.056162246489858,0.0,1.4040561622464809,1,,量占比與後續報酬的描述性相關；非因果或預測能力，少量樣本不作判斷,描述性關係；尚未扣費用、檢查除權息或做樣本外驗證；不評分、不認定關鍵分點
3363,0039004100390038,9A00,永豐金-大園,buy,5,1,1,4.056162246489858,1.0,4.056162246489858,0.0,1.4040561622464809,1,,量占比與後續報酬的描述性相關；非因果或預測能力，少量樣本不作判斷,描述性關係；尚未扣費用、檢查除權息或做樣本外驗證；不評分、不認定關鍵分點
3363,0039004200300030,9B00,台新,sell,5,1,1,4.056162246489858,1.0,4.056162246489858,0.0,1.4040561622464809,1,,量占比與後續報酬的描述性相關；非因果或預測能力，少量樣本不作判斷,描述性關係；尚未扣費用、檢查除權息或做樣本外驗證；不評分、不認定關鍵分點
3363,0039004200320048,9B00,台新-信義,buy,5,1,1,4.056162246489858,1.0,4.056162246489858,0.0,1.4040561622464809,1,,量占比與後續報酬的描述性相關；非因果或預測能力，少量樣本不作判斷,描述性關係；尚未扣費用、檢查除權息或做樣本外驗證；不評分、不認定關鍵分點
3363,0039004200320057,9B00,台新-吉利,buy,5,1,1,4.056162246489858,1.0,4.056162246489858,0.0,1.4040561622464809,1,,量占比與後續報酬的描述性相關；非因果或預測能力，少量樣本不作判斷,描述性關係；尚未扣費用、檢查除權息或做樣本外驗證；不評分、不認定關鍵分點
3363,003900420032006c,9B00,台新-大裕,sell,5,1,1,4.056162246489858,1.0,4.056162246489858,0.0,1.4040561622464809,1,,量占比與後續報酬的描述性相關；非因果或預測能力，少量樣本不作判斷,描述性關係；尚未扣費用、檢查除權息或做樣本外驗證；不評分、不認定關鍵分點
3363,1022,1020,合庫-台南,sell,5,1,1,4.056162246489858,1.0,4.056162246489858,0.0,1.4040561622464809,1,,量占比與後續報酬的描述性相關；非因果或預測能力，少量樣本不作判斷,描述性關係；尚未扣費用、檢查除權息或做樣本外驗證；不評分、不認定關鍵分點
3363,1040,1040,臺銀,sell,5,1,1,4.056162246489858,1.0,4.056162246489858,0.0,1.4040561622464809,1,,量占比與後續報酬的描述性相關；非因果或預測能力，少量樣本不作判斷,描述性關係；尚未扣費用、檢查除權息或做樣本外驗證；不評分、不認定關鍵分點
3363,1360,1360,港商麥格理,sell,5,1,1,4.056162246489858,1.0,4.056162246489858,0.0,1.4040561622464809,1,,量占比與後續報酬的描述性相關；非因果或預測能力，少量樣本不作判斷,描述性關係；尚未扣費用、檢查除權息或做樣本外驗證；不評分、不認定關鍵分點
3363,1440,1440,美林,sell,5,1,1,4.056162246489858,1.0,4.056162246489858,0.0,1.4040561622464809,1,,量占比與後續報酬的描述性相關；非因果或預測能力，少量樣本不作判斷,描述性關係；尚未扣費用、檢查除權息或做樣本外驗證；不評分、不認定關鍵分點
3363,1470,1470,台灣摩根士丹利,sell,5,1,1,4.056162246489858,1.0,4.056162246489858,0.0,1.4040561622464809,1,,量占比與後續報酬的描述性相關；非因果或預測能力，少量樣本不作判斷,描述性關係；尚未扣費用、檢查除權息或做樣本外驗證；不評分、不認定關鍵分點
3363,1480,1480,美商高盛,buy,5,1,1,4.056162246489858,1.0,4.056162246489858,0.0,1.4040561622464809,1,,量占比與後續報酬的描述性相關；非因果或預測能力，少量樣本不作判斷,描述性關係；尚未扣費用、檢查除權息或做樣本外驗證；不評分、不認定關鍵分點
3363,1590,1590,花旗環球,sell,5,1,1,4.056162246489858,1.0,4.056162246489858,0.0,1.4040561622464809,1,,量占比與後續報酬的描述性相關；非因果或預測能力，少量樣本不作判斷,描述性關係；尚未扣費用、檢查除權息或做樣本外驗證；不評分、不認定關鍵分點
3363,1650,1650,新加坡商瑞銀,sell,5,1,1,4.056162246489858,1.0,4.056162246489858,0.0,1.4040561622464809,1,,量占比與後續報酬的描述性相關；非因果或預測能力，少量樣本不作判斷,描述性關係；尚未扣費用、檢查除權息或做樣本外驗證；不評分、不認定關鍵分點
3363,5385,5380,第一金-桃園,buy,5,1,1,4.056162246489858,1.0,4.056162246489858,0.0,1.4040561622464809,1,,量占比與後續報酬的描述性相關；非因果或預測能力，少量樣本不作判斷,描述性關係；尚未扣費用、檢查除權息或做樣本外驗證；不評分、不認定關鍵分點
3363,8440,8440,摩根大通,buy,5,1,1,4.056162246489858,1.0,4.056162246489858,0.0,1.4040561622464809,1,,量占比與後續報酬的描述性相關；非因果或預測能力，少量樣本不作判斷,描述性關係；尚未扣費用、檢查除權息或做樣本外驗證；不評分、不認定關鍵分點
3363,8842,8840,玉山-新莊,buy,5,1,1,4.056162246489858,1.0,4.056162246489858,0.0,1.4040561622464809,1,,量占比與後續報酬的描述性相關；非因果或預測能力，少量樣本不作判斷,描述性關係；尚未扣費用、檢查除權息或做樣本外驗證；不評分、不認定關鍵分點
3363,8888,8880,國泰-敦南,buy,5,1,1,4.056162246489858,1.0,4.056162246489858,0.0,1.4040561622464809,1,,量占比與後續報酬的描述性相關；非因果或預測能力，少量樣本不作判斷,描述性關係；尚未扣費用、檢查除權息或做樣本外驗證；不評分、不認定關鍵分點
3363,9268,9200,凱基-台北,buy,5,1,1,4.056162246489858,1.0,4.056162246489858,0.0,1.4040561622464809,1,,量占比與後續報酬的描述性相關；非因果或預測能力，少量樣本不作判斷,描述性關係；尚未扣費用、檢查除權息或做樣本外驗證；不評分、不認定關鍵分點
3363,9608,9600,富邦-台東,buy,5,1,1,4.056162246489858,1.0,4.056162246489858,0.0,1.4040561622464809,1,,量占比與後續報酬的描述性相關；非因果或預測能力，少量樣本不作判斷,描述性關係；尚未扣費用、檢查除權息或做樣本外驗證；不評分、不認定關鍵分點
3363,9676,9600,富邦-仁愛,buy,5,1,1,4.056162246489858,1.0,4.056162246489858,0.0,1.4040561622464809,1,,量占比與後續報酬的描述性相關；非因果或預測能力，少量樣本不作判斷,描述性關係；尚未扣費用、檢查除權息或做樣本外驗證；不評分、不認定關鍵分點
3363,9800,9800,元大證券,sell,5,1,1,4.056162246489858,1.0,4.056162246489858,0.0,1.4040561622464809,1,,量占比與後續報酬的描述性相關；非因果或預測能力，少量樣本不作判斷,描述性關係；尚未扣費用、檢查除權息或做樣本外驗證；不評分、不認定關鍵分點
3363,9816,9800,元大-新竹,buy,5,1,1,4.056162246489858,1.0,4.056162246489858,0.0,1.4040561622464809,1,,量占比與後續報酬的描述性相關；非因果或預測能力，少量樣本不作判斷,描述性關係；尚未扣費用、檢查除權息或做樣本外驗證；不評分、不認定關鍵分點
3363,9859,9800,元大-新竹經國,sell,5,1,1,4.056162246489858,1.0,4.056162246489858,0.0,1.4040561622464809,1,,量占比與後續報酬的描述性相關；非因果或預測能力，少量樣本不作判斷,描述性關係；尚未扣費用、檢查除權息或做樣本外驗證；不評分、不認定關鍵分點
3374,0031003000330043,1030,土銀-白河,sell,5,1,1,8.991228070175428,1.0,8.991228070175428,0.0,2.5219298245614086,1,,量占比與後續報酬的描述性相關；非因果或預測能力，少量樣本不作判斷,描述性關係；尚未扣費用、檢查除權息或做樣本外驗證；不評分、不認定關鍵分點
3374,0035003300380042,5380,第一金-新竹,sell,5,1,1,8.991228070175428,1.0,8.991228070175428,0.0,2.5219298245614086,1,,量占比與後續報酬的描述性相關；非因果或預測能力，少量樣本不作判斷,描述性關係；尚未扣費用、檢查除權息或做樣本外驗證；不評分、不認定關鍵分點
3374,0035003300380044,5380,第一金-忠孝,buy,5,1,1,8.991228070175428,1.0,8.991228070175428,0.0,2.5219298245614086,1,,量占比與後續報酬的描述性相關；非因果或預測能力，少量樣本不作判斷,描述性關係；尚未扣費用、檢查除權息或做樣本外驗證；不評分、不認定關鍵分點
3374,0035003800350063,5850,統一-仁愛,sell,5,1,1,8.991228070175428,1.0,8.991228070175428,0.0,2.5219298245614086,1,,量占比與後續報酬的描述性相關；非因果或預測能力，少量樣本不作判斷,描述性關係；尚未扣費用、檢查除權息或做樣本外驗證；不評分、不認定關鍵分點
3374,0037003000300067,7000,兆豐-南門,buy,5,1,1,8.991228070175428,1.0,8.991228070175428,0.0,2.5219298245614086,1,,量占比與後續報酬的描述性相關；非因果或預測能力，少量樣本不作判斷,描述性關係；尚未扣費用、檢查除權息或做樣本外驗證；不評分、不認定關鍵分點
3374,003800380038004b,8880,國泰-板橋,buy,5,1,1,8.991228070175428,1.0,8.991228070175428,0.0,2.5219298245614086,1,,量占比與後續報酬的描述性相關；非因果或預測能力，少量樣本不作判斷,描述性關係；尚未扣費用、檢查除權息或做樣本外驗證；不評分、不認定關鍵分點
3374,0039003100380064,9100,群益金鼎-內湖,sell,5,1,1,8.991228070175428,1.0,8.991228070175428,0.0,2.5219298245614086,1,,量占比與後續報酬的描述性相關；非因果或預測能力，少量樣本不作判斷,描述性關係；尚未扣費用、檢查除權息或做樣本外驗證；不評分、不認定關鍵分點
3374,003900360031004d,9600,富邦-木柵,buy,5,1,1,8.991228070175428,1.0,8.991228070175428,0.0,2.5219298245614086,1,,量占比與後續報酬的描述性相關；非因果或預測能力，少量樣本不作判斷,描述性關係；尚未扣費用、檢查除權息或做樣本外驗證；不評分、不認定關鍵分點
3374,0039003800330069,9800,元大-大雅,buy,5,1,1,8.991228070175428,1.0,8.991228070175428,0.0,2.5219298245614086,1,,量占比與後續報酬的描述性相關；非因果或預測能力，少量樣本不作判斷,描述性關係；尚未扣費用、檢查除權息或做樣本外驗證；不評分、不認定關鍵分點
3374,0039004100300030,9A00,永豐金證券,sell,5,1,1,8.991228070175428,1.0,8.991228070175428,0.0,2.5219298245614086,1,,量占比與後續報酬的描述性相關；非因果或預測能力，少量樣本不作判斷,描述性關係；尚未扣費用、檢查除權息或做樣本外驗證；不評分、不認定關鍵分點
3374,0039004200310033,9B00,台新-三民,sell,5,1,1,8.991228070175428,1.0,8.991228070175428,0.0,2.5219298245614086,1,,量占比與後續報酬的描述性相關；非因果或預測能力，少量樣本不作判斷,描述性關係；尚未扣費用、檢查除權息或做樣本外驗證；不評分、不認定關鍵分點
3374,0039004200310038,9B00,台新-建北,buy,5,1,1,8.991228070175428,1.0,8.991228070175428,0.0,2.5219298245614086,1,,量占比與後續報酬的描述性相關；非因果或預測能力，少量樣本不作判斷,描述性關係；尚未扣費用、檢查除權息或做樣本外驗證；不評分、不認定關鍵分點
3374,0039004200320045,9B00,台新-城中,sell,5,1,1,8.991228070175428,1.0,8.991228070175428,0.0,2.5219298245614086,1,,量占比與後續報酬的描述性相關；非因果或預測能力，少量樣本不作判斷,描述性關係；尚未扣費用、檢查除權息或做樣本外驗證；不評分、不認定關鍵分點
3374,003900420032006e,9B00,台新-西松,buy,5,1,1,8.991228070175428,1.0,8.991228070175428,0.0,2.5219298245614086,1,,量占比與後續報酬的描述性相關；非因果或預測能力，少量樣本不作判斷,描述性關係；尚未扣費用、檢查除權息或做樣本外驗證；不評分、不認定關鍵分點
3374,1470,1470,台灣摩根士丹利,buy,5,1,1,8.991228070175428,1.0,8.991228070175428,0.0,2.5219298245614086,1,,量占比與後續報酬的描述性相關；非因果或預測能力，少量樣本不作判斷,描述性關係；尚未扣費用、檢查除權息或做樣本外驗證；不評分、不認定關鍵分點
3374,1650,1650,新加坡商瑞銀,buy,5,1,1,8.991228070175428,1.0,8.991228070175428,0.0,2.5219298245614086,1,,量占比與後續報酬的描述性相關；非因果或預測能力，少量樣本不作判斷,描述性關係；尚未扣費用、檢查除權息或做樣本外驗證；不評分、不認定關鍵分點
3374,5389,5380,第一金-中山,buy,5,1,1,8.991228070175428,1.0,8.991228070175428,0.0,2.5219298245614086,1,,量占比與後續報酬的描述性相關；非因果或預測能力，少量樣本不作判斷,描述性關係；尚未扣費用、檢查除權息或做樣本外驗證；不評分、不認定關鍵分點
3374,5850,5850,統一,buy,5,1,1,8.991228070175428,1.0,8.991228070175428,0.0,2.5219298245614086,1,,量占比與後續報酬的描述性相關；非因果或預測能力，少量樣本不作判斷,描述性關係；尚未扣費用、檢查除權息或做樣本外驗證；不評分、不認定關鍵分點
3374,8840,8840,玉山證券,sell,5,1,1,8.991228070175428,1.0,8.991228070175428,0.0,2.5219298245614086,1,,量占比與後續報酬的描述性相關；非因果或預測能力，少量樣本不作判斷,描述性關係；尚未扣費用、檢查除權息或做樣本外驗證；不評分、不認定關鍵分點
3374,8887,8880,國泰-忠孝,sell,5,1,1,8.991228070175428,1.0,8.991228070175428,0.0,2.5219298245614086,1,,量占比與後續報酬的描述性相關；非因果或預測能力，少量樣本不作判斷,描述性關係；尚未扣費用、檢查除權息或做樣本外驗證；不評分、不認定關鍵分點
3374,9100,9100,群益金鼎,sell,5,1,1,8.991228070175428,1.0,8.991228070175428,0.0,2.5219298245614086,1,,量占比與後續報酬的描述性相關；非因果或預測能力，少量樣本不作判斷,描述性關係；尚未扣費用、檢查除權息或做樣本外驗證；不評分、不認定關鍵分點
3374,9135,9100,群益金鼎-東大,buy,5,1,1,8.991228070175428,1.0,8.991228070175428,0.0,2.5219298245614086,1,,量占比與後續報酬的描述性相關；非因果或預測能力，少量樣本不作判斷,描述性關係；尚未扣費用、檢查除權息或做樣本外驗證；不評分、不認定關鍵分點
3374,9216,9200,凱基-信義,sell,5,1,1,8.991228070175428,1.0,8.991228070175428,0.0,2.5219298245614086,1,,量占比與後續報酬的描述性相關；非因果或預測能力，少量樣本不作判斷,描述性關係；尚未扣費用、檢查除權息或做樣本外驗證；不評分、不認定關鍵分點
3374,9227,9200,凱基-城中,sell,5,1,1,8.991228070175428,1.0,8.991228070175428,0.0,2.5219298245614086,1,,量占比與後續報酬的描述性相關；非因果或預測能力，少量樣本不作判斷,描述性關係；尚未扣費用、檢查除權息或做樣本外驗證；不評分、不認定關鍵分點
3374,9237,9200,凱基-敦北,buy,5,1,1,8.991228070175428,1.0,8.991228070175428,0.0,2.5219298245614086,1,,量占比與後續報酬的描述性相關；非因果或預測能力，少量樣本不作判斷,描述性關係；尚未扣費用、檢查除權息或做樣本外驗證；不評分、不認定關鍵分點
3374,9268,9200,凱基-台北,buy,5,1,1,8.991228070175428,1.0,8.991228070175428,0.0,2.5219298245614086,1,,量占比與後續報酬的描述性相關；非因果或預測能力，少量樣本不作判斷,描述性關係；尚未扣費用、檢查除權息或做樣本外驗證；不評分、不認定關鍵分點
3374,9272,9200,凱基-竹科,sell,5,1,1,8.991228070175428,1.0,8.991228070175428,0.0,2.5219298245614086,1,,量占比與後續報酬的描述性相關；非因果或預測能力，少量樣本不作判斷,描述性關係；尚未扣費用、檢查除權息或做樣本外驗證；不評分、不認定關鍵分點
3374,9332,9300,華南永昌-楠梓,sell,5,1,1,8.991228070175428,1.0,8.991228070175428,0.0,2.5219298245614086,1,,量占比與後續報酬的描述性相關；非因果或預測能力，少量樣本不作判斷,描述性關係；尚未扣費用、檢查除權息或做樣本外驗證；不評分、不認定關鍵分點
3374,9636,9600,富邦-中壢,buy,5,1,1,8.991228070175428,1.0,8.991228070175428,0.0,2.5219298245614086,1,,量占比與後續報酬的描述性相關；非因果或預測能力，少量樣本不作判斷,描述性關係；尚未扣費用、檢查除權息或做樣本外驗證；不評分、不認定關鍵分點
3374,9800,9800,元大證券,sell,5,1,1,8.991228070175428,1.0,8.991228070175428,0.0,2.5219298245614086,1,,量占比與後續報酬的描述性相關；非因果或預測能力，少量樣本不作判斷,描述性關係；尚未扣費用、檢查除權息或做樣本外驗證；不評分、不認定關鍵分點
3380,003500330038004e,5380,第一金-豐原,buy,5,1,1,-3.194888178913735,0.0,-3.194888178913735,0.0,-3.194888178913735,1,,量占比與後續報酬的描述性相關；非因果或預測能力，少量樣本不作判斷,描述性關係；尚未扣費用、檢查除權息或做樣本外驗證；不評分、不認定關鍵分點
3380,003700300030004e,7000,兆豐-埔墘,sell,5,1,1,-3.194888178913735,0.0,-3.194888178913735,0.0,-3.194888178913735,1,,量占比與後續報酬的描述性相關；非因果或預測能力，少量樣本不作判斷,描述性關係；尚未扣費用、檢查除權息或做樣本外驗證；不評分、不認定關鍵分點
3380,003700300030005a,7000,兆豐-高雄,buy,5,1,1,-3.194888178913735,0.0,-3.194888178913735,0.0,-3.194888178913735,1,,量占比與後續報酬的描述性相關；非因果或預測能力，少量樣本不作判斷,描述性關係；尚未扣費用、檢查除權息或做樣本外驗證；不評分、不認定關鍵分點
3380,0038003800340044,8840,玉山-左營,sell,5,1,1,-3.194888178913735,0.0,-3.194888178913735,0.0,-3.194888178913735,1,,量占比與後續報酬的描述性相關；非因果或預測能力，少量樣本不作判斷,描述性關係；尚未扣費用、檢查除權息或做樣本外驗證；不評分、不認定關鍵分點
3380,0039003100380067,9100,群益金鼎-大甲,sell,5,1,1,-3.194888178913735,0.0,-3.194888178913735,0.0,-3.194888178913735,1,,量占比與後續報酬的描述性相關；非因果或預測能力，少量樣本不作判斷,描述性關係；尚未扣費用、檢查除權息或做樣本外驗證；不評分、不認定關鍵分點
3380,003900360031004d,9600,富邦-木柵,buy,5,1,1,-3.194888178913735,0.0,-3.194888178913735,0.0,-3.194888178913735,1,,量占比與後續報酬的描述性相關；非因果或預測能力，少量樣本不作判斷,描述性關係；尚未扣費用、檢查除權息或做樣本外驗證；不評分、不認定關鍵分點
3380,0039003800310046,9800,元大-福營,sell,5,1,1,-3.194888178913735,0.0,-3.194888178913735,0.0,-3.194888178913735,1,,量占比與後續報酬的描述性相關；非因果或預測能力，少量樣本不作判斷,描述性關係；尚未扣費用、檢查除權息或做樣本外驗證；不評分、不認定關鍵分點
3380,0039003800310061,9800,元大-歸仁,buy,5,1,1,-3.194888178913735,0.0,-3.194888178913735,0.0,-3.194888178913735,1,,量占比與後續報酬的描述性相關；非因果或預測能力，少量樣本不作判斷,描述性關係；尚未扣費用、檢查除權息或做樣本外驗證；不評分、不認定關鍵分點
3380,0039004100300030,9A00,永豐金證券,buy,5,1,1,-3.194888178913735,0.0,-3.194888178913735,0.0,-3.194888178913735,1,,量占比與後續報酬的描述性相關；非因果或預測能力，少量樣本不作判斷,描述性關係；尚未扣費用、檢查除權息或做樣本外驗證；不評分、不認定關鍵分點
3380,0039004100360039,9A00,永豐金-屏東,buy,5,1,1,-3.194888178913735,0.0,-3.194888178913735,0.0,-3.194888178913735,1,,量占比與後續報酬的描述性相關；非因果或預測能力，少量樣本不作判斷,描述性關係；尚未扣費用、檢查除權息或做樣本外驗證；不評分、不認定關鍵分點
3380,0039004200320047,9B00,台新-新竹,sell,5,1,1,-3.194888178913735,0.0,-3.194888178913735,0.0,-3.194888178913735,1,,量占比與後續報酬的描述性相關；非因果或預測能力，少量樣本不作判斷,描述性關係；尚未扣費用、檢查除權息或做樣本外驗證；不評分、不認定關鍵分點
3380,1022,1020,合庫-台南,buy,5,1,1,-3.194888178913735,0.0,-3.194888178913735,0.0,-3.194888178913735,1,,量占比與後續報酬的描述性相關；非因果或預測能力，少量樣本不作判斷,描述性關係；尚未扣費用、檢查除權息或做樣本外驗證；不評分、不認定關鍵分點
3380,1440,1440,美林,sell,5,1,1,-3.194888178913735,0.0,-3.194888178913735,0.0,-3.194888178913735,1,,量占比與後續報酬的描述性相關；非因果或預測能力，少量樣本不作判斷,描述性關係；尚未扣費用、檢查除權息或做樣本外驗證；不評分、不認定關鍵分點
3380,1470,1470,台灣摩根士丹利,sell,5,1,1,-3.194888178913735,0.0,-3.194888178913735,0.0,-3.194888178913735,1,,量占比與後續報酬的描述性相關；非因果或預測能力，少量樣本不作判斷,描述性關係；尚未扣費用、檢查除權息或做樣本外驗證；不評分、不認定關鍵分點
3380,1480,1480,美商高盛,sell,5,1,1,-3.194888178913735,0.0,-3.194888178913735,0.0,-3.194888178913735,1,,量占比與後續報酬的描述性相關；非因果或預測能力，少量樣本不作判斷,描述性關係；尚未扣費用、檢查除權息或做樣本外驗證；不評分、不認定關鍵分點
3380,1650,1650,新加坡商瑞銀,sell,5,1,1,-3.194888178913735,0.0,-3.194888178913735,0.0,-3.194888178913735,1,,量占比與後續報酬的描述性相關；非因果或預測能力，少量樣本不作判斷,描述性關係；尚未扣費用、檢查除權息或做樣本外驗證；不評分、不認定關鍵分點
3380,5382,5380,第一金-台中,buy,5,1,1,-3.194888178913735,0.0,-3.194888178913735,0.0,-3.194888178913735,1,,量占比與後續報酬的描述性相關；非因果或預測能力，少量樣本不作判斷,描述性關係；尚未扣費用、檢查除權息或做樣本外驗證；不評分、不認定關鍵分點
3380,5383,5380,第一金-高雄,buy,5,1,1,-3.194888178913735,0.0,-3.194888178913735,0.0,-3.194888178913735,1,,量占比與後續報酬的描述性相關；非因果或預測能力，少量樣本不作判斷,描述性關係；尚未扣費用、檢查除權息或做樣本外驗證；不評分、不認定關鍵分點
3380,8440,8440,摩根大通,sell,5,1,1,-3.194888178913735,0.0,-3.194888178913735,0.0,-3.194888178913735,1,,量占比與後續報酬的描述性相關；非因果或預測能力，少量樣本不作判斷,描述性關係；尚未扣費用、檢查除權息或做樣本外驗證；不評分、不認定關鍵分點
3380,8888,8880,國泰-敦南,buy,5,1,1,-3.194888178913735,0.0,-3.194888178913735,0.0,-3.194888178913735,1,,量占比與後續報酬的描述性相關；非因果或預測能力，少量樣本不作判斷,描述性關係；尚未扣費用、檢查除權息或做樣本外驗證；不評分、不認定關鍵分點
3380,9268,9200,凱基-台北,sell,5,1,1,-3.194888178913735,0.0,-3.194888178913735,0.0,-3.194888178913735,1,,量占比與後續報酬的描述性相關；非因果或預測能力，少量樣本不作判斷,描述性關係；尚未扣費用、檢查除權息或做樣本外驗證；不評分、不認定關鍵分點
3380,9300,9300,華南永昌,buy,5,1,1,-3.194888178913735,0.0,-3.194888178913735,0.0,-3.194888178913735,1,,量占比與後續報酬的描述性相關；非因果或預測能力，少量樣本不作判斷,描述性關係；尚未扣費用、檢查除權息或做樣本外驗證；不評分、不認定關鍵分點
3380,9647,9600,富邦-新竹,buy,5,1,1,-3.194888178913735,0.0,-3.194888178913735,0.0,-3.194888178913735,1,,量占比與後續報酬的描述性相關；非因果或預測能力，少量樣本不作判斷,描述性關係；尚未扣費用、檢查除權息或做樣本外驗證；不評分、不認定關鍵分點
3380,9655,9600,富邦-板橋,buy,5,1,1,-3.194888178913735,0.0,-3.194888178913735,0.0,-3.194888178913735,1,,量占比與後續報酬的描述性相關；非因果或預測能力，少量樣本不作判斷,描述性關係；尚未扣費用、檢查除權息或做樣本外驗證；不評分、不認定關鍵分點
3380,9658,9600,富邦-建國,sell,5,1,1,-3.194888178913735,0.0,-3.194888178913735,0.0,-3.194888178913735,1,,量占比與後續報酬的描述性相關；非因果或預測能力，少量樣本不作判斷,描述性關係；尚未扣費用、檢查除權息或做樣本外驗證；不評分、不認定關鍵分點
3380,9676,9600,富邦-仁愛,sell,5,1,1,-3.194888178913735,0.0,-3.194888178913735,0.0,-3.194888178913735,1,,量占比與後續報酬的描述性相關；非因果或預測能力，少量樣本不作判斷,描述性關係；尚未扣費用、檢查除權息或做樣本外驗證；不評分、不認定關鍵分點
3380,9856,9800,元大-花蓮,buy,5,1,1,-3.194888178913735,0.0,-3.194888178913735,0.0,-3.194888178913735,1,,量占比與後續報酬的描述性相關；非因果或預測能力，少量樣本不作判斷,描述性關係；尚未扣費用、檢查除權息或做樣本外驗證；不評分、不認定關鍵分點
3380,9858,9800,元大-龍潭,sell,5,1,1,-3.194888178913735,0.0,-3.194888178913735,0.0,-3.194888178913735,1,,量占比與後續報酬的描述性相關；非因果或預測能力，少量樣本不作判斷,描述性關係；尚未扣費用、檢查除權息或做樣本外驗證；不評分、不認定關鍵分點
3380,9884,9800,元大-斗信,sell,5,1,1,-3.194888178913735,0.0,-3.194888178913735,0.0,-3.194888178913735,1,,量占比與後續報酬的描述性相關；非因果或預測能力，少量樣本不作判斷,描述性關係；尚未扣費用、檢查除權息或做樣本外驗證；不評分、不認定關鍵分點
3380,9893,9800,元大-大天母,buy,5,1,1,-3.194888178913735,0.0,-3.194888178913735,0.0,-3.194888178913735,1,,量占比與後續報酬的描述性相關；非因果或預測能力，少量樣本不作判斷,描述性關係；尚未扣費用、檢查除權息或做樣本外驗證；不評分、不認定關鍵分點
3406,003700370039005a,7790,國票-安和,buy,5,1,1,11.578947368421044,1.0,11.578947368421044,0.0,1.1578947368421133,1,,量占比與後續報酬的描述性相關；非因果或預測能力，少量樣本不作判斷,描述性關係；尚未扣費用、檢查除權息或做樣本外驗證；不評分、不認定關鍵分點
3406,0039003100380043,9100,群益金鼎-古亭,sell,5,1,1,11.578947368421044,1.0,11.578947368421044,0.0,1.1578947368421133,1,,量占比與後續報酬的描述性相關；非因果或預測能力，少量樣本不作判斷,描述性關係；尚未扣費用、檢查除權息或做樣本外驗證；不評分、不認定關鍵分點
3406,003900310038004d,9100,群益金鼎-嘉義,sell,5,1,1,11.578947368421044,1.0,11.578947368421044,0.0,1.1578947368421133,1,,量占比與後續報酬的描述性相關；非因果或預測能力，少量樣本不作判斷,描述性關係；尚未扣費用、檢查除權息或做樣本外驗證；不評分、不認定關鍵分點
3406,0039003600310043,9600,富邦-南京,sell,5,1,1,11.578947368421044,1.0,11.578947368421044,0.0,1.1578947368421133,1,,量占比與後續報酬的描述性相關；非因果或預測能力，少量樣本不作判斷,描述性關係；尚未扣費用、檢查除權息或做樣本外驗證；不評分、不認定關鍵分點
3406,003900380039006d,9800,元大-信義,buy,5,1,1,11.578947368421044,1.0,11.578947368421044,0.0,1.1578947368421133,1,,量占比與後續報酬的描述性相關；非因果或預測能力，少量樣本不作判斷,描述性關係；尚未扣費用、檢查除權息或做樣本外驗證；不評分、不認定關鍵分點
3406,0039004100300030,9A00,永豐金證券,buy,5,1,1,11.578947368421044,1.0,11.578947368421044,0.0,1.1578947368421133,1,,量占比與後續報酬的描述性相關；非因果或預測能力，少量樣本不作判斷,描述性關係；尚未扣費用、檢查除權息或做樣本外驗證；不評分、不認定關鍵分點
3406,0039004100390052,9A00,永豐金-信義,buy,5,1,1,11.578947368421044,1.0,11.578947368421044,0.0,1.1578947368421133,1,,量占比與後續報酬的描述性相關；非因果或預測能力，少量樣本不作判斷,描述性關係；尚未扣費用、檢查除權息或做樣本外驗證；不評分、不認定關鍵分點
3406,0039004200300030,9B00,台新,buy,5,1,1,11.578947368421044,1.0,11.578947368421044,0.0,1.1578947368421133,1,,量占比與後續報酬的描述性相關；非因果或預測能力，少量樣本不作判斷,描述性關係；尚未扣費用、檢查除權息或做樣本外驗證；不評分、不認定關鍵分點
3406,0039004200310067,9B00,台新-高雄,sell,5,1,1,11.578947368421044,1.0,11.578947368421044,0.0,1.1578947368421133,1,,量占比與後續報酬的描述性相關；非因果或預測能力，少量樣本不作判斷,描述性關係；尚未扣費用、檢查除權息或做樣本外驗證；不評分、不認定關鍵分點
3406,0039004200310068,9B00,台新-台中,sell,5,1,1,11.578947368421044,1.0,11.578947368421044,0.0,1.1578947368421133,1,,量占比與後續報酬的描述性相關；非因果或預測能力，少量樣本不作判斷,描述性關係；尚未扣費用、檢查除權息或做樣本外驗證；不評分、不認定關鍵分點
3406,0039004200320075,9B00,台新-世貿,buy,5,1,1,11.578947368421044,1.0,11.578947368421044,0.0,1.1578947368421133,1,,量占比與後續報酬的描述性相關；非因果或預測能力，少量樣本不作判斷,描述性關係；尚未扣費用、檢查除權息或做樣本外驗證；不評分、不認定關鍵分點
3406,1440,1440,美林,sell,5,1,1,11.578947368421044,1.0,11.578947368421044,0.0,1.1578947368421133,1,,量占比與後續報酬的描述性相關；非因果或預測能力，少量樣本不作判斷,描述性關係；尚未扣費用、檢查除權息或做樣本外驗證；不評分、不認定關鍵分點
3406,1470,1470,台灣摩根士丹利,sell,5,1,1,11.578947368421044,1.0,11.578947368421044,0.0,1.1578947368421133,1,,量占比與後續報酬的描述性相關；非因果或預測能力，少量樣本不作判斷,描述性關係；尚未扣費用、檢查除權息或做樣本外驗證；不評分、不認定關鍵分點
3406,1480,1480,美商高盛,buy,5,1,1,11.578947368421044,1.0,11.578947368421044,0.0,1.1578947368421133,1,,量占比與後續報酬的描述性相關；非因果或預測能力，少量樣本不作判斷,描述性關係；尚未扣費用、檢查除權息或做樣本外驗證；不評分、不認定關鍵分點
3406,1560,1560,港商野村,buy,5,1,1,11.578947368421044,1.0,11.578947368421044,0.0,1.1578947368421133,1,,量占比與後續報酬的描述性相關；非因果或預測能力，少量樣本不作判斷,描述性關係；尚未扣費用、檢查除權息或做樣本外驗證；不評分、不認定關鍵分點
3406,1650,1650,新加坡商瑞銀,sell,5,1,1,11.578947368421044,1.0,11.578947368421044,0.0,1.1578947368421133,1,,量占比與後續報酬的描述性相關；非因果或預測能力，少量樣本不作判斷,描述性關係；尚未扣費用、檢查除權息或做樣本外驗證；不評分、不認定關鍵分點
3406,5850,5850,統一,buy,5,1,1,11.578947368421044,1.0,11.578947368421044,0.0,1.1578947368421133,1,,量占比與後續報酬的描述性相關；非因果或預測能力，少量樣本不作判斷,描述性關係；尚未扣費用、檢查除權息或做樣本外驗證；不評分、不認定關鍵分點
3406,5960,5960,日茂,sell,5,1,1,11.578947368421044,1.0,11.578947368421044,0.0,1.1578947368421133,1,,量占比與後續報酬的描述性相關；非因果或預測能力，少量樣本不作判斷,描述性關係；尚未扣費用、檢查除權息或做樣本外驗證；不評分、不認定關鍵分點
3406,6160,6160,中國信託,buy,5,1,1,11.578947368421044,1.0,11.578947368421044,0.0,1.1578947368421133,1,,量占比與後續報酬的描述性相關；非因果或預測能力，少量樣本不作判斷,描述性關係；尚未扣費用、檢查除權息或做樣本外驗證；不評分、不認定關鍵分點
3406,8440,8440,摩根大通,buy,5,1,1,11.578947368421044,1.0,11.578947368421044,0.0,1.1578947368421133,1,,量占比與後續報酬的描述性相關；非因果或預測能力，少量樣本不作判斷,描述性關係；尚未扣費用、檢查除權息或做樣本外驗證；不評分、不認定關鍵分點
3406,8880,8880,國泰證券,buy,5,1,1,11.578947368421044,1.0,11.578947368421044,0.0,1.1578947368421133,1,,量占比與後續報酬的描述性相關；非因果或預測能力，少量樣本不作判斷,描述性關係；尚未扣費用、檢查除權息或做樣本外驗證；不評分、不認定關鍵分點
3406,8888,8880,國泰-敦南,sell,5,1,1,11.578947368421044,1.0,11.578947368421044,0.0,1.1578947368421133,1,,量占比與後續報酬的描述性相關；非因果或預測能力，少量樣本不作判斷,描述性關係；尚未扣費用、檢查除權息或做樣本外驗證；不評分、不認定關鍵分點
3406,8900,8900,法銀巴黎,sell,5,1,1,11.578947368421044,1.0,11.578947368421044,0.0,1.1578947368421133,1,,量占比與後續報酬的描述性相關；非因果或預測能力，少量樣本不作判斷,描述性關係；尚未扣費用、檢查除權息或做樣本外驗證；不評分、不認定關鍵分點
3406,9134,9100,群益金鼎-開元,sell,5,1,1,11.578947368421044,1.0,11.578947368421044,0.0,1.1578947368421133,1,,量占比與後續報酬的描述性相關；非因果或預測能力，少量樣本不作判斷,描述性關係；尚未扣費用、檢查除權息或做樣本外驗證；不評分、不認定關鍵分點
3406,9268,9200,凱基-台北,sell,5,1,1,11.578947368421044,1.0,11.578947368421044,0.0,1.1578947368421133,1,,量占比與後續報酬的描述性相關；非因果或預測能力，少量樣本不作判斷,描述性關係；尚未扣費用、檢查除權息或做樣本外驗證；不評分、不認定關鍵分點
3406,9600,9600,富邦證券,buy,5,1,1,11.578947368421044,1.0,11.578947368421044,0.0,1.1578947368421133,1,,量占比與後續報酬的描述性相關；非因果或預測能力，少量樣本不作判斷,描述性關係；尚未扣費用、檢查除權息或做樣本外驗證；不評分、不認定關鍵分點
3406,9614,9600,富邦-基隆,sell,5,1,1,11.578947368421044,1.0,11.578947368421044,0.0,1.1578947368421133,1,,量占比與後續報酬的描述性相關；非因果或預測能力，少量樣本不作判斷,描述性關係；尚未扣費用、檢查除權息或做樣本外驗證；不評分、不認定關鍵分點
3406,9658,9600,富邦-建國,sell,5,1,1,11.578947368421044,1.0,11.578947368421044,0.0,1.1578947368421133,1,,量占比與後續報酬的描述性相關；非因果或預測能力，少量樣本不作判斷,描述性關係；尚未扣費用、檢查除權息或做樣本外驗證；不評分、不認定關鍵分點
3406,9801,9800,元大-松江,buy,5,1,1,11.578947368421044,1.0,11.578947368421044,0.0,1.1578947368421133,1,,量占比與後續報酬的描述性相關；非因果或預測能力，少量樣本不作判斷,描述性關係；尚未扣費用、檢查除權息或做樣本外驗證；不評分、不認定關鍵分點
3406,9867,9800,元大-內湖民權,buy,5,1,1,11.578947368421044,1.0,11.578947368421044,0.0,1.1578947368421133,1,,量占比與後續報酬的描述性相關；非因果或預測能力，少量樣本不作判斷,描述性關係；尚未扣費用、檢查除權息或做樣本外驗證；不評分、不認定關鍵分點
3443,0035003800350062,5850,統一-內湖,buy,5,1,1,5.822784810126591,1.0,5.822784810126591,0.0,0.0,1,,量占比與後續報酬的描述性相關；非因果或預測能力，少量樣本不作判斷,描述性關係；尚未扣費用、檢查除權息或做樣本外驗證；不評分、不認定關鍵分點
3443,0037003000300042,7000,兆豐-板橋,buy,5,1,1,5.822784810126591,1.0,5.822784810126591,0.0,0.0,1,,量占比與後續報酬的描述性相關；非因果或預測能力，少量樣本不作判斷,描述性關係；尚未扣費用、檢查除權息或做樣本外驗證；不評分、不認定關鍵分點
3443,003700370039005a,7790,國票-安和,sell,5,1,1,5.822784810126591,1.0,5.822784810126591,0.0,0.0,1,,量占比與後續報酬的描述性相關；非因果或預測能力，少量樣本不作判斷,描述性關係；尚未扣費用、檢查除權息或做樣本外驗證；不評分、不認定關鍵分點
3443,003900380034004b,9800,元大-館前,buy,5,1,1,5.822784810126591,1.0,5.822784810126591,0.0,0.0,1,,量占比與後續報酬的描述性相關；非因果或預測能力，少量樣本不作判斷,描述性關係；尚未扣費用、檢查除權息或做樣本外驗證；不評分、不認定關鍵分點
3443,0039004100300030,9A00,永豐金證券,buy,5,1,1,5.822784810126591,1.0,5.822784810126591,0.0,0.0,1,,量占比與後續報酬的描述性相關；非因果或預測能力，少量樣本不作判斷,描述性關係；尚未扣費用、檢查除權息或做樣本外驗證；不評分、不認定關鍵分點
3443,0039004100390044,9A00,永豐金-忠孝,sell,5,1,1,5.822784810126591,1.0,5.822784810126591,0.0,0.0,1,,量占比與後續報酬的描述性相關；非因果或預測能力，少量樣本不作判斷,描述性關係；尚未扣費用、檢查除權息或做樣本外驗證；不評分、不認定關鍵分點
3443,0039004100390052,9A00,永豐金-信義,buy,5,1,1,5.822784810126591,1.0,5.822784810126591,0.0,0.0,1,,量占比與後續報酬的描述性相關；非因果或預測能力，少量樣本不作判斷,描述性關係；尚未扣費用、檢查除權息或做樣本外驗證；不評分、不認定關鍵分點
3443,0039004200300030,9B00,台新,buy,5,1,1,5.822784810126591,1.0,5.822784810126591,0.0,0.0,1,,量占比與後續報酬的描述性相關；非因果或預測能力，少量樣本不作判斷,描述性關係；尚未扣費用、檢查除權息或做樣本外驗證；不評分、不認定關鍵分點
3443,0039004200320072,9B00,台新-城東,sell,5,1,1,5.822784810126591,1.0,5.822784810126591,0.0,0.0,1,,量占比與後續報酬的描述性相關；非因果或預測能力，少量樣本不作判斷,描述性關係；尚未扣費用、檢查除權息或做樣本外驗證；不評分、不認定關鍵分點
3443,1260,1260,宏遠證券,buy,5,1,1,5.822784810126591,1.0,5.822784810126591,0.0,0.0,1,,量占比與後續報酬的描述性相關；非因果或預測能力，少量樣本不作判斷,描述性關係；尚未扣費用、檢查除權息或做樣本外驗證；不評分、不認定關鍵分點
3443,1360,1360,港商麥格理,sell,5,1,1,5.822784810126591,1.0,5.822784810126591,0.0,0.0,1,,量占比與後續報酬的描述性相關；非因果或預測能力，少量樣本不作判斷,描述性關係；尚未扣費用、檢查除權息或做樣本外驗證；不評分、不認定關鍵分點
3443,1440,1440,美林,sell,5,1,1,5.822784810126591,1.0,5.822784810126591,0.0,0.0,1,,量占比與後續報酬的描述性相關；非因果或預測能力，少量樣本不作判斷,描述性關係；尚未扣費用、檢查除權息或做樣本外驗證；不評分、不認定關鍵分點
3443,1470,1470,台灣摩根士丹利,buy,5,1,1,5.822784810126591,1.0,5.822784810126591,0.0,0.0,1,,量占比與後續報酬的描述性相關；非因果或預測能力，少量樣本不作判斷,描述性關係；尚未扣費用、檢查除權息或做樣本外驗證；不評分、不認定關鍵分點
3443,1480,1480,美商高盛,sell,5,1,1,5.822784810126591,1.0,5.822784810126591,0.0,0.0,1,,量占比與後續報酬的描述性相關；非因果或預測能力，少量樣本不作判斷,描述性關係；尚未扣費用、檢查除權息或做樣本外驗證；不評分、不認定關鍵分點
3443,1650,1650,新加坡商瑞銀,sell,5,1,1,5.822784810126591,1.0,5.822784810126591,0.0,0.0,1,,量占比與後續報酬的描述性相關；非因果或預測能力，少量樣本不作判斷,描述性關係；尚未扣費用、檢查除權息或做樣本外驗證；不評分、不認定關鍵分點
3443,5850,5850,統一,sell,5,1,1,5.822784810126591,1.0,5.822784810126591,0.0,0.0,1,,量占比與後續報酬的描述性相關；非因果或預測能力，少量樣本不作判斷,描述性關係；尚未扣費用、檢查除權息或做樣本外驗證；不評分、不認定關鍵分點
3443,6480,6480,福邦證券,sell,5,1,1,5.822784810126591,1.0,5.822784810126591,0.0,0.0,1,,量占比與後續報酬的描述性相關；非因果或預測能力，少量樣本不作判斷,描述性關係；尚未扣費用、檢查除權息或做樣本外驗證；不評分、不認定關鍵分點
3443,7000,7000,兆豐證券,sell,5,1,1,5.822784810126591,1.0,5.822784810126591,0.0,0.0,1,,量占比與後續報酬的描述性相關；非因果或預測能力，少量樣本不作判斷,描述性關係；尚未扣費用、檢查除權息或做樣本外驗證；不評分、不認定關鍵分點
3443,8440,8440,摩根大通,buy,5,1,1,5.822784810126591,1.0,5.822784810126591,0.0,0.0,1,,量占比與後續報酬的描述性相關；非因果或預測能力，少量樣本不作判斷,描述性關係；尚未扣費用、檢查除權息或做樣本外驗證；不評分、不認定關鍵分點
3443,8450,8450,康和,sell,5,1,1,5.822784810126591,1.0,5.822784810126591,0.0,0.0,1,,量占比與後續報酬的描述性相關；非因果或預測能力，少量樣本不作判斷,描述性關係；尚未扣費用、檢查除權息或做樣本外驗證；不評分、不認定關鍵分點
3443,8880,8880,國泰證券,sell,5,1,1,5.822784810126591,1.0,5.822784810126591,0.0,0.0,1,,量占比與後續報酬的描述性相關；非因果或預測能力，少量樣本不作判斷,描述性關係；尚未扣費用、檢查除權息或做樣本外驗證；不評分、不認定關鍵分點
3443,8888,8880,國泰-敦南,buy,5,1,1,5.822784810126591,1.0,5.822784810126591,0.0,0.0,1,,量占比與後續報酬的描述性相關；非因果或預測能力，少量樣本不作判斷,描述性關係；尚未扣費用、檢查除權息或做樣本外驗證；不評分、不認定關鍵分點
3443,8900,8900,法銀巴黎,sell,5,1,1,5.822784810126591,1.0,5.822784810126591,0.0,0.0,1,,量占比與後續報酬的描述性相關；非因果或預測能力，少量樣本不作判斷,描述性關係；尚未扣費用、檢查除權息或做樣本外驗證；不評分、不認定關鍵分點
3443,9200,9200,凱基,sell,5,1,1,5.822784810126591,1.0,5.822784810126591,0.0,0.0,1,,量占比與後續報酬的描述性相關；非因果或預測能力，少量樣本不作判斷,描述性關係；尚未扣費用、檢查除權息或做樣本外驗證；不評分、不認定關鍵分點
3443,9227,9200,凱基-城中,buy,5,1,1,5.822784810126591,1.0,5.822784810126591,0.0,0.0,1,,量占比與後續報酬的描述性相關；非因果或預測能力，少量樣本不作判斷,描述性關係；尚未扣費用、檢查除權息或做樣本外驗證；不評分、不認定關鍵分點
3443,9238,9200,凱基-士林,buy,5,1,1,5.822784810126591,1.0,5.822784810126591,0.0,0.0,1,,量占比與後續報酬的描述性相關；非因果或預測能力，少量樣本不作判斷,描述性關係；尚未扣費用、檢查除權息或做樣本外驗證；不評分、不認定關鍵分點
3443,9268,9200,凱基-台北,buy,5,1,1,5.822784810126591,1.0,5.822784810126591,0.0,0.0,1,,量占比與後續報酬的描述性相關；非因果或預測能力，少量樣本不作判斷,描述性關係；尚未扣費用、檢查除權息或做樣本外驗證；不評分、不認定關鍵分點
3443,9274,9200,凱基-鳳山,buy,5,1,1,5.822784810126591,1.0,5.822784810126591,0.0,0.0,1,,量占比與後續報酬的描述性相關；非因果或預測能力，少量樣本不作判斷,描述性關係；尚未扣費用、檢查除權息或做樣本外驗證；不評分、不認定關鍵分點
3443,9600,9600,富邦證券,sell,5,1,1,5.822784810126591,1.0,5.822784810126591,0.0,0.0,1,,量占比與後續報酬的描述性相關；非因果或預測能力，少量樣本不作判斷,描述性關係；尚未扣費用、檢查除權息或做樣本外驗證；不評分、不認定關鍵分點
3443,9666,9600,富邦-南屯,buy,5,1,1,5.822784810126591,1.0,5.822784810126591,0.0,0.0,1,,量占比與後續報酬的描述性相關；非因果或預測能力，少量樣本不作判斷,描述性關係；尚未扣費用、檢查除權息或做樣本外驗證；不評分、不認定關鍵分點
3483,0031003200360055,1260,宏遠-館前,buy,5,1,1,0.6369426751592355,1.0,0.6369426751592355,0.0,0.6369426751592355,1,,量占比與後續報酬的描述性相關；非因果或預測能力，少量樣本不作判斷,描述性關係；尚未扣費用、檢查除權息或做樣本外驗證；不評分、不認定關鍵分點
3483,0035003800350049,5850,統一-員林,sell,5,1,1,0.6369426751592355,1.0,0.6369426751592355,0.0,0.6369426751592355,1,,量占比與後續報酬的描述性相關；非因果或預測能力，少量樣本不作判斷,描述性關係；尚未扣費用、檢查除權息或做樣本外驗證；不評分、不認定關鍵分點
3483,003800340035004a,8450,康和-高雄,buy,5,1,1,0.6369426751592355,1.0,0.6369426751592355,0.0,0.6369426751592355,1,,量占比與後續報酬的描述性相關；非因果或預測能力，少量樣本不作判斷,描述性關係；尚未扣費用、檢查除權息或做樣本外驗證；不評分、不認定關鍵分點
3483,003900320030004e,9200,凱基-湖口,sell,5,1,1,0.6369426751592355,1.0,0.6369426751592355,0.0,0.6369426751592355,1,,量占比與後續報酬的描述性相關；非因果或預測能力，少量樣本不作判斷,描述性關係；尚未扣費用、檢查除權息或做樣本外驗證；不評分、不認定關鍵分點
3483,0039003600310043,9600,富邦-南京,sell,5,1,1,0.6369426751592355,1.0,0.6369426751592355,0.0,0.6369426751592355,1,,量占比與後續報酬的描述性相關；非因果或預測能力，少量樣本不作判斷,描述性關係；尚未扣費用、檢查除權息或做樣本外驗證；不評分、不認定關鍵分點
3483,0039003600320043,9600,富邦-竹科,buy,5,1,1,0.6369426751592355,1.0,0.6369426751592355,0.0,0.6369426751592355,1,,量占比與後續報酬的描述性相關；非因果或預測能力，少量樣本不作判斷,描述性關係；尚未扣費用、檢查除權息或做樣本外驗證；不評分、不認定關鍵分點
3483,0039003800310047,9800,元大-彰化,sell,5,1,1,0.6369426751592355,1.0,0.6369426751592355,0.0,0.6369426751592355,1,,量占比與後續報酬的描述性相關；非因果或預測能力，少量樣本不作判斷,描述性關係；尚未扣費用、檢查除權息或做樣本外驗證；不評分、不認定關鍵分點
3483,003900410039004b,9A00,永豐金-三重,buy,5,1,1,0.6369426751592355,1.0,0.6369426751592355,0.0,0.6369426751592355,1,,量占比與後續報酬的描述性相關；非因果或預測能力，少量樣本不作判斷,描述性關係；尚未扣費用、檢查除權息或做樣本外驗證；不評分、不認定關鍵分點
3483,003900410039004c,9A00,永豐金-台中,buy,5,1,1,0.6369426751592355,1.0,0.6369426751592355,0.0,0.6369426751592355,1,,量占比與後續報酬的描述性相關；非因果或預測能力，少量樣本不作判斷,描述性關係；尚未扣費用、檢查除權息或做樣本外驗證；不評分、不認定關鍵分點
3483,0039004200300030,9B00,台新,buy,5,1,1,0.6369426751592355,1.0,0.6369426751592355,0.0,0.6369426751592355,1,,量占比與後續報酬的描述性相關；非因果或預測能力，少量樣本不作判斷,描述性關係；尚未扣費用、檢查除權息或做樣本外驗證；不評分、不認定關鍵分點
3483,003900420032006f,9B00,台新-新興,sell,5,1,1,0.6369426751592355,1.0,0.6369426751592355,0.0,0.6369426751592355,1,,量占比與後續報酬的描述性相關；非因果或預測能力，少量樣本不作判斷,描述性關係；尚未扣費用、檢查除權息或做樣本外驗證；不評分、不認定關鍵分點
3483,1021,1020,合庫-台中,buy,5,1,1,0.6369426751592355,1.0,0.6369426751592355,0.0,0.6369426751592355,1,,量占比與後續報酬的描述性相關；非因果或預測能力，少量樣本不作判斷,描述性關係；尚未扣費用、檢查除權息或做樣本外驗證；不評分、不認定關鍵分點
3483,1440,1440,美林,sell,5,1,1,0.6369426751592355,1.0,0.6369426751592355,0.0,0.6369426751592355,1,,量占比與後續報酬的描述性相關；非因果或預測能力，少量樣本不作判斷,描述性關係；尚未扣費用、檢查除權息或做樣本外驗證；不評分、不認定關鍵分點
3483,1470,1470,台灣摩根士丹利,sell,5,1,1,0.6369426751592355,1.0,0.6369426751592355,0.0,0.6369426751592355,1,,量占比與後續報酬的描述性相關；非因果或預測能力，少量樣本不作判斷,描述性關係；尚未扣費用、檢查除權息或做樣本外驗證；不評分、不認定關鍵分點
3483,2180,2180,亞東,buy,5,1,1,0.6369426751592355,1.0,0.6369426751592355,0.0,0.6369426751592355,1,,量占比與後續報酬的描述性相關；非因果或預測能力，少量樣本不作判斷,描述性關係；尚未扣費用、檢查除權息或做樣本外驗證；不評分、不認定關鍵分點
3483,5321,5320,高橋-龍潭,sell,5,1,1,0.6369426751592355,1.0,0.6369426751592355,0.0,0.6369426751592355,1,,量占比與後續報酬的描述性相關；非因果或預測能力，少量樣本不作判斷,描述性關係；尚未扣費用、檢查除權息或做樣本外驗證；不評分、不認定關鍵分點
3483,5850,5850,統一,buy,5,1,1,0.6369426751592355,1.0,0.6369426751592355,0.0,0.6369426751592355,1,,量占比與後續報酬的描述性相關；非因果或預測能力，少量樣本不作判斷,描述性關係；尚未扣費用、檢查除權息或做樣本外驗證；不評分、不認定關鍵分點
3483,6950,6950,福勝,sell,5,1,1,0.6369426751592355,1.0,0.6369426751592355,0.0,0.6369426751592355,1,,量占比與後續報酬的描述性相關；非因果或預測能力，少量樣本不作判斷,描述性關係；尚未扣費用、檢查除權息或做樣本外驗證；不評分、不認定關鍵分點
3483,7008,7000,兆豐-三重,sell,5,1,1,0.6369426751592355,1.0,0.6369426751592355,0.0,0.6369426751592355,1,,量占比與後續報酬的描述性相關；非因果或預測能力，少量樣本不作判斷,描述性關係；尚未扣費用、檢查除權息或做樣本外驗證；不評分、不認定關鍵分點
3483,8440,8440,摩根大通,sell,5,1,1,0.6369426751592355,1.0,0.6369426751592355,0.0,0.6369426751592355,1,,量占比與後續報酬的描述性相關；非因果或預測能力，少量樣本不作判斷,描述性關係；尚未扣費用、檢查除權息或做樣本外驗證；不評分、不認定關鍵分點
3483,8455,8450,康和-台中,buy,5,1,1,0.6369426751592355,1.0,0.6369426751592355,0.0,0.6369426751592355,1,,量占比與後續報酬的描述性相關；非因果或預測能力，少量樣本不作判斷,描述性關係；尚未扣費用、檢查除權息或做樣本外驗證；不評分、不認定關鍵分點
3483,8846,8840,玉山-板橋,sell,5,1,1,0.6369426751592355,1.0,0.6369426751592355,0.0,0.6369426751592355,1,,量占比與後續報酬的描述性相關；非因果或預測能力，少量樣本不作判斷,描述性關係；尚未扣費用、檢查除權息或做樣本外驗證；不評分、不認定關鍵分點
3483,8848,8840,玉山-嘉義,buy,5,1,1,0.6369426751592355,1.0,0.6369426751592355,0.0,0.6369426751592355,1,,量占比與後續報酬的描述性相關；非因果或預測能力，少量樣本不作判斷,描述性關係；尚未扣費用、檢查除權息或做樣本外驗證；不評分、不認定關鍵分點
3483,8886,8880,國泰-新莊,buy,5,1,1,0.6369426751592355,1.0,0.6369426751592355,0.0,0.6369426751592355,1,,量占比與後續報酬的描述性相關；非因果或預測能力，少量樣本不作判斷,描述性關係；尚未扣費用、檢查除權息或做樣本外驗證；不評分、不認定關鍵分點
3483,8888,8880,國泰-敦南,sell,5,1,1,0.6369426751592355,1.0,0.6369426751592355,0.0,0.6369426751592355,1,,量占比與後續報酬的描述性相關；非因果或預測能力，少量樣本不作判斷,描述性關係；尚未扣費用、檢查除權息或做樣本外驗證；不評分、不認定關鍵分點
3483,9227,9200,凱基-城中,buy,5,1,1,0.6369426751592355,1.0,0.6369426751592355,0.0,0.6369426751592355,1,,量占比與後續報酬的描述性相關；非因果或預測能力，少量樣本不作判斷,描述性關係；尚未扣費用、檢查除權息或做樣本外驗證；不評分、不認定關鍵分點
3483,9268,9200,凱基-台北,buy,5,1,1,0.6369426751592355,1.0,0.6369426751592355,0.0,0.6369426751592355,1,,量占比與後續報酬的描述性相關；非因果或預測能力，少量樣本不作判斷,描述性關係；尚未扣費用、檢查除權息或做樣本外驗證；不評分、不認定關鍵分點
3483,9658,9600,富邦-建國,buy,5,1,1,0.6369426751592355,1.0,0.6369426751592355,0.0,0.6369426751592355,1,,量占比與後續報酬的描述性相關；非因果或預測能力，少量樣本不作判斷,描述性關係；尚未扣費用、檢查除權息或做樣本外驗證；不評分、不認定關鍵分點
3483,9829,9800,元大-永康,sell,5,1,1,0.6369426751592355,1.0,0.6369426751592355,0.0,0.6369426751592355,1,,量占比與後續報酬的描述性相關；非因果或預測能力，少量樣本不作判斷,描述性關係；尚未扣費用、檢查除權息或做樣本外驗證；不評分、不認定關鍵分點
3483,9869,9800,元大-新盛,sell,5,1,1,0.6369426751592355,1.0,0.6369426751592355,0.0,0.6369426751592355,1,,量占比與後續報酬的描述性相關；非因果或預測能力，少量樣本不作判斷,描述性關係；尚未扣費用、檢查除權息或做樣本外驗證；不評分、不認定關鍵分點
3515,0031003000340043,1040,臺銀-高雄,sell,5,1,1,1.6279069767441756,1.0,1.6279069767441756,0.0,0.6976744186046435,1,,量占比與後續報酬的描述性相關；非因果或預測能力，少量樣本不作判斷,描述性關係；尚未扣費用、檢查除權息或做樣本外驗證；不評分、不認定關鍵分點
3515,003500380035004a,5850,統一-三重,buy,5,1,1,1.6279069767441756,1.0,1.6279069767441756,0.0,0.6976744186046435,1,,量占比與後續報酬的描述性相關；非因果或預測能力，少量樣本不作判斷,描述性關係；尚未扣費用、檢查除權息或做樣本外驗證；不評分、不認定關鍵分點
3515,003800380034004a,8840,玉山-大里,buy,5,1,1,1.6279069767441756,1.0,1.6279069767441756,0.0,0.6976744186046435,1,,量占比與後續報酬的描述性相關；非因果或預測能力，少量樣本不作判斷,描述性關係；尚未扣費用、檢查除權息或做樣本外驗證；不評分、不認定關鍵分點
3515,003800380038004b,8880,國泰-板橋,sell,5,1,1,1.6279069767441756,1.0,1.6279069767441756,0.0,0.6976744186046435,1,,量占比與後續報酬的描述性相關；非因果或預測能力，少量樣本不作判斷,描述性關係；尚未扣費用、檢查除權息或做樣本外驗證；不評分、不認定關鍵分點
3515,0039003100380047,9100,群益金鼎-新莊,buy,5,1,1,1.6279069767441756,1.0,1.6279069767441756,0.0,0.6976744186046435,1,,量占比與後續報酬的描述性相關；非因果或預測能力，少量樣本不作判斷,描述性關係；尚未扣費用、檢查除權息或做樣本外驗證；不評分、不認定關鍵分點
3515,0039003200300043,9200,凱基-雙和,buy,5,1,1,1.6279069767441756,1.0,1.6279069767441756,0.0,0.6976744186046435,1,,量占比與後續報酬的描述性相關；非因果或預測能力，少量樣本不作判斷,描述性關係；尚未扣費用、檢查除權息或做樣本外驗證；不評分、不認定關鍵分點
3515,0039003600330041,9600,富邦-八德,sell,5,1,1,1.6279069767441756,1.0,1.6279069767441756,0.0,0.6976744186046435,1,,量占比與後續報酬的描述性相關；非因果或預測能力，少量樣本不作判斷,描述性關係；尚未扣費用、檢查除權息或做樣本外驗證；不評分、不認定關鍵分點
3515,003900380033005a,9800,元大-鳳山,sell,5,1,1,1.6279069767441756,1.0,1.6279069767441756,0.0,0.6976744186046435,1,,量占比與後續報酬的描述性相關；非因果或預測能力，少量樣本不作判斷,描述性關係；尚未扣費用、檢查除權息或做樣本外驗證；不評分、不認定關鍵分點
3515,003900380034004b,9800,元大-館前,buy,5,1,1,1.6279069767441756,1.0,1.6279069767441756,0.0,0.6976744186046435,1,,量占比與後續報酬的描述性相關；非因果或預測能力，少量樣本不作判斷,描述性關係；尚未扣費用、檢查除權息或做樣本外驗證；不評分、不認定關鍵分點
3515,0039003800390064,9800,元大-北屯,sell,5,1,1,1.6279069767441756,1.0,1.6279069767441756,0.0,0.6976744186046435,1,,量占比與後續報酬的描述性相關；非因果或預測能力，少量樣本不作判斷,描述性關係；尚未扣費用、檢查除權息或做樣本外驗證；不評分、不認定關鍵分點
3515,0039004100300030,9A00,永豐金證券,sell,5,1,1,1.6279069767441756,1.0,1.6279069767441756,0.0,0.6976744186046435,1,,量占比與後續報酬的描述性相關；非因果或預測能力，少量樣本不作判斷,描述性關係；尚未扣費用、檢查除權息或做樣本外驗證；不評分、不認定關鍵分點
3515,0039004100360039,9A00,永豐金-屏東,sell,5,1,1,1.6279069767441756,1.0,1.6279069767441756,0.0,0.6976744186046435,1,,量占比與後續報酬的描述性相關；非因果或預測能力，少量樣本不作判斷,描述性關係；尚未扣費用、檢查除權息或做樣本外驗證；不評分、不認定關鍵分點
3515,0039004100380039,9A00,永豐金-敦北,buy,5,1,1,1.6279069767441756,1.0,1.6279069767441756,0.0,0.6976744186046435,1,,量占比與後續報酬的描述性相關；非因果或預測能力，少量樣本不作判斷,描述性關係；尚未扣費用、檢查除權息或做樣本外驗證；不評分、不認定關鍵分點
3515,003900410039004b,9A00,永豐金-三重,buy,5,1,1,1.6279069767441756,1.0,1.6279069767441756,0.0,0.6976744186046435,1,,量占比與後續報酬的描述性相關；非因果或預測能力，少量樣本不作判斷,描述性關係；尚未扣費用、檢查除權息或做樣本外驗證；不評分、不認定關鍵分點
3515,003900410039004c,9A00,永豐金-台中,sell,5,1,1,1.6279069767441756,1.0,1.6279069767441756,0.0,0.6976744186046435,1,,量占比與後續報酬的描述性相關；非因果或預測能力，少量樣本不作判斷,描述性關係；尚未扣費用、檢查除權息或做樣本外驗證；不評分、不認定關鍵分點
3515,003900410039004d,9A00,永豐金-南投,sell,5,1,1,1.6279069767441756,1.0,1.6279069767441756,0.0,0.6976744186046435,1,,量占比與後續報酬的描述性相關；非因果或預測能力，少量樣本不作判斷,描述性關係；尚未扣費用、檢查除權息或做樣本外驗證；不評分、不認定關鍵分點
3515,0039004100390051,9A00,永豐金-豐原,sell,5,1,1,1.6279069767441756,1.0,1.6279069767441756,0.0,0.6976744186046435,1,,量占比與後續報酬的描述性相關；非因果或預測能力，少量樣本不作判斷,描述性關係；尚未扣費用、檢查除權息或做樣本外驗證；不評分、不認定關鍵分點
3515,1440,1440,美林,buy,5,1,1,1.6279069767441756,1.0,1.6279069767441756,0.0,0.6976744186046435,1,,量占比與後續報酬的描述性相關；非因果或預測能力，少量樣本不作判斷,描述性關係；尚未扣費用、檢查除權息或做樣本外驗證；不評分、不認定關鍵分點
3515,1470,1470,台灣摩根士丹利,buy,5,1,1,1.6279069767441756,1.0,1.6279069767441756,0.0,0.6976744186046435,1,,量占比與後續報酬的描述性相關；非因果或預測能力，少量樣本不作判斷,描述性關係；尚未扣費用、檢查除權息或做樣本外驗證；不評分、不認定關鍵分點
3515,1480,1480,美商高盛,buy,5,1,1,1.6279069767441756,1.0,1.6279069767441756,0.0,0.6976744186046435,1,,量占比與後續報酬的描述性相關；非因果或預測能力，少量樣本不作判斷,描述性關係；尚未扣費用、檢查除權息或做樣本外驗證；不評分、不認定關鍵分點
3515,1560,1560,港商野村,sell,5,1,1,1.6279069767441756,1.0,1.6279069767441756,0.0,0.6976744186046435,1,,量占比與後續報酬的描述性相關；非因果或預測能力，少量樣本不作判斷,描述性關係；尚未扣費用、檢查除權息或做樣本外驗證；不評分、不認定關鍵分點
3515,5856,5850,統一-台中,sell,5,1,1,1.6279069767441756,1.0,1.6279069767441756,0.0,0.6976744186046435,1,,量占比與後續報酬的描述性相關；非因果或預測能力，少量樣本不作判斷,描述性關係；尚未扣費用、檢查除權息或做樣本外驗證；不評分、不認定關鍵分點
3515,8440,8440,摩根大通,buy,5,1,1,1.6279069767441756,1.0,1.6279069767441756,0.0,0.6976744186046435,1,,量占比與後續報酬的描述性相關；非因果或預測能力，少量樣本不作判斷,描述性關係；尚未扣費用、檢查除權息或做樣本外驗證；不評分、不認定關鍵分點
3515,8560,8560,新光,sell,5,1,1,1.6279069767441756,1.0,1.6279069767441756,0.0,0.6976744186046435,1,,量占比與後續報酬的描述性相關；非因果或預測能力，少量樣本不作判斷,描述性關係；尚未扣費用、檢查除權息或做樣本外驗證；不評分、不認定關鍵分點
3515,9268,9200,凱基-台北,buy,5,1,1,1.6279069767441756,1.0,1.6279069767441756,0.0,0.6976744186046435,1,,量占比與後續報酬的描述性相關；非因果或預測能力，少量樣本不作判斷,描述性關係；尚未扣費用、檢查除權息或做樣本外驗證；不評分、不認定關鍵分點
3515,9349,9300,華南永昌-板橋,sell,5,1,1,1.6279069767441756,1.0,1.6279069767441756,0.0,0.6976744186046435,1,,量占比與後續報酬的描述性相關；非因果或預測能力，少量樣本不作判斷,描述性關係；尚未扣費用、檢查除權息或做樣本外驗證；不評分、不認定關鍵分點
3515,9655,9600,富邦-板橋,buy,5,1,1,1.6279069767441756,1.0,1.6279069767441756,0.0,0.6976744186046435,1,,量占比與後續報酬的描述性相關；非因果或預測能力，少量樣本不作判斷,描述性關係；尚未扣費用、檢查除權息或做樣本外驗證；不評分、不認定關鍵分點
3515,9667,9600,富邦-台南,buy,5,1,1,1.6279069767441756,1.0,1.6279069767441756,0.0,0.6976744186046435,1,,量占比與後續報酬的描述性相關；非因果或預測能力，少量樣本不作判斷,描述性關係；尚未扣費用、檢查除權息或做樣本外驗證；不評分、不認定關鍵分點
3515,9697,9600,富邦-虎尾,sell,5,1,1,1.6279069767441756,1.0,1.6279069767441756,0.0,0.6976744186046435,1,,量占比與後續報酬的描述性相關；非因果或預測能力，少量樣本不作判斷,描述性關係；尚未扣費用、檢查除權息或做樣本外驗證；不評分、不認定關鍵分點
3515,9817,9800,元大-東泰,buy,5,1,1,1.6279069767441756,1.0,1.6279069767441756,0.0,0.6976744186046435,1,,量占比與後續報酬的描述性相關；非因果或預測能力，少量樣本不作判斷,描述性關係；尚未扣費用、檢查除權息或做樣本外驗證；不評分、不認定關鍵分點
3526,0031003000340043,1040,臺銀-高雄,sell,5,1,1,1.2867647058823595,1.0,1.2867647058823595,0.0,0.9191176470588314,1,,量占比與後續報酬的描述性相關；非因果或預測能力，少量樣本不作判斷,描述性關係；尚未扣費用、檢查除權息或做樣本外驗證；不評分、不認定關鍵分點
3526,0035003800350044,5850,統一-新台中,buy,5,1,1,1.2867647058823595,1.0,1.2867647058823595,0.0,0.9191176470588314,1,,量占比與後續報酬的描述性相關；非因果或預測能力，少量樣本不作判斷,描述性關係；尚未扣費用、檢查除權息或做樣本外驗證；不評分、不認定關鍵分點
3526,003600310036004b,6160,中國信託-高雄,buy,5,1,1,1.2867647058823595,1.0,1.2867647058823595,0.0,0.9191176470588314,1,,量占比與後續報酬的描述性相關；非因果或預測能力，少量樣本不作判斷,描述性關係；尚未扣費用、檢查除權息或做樣本外驗證；不評分、不認定關鍵分點
3526,0037003000300061,7000,兆豐-忠孝,sell,5,1,1,1.2867647058823595,1.0,1.2867647058823595,0.0,0.9191176470588314,1,,量占比與後續報酬的描述性相關；非因果或預測能力，少量樣本不作判斷,描述性關係；尚未扣費用、檢查除權息或做樣本外驗證；不評分、不認定關鍵分點
3526,0037003700390050,7790,國票-九鼎,sell,5,1,1,1.2867647058823595,1.0,1.2867647058823595,0.0,0.9191176470588314,1,,量占比與後續報酬的描述性相關；非因果或預測能力，少量樣本不作判斷,描述性關係；尚未扣費用、檢查除權息或做樣本外驗證；不評分、不認定關鍵分點
3526,0038003400350041,8450,康和-內湖,sell,5,1,1,1.2867647058823595,1.0,1.2867647058823595,0.0,0.9191176470588314,1,,量占比與後續報酬的描述性相關；非因果或預測能力，少量樣本不作判斷,描述性關係；尚未扣費用、檢查除權息或做樣本外驗證；不評分、不認定關鍵分點
3526,003800380038004b,8880,國泰-板橋,buy,5,1,1,1.2867647058823595,1.0,1.2867647058823595,0.0,0.9191176470588314,1,,量占比與後續報酬的描述性相關；非因果或預測能力，少量樣本不作判斷,描述性關係；尚未扣費用、檢查除權息或做樣本外驗證；不評分、不認定關鍵分點
3526,0039003200300041,9200,凱基-板橋,buy,5,1,1,1.2867647058823595,1.0,1.2867647058823595,0.0,0.9191176470588314,1,,量占比與後續報酬的描述性相關；非因果或預測能力，少量樣本不作判斷,描述性關係；尚未扣費用、檢查除權息或做樣本外驗證；不評分、不認定關鍵分點
3526,003900380033005a,9800,元大-鳳山,sell,5,1,1,1.2867647058823595,1.0,1.2867647058823595,0.0,0.9191176470588314,1,,量占比與後續報酬的描述性相關；非因果或預測能力，少量樣本不作判斷,描述性關係；尚未扣費用、檢查除權息或做樣本外驗證；不評分、不認定關鍵分點
3526,0039004100380031,9A00,永豐金-匯立,buy,5,1,1,1.2867647058823595,1.0,1.2867647058823595,0.0,0.9191176470588314,1,,量占比與後續報酬的描述性相關；非因果或預測能力，少量樣本不作判斷,描述性關係；尚未扣費用、檢查除權息或做樣本外驗證；不評分、不認定關鍵分點
3526,0039004100390042,9A00,永豐金-中和,sell,5,1,1,1.2867647058823595,1.0,1.2867647058823595,0.0,0.9191176470588314,1,,量占比與後續報酬的描述性相關；非因果或預測能力，少量樣本不作判斷,描述性關係；尚未扣費用、檢查除權息或做樣本外驗證；不評分、不認定關鍵分點
3526,1440,1440,美林,sell,5,1,1,1.2867647058823595,1.0,1.2867647058823595,0.0,0.9191176470588314,1,,量占比與後續報酬的描述性相關；非因果或預測能力，少量樣本不作判斷,描述性關係；尚未扣費用、檢查除權息或做樣本外驗證；不評分、不認定關鍵分點
3526,1480,1480,美商高盛,buy,5,1,1,1.2867647058823595,1.0,1.2867647058823595,0.0,0.9191176470588314,1,,量占比與後續報酬的描述性相關；非因果或預測能力，少量樣本不作判斷,描述性關係；尚未扣費用、檢查除權息或做樣本外驗證；不評分、不認定關鍵分點
3526,1650,1650,新加坡商瑞銀,sell,5,1,1,1.2867647058823595,1.0,1.2867647058823595,0.0,0.9191176470588314,1,,量占比與後續報酬的描述性相關；非因果或預測能力，少量樣本不作判斷,描述性關係；尚未扣費用、檢查除權息或做樣本外驗證；不評分、不認定關鍵分點
3526,6210,6210,新百王,sell,5,1,1,1.2867647058823595,1.0,1.2867647058823595,0.0,0.9191176470588314,1,,量占比與後續報酬的描述性相關；非因果或預測能力，少量樣本不作判斷,描述性關係；尚未扣費用、檢查除權息或做樣本外驗證；不評分、不認定關鍵分點
3526,6950,6950,福勝,sell,5,1,1,1.2867647058823595,1.0,1.2867647058823595,0.0,0.9191176470588314,1,,量占比與後續報酬的描述性相關；非因果或預測能力，少量樣本不作判斷,描述性關係；尚未扣費用、檢查除權息或做樣本外驗證；不評分、不認定關鍵分點
3526,8440,8440,摩根大通,sell,5,1,1,1.2867647058823595,1.0,1.2867647058823595,0.0,0.9191176470588314,1,,量占比與後續報酬的描述性相關；非因果或預測能力，少量樣本不作判斷,描述性關係；尚未扣費用、檢查除權息或做樣本外驗證；不評分、不認定關鍵分點
3526,8561,8560,新光-台中,buy,5,1,1,1.2867647058823595,1.0,1.2867647058823595,0.0,0.9191176470588314,1,,量占比與後續報酬的描述性相關；非因果或預測能力，少量樣本不作判斷,描述性關係；尚未扣費用、檢查除權息或做樣本外驗證；不評分、不認定關鍵分點
3526,8885,8880,國泰-桃園,buy,5,1,1,1.2867647058823595,1.0,1.2867647058823595,0.0,0.9191176470588314,1,,量占比與後續報酬的描述性相關；非因果或預測能力，少量樣本不作判斷,描述性關係；尚未扣費用、檢查除權息或做樣本外驗證；不評分、不認定關鍵分點
3526,9204,9200,凱基-台中,buy,5,1,1,1.2867647058823595,1.0,1.2867647058823595,0.0,0.9191176470588314,1,,量占比與後續報酬的描述性相關；非因果或預測能力，少量樣本不作判斷,描述性關係；尚未扣費用、檢查除權息或做樣本外驗證；不評分、不認定關鍵分點
3526,9268,9200,凱基-台北,buy,5,1,1,1.2867647058823595,1.0,1.2867647058823595,0.0,0.9191176470588314,1,,量占比與後續報酬的描述性相關；非因果或預測能力，少量樣本不作判斷,描述性關係；尚未扣費用、檢查除權息或做樣本外驗證；不評分、不認定關鍵分點
3526,9278,9200,凱基-永康,sell,5,1,1,1.2867647058823595,1.0,1.2867647058823595,0.0,0.9191176470588314,1,,量占比與後續報酬的描述性相關；非因果或預測能力，少量樣本不作判斷,描述性關係；尚未扣費用、檢查除權息或做樣本外驗證；不評分、不認定關鍵分點
3526,9302,9300,華南永昌-台中,buy,5,1,1,1.2867647058823595,1.0,1.2867647058823595,0.0,0.9191176470588314,1,,量占比與後續報酬的描述性相關；非因果或預測能力，少量樣本不作判斷,描述性關係；尚未扣費用、檢查除權息或做樣本外驗證；不評分、不認定關鍵分點
3526,9333,9300,華南永昌-長虹,sell,5,1,1,1.2867647058823595,1.0,1.2867647058823595,0.0,0.9191176470588314,1,,量占比與後續報酬的描述性相關；非因果或預測能力，少量樣本不作判斷,描述性關係；尚未扣費用、檢查除權息或做樣本外驗證；不評分、不認定關鍵分點
3526,9366,9300,華南永昌-豐原,sell,5,1,1,1.2867647058823595,1.0,1.2867647058823595,0.0,0.9191176470588314,1,,量占比與後續報酬的描述性相關；非因果或預測能力，少量樣本不作判斷,描述性關係；尚未扣費用、檢查除權息或做樣本外驗證；不評分、不認定關鍵分點
3526,9624,9600,富邦-竹北,buy,5,1,1,1.2867647058823595,1.0,1.2867647058823595,0.0,0.9191176470588314,1,,量占比與後續報酬的描述性相關；非因果或預測能力，少量樣本不作判斷,描述性關係；尚未扣費用、檢查除權息或做樣本外驗證；不評分、不認定關鍵分點
3526,9654,9600,富邦-永和,sell,5,1,1,1.2867647058823595,1.0,1.2867647058823595,0.0,0.9191176470588314,1,,量占比與後續報酬的描述性相關；非因果或預測能力，少量樣本不作判斷,描述性關係；尚未扣費用、檢查除權息或做樣本外驗證；不評分、不認定關鍵分點
3526,9676,9600,富邦-仁愛,buy,5,1,1,1.2867647058823595,1.0,1.2867647058823595,0.0,0.9191176470588314,1,,量占比與後續報酬的描述性相關；非因果或預測能力，少量樣本不作判斷,描述性關係；尚未扣費用、檢查除權息或做樣本外驗證；不評分、不認定關鍵分點
3526,9686,9600,富邦-宜蘭,buy,5,1,1,1.2867647058823595,1.0,1.2867647058823595,0.0,0.9191176470588314,1,,量占比與後續報酬的描述性相關；非因果或預測能力，少量樣本不作判斷,描述性關係；尚未扣費用、檢查除權息或做樣本外驗證；不評分、不認定關鍵分點
3526,9862,9800,元大-南京,buy,5,1,1,1.2867647058823595,1.0,1.2867647058823595,0.0,0.9191176470588314,1,,量占比與後續報酬的描述性相關；非因果或預測能力，少量樣本不作判斷,描述性關係；尚未扣費用、檢查除權息或做樣本外驗證；不評分、不認定關鍵分點
3529,0031003000320045,1020,合庫-桃園,buy,5,1,1,-10.169491525423723,0.0,-10.169491525423723,0.0,-10.169491525423723,1,,量占比與後續報酬的描述性相關；非因果或預測能力，少量樣本不作判斷,描述性關係；尚未扣費用、檢查除權息或做樣本外驗證；不評分、不認定關鍵分點
3529,0039003100380064,9100,群益金鼎-內湖,sell,5,1,1,-10.169491525423723,0.0,-10.169491525423723,0.0,-10.169491525423723,1,,量占比與後續報酬的描述性相關；非因果或預測能力，少量樣本不作判斷,描述性關係；尚未扣費用、檢查除權息或做樣本外驗證；不評分、不認定關鍵分點
3529,0039003200300046,9200,凱基-站前,sell,5,1,1,-10.169491525423723,0.0,-10.169491525423723,0.0,-10.169491525423723,1,,量占比與後續報酬的描述性相關；非因果或預測能力，少量樣本不作判斷,描述性關係；尚未扣費用、檢查除權息或做樣本外驗證；不評分、不認定關鍵分點
3529,0039003600330041,9600,富邦-八德,buy,5,1,1,-10.169491525423723,0.0,-10.169491525423723,0.0,-10.169491525423723,1,,量占比與後續報酬的描述性相關；非因果或預測能力，少量樣本不作判斷,描述性關係；尚未扣費用、檢查除權息或做樣本外驗證；不評分、不認定關鍵分點
3529,0039003800390050,9800,元大-敦南,sell,5,1,1,-10.169491525423723,0.0,-10.169491525423723,0.0,-10.169491525423723,1,,量占比與後續報酬的描述性相關；非因果或預測能力，少量樣本不作判斷,描述性關係；尚未扣費用、檢查除權息或做樣本外驗證；不評分、不認定關鍵分點
3529,0039004100380031,9A00,永豐金-匯立,buy,5,1,1,-10.169491525423723,0.0,-10.169491525423723,0.0,-10.169491525423723,1,,量占比與後續報酬的描述性相關；非因果或預測能力，少量樣本不作判斷,描述性關係；尚未扣費用、檢查除權息或做樣本外驗證；不評分、不認定關鍵分點
3529,0039004100380039,9A00,永豐金-敦北,sell,5,1,1,-10.169491525423723,0.0,-10.169491525423723,0.0,-10.169491525423723,1,,量占比與後續報酬的描述性相關；非因果或預測能力，少量樣本不作判斷,描述性關係；尚未扣費用、檢查除權息或做樣本外驗證；不評分、不認定關鍵分點
3529,0039004100390057,9A00,永豐金-市政,buy,5,1,1,-10.169491525423723,0.0,-10.169491525423723,0.0,-10.169491525423723,1,,量占比與後續報酬的描述性相關；非因果或預測能力，少量樣本不作判斷,描述性關係；尚未扣費用、檢查除權息或做樣本外驗證；不評分、不認定關鍵分點
3529,0039004200320030,9B00,台新-台北,buy,5,1,1,-10.169491525423723,0.0,-10.169491525423723,0.0,-10.169491525423723,1,,量占比與後續報酬的描述性相關；非因果或預測能力，少量樣本不作判斷,描述性關係；尚未扣費用、檢查除權息或做樣本外驗證；不評分、不認定關鍵分點
3529,0039004200320061,9B00,台新-松德,sell,5,1,1,-10.169491525423723,0.0,-10.169491525423723,0.0,-10.169491525423723,1,,量占比與後續報酬的描述性相關；非因果或預測能力，少量樣本不作判斷,描述性關係；尚未扣費用、檢查除權息或做樣本外驗證；不評分、不認定關鍵分點
3529,1020,1020,合庫證券,buy,5,1,1,-10.169491525423723,0.0,-10.169491525423723,0.0,-10.169491525423723,1,,量占比與後續報酬的描述性相關；非因果或預測能力，少量樣本不作判斷,描述性關係；尚未扣費用、檢查除權息或做樣本外驗證；不評分、不認定關鍵分點
3529,1440,1440,美林,sell,5,1,1,-10.169491525423723,0.0,-10.169491525423723,0.0,-10.169491525423723,1,,量占比與後續報酬的描述性相關；非因果或預測能力，少量樣本不作判斷,描述性關係；尚未扣費用、檢查除權息或做樣本外驗證；不評分、不認定關鍵分點
3529,1470,1470,台灣摩根士丹利,buy,5,1,1,-10.169491525423723,0.0,-10.169491525423723,0.0,-10.169491525423723,1,,量占比與後續報酬的描述性相關；非因果或預測能力，少量樣本不作判斷,描述性關係；尚未扣費用、檢查除權息或做樣本外驗證；不評分、不認定關鍵分點
3529,1480,1480,美商高盛,sell,5,1,1,-10.169491525423723,0.0,-10.169491525423723,0.0,-10.169491525423723,1,,量占比與後續報酬的描述性相關；非因果或預測能力，少量樣本不作判斷,描述性關係；尚未扣費用、檢查除權息或做樣本外驗證；不評分、不認定關鍵分點
3529,1560,1560,港商野村,sell,5,1,1,-10.169491525423723,0.0,-10.169491525423723,0.0,-10.169491525423723,1,,量占比與後續報酬的描述性相關；非因果或預測能力，少量樣本不作判斷,描述性關係；尚未扣費用、檢查除權息或做樣本外驗證；不評分、不認定關鍵分點
3529,1590,1590,花旗環球,sell,5,1,1,-10.169491525423723,0.0,-10.169491525423723,0.0,-10.169491525423723,1,,量占比與後續報酬的描述性相關；非因果或預測能力，少量樣本不作判斷,描述性關係；尚未扣費用、檢查除權息或做樣本外驗證；不評分、不認定關鍵分點
3529,1650,1650,新加坡商瑞銀,buy,5,1,1,-10.169491525423723,0.0,-10.169491525423723,0.0,-10.169491525423723,1,,量占比與後續報酬的描述性相關；非因果或預測能力，少量樣本不作判斷,描述性關係；尚未扣費用、檢查除權息或做樣本外驗證；不評分、不認定關鍵分點
3529,5850,5850,統一,sell,5,1,1,-10.169491525423723,0.0,-10.169491525423723,0.0,-10.169491525423723,1,,量占比與後續報酬的描述性相關；非因果或預測能力，少量樣本不作判斷,描述性關係；尚未扣費用、檢查除權息或做樣本外驗證；不評分、不認定關鍵分點
3529,6160,6160,中國信託,buy,5,1,1,-10.169491525423723,0.0,-10.169491525423723,0.0,-10.169491525423723,1,,量占比與後續報酬的描述性相關；非因果或預測能力，少量樣本不作判斷,描述性關係；尚未扣費用、檢查除權息或做樣本外驗證；不評分、不認定關鍵分點
3529,6465,6460,大昌-桃園,sell,5,1,1,-10.169491525423723,0.0,-10.169491525423723,0.0,-10.169491525423723,1,,量占比與後續報酬的描述性相關；非因果或預測能力，少量樣本不作判斷,描述性關係；尚未扣費用、檢查除權息或做樣本外驗證；不評分、不認定關鍵分點
3529,7001,7000,兆豐-嘉義,buy,5,1,1,-10.169491525423723,0.0,-10.169491525423723,0.0,-10.169491525423723,1,,量占比與後續報酬的描述性相關；非因果或預測能力，少量樣本不作判斷,描述性關係；尚未扣費用、檢查除權息或做樣本外驗證；不評分、不認定關鍵分點
3529,8440,8440,摩根大通,buy,5,1,1,-10.169491525423723,0.0,-10.169491525423723,0.0,-10.169491525423723,1,,量占比與後續報酬的描述性相關；非因果或預測能力，少量樣本不作判斷,描述性關係；尚未扣費用、檢查除權息或做樣本外驗證；不評分、不認定關鍵分點
3529,8560,8560,新光,buy,5,1,1,-10.169491525423723,0.0,-10.169491525423723,0.0,-10.169491525423723,1,,量占比與後續報酬的描述性相關；非因果或預測能力，少量樣本不作判斷,描述性關係；尚未扣費用、檢查除權息或做樣本外驗證；不評分、不認定關鍵分點
3529,8882,8880,國泰-台中,sell,5,1,1,-10.169491525423723,0.0,-10.169491525423723,0.0,-10.169491525423723,1,,量占比與後續報酬的描述性相關；非因果或預測能力，少量樣本不作判斷,描述性關係；尚未扣費用、檢查除權息或做樣本外驗證；不評分、不認定關鍵分點
3529,9100,9100,群益金鼎,buy,5,1,1,-10.169491525423723,0.0,-10.169491525423723,0.0,-10.169491525423723,1,,量占比與後續報酬的描述性相關；非因果或預測能力，少量樣本不作判斷,描述性關係；尚未扣費用、檢查除權息或做樣本外驗證；不評分、不認定關鍵分點
3529,9200,9200,凱基,buy,5,1,1,-10.169491525423723,0.0,-10.169491525423723,0.0,-10.169491525423723,1,,量占比與後續報酬的描述性相關；非因果或預測能力，少量樣本不作判斷,描述性關係；尚未扣費用、檢查除權息或做樣本外驗證；不評分、不認定關鍵分點
3529,9268,9200,凱基-台北,buy,5,1,1,-10.169491525423723,0.0,-10.169491525423723,0.0,-10.169491525423723,1,,量占比與後續報酬的描述性相關；非因果或預測能力，少量樣本不作判斷,描述性關係；尚未扣費用、檢查除權息或做樣本外驗證；不評分、不認定關鍵分點
3529,9300,9300,華南永昌,sell,5,1,1,-10.169491525423723,0.0,-10.169491525423723,0.0,-10.169491525423723,1,,量占比與後續報酬的描述性相關；非因果或預測能力，少量樣本不作判斷,描述性關係；尚未扣費用、檢查除權息或做樣本外驗證；不評分、不認定關鍵分點
3529,9600,9600,富邦證券,sell,5,1,1,-10.169491525423723,0.0,-10.169491525423723,0.0,-10.169491525423723,1,,量占比與後續報酬的描述性相關；非因果或預測能力，少量樣本不作判斷,描述性關係；尚未扣費用、檢查除權息或做樣本外驗證；不評分、不認定關鍵分點
3529,9800,9800,元大證券,sell,5,1,1,-10.169491525423723,0.0,-10.169491525423723,0.0,-10.169491525423723,1,,量占比與後續報酬的描述性相關；非因果或預測能力，少量樣本不作判斷,描述性關係；尚未扣費用、檢查除權息或做樣本外驗證；不評分、不認定關鍵分點
3532,003700370039005a,7790,國票-安和,sell,5,1,1,7.383966244725748,1.0,7.383966244725748,0.0,-1.4767932489451518,1,,量占比與後續報酬的描述性相關；非因果或預測能力，少量樣本不作判斷,描述性關係；尚未扣費用、檢查除權息或做樣本外驗證；不評分、不認定關鍵分點
3532,003800340035004a,8450,康和-高雄,sell,5,1,1,7.383966244725748,1.0,7.383966244725748,0.0,-1.4767932489451518,1,,量占比與後續報酬的描述性相關；非因果或預測能力，少量樣本不作判斷,描述性關係；尚未扣費用、檢查除權息或做樣本外驗證；不評分、不認定關鍵分點
3532,0038003800380041,8880,國泰-館前,buy,5,1,1,7.383966244725748,1.0,7.383966244725748,0.0,-1.4767932489451518,1,,量占比與後續報酬的描述性相關；非因果或預測能力，少量樣本不作判斷,描述性關係；尚未扣費用、檢查除權息或做樣本外驗證；不評分、不認定關鍵分點
3532,003800380038004b,8880,國泰-板橋,buy,5,1,1,7.383966244725748,1.0,7.383966244725748,0.0,-1.4767932489451518,1,,量占比與後續報酬的描述性相關；非因果或預測能力，少量樣本不作判斷,描述性關係；尚未扣費用、檢查除權息或做樣本外驗證；不評分、不認定關鍵分點
3532,0039003100330049,9100,群益金鼎-萬華,buy,5,1,1,7.383966244725748,1.0,7.383966244725748,0.0,-1.4767932489451518,1,,量占比與後續報酬的描述性相關；非因果或預測能力，少量樣本不作判斷,描述性關係；尚未扣費用、檢查除權息或做樣本外驗證；不評分、不認定關鍵分點
3532,0039003200300041,9200,凱基-板橋,buy,5,1,1,7.383966244725748,1.0,7.383966244725748,0.0,-1.4767932489451518,1,,量占比與後續報酬的描述性相關；非因果或預測能力，少量樣本不作判斷,描述性關係；尚未扣費用、檢查除權息或做樣本外驗證；不評分、不認定關鍵分點
3532,0039003600330041,9600,富邦-八德,buy,5,1,1,7.383966244725748,1.0,7.383966244725748,0.0,-1.4767932489451518,1,,量占比與後續報酬的描述性相關；非因果或預測能力，少量樣本不作判斷,描述性關係；尚未扣費用、檢查除權息或做樣本外驗證；不評分、不認定關鍵分點
3532,003900380031005a,9800,元大-潮州,buy,5,1,1,7.383966244725748,1.0,7.383966244725748,0.0,-1.4767932489451518,1,,量占比與後續報酬的描述性相關；非因果或預測能力，少量樣本不作判斷,描述性關係；尚未扣費用、檢查除權息或做樣本外驗證；不評分、不認定關鍵分點
3532,0039003800320042,9800,元大-博愛,sell,5,1,1,7.383966244725748,1.0,7.383966244725748,0.0,-1.4767932489451518,1,,量占比與後續報酬的描述性相關；非因果或預測能力，少量樣本不作判斷,描述性關係；尚未扣費用、檢查除權息或做樣本外驗證；不評分、不認定關鍵分點
3532,003900380033004b,9800,元大-學甲,buy,5,1,1,7.383966244725748,1.0,7.383966244725748,0.0,-1.4767932489451518,1,,量占比與後續報酬的描述性相關；非因果或預測能力，少量樣本不作判斷,描述性關係；尚未扣費用、檢查除權息或做樣本外驗證；不評分、不認定關鍵分點
3532,0039004100300030,9A00,永豐金證券,buy,5,1,1,7.383966244725748,1.0,7.383966244725748,0.0,-1.4767932489451518,1,,量占比與後續報酬的描述性相關；非因果或預測能力，少量樣本不作判斷,描述性關係；尚未扣費用、檢查除權息或做樣本外驗證；不評分、不認定關鍵分點
3532,0039004100390038,9A00,永豐金-大園,sell,5,1,1,7.383966244725748,1.0,7.383966244725748,0.0,-1.4767932489451518,1,,量占比與後續報酬的描述性相關；非因果或預測能力，少量樣本不作判斷,描述性關係；尚未扣費用、檢查除權息或做樣本外驗證；不評分、不認定關鍵分點
3532,0039004100390041,9A00,永豐金-羅東,sell,5,1,1,7.383966244725748,1.0,7.383966244725748,0.0,-1.4767932489451518,1,,量占比與後續報酬的描述性相關；非因果或預測能力，少量樣本不作判斷,描述性關係；尚未扣費用、檢查除權息或做樣本外驗證；不評分、不認定關鍵分點
3532,003900410039005a,9A00,永豐金-復興,sell,5,1,1,7.383966244725748,1.0,7.383966244725748,0.0,-1.4767932489451518,1,,量占比與後續報酬的描述性相關；非因果或預測能力，少量樣本不作判斷,描述性關係；尚未扣費用、檢查除權息或做樣本外驗證；不評分、不認定關鍵分點
3532,0039004100390061,9A00,永豐金-亞灣,sell,5,1,1,7.383966244725748,1.0,7.383966244725748,0.0,-1.4767932489451518,1,,量占比與後續報酬的描述性相關；非因果或預測能力，少量樣本不作判斷,描述性關係；尚未扣費用、檢查除權息或做樣本外驗證；不評分、不認定關鍵分點
3532,1440,1440,美林,sell,5,1,1,7.383966244725748,1.0,7.383966244725748,0.0,-1.4767932489451518,1,,量占比與後續報酬的描述性相關；非因果或預測能力，少量樣本不作判斷,描述性關係；尚未扣費用、檢查除權息或做樣本外驗證；不評分、不認定關鍵分點
3532,1470,1470,台灣摩根士丹利,sell,5,1,1,7.383966244725748,1.0,7.383966244725748,0.0,-1.4767932489451518,1,,量占比與後續報酬的描述性相關；非因果或預測能力，少量樣本不作判斷,描述性關係；尚未扣費用、檢查除權息或做樣本外驗證；不評分、不認定關鍵分點
3532,5850,5850,統一,sell,5,1,1,7.383966244725748,1.0,7.383966244725748,0.0,-1.4767932489451518,1,,量占比與後續報酬的描述性相關；非因果或預測能力，少量樣本不作判斷,描述性關係；尚未扣費用、檢查除權息或做樣本外驗證；不評分、不認定關鍵分點
3532,6160,6160,中國信託,buy,5,1,1,7.383966244725748,1.0,7.383966244725748,0.0,-1.4767932489451518,1,,量占比與後續報酬的描述性相關；非因果或預測能力，少量樣本不作判斷,描述性關係；尚未扣費用、檢查除權息或做樣本外驗證；不評分、不認定關鍵分點
3532,8440,8440,摩根大通,sell,5,1,1,7.383966244725748,1.0,7.383966244725748,0.0,-1.4767932489451518,1,,量占比與後續報酬的描述性相關；非因果或預測能力，少量樣本不作判斷,描述性關係；尚未扣費用、檢查除權息或做樣本外驗證；不評分、不認定關鍵分點
3532,8710,8710,陽信,buy,5,1,1,7.383966244725748,1.0,7.383966244725748,0.0,-1.4767932489451518,1,,量占比與後續報酬的描述性相關；非因果或預測能力，少量樣本不作判斷,描述性關係；尚未扣費用、檢查除權息或做樣本外驗證；不評分、不認定關鍵分點
3532,8882,8880,國泰-台中,buy,5,1,1,7.383966244725748,1.0,7.383966244725748,0.0,-1.4767932489451518,1,,量占比與後續報酬的描述性相關；非因果或預測能力，少量樣本不作判斷,描述性關係；尚未扣費用、檢查除權息或做樣本外驗證；不評分、不認定關鍵分點
3532,8888,8880,國泰-敦南,buy,5,1,1,7.383966244725748,1.0,7.383966244725748,0.0,-1.4767932489451518,1,,量占比與後續報酬的描述性相關；非因果或預測能力，少量樣本不作判斷,描述性關係；尚未扣費用、檢查除權息或做樣本外驗證；不評分、不認定關鍵分點
3532,9100,9100,群益金鼎,sell,5,1,1,7.383966244725748,1.0,7.383966244725748,0.0,-1.4767932489451518,1,,量占比與後續報酬的描述性相關；非因果或預測能力，少量樣本不作判斷,描述性關係；尚未扣費用、檢查除權息或做樣本外驗證；不評分、不認定關鍵分點
3532,9137,9100,群益金鼎-士林,sell,5,1,1,7.383966244725748,1.0,7.383966244725748,0.0,-1.4767932489451518,1,,量占比與後續報酬的描述性相關；非因果或預測能力，少量樣本不作判斷,描述性關係；尚未扣費用、檢查除權息或做樣本外驗證；不評分、不認定關鍵分點
3532,9200,9200,凱基,sell,5,1,1,7.383966244725748,1.0,7.383966244725748,0.0,-1.4767932489451518,1,,量占比與後續報酬的描述性相關；非因果或預測能力，少量樣本不作判斷,描述性關係；尚未扣費用、檢查除權息或做樣本外驗證；不評分、不認定關鍵分點
3532,9204,9200,凱基-台中,buy,5,1,1,7.383966244725748,1.0,7.383966244725748,0.0,-1.4767932489451518,1,,量占比與後續報酬的描述性相關；非因果或預測能力，少量樣本不作判斷,描述性關係；尚未扣費用、檢查除權息或做樣本外驗證；不評分、不認定關鍵分點
3532,9268,9200,凱基-台北,buy,5,1,1,7.383966244725748,1.0,7.383966244725748,0.0,-1.4767932489451518,1,,量占比與後續報酬的描述性相關；非因果或預測能力，少量樣本不作判斷,描述性關係；尚未扣費用、檢查除權息或做樣本外驗證；不評分、不認定關鍵分點
3532,9659,9600,富邦-高雄,buy,5,1,1,7.383966244725748,1.0,7.383966244725748,0.0,-1.4767932489451518,1,,量占比與後續報酬的描述性相關；非因果或預測能力，少量樣本不作判斷,描述性關係；尚未扣費用、檢查除權息或做樣本外驗證；不評分、不認定關鍵分點
3532,9800,9800,元大證券,sell,5,1,1,7.383966244725748,1.0,7.383966244725748,0.0,-1.4767932489451518,1,,量占比與後續報酬的描述性相關；非因果或預測能力，少量樣本不作判斷,描述性關係；尚未扣費用、檢查除權息或做樣本外驗證；不評分、不認定關鍵分點
3533,0036003000310064,6010,(牛牛牛)亞-鑫豐,sell,5,1,1,3.2345013477088846,1.0,3.2345013477088846,0.0,-1.6172506738544423,1,,量占比與後續報酬的描述性相關；非因果或預測能力，少量樣本不作判斷,描述性關係；尚未扣費用、檢查除權息或做樣本外驗證；不評分、不認定關鍵分點
3533,0037003700390063,7790,國票-敦北法人,buy,5,1,1,3.2345013477088846,1.0,3.2345013477088846,0.0,-1.6172506738544423,1,,量占比與後續報酬的描述性相關；非因果或預測能力，少量樣本不作判斷,描述性關係；尚未扣費用、檢查除權息或做樣本外驗證；不評分、不認定關鍵分點
3533,0039003100380057,9100,群益金鼎-忠孝,buy,5,1,1,3.2345013477088846,1.0,3.2345013477088846,0.0,-1.6172506738544423,1,,量占比與後續報酬的描述性相關；非因果或預測能力，少量樣本不作判斷,描述性關係；尚未扣費用、檢查除權息或做樣本外驗證；不評分、不認定關鍵分點
3533,0039003200300046,9200,凱基-站前,buy,5,1,1,3.2345013477088846,1.0,3.2345013477088846,0.0,-1.6172506738544423,1,,量占比與後續報酬的描述性相關；非因果或預測能力，少量樣本不作判斷,描述性關係；尚未扣費用、檢查除權息或做樣本外驗證；不評分、不認定關鍵分點
3533,003900360031004d,9600,富邦-木柵,sell,5,1,1,3.2345013477088846,1.0,3.2345013477088846,0.0,-1.6172506738544423,1,,量占比與後續報酬的描述性相關；非因果或預測能力，少量樣本不作判斷,描述性關係；尚未扣費用、檢查除權息或做樣本外驗證；不評分、不認定關鍵分點
3533,003900380031006a,9800,元大-士林,sell,5,1,1,3.2345013477088846,1.0,3.2345013477088846,0.0,-1.6172506738544423,1,,量占比與後續報酬的描述性相關；非因果或預測能力，少量樣本不作判斷,描述性關係；尚未扣費用、檢查除權息或做樣本外驗證；不評分、不認定關鍵分點
3533,0039003800390050,9800,元大-敦南,buy,5,1,1,3.2345013477088846,1.0,3.2345013477088846,0.0,-1.6172506738544423,1,,量占比與後續報酬的描述性相關；非因果或預測能力，少量樣本不作判斷,描述性關係；尚未扣費用、檢查除權息或做樣本外驗證；不評分、不認定關鍵分點
3533,0039004100300030,9A00,永豐金證券,buy,5,1,1,3.2345013477088846,1.0,3.2345013477088846,0.0,-1.6172506738544423,1,,量占比與後續報酬的描述性相關；非因果或預測能力，少量樣本不作判斷,描述性關係；尚未扣費用、檢查除權息或做樣本外驗證；不評分、不認定關鍵分點
3533,0039004100390052,9A00,永豐金-信義,buy,5,1,1,3.2345013477088846,1.0,3.2345013477088846,0.0,-1.6172506738544423,1,,量占比與後續報酬的描述性相關；非因果或預測能力，少量樣本不作判斷,描述性關係；尚未扣費用、檢查除權息或做樣本外驗證；不評分、不認定關鍵分點
3533,0039004200300030,9B00,台新,sell,5,1,1,3.2345013477088846,1.0,3.2345013477088846,0.0,-1.6172506738544423,1,,量占比與後續報酬的描述性相關；非因果或預測能力，少量樣本不作判斷,描述性關係；尚未扣費用、檢查除權息或做樣本外驗證；不評分、不認定關鍵分點
3533,1260,1260,宏遠證券,buy,5,1,1,3.2345013477088846,1.0,3.2345013477088846,0.0,-1.6172506738544423,1,,量占比與後續報酬的描述性相關；非因果或預測能力，少量樣本不作判斷,描述性關係；尚未扣費用、檢查除權息或做樣本外驗證；不評分、不認定關鍵分點
3533,1440,1440,美林,sell,5,1,1,3.2345013477088846,1.0,3.2345013477088846,0.0,-1.6172506738544423,1,,量占比與後續報酬的描述性相關；非因果或預測能力，少量樣本不作判斷,描述性關係；尚未扣費用、檢查除權息或做樣本外驗證；不評分、不認定關鍵分點
3533,1470,1470,台灣摩根士丹利,sell,5,1,1,3.2345013477088846,1.0,3.2345013477088846,0.0,-1.6172506738544423,1,,量占比與後續報酬的描述性相關；非因果或預測能力，少量樣本不作判斷,描述性關係；尚未扣費用、檢查除權息或做樣本外驗證；不評分、不認定關鍵分點
3533,1480,1480,美商高盛,sell,5,1,1,3.2345013477088846,1.0,3.2345013477088846,0.0,-1.6172506738544423,1,,量占比與後續報酬的描述性相關；非因果或預測能力，少量樣本不作判斷,描述性關係；尚未扣費用、檢查除權息或做樣本外驗證；不評分、不認定關鍵分點
3533,1560,1560,港商野村,buy,5,1,1,3.2345013477088846,1.0,3.2345013477088846,0.0,-1.6172506738544423,1,,量占比與後續報酬的描述性相關；非因果或預測能力，少量樣本不作判斷,描述性關係；尚未扣費用、檢查除權息或做樣本外驗證；不評分、不認定關鍵分點
3533,1590,1590,花旗環球,sell,5,1,1,3.2345013477088846,1.0,3.2345013477088846,0.0,-1.6172506738544423,1,,量占比與後續報酬的描述性相關；非因果或預測能力，少量樣本不作判斷,描述性關係；尚未扣費用、檢查除權息或做樣本外驗證；不評分、不認定關鍵分點
3533,1650,1650,新加坡商瑞銀,buy,5,1,1,3.2345013477088846,1.0,3.2345013477088846,0.0,-1.6172506738544423,1,,量占比與後續報酬的描述性相關；非因果或預測能力，少量樣本不作判斷,描述性關係；尚未扣費用、檢查除權息或做樣本外驗證；不評分、不認定關鍵分點
3533,5850,5850,統一,buy,5,1,1,3.2345013477088846,1.0,3.2345013477088846,0.0,-1.6172506738544423,1,,量占比與後續報酬的描述性相關；非因果或預測能力，少量樣本不作判斷,描述性關係；尚未扣費用、檢查除權息或做樣本外驗證；不評分、不認定關鍵分點
3533,5857,5850,統一-新竹,sell,5,1,1,3.2345013477088846,1.0,3.2345013477088846,0.0,-1.6172506738544423,1,,量占比與後續報酬的描述性相關；非因果或預測能力，少量樣本不作判斷,描述性關係；尚未扣費用、檢查除權息或做樣本外驗證；不評分、不認定關鍵分點
3533,8440,8440,摩根大通,sell,5,1,1,3.2345013477088846,1.0,3.2345013477088846,0.0,-1.6172506738544423,1,,量占比與後續報酬的描述性相關；非因果或預測能力，少量樣本不作判斷,描述性關係；尚未扣費用、檢查除權息或做樣本外驗證；不評分、不認定關鍵分點
3533,8880,8880,國泰證券,buy,5,1,1,3.2345013477088846,1.0,3.2345013477088846,0.0,-1.6172506738544423,1,,量占比與後續報酬的描述性相關；非因果或預測能力，少量樣本不作判斷,描述性關係；尚未扣費用、檢查除權息或做樣本外驗證；不評分、不認定關鍵分點
3533,8900,8900,法銀巴黎,sell,5,1,1,3.2345013477088846,1.0,3.2345013477088846,0.0,-1.6172506738544423,1,,量占比與後續報酬的描述性相關；非因果或預測能力，少量樣本不作判斷,描述性關係；尚未扣費用、檢查除權息或做樣本外驗證；不評分、不認定關鍵分點
3533,9100,9100,群益金鼎,buy,5,1,1,3.2345013477088846,1.0,3.2345013477088846,0.0,-1.6172506738544423,1,,量占比與後續報酬的描述性相關；非因果或預測能力，少量樣本不作判斷,描述性關係；尚未扣費用、檢查除權息或做樣本外驗證；不評分、不認定關鍵分點
3533,9200,9200,凱基,buy,5,1,1,3.2345013477088846,1.0,3.2345013477088846,0.0,-1.6172506738544423,1,,量占比與後續報酬的描述性相關；非因果或預測能力，少量樣本不作判斷,描述性關係；尚未扣費用、檢查除權息或做樣本外驗證；不評分、不認定關鍵分點
3533,9216,9200,凱基-信義,buy,5,1,1,3.2345013477088846,1.0,3.2345013477088846,0.0,-1.6172506738544423,1,,量占比與後續報酬的描述性相關；非因果或預測能力，少量樣本不作判斷,描述性關係；尚未扣費用、檢查除權息或做樣本外驗證；不評分、不認定關鍵分點
3533,9268,9200,凱基-台北,sell,5,1,1,3.2345013477088846,1.0,3.2345013477088846,0.0,-1.6172506738544423,1,,量占比與後續報酬的描述性相關；非因果或預測能力，少量樣本不作判斷,描述性關係；尚未扣費用、檢查除權息或做樣本外驗證；不評分、不認定關鍵分點
3533,9600,9600,富邦證券,sell,5,1,1,3.2345013477088846,1.0,3.2345013477088846,0.0,-1.6172506738544423,1,,量占比與後續報酬的描述性相關；非因果或預測能力，少量樣本不作判斷,描述性關係；尚未扣費用、檢查除權息或做樣本外驗證；不評分、不認定關鍵分點
3533,9800,9800,元大證券,buy,5,1,1,3.2345013477088846,1.0,3.2345013477088846,0.0,-1.6172506738544423,1,,量占比與後續報酬的描述性相關；非因果或預測能力，少量樣本不作判斷,描述性關係；尚未扣費用、檢查除權息或做樣本外驗證；不評分、不認定關鍵分點
3533,9871,9800,元大-忠孝,sell,5,1,1,3.2345013477088846,1.0,3.2345013477088846,0.0,-1.6172506738544423,1,,量占比與後續報酬的描述性相關；非因果或預測能力，少量樣本不作判斷,描述性關係；尚未扣費用、檢查除權息或做樣本外驗證；不評分、不認定關鍵分點
3533,9893,9800,元大-大天母,sell,5,1,1,3.2345013477088846,1.0,3.2345013477088846,0.0,-1.6172506738544423,1,,量占比與後續報酬的描述性相關；非因果或預測能力，少量樣本不作判斷,描述性關係；尚未扣費用、檢查除權息或做樣本外驗證；不評分、不認定關鍵分點
3540,003500320036004b,5260,美好-富順,buy,5,1,1,3.0303030303030276,1.0,3.0303030303030276,0.0,1.298701298701288,1,,量占比與後續報酬的描述性相關；非因果或預測能力，少量樣本不作判斷,描述性關係；尚未扣費用、檢查除權息或做樣本外驗證；不評分、不認定關鍵分點
3540,0035003300380057,5380,第一金-華江,sell,5,1,1,3.0303030303030276,1.0,3.0303030303030276,0.0,1.298701298701288,1,,量占比與後續報酬的描述性相關；非因果或預測能力，少量樣本不作判斷,描述性關係；尚未扣費用、檢查除權息或做樣本外驗證；不評分、不認定關鍵分點
3540,003600310036004b,6160,中國信託-高雄,buy,5,1,1,3.0303030303030276,1.0,3.0303030303030276,0.0,1.298701298701288,1,,量占比與後續報酬的描述性相關；非因果或預測能力，少量樣本不作判斷,描述性關係；尚未扣費用、檢查除權息或做樣本外驗證；不評分、不認定關鍵分點
3540,0036003300380041,6380,光和-嘉義,buy,5,1,1,3.0303030303030276,1.0,3.0303030303030276,0.0,1.298701298701288,1,,量占比與後續報酬的描述性相關；非因果或預測能力，少量樣本不作判斷,描述性關係；尚未扣費用、檢查除權息或做樣本外驗證；不評分、不認定關鍵分點
3540,0037003700390063,7790,國票-敦北法人,buy,5,1,1,3.0303030303030276,1.0,3.0303030303030276,0.0,1.298701298701288,1,,量占比與後續報酬的描述性相關；非因果或預測能力，少量樣本不作判斷,描述性關係；尚未扣費用、檢查除權息或做樣本外驗證；不評分、不認定關鍵分點
3540,0038003400350044,8450,康和-板橋,sell,5,1,1,3.0303030303030276,1.0,3.0303030303030276,0.0,1.298701298701288,1,,量占比與後續報酬的描述性相關；非因果或預測能力，少量樣本不作判斷,描述性關係；尚未扣費用、檢查除權息或做樣本外驗證；不評分、不認定關鍵分點
3540,0038003800380041,8880,國泰-館前,buy,5,1,1,3.0303030303030276,1.0,3.0303030303030276,0.0,1.298701298701288,1,,量占比與後續報酬的描述性相關；非因果或預測能力，少量樣本不作判斷,描述性關係；尚未扣費用、檢查除權息或做樣本外驗證；不評分、不認定關鍵分點
3540,0039003100380065,9100,群益金鼎-大安,buy,5,1,1,3.0303030303030276,1.0,3.0303030303030276,0.0,1.298701298701288,1,,量占比與後續報酬的描述性相關；非因果或預測能力，少量樣本不作判斷,描述性關係；尚未扣費用、檢查除權息或做樣本外驗證；不評分、不認定關鍵分點
3540,003900380031004e,9800,元大-金門,buy,5,1,1,3.0303030303030276,1.0,3.0303030303030276,0.0,1.298701298701288,1,,量占比與後續報酬的描述性相關；非因果或預測能力，少量樣本不作判斷,描述性關係；尚未扣費用、檢查除權息或做樣本外驗證；不評分、不認定關鍵分點
3540,003900410039004b,9A00,永豐金-三重,sell,5,1,1,3.0303030303030276,1.0,3.0303030303030276,0.0,1.298701298701288,1,,量占比與後續報酬的描述性相關；非因果或預測能力，少量樣本不作判斷,描述性關係；尚未扣費用、檢查除權息或做樣本外驗證；不評分、不認定關鍵分點
3540,0039004100390053,9A00,永豐金-南京,buy,5,1,1,3.0303030303030276,1.0,3.0303030303030276,0.0,1.298701298701288,1,,量占比與後續報酬的描述性相關；非因果或預測能力，少量樣本不作判斷,描述性關係；尚未扣費用、檢查除權息或做樣本外驗證；不評分、不認定關鍵分點
3540,0039004100390068,9A00,永豐金-台南,buy,5,1,1,3.0303030303030276,1.0,3.0303030303030276,0.0,1.298701298701288,1,,量占比與後續報酬的描述性相關；非因果或預測能力，少量樣本不作判斷,描述性關係；尚未扣費用、檢查除權息或做樣本外驗證；不評分、不認定關鍵分點
3540,0039004100390069,9A00,永豐金-新店,sell,5,1,1,3.0303030303030276,1.0,3.0303030303030276,0.0,1.298701298701288,1,,量占比與後續報酬的描述性相關；非因果或預測能力，少量樣本不作判斷,描述性關係；尚未扣費用、檢查除權息或做樣本外驗證；不評分、不認定關鍵分點
3540,0039004100390073,9A00,永豐金-彰化,sell,5,1,1,3.0303030303030276,1.0,3.0303030303030276,0.0,1.298701298701288,1,,量占比與後續報酬的描述性相關；非因果或預測能力，少量樣本不作判斷,描述性關係；尚未扣費用、檢查除權息或做樣本外驗證；不評分、不認定關鍵分點
3540,003900420032006d,9B00,台新-成功,sell,5,1,1,3.0303030303030276,1.0,3.0303030303030276,0.0,1.298701298701288,1,,量占比與後續報酬的描述性相關；非因果或預測能力，少量樣本不作判斷,描述性關係；尚未扣費用、檢查除權息或做樣本外驗證；不評分、不認定關鍵分點
3540,1440,1440,美林,buy,5,1,1,3.0303030303030276,1.0,3.0303030303030276,0.0,1.298701298701288,1,,量占比與後續報酬的描述性相關；非因果或預測能力，少量樣本不作判斷,描述性關係；尚未扣費用、檢查除權息或做樣本外驗證；不評分、不認定關鍵分點
3540,1470,1470,台灣摩根士丹利,sell,5,1,1,3.0303030303030276,1.0,3.0303030303030276,0.0,1.298701298701288,1,,量占比與後續報酬的描述性相關；非因果或預測能力，少量樣本不作判斷,描述性關係；尚未扣費用、檢查除權息或做樣本外驗證；不評分、不認定關鍵分點
3540,1480,1480,美商高盛,buy,5,1,1,3.0303030303030276,1.0,3.0303030303030276,0.0,1.298701298701288,1,,量占比與後續報酬的描述性相關；非因果或預測能力，少量樣本不作判斷,描述性關係；尚未扣費用、檢查除權息或做樣本外驗證；不評分、不認定關鍵分點
3540,1560,1560,港商野村,sell,5,1,1,3.0303030303030276,1.0,3.0303030303030276,0.0,1.298701298701288,1,,量占比與後續報酬的描述性相關；非因果或預測能力，少量樣本不作判斷,描述性關係；尚未扣費用、檢查除權息或做樣本外驗證；不評分、不認定關鍵分點
3540,1650,1650,新加坡商瑞銀,buy,5,1,1,3.0303030303030276,1.0,3.0303030303030276,0.0,1.298701298701288,1,,量占比與後續報酬的描述性相關；非因果或預測能力，少量樣本不作判斷,描述性關係；尚未扣費用、檢查除權息或做樣本外驗證；不評分、不認定關鍵分點
3540,5384,5380,第一金-台南,sell,5,1,1,3.0303030303030276,1.0,3.0303030303030276,0.0,1.298701298701288,1,,量占比與後續報酬的描述性相關；非因果或預測能力，少量樣本不作判斷,描述性關係；尚未扣費用、檢查除權息或做樣本外驗證；不評分、不認定關鍵分點
3540,6461,6460,大昌-樹林,buy,5,1,1,3.0303030303030276,1.0,3.0303030303030276,0.0,1.298701298701288,1,,量占比與後續報酬的描述性相關；非因果或預測能力，少量樣本不作判斷,描述性關係；尚未扣費用、檢查除權息或做樣本外驗證；不評分、不認定關鍵分點
3540,6464,6460,大昌-新店,sell,5,1,1,3.0303030303030276,1.0,3.0303030303030276,0.0,1.298701298701288,1,,量占比與後續報酬的描述性相關；非因果或預測能力，少量樣本不作判斷,描述性關係；尚未扣費用、檢查除權息或做樣本外驗證；不評分、不認定關鍵分點
3540,7795,7790,國票-南港,sell,5,1,1,3.0303030303030276,1.0,3.0303030303030276,0.0,1.298701298701288,1,,量占比與後續報酬的描述性相關；非因果或預測能力，少量樣本不作判斷,描述性關係；尚未扣費用、檢查除權息或做樣本外驗證；不評分、不認定關鍵分點
3540,8440,8440,摩根大通,sell,5,1,1,3.0303030303030276,1.0,3.0303030303030276,0.0,1.298701298701288,1,,量占比與後續報酬的描述性相關；非因果或預測能力，少量樣本不作判斷,描述性關係；尚未扣費用、檢查除權息或做樣本外驗證；不評分、不認定關鍵分點
3540,8881,8880,國泰-高雄,buy,5,1,1,3.0303030303030276,1.0,3.0303030303030276,0.0,1.298701298701288,1,,量占比與後續報酬的描述性相關；非因果或預測能力，少量樣本不作判斷,描述性關係；尚未扣費用、檢查除權息或做樣本外驗證；不評分、不認定關鍵分點
3540,8882,8880,國泰-台中,buy,5,1,1,3.0303030303030276,1.0,3.0303030303030276,0.0,1.298701298701288,1,,量占比與後續報酬的描述性相關；非因果或預測能力，少量樣本不作判斷,描述性關係；尚未扣費用、檢查除權息或做樣本外驗證；不評分、不認定關鍵分點
3540,9238,9200,凱基-士林,sell,5,1,1,3.0303030303030276,1.0,3.0303030303030276,0.0,1.298701298701288,1,,量占比與後續報酬的描述性相關；非因果或預測能力，少量樣本不作判斷,描述性關係；尚未扣費用、檢查除權息或做樣本外驗證；不評分、不認定關鍵分點
3540,9266,9200,凱基-新豐,sell,5,1,1,3.0303030303030276,1.0,3.0303030303030276,0.0,1.298701298701288,1,,量占比與後續報酬的描述性相關；非因果或預測能力，少量樣本不作判斷,描述性關係；尚未扣費用、檢查除權息或做樣本外驗證；不評分、不認定關鍵分點
3540,9302,9300,華南永昌-台中,sell,5,1,1,3.0303030303030276,1.0,3.0303030303030276,0.0,1.298701298701288,1,,量占比與後續報酬的描述性相關；非因果或預測能力，少量樣本不作判斷,描述性關係；尚未扣費用、檢查除權息或做樣本外驗證；不評分、不認定關鍵分點
3580,003500330038004e,5380,第一金-豐原,sell,5,1,1,-5.9633027522935755,0.0,-5.9633027522935755,0.0,-5.9633027522935755,1,,量占比與後續報酬的描述性相關；非因果或預測能力，少量樣本不作判斷,描述性關係；尚未扣費用、檢查除權息或做樣本外驗證；不評分、不認定關鍵分點
3580,0035003800350052,5850,統一-東湖,buy,5,1,1,-5.9633027522935755,0.0,-5.9633027522935755,0.0,-5.9633027522935755,1,,量占比與後續報酬的描述性相關；非因果或預測能力，少量樣本不作判斷,描述性關係；尚未扣費用、檢查除權息或做樣本外驗證；不評分、不認定關鍵分點
3580,003700300030006b,7000,兆豐-員林,buy,5,1,1,-5.9633027522935755,0.0,-5.9633027522935755,0.0,-5.9633027522935755,1,,量占比與後續報酬的描述性相關；非因果或預測能力，少量樣本不作判斷,描述性關係；尚未扣費用、檢查除權息或做樣本外驗證；不評分、不認定關鍵分點
3580,0038003800340042,8840,玉山-台中,sell,5,1,1,-5.9633027522935755,0.0,-5.9633027522935755,0.0,-5.9633027522935755,1,,量占比與後續報酬的描述性相關；非因果或預測能力，少量樣本不作判斷,描述性關係；尚未扣費用、檢查除權息或做樣本外驗證；不評分、不認定關鍵分點
3580,003900360035004b,9600,富邦-台中,sell,5,1,1,-5.9633027522935755,0.0,-5.9633027522935755,0.0,-5.9633027522935755,1,,量占比與後續報酬的描述性相關；非因果或預測能力，少量樣本不作判斷,描述性關係；尚未扣費用、檢查除權息或做樣本外驗證；不評分、不認定關鍵分點
3580,0039003800310051,9800,元大-太平,buy,5,1,1,-5.9633027522935755,0.0,-5.9633027522935755,0.0,-5.9633027522935755,1,,量占比與後續報酬的描述性相關；非因果或預測能力，少量樣本不作判斷,描述性關係；尚未扣費用、檢查除權息或做樣本外驗證；不評分、不認定關鍵分點
3580,0039003800310079,9800,元大-善化,buy,5,1,1,-5.9633027522935755,0.0,-5.9633027522935755,0.0,-5.9633027522935755,1,,量占比與後續報酬的描述性相關；非因果或預測能力，少量樣本不作判斷,描述性關係；尚未扣費用、檢查除權息或做樣本外驗證；不評分、不認定關鍵分點
3580,003900380031007a,9800,元大-大統,buy,5,1,1,-5.9633027522935755,0.0,-5.9633027522935755,0.0,-5.9633027522935755,1,,量占比與後續報酬的描述性相關；非因果或預測能力，少量樣本不作判斷,描述性關係；尚未扣費用、檢查除權息或做樣本外驗證；不評分、不認定關鍵分點
3580,0039003800390061,9800,元大-苑裡,sell,5,1,1,-5.9633027522935755,0.0,-5.9633027522935755,0.0,-5.9633027522935755,1,,量占比與後續報酬的描述性相關；非因果或預測能力，少量樣本不作判斷,描述性關係；尚未扣費用、檢查除權息或做樣本外驗證；不評分、不認定關鍵分點
3580,0039004100390067,9A00,永豐金-內湖,buy,5,1,1,-5.9633027522935755,0.0,-5.9633027522935755,0.0,-5.9633027522935755,1,,量占比與後續報酬的描述性相關；非因果或預測能力，少量樣本不作判斷,描述性關係；尚未扣費用、檢查除權息或做樣本外驗證；不評分、不認定關鍵分點
3580,0039004200320030,9B00,台新-台北,buy,5,1,1,-5.9633027522935755,0.0,-5.9633027522935755,0.0,-5.9633027522935755,1,,量占比與後續報酬的描述性相關；非因果或預測能力，少量樣本不作判斷,描述性關係；尚未扣費用、檢查除權息或做樣本外驗證；不評分、不認定關鍵分點
3580,1021,1020,合庫-台中,buy,5,1,1,-5.9633027522935755,0.0,-5.9633027522935755,0.0,-5.9633027522935755,1,,量占比與後續報酬的描述性相關；非因果或預測能力，少量樣本不作判斷,描述性關係；尚未扣費用、檢查除權息或做樣本外驗證；不評分、不認定關鍵分點
3580,1440,1440,美林,buy,5,1,1,-5.9633027522935755,0.0,-5.9633027522935755,0.0,-5.9633027522935755,1,,量占比與後續報酬的描述性相關；非因果或預測能力，少量樣本不作判斷,描述性關係；尚未扣費用、檢查除權息或做樣本外驗證；不評分、不認定關鍵分點
3580,1480,1480,美商高盛,sell,5,1,1,-5.9633027522935755,0.0,-5.9633027522935755,0.0,-5.9633027522935755,1,,量占比與後續報酬的描述性相關；非因果或預測能力，少量樣本不作判斷,描述性關係；尚未扣費用、檢查除權息或做樣本外驗證；不評分、不認定關鍵分點
3580,1560,1560,港商野村,sell,5,1,1,-5.9633027522935755,0.0,-5.9633027522935755,0.0,-5.9633027522935755,1,,量占比與後續報酬的描述性相關；非因果或預測能力，少量樣本不作判斷,描述性關係；尚未扣費用、檢查除權息或做樣本外驗證；不評分、不認定關鍵分點
3580,1650,1650,新加坡商瑞銀,buy,5,1,1,-5.9633027522935755,0.0,-5.9633027522935755,0.0,-5.9633027522935755,1,,量占比與後續報酬的描述性相關；非因果或預測能力，少量樣本不作判斷,描述性關係；尚未扣費用、檢查除權息或做樣本外驗證；不評分、不認定關鍵分點
3580,5381,5380,第一金-員林,sell,5,1,1,-5.9633027522935755,0.0,-5.9633027522935755,0.0,-5.9633027522935755,1,,量占比與後續報酬的描述性相關；非因果或預測能力，少量樣本不作判斷,描述性關係；尚未扣費用、檢查除權息或做樣本外驗證；不評分、不認定關鍵分點
3580,6160,6160,中國信託,sell,5,1,1,-5.9633027522935755,0.0,-5.9633027522935755,0.0,-5.9633027522935755,1,,量占比與後續報酬的描述性相關；非因果或預測能力，少量樣本不作判斷,描述性關係；尚未扣費用、檢查除權息或做樣本外驗證；不評分、不認定關鍵分點
3580,8440,8440,摩根大通,buy,5,1,1,-5.9633027522935755,0.0,-5.9633027522935755,0.0,-5.9633027522935755,1,,量占比與後續報酬的描述性相關；非因果或預測能力，少量樣本不作判斷,描述性關係；尚未扣費用、檢查除權息或做樣本外驗證；不評分、不認定關鍵分點
3580,8560,8560,新光,sell,5,1,1,-5.9633027522935755,0.0,-5.9633027522935755,0.0,-5.9633027522935755,1,,量占比與後續報酬的描述性相關；非因果或預測能力，少量樣本不作判斷,描述性關係；尚未扣費用、檢查除權息或做樣本外驗證；不評分、不認定關鍵分點
3580,8561,8560,新光-台中,sell,5,1,1,-5.9633027522935755,0.0,-5.9633027522935755,0.0,-5.9633027522935755,1,,量占比與後續報酬的描述性相關；非因果或預測能力，少量樣本不作判斷,描述性關係；尚未扣費用、檢查除權息或做樣本外驗證；不評分、不認定關鍵分點
3580,8840,8840,玉山證券,sell,5,1,1,-5.9633027522935755,0.0,-5.9633027522935755,0.0,-5.9633027522935755,1,,量占比與後續報酬的描述性相關；非因果或預測能力，少量樣本不作判斷,描述性關係；尚未扣費用、檢查除權息或做樣本外驗證；不評分、不認定關鍵分點
3580,8884,8880,國泰-台南,buy,5,1,1,-5.9633027522935755,0.0,-5.9633027522935755,0.0,-5.9633027522935755,1,,量占比與後續報酬的描述性相關；非因果或預測能力，少量樣本不作判斷,描述性關係；尚未扣費用、檢查除權息或做樣本外驗證；不評分、不認定關鍵分點
3580,8885,8880,國泰-桃園,sell,5,1,1,-5.9633027522935755,0.0,-5.9633027522935755,0.0,-5.9633027522935755,1,,量占比與後續報酬的描述性相關；非因果或預測能力，少量樣本不作判斷,描述性關係；尚未扣費用、檢查除權息或做樣本外驗證；不評分、不認定關鍵分點
3580,8888,8880,國泰-敦南,buy,5,1,1,-5.9633027522935755,0.0,-5.9633027522935755,0.0,-5.9633027522935755,1,,量占比與後續報酬的描述性相關；非因果或預測能力，少量樣本不作判斷,描述性關係；尚未扣費用、檢查除權息或做樣本外驗證；不評分、不認定關鍵分點
3580,9101,9100,群益金鼎-敦南,sell,5,1,1,-5.9633027522935755,0.0,-5.9633027522935755,0.0,-5.9633027522935755,1,,量占比與後續報酬的描述性相關；非因果或預測能力，少量樣本不作判斷,描述性關係；尚未扣費用、檢查除權息或做樣本外驗證；不評分、不認定關鍵分點
3580,9108,9100,群益金鼎-海山,sell,5,1,1,-5.9633027522935755,0.0,-5.9633027522935755,0.0,-5.9633027522935755,1,,量占比與後續報酬的描述性相關；非因果或預測能力，少量樣本不作判斷,描述性關係；尚未扣費用、檢查除權息或做樣本外驗證；不評分、不認定關鍵分點
3580,9257,9200,凱基-林口,buy,5,1,1,-5.9633027522935755,0.0,-5.9633027522935755,0.0,-5.9633027522935755,1,,量占比與後續報酬的描述性相關；非因果或預測能力，少量樣本不作判斷,描述性關係；尚未扣費用、檢查除權息或做樣本外驗證；不評分、不認定關鍵分點
3580,9268,9200,凱基-台北,buy,5,1,1,-5.9633027522935755,0.0,-5.9633027522935755,0.0,-5.9633027522935755,1,,量占比與後續報酬的描述性相關；非因果或預測能力，少量樣本不作判斷,描述性關係；尚未扣費用、檢查除權息或做樣本外驗證；不評分、不認定關鍵分點
3580,9816,9800,元大-新竹,sell,5,1,1,-5.9633027522935755,0.0,-5.9633027522935755,0.0,-5.9633027522935755,1,,量占比與後續報酬的描述性相關；非因果或預測能力，少量樣本不作判斷,描述性關係；尚未扣費用、檢查除權息或做樣本外驗證；不評分、不認定關鍵分點
3583,0038003800340045,8840,玉山-城中,buy,5,1,1,4.101838755304099,1.0,4.101838755304099,0.0,1.980198019801982,1,,量占比與後續報酬的描述性相關；非因果或預測能力，少量樣本不作判斷,描述性關係；尚未扣費用、檢查除權息或做樣本外驗證；不評分、不認定關鍵分點
3583,003900360031004d,9600,富邦-木柵,buy,5,1,1,4.101838755304099,1.0,4.101838755304099,0.0,1.980198019801982,1,,量占比與後續報酬的描述性相關；非因果或預測能力，少量樣本不作判斷,描述性關係；尚未扣費用、檢查除權息或做樣本外驗證；不評分、不認定關鍵分點
3583,0039003800310079,9800,元大-善化,sell,5,1,1,4.101838755304099,1.0,4.101838755304099,0.0,1.980198019801982,1,,量占比與後續報酬的描述性相關；非因果或預測能力，少量樣本不作判斷,描述性關係；尚未扣費用、檢查除權息或做樣本外驗證；不評分、不認定關鍵分點
3583,0039003800390055,9800,元大-大甲,buy,5,1,1,4.101838755304099,1.0,4.101838755304099,0.0,1.980198019801982,1,,量占比與後續報酬的描述性相關；非因果或預測能力，少量樣本不作判斷,描述性關係；尚未扣費用、檢查除權息或做樣本外驗證；不評分、不認定關鍵分點
3583,003900410039004c,9A00,永豐金-台中,buy,5,1,1,4.101838755304099,1.0,4.101838755304099,0.0,1.980198019801982,1,,量占比與後續報酬的描述性相關；非因果或預測能力，少量樣本不作判斷,描述性關係；尚未扣費用、檢查除權息或做樣本外驗證；不評分、不認定關鍵分點
3583,0039004200300030,9B00,台新,buy,5,1,1,4.101838755304099,1.0,4.101838755304099,0.0,1.980198019801982,1,,量占比與後續報酬的描述性相關；非因果或預測能力，少量樣本不作判斷,描述性關係；尚未扣費用、檢查除權息或做樣本外驗證；不評分、不認定關鍵分點
3583,0039004200310067,9B00,台新-高雄,buy,5,1,1,4.101838755304099,1.0,4.101838755304099,0.0,1.980198019801982,1,,量占比與後續報酬的描述性相關；非因果或預測能力，少量樣本不作判斷,描述性關係；尚未扣費用、檢查除權息或做樣本外驗證；不評分、不認定關鍵分點
3583,0039004200320033,9B00,台新-三重,buy,5,1,1,4.101838755304099,1.0,4.101838755304099,0.0,1.980198019801982,1,,量占比與後續報酬的描述性相關；非因果或預測能力，少量樣本不作判斷,描述性關係；尚未扣費用、檢查除權息或做樣本外驗證；不評分、不認定關鍵分點
3583,1023,1020,合庫-高雄,sell,5,1,1,4.101838755304099,1.0,4.101838755304099,0.0,1.980198019801982,1,,量占比與後續報酬的描述性相關；非因果或預測能力，少量樣本不作判斷,描述性關係；尚未扣費用、檢查除權息或做樣本外驗證；不評分、不認定關鍵分點
3583,1040,1040,臺銀,sell,5,1,1,4.101838755304099,1.0,4.101838755304099,0.0,1.980198019801982,1,,量占比與後續報酬的描述性相關；非因果或預測能力，少量樣本不作判斷,描述性關係；尚未扣費用、檢查除權息或做樣本外驗證；不評分、不認定關鍵分點
3583,1042,1040,臺銀-臺南,buy,5,1,1,4.101838755304099,1.0,4.101838755304099,0.0,1.980198019801982,1,,量占比與後續報酬的描述性相關；非因果或預測能力，少量樣本不作判斷,描述性關係；尚未扣費用、檢查除權息或做樣本外驗證；不評分、不認定關鍵分點
3583,1112,1110,台灣企銀-台南,buy,5,1,1,4.101838755304099,1.0,4.101838755304099,0.0,1.980198019801982,1,,量占比與後續報酬的描述性相關；非因果或預測能力，少量樣本不作判斷,描述性關係；尚未扣費用、檢查除權息或做樣本外驗證；不評分、不認定關鍵分點
3583,1470,1470,台灣摩根士丹利,sell,5,1,1,4.101838755304099,1.0,4.101838755304099,0.0,1.980198019801982,1,,量占比與後續報酬的描述性相關；非因果或預測能力，少量樣本不作判斷,描述性關係；尚未扣費用、檢查除權息或做樣本外驗證；不評分、不認定關鍵分點
3583,1480,1480,美商高盛,sell,5,1,1,4.101838755304099,1.0,4.101838755304099,0.0,1.980198019801982,1,,量占比與後續報酬的描述性相關；非因果或預測能力，少量樣本不作判斷,描述性關係；尚未扣費用、檢查除權息或做樣本外驗證；不評分、不認定關鍵分點
3583,1560,1560,港商野村,buy,5,1,1,4.101838755304099,1.0,4.101838755304099,0.0,1.980198019801982,1,,量占比與後續報酬的描述性相關；非因果或預測能力，少量樣本不作判斷,描述性關係；尚未扣費用、檢查除權息或做樣本外驗證；不評分、不認定關鍵分點
3583,1650,1650,新加坡商瑞銀,sell,5,1,1,4.101838755304099,1.0,4.101838755304099,0.0,1.980198019801982,1,,量占比與後續報酬的描述性相關；非因果或預測能力，少量樣本不作判斷,描述性關係；尚未扣費用、檢查除權息或做樣本外驗證；不評分、不認定關鍵分點
3583,2184,2180,亞東-新竹,buy,5,1,1,4.101838755304099,1.0,4.101838755304099,0.0,1.980198019801982,1,,量占比與後續報酬的描述性相關；非因果或預測能力，少量樣本不作判斷,描述性關係；尚未扣費用、檢查除權息或做樣本外驗證；不評分、不認定關鍵分點
3583,5854,5850,統一-城中,sell,5,1,1,4.101838755304099,1.0,4.101838755304099,0.0,1.980198019801982,1,,量占比與後續報酬的描述性相關；非因果或預測能力，少量樣本不作判斷,描述性關係；尚未扣費用、檢查除權息或做樣本外驗證；不評分、不認定關鍵分點
3583,8440,8440,摩根大通,sell,5,1,1,4.101838755304099,1.0,4.101838755304099,0.0,1.980198019801982,1,,量占比與後續報酬的描述性相關；非因果或預測能力，少量樣本不作判斷,描述性關係；尚未扣費用、檢查除權息或做樣本外驗證；不評分、不認定關鍵分點
3583,8563,8560,新光-新竹,buy,5,1,1,4.101838755304099,1.0,4.101838755304099,0.0,1.980198019801982,1,,量占比與後續報酬的描述性相關；非因果或預測能力，少量樣本不作判斷,描述性關係；尚未扣費用、檢查除權息或做樣本外驗證；不評分、不認定關鍵分點
3583,8888,8880,國泰-敦南,buy,5,1,1,4.101838755304099,1.0,4.101838755304099,0.0,1.980198019801982,1,,量占比與後續報酬的描述性相關；非因果或預測能力，少量樣本不作判斷,描述性關係；尚未扣費用、檢查除權息或做樣本外驗證；不評分、不認定關鍵分點
3583,9217,9200,凱基-松山,sell,5,1,1,4.101838755304099,1.0,4.101838755304099,0.0,1.980198019801982,1,,量占比與後續報酬的描述性相關；非因果或預測能力，少量樣本不作判斷,描述性關係；尚未扣費用、檢查除權息或做樣本外驗證；不評分、不認定關鍵分點
3583,9268,9200,凱基-台北,sell,5,1,1,4.101838755304099,1.0,4.101838755304099,0.0,1.980198019801982,1,,量占比與後續報酬的描述性相關；非因果或預測能力，少量樣本不作判斷,描述性關係；尚未扣費用、檢查除權息或做樣本外驗證；不評分、不認定關鍵分點
3583,9300,9300,華南永昌,sell,5,1,1,4.101838755304099,1.0,4.101838755304099,0.0,1.980198019801982,1,,量占比與後續報酬的描述性相關；非因果或預測能力，少量樣本不作判斷,描述性關係；尚未扣費用、檢查除權息或做樣本外驗證；不評分、不認定關鍵分點
3583,9624,9600,富邦-竹北,buy,5,1,1,4.101838755304099,1.0,4.101838755304099,0.0,1.980198019801982,1,,量占比與後續報酬的描述性相關；非因果或預測能力，少量樣本不作判斷,描述性關係；尚未扣費用、檢查除權息或做樣本外驗證；不評分、不認定關鍵分點
3583,9627,9600,富邦-內湖,sell,5,1,1,4.101838755304099,1.0,4.101838755304099,0.0,1.980198019801982,1,,量占比與後續報酬的描述性相關；非因果或預測能力，少量樣本不作判斷,描述性關係；尚未扣費用、檢查除權息或做樣本外驗證；不評分、不認定關鍵分點
3583,9634,9600,富邦-羅東,sell,5,1,1,4.101838755304099,1.0,4.101838755304099,0.0,1.980198019801982,1,,量占比與後續報酬的描述性相關；非因果或預測能力，少量樣本不作判斷,描述性關係；尚未扣費用、檢查除權息或做樣本外驗證；不評分、不認定關鍵分點
3583,9800,9800,元大證券,buy,5,1,1,4.101838755304099,1.0,4.101838755304099,0.0,1.980198019801982,1,,量占比與後續報酬的描述性相關；非因果或預測能力，少量樣本不作判斷,描述性關係；尚未扣費用、檢查除權息或做樣本外驗證；不評分、不認定關鍵分點
3583,9869,9800,元大-新盛,sell,5,1,1,4.101838755304099,1.0,4.101838755304099,0.0,1.980198019801982,1,,量占比與後續報酬的描述性相關；非因果或預測能力，少量樣本不作判斷,描述性關係；尚未扣費用、檢查除權息或做樣本外驗證；不評分、不認定關鍵分點
3583,9894,9800,元大-桃興,sell,5,1,1,4.101838755304099,1.0,4.101838755304099,0.0,1.980198019801982,1,,量占比與後續報酬的描述性相關；非因果或預測能力，少量樣本不作判斷,描述性關係；尚未扣費用、檢查除權息或做樣本外驗證；不評分、不認定關鍵分點
3587,0035003800350050,5850,統一-板橋,sell,5,1,1,0.8298755186721962,1.0,0.8298755186721962,0.0,0.8298755186721962,1,,量占比與後續報酬的描述性相關；非因果或預測能力，少量樣本不作判斷,描述性關係；尚未扣費用、檢查除權息或做樣本外驗證；不評分、不認定關鍵分點
3587,0038003800340043,8840,玉山-信義,buy,5,1,1,0.8298755186721962,1.0,0.8298755186721962,0.0,0.8298755186721962,1,,量占比與後續報酬的描述性相關；非因果或預測能力，少量樣本不作判斷,描述性關係；尚未扣費用、檢查除權息或做樣本外驗證；不評分、不認定關鍵分點
3587,0038003800380041,8880,國泰-館前,sell,5,1,1,0.8298755186721962,1.0,0.8298755186721962,0.0,0.8298755186721962,1,,量占比與後續報酬的描述性相關；非因果或預測能力，少量樣本不作判斷,描述性關係；尚未扣費用、檢查除權息或做樣本外驗證；不評分、不認定關鍵分點
3587,0039003100380042,9100,群益金鼎-板橋,buy,5,1,1,0.8298755186721962,1.0,0.8298755186721962,0.0,0.8298755186721962,1,,量占比與後續報酬的描述性相關；非因果或預測能力，少量樣本不作判斷,描述性關係；尚未扣費用、檢查除權息或做樣本外驗證；不評分、不認定關鍵分點
3587,0039003100380045,9100,群益金鼎-南京,buy,5,1,1,0.8298755186721962,1.0,0.8298755186721962,0.0,0.8298755186721962,1,,量占比與後續報酬的描述性相關；非因果或預測能力，少量樣本不作判斷,描述性關係；尚未扣費用、檢查除權息或做樣本外驗證；不評分、不認定關鍵分點
3587,0039003200300041,9200,凱基-板橋,buy,5,1,1,0.8298755186721962,1.0,0.8298755186721962,0.0,0.8298755186721962,1,,量占比與後續報酬的描述性相關；非因果或預測能力，少量樣本不作判斷,描述性關係；尚未扣費用、檢查除權息或做樣本外驗證；不評分、不認定關鍵分點
3587,0039003800300077,9800,元大-西屯,buy,5,1,1,0.8298755186721962,1.0,0.8298755186721962,0.0,0.8298755186721962,1,,量占比與後續報酬的描述性相關；非因果或預測能力，少量樣本不作判斷,描述性關係；尚未扣費用、檢查除權息或做樣本外驗證；不評分、不認定關鍵分點
3587,0039003800310051,9800,元大-太平,buy,5,1,1,0.8298755186721962,1.0,0.8298755186721962,0.0,0.8298755186721962,1,,量占比與後續報酬的描述性相關；非因果或預測能力，少量樣本不作判斷,描述性關係；尚未扣費用、檢查除權息或做樣本外驗證；不評分、不認定關鍵分點
3587,003900380039004c,9800,元大-成功,buy,5,1,1,0.8298755186721962,1.0,0.8298755186721962,0.0,0.8298755186721962,1,,量占比與後續報酬的描述性相關；非因果或預測能力，少量樣本不作判斷,描述性關係；尚未扣費用、檢查除權息或做樣本外驗證；不評分、不認定關鍵分點
3587,0039004100300030,9A00,永豐金證券,buy,5,1,1,0.8298755186721962,1.0,0.8298755186721962,0.0,0.8298755186721962,1,,量占比與後續報酬的描述性相關；非因果或預測能力，少量樣本不作判斷,描述性關係；尚未扣費用、檢查除權息或做樣本外驗證；不評分、不認定關鍵分點
3587,0039004100390037,9A00,永豐金-新竹,buy,5,1,1,0.8298755186721962,1.0,0.8298755186721962,0.0,0.8298755186721962,1,,量占比與後續報酬的描述性相關；非因果或預測能力，少量樣本不作判斷,描述性關係；尚未扣費用、檢查除權息或做樣本外驗證；不評分、不認定關鍵分點
3587,0039004200300030,9B00,台新,buy,5,1,1,0.8298755186721962,1.0,0.8298755186721962,0.0,0.8298755186721962,1,,量占比與後續報酬的描述性相關；非因果或預測能力，少量樣本不作判斷,描述性關係；尚未扣費用、檢查除權息或做樣本外驗證；不評分、不認定關鍵分點
3587,003900420032006c,9B00,台新-大裕,sell,5,1,1,0.8298755186721962,1.0,0.8298755186721962,0.0,0.8298755186721962,1,,量占比與後續報酬的描述性相關；非因果或預測能力，少量樣本不作判斷,描述性關係；尚未扣費用、檢查除權息或做樣本外驗證；不評分、不認定關鍵分點
3587,1440,1440,美林,buy,5,1,1,0.8298755186721962,1.0,0.8298755186721962,0.0,0.8298755186721962,1,,量占比與後續報酬的描述性相關；非因果或預測能力，少量樣本不作判斷,描述性關係；尚未扣費用、檢查除權息或做樣本外驗證；不評分、不認定關鍵分點
3587,1470,1470,台灣摩根士丹利,buy,5,1,1,0.8298755186721962,1.0,0.8298755186721962,0.0,0.8298755186721962,1,,量占比與後續報酬的描述性相關；非因果或預測能力，少量樣本不作判斷,描述性關係；尚未扣費用、檢查除權息或做樣本外驗證；不評分、不認定關鍵分點
3587,1480,1480,美商高盛,buy,5,1,1,0.8298755186721962,1.0,0.8298755186721962,0.0,0.8298755186721962,1,,量占比與後續報酬的描述性相關；非因果或預測能力，少量樣本不作判斷,描述性關係；尚未扣費用、檢查除權息或做樣本外驗證；不評分、不認定關鍵分點
3587,1650,1650,新加坡商瑞銀,sell,5,1,1,0.8298755186721962,1.0,0.8298755186721962,0.0,0.8298755186721962,1,,量占比與後續報酬的描述性相關；非因果或預測能力，少量樣本不作判斷,描述性關係；尚未扣費用、檢查除權息或做樣本外驗證；不評分、不認定關鍵分點
3587,5850,5850,統一,sell,5,1,1,0.8298755186721962,1.0,0.8298755186721962,0.0,0.8298755186721962,1,,量占比與後續報酬的描述性相關；非因果或預測能力，少量樣本不作判斷,描述性關係；尚未扣費用、檢查除權息或做樣本外驗證；不評分、不認定關鍵分點
3587,5962,5960,日茂-南投,sell,5,1,1,0.8298755186721962,1.0,0.8298755186721962,0.0,0.8298755186721962,1,,量占比與後續報酬的描述性相關；非因果或預測能力，少量樣本不作判斷,描述性關係；尚未扣費用、檢查除權息或做樣本外驗證；不評分、不認定關鍵分點
3587,6465,6460,大昌-桃園,sell,5,1,1,0.8298755186721962,1.0,0.8298755186721962,0.0,0.8298755186721962,1,,量占比與後續報酬的描述性相關；非因果或預測能力，少量樣本不作判斷,描述性關係；尚未扣費用、檢查除權息或做樣本外驗證；不評分、不認定關鍵分點
3587,7791,7790,國票-台東,sell,5,1,1,0.8298755186721962,1.0,0.8298755186721962,0.0,0.8298755186721962,1,,量占比與後續報酬的描述性相關；非因果或預測能力，少量樣本不作判斷,描述性關係；尚未扣費用、檢查除權息或做樣本外驗證；不評分、不認定關鍵分點
3587,8440,8440,摩根大通,buy,5,1,1,0.8298755186721962,1.0,0.8298755186721962,0.0,0.8298755186721962,1,,量占比與後續報酬的描述性相關；非因果或預測能力，少量樣本不作判斷,描述性關係；尚未扣費用、檢查除權息或做樣本外驗證；不評分、不認定關鍵分點
3587,8883,8880,國泰-松江,sell,5,1,1,0.8298755186721962,1.0,0.8298755186721962,0.0,0.8298755186721962,1,,量占比與後續報酬的描述性相關；非因果或預測能力，少量樣本不作判斷,描述性關係；尚未扣費用、檢查除權息或做樣本外驗證；不評分、不認定關鍵分點
3587,8888,8880,國泰-敦南,sell,5,1,1,0.8298755186721962,1.0,0.8298755186721962,0.0,0.8298755186721962,1,,量占比與後續報酬的描述性相關；非因果或預測能力，少量樣本不作判斷,描述性關係；尚未扣費用、檢查除權息或做樣本外驗證；不評分、不認定關鍵分點
3587,9268,9200,凱基-台北,sell,5,1,1,0.8298755186721962,1.0,0.8298755186721962,0.0,0.8298755186721962,1,,量占比與後續報酬的描述性相關；非因果或預測能力，少量樣本不作判斷,描述性關係；尚未扣費用、檢查除權息或做樣本外驗證；不評分、不認定關鍵分點
3587,9302,9300,華南永昌-台中,sell,5,1,1,0.8298755186721962,1.0,0.8298755186721962,0.0,0.8298755186721962,1,,量占比與後續報酬的描述性相關；非因果或預測能力，少量樣本不作判斷,描述性關係；尚未扣費用、檢查除權息或做樣本外驗證；不評分、不認定關鍵分點
3587,9624,9600,富邦-竹北,buy,5,1,1,0.8298755186721962,1.0,0.8298755186721962,0.0,0.8298755186721962,1,,量占比與後續報酬的描述性相關；非因果或預測能力，少量樣本不作判斷,描述性關係；尚未扣費用、檢查除權息或做樣本外驗證；不評分、不認定關鍵分點
3587,9634,9600,富邦-羅東,sell,5,1,1,0.8298755186721962,1.0,0.8298755186721962,0.0,0.8298755186721962,1,,量占比與後續報酬的描述性相關；非因果或預測能力，少量樣本不作判斷,描述性關係；尚未扣費用、檢查除權息或做樣本外驗證；不評分、不認定關鍵分點
3587,9800,9800,元大證券,sell,5,1,1,0.8298755186721962,1.0,0.8298755186721962,0.0,0.8298755186721962,1,,量占比與後續報酬的描述性相關；非因果或預測能力，少量樣本不作判斷,描述性關係；尚未扣費用、檢查除權息或做樣本外驗證；不評分、不認定關鍵分點
3587,9874,9800,元大-雙和,sell,5,1,1,0.8298755186721962,1.0,0.8298755186721962,0.0,0.8298755186721962,1,,量占比與後續報酬的描述性相關；非因果或預測能力，少量樣本不作判斷,描述性關係；尚未扣費用、檢查除權息或做樣本外驗證；不評分、不認定關鍵分點
3605,0031003100310045,1110,台灣企銀-桃園,sell,5,1,1,-8.42696629213483,0.0,-8.42696629213483,0.0,-8.42696629213483,1,,量占比與後續報酬的描述性相關；非因果或預測能力，少量樣本不作判斷,描述性關係；尚未扣費用、檢查除權息或做樣本外驗證；不評分、不認定關鍵分點
3605,0031003200360051,1260,宏遠-高雄,buy,5,1,1,-8.42696629213483,0.0,-8.42696629213483,0.0,-8.42696629213483,1,,量占比與後續報酬的描述性相關；非因果或預測能力，少量樣本不作判斷,描述性關係；尚未扣費用、檢查除權息或做樣本外驗證；不評分、不認定關鍵分點
3605,0037003000300049,7000,兆豐-北高雄,buy,5,1,1,-8.42696629213483,0.0,-8.42696629213483,0.0,-8.42696629213483,1,,量占比與後續報酬的描述性相關；非因果或預測能力，少量樣本不作判斷,描述性關係；尚未扣費用、檢查除權息或做樣本外驗證；不評分、不認定關鍵分點
3605,0037003700390063,7790,國票-敦北法人,buy,5,1,1,-8.42696629213483,0.0,-8.42696629213483,0.0,-8.42696629213483,1,,量占比與後續報酬的描述性相關；非因果或預測能力，少量樣本不作判斷,描述性關係；尚未扣費用、檢查除權息或做樣本外驗證；不評分、不認定關鍵分點
3605,0039003600310043,9600,富邦-南京,buy,5,1,1,-8.42696629213483,0.0,-8.42696629213483,0.0,-8.42696629213483,1,,量占比與後續報酬的描述性相關；非因果或預測能力，少量樣本不作判斷,描述性關係；尚未扣費用、檢查除權息或做樣本外驗證；不評分、不認定關鍵分點
3605,0039003800300052,9800,元大-信義安和,sell,5,1,1,-8.42696629213483,0.0,-8.42696629213483,0.0,-8.42696629213483,1,,量占比與後續報酬的描述性相關；非因果或預測能力，少量樣本不作判斷,描述性關係；尚未扣費用、檢查除權息或做樣本外驗證；不評分、不認定關鍵分點
3605,003900380034004b,9800,元大-館前,buy,5,1,1,-8.42696629213483,0.0,-8.42696629213483,0.0,-8.42696629213483,1,,量占比與後續報酬的描述性相關；非因果或預測能力，少量樣本不作判斷,描述性關係；尚未扣費用、檢查除權息或做樣本外驗證；不評分、不認定關鍵分點
3605,0039004100300030,9A00,永豐金證券,buy,5,1,1,-8.42696629213483,0.0,-8.42696629213483,0.0,-8.42696629213483,1,,量占比與後續報酬的描述性相關；非因果或預測能力，少量樣本不作判斷,描述性關係；尚未扣費用、檢查除權息或做樣本外驗證；不評分、不認定關鍵分點
3605,0039004100380031,9A00,永豐金-匯立,sell,5,1,1,-8.42696629213483,0.0,-8.42696629213483,0.0,-8.42696629213483,1,,量占比與後續報酬的描述性相關；非因果或預測能力，少量樣本不作判斷,描述性關係；尚未扣費用、檢查除權息或做樣本外驗證；不評分、不認定關鍵分點
3605,0039004200300030,9B00,台新,sell,5,1,1,-8.42696629213483,0.0,-8.42696629213483,0.0,-8.42696629213483,1,,量占比與後續報酬的描述性相關；非因果或預測能力，少量樣本不作判斷,描述性關係；尚未扣費用、檢查除權息或做樣本外驗證；不評分、不認定關鍵分點
3605,1440,1440,美林,buy,5,1,1,-8.42696629213483,0.0,-8.42696629213483,0.0,-8.42696629213483,1,,量占比與後續報酬的描述性相關；非因果或預測能力，少量樣本不作判斷,描述性關係；尚未扣費用、檢查除權息或做樣本外驗證；不評分、不認定關鍵分點
3605,1470,1470,台灣摩根士丹利,buy,5,1,1,-8.42696629213483,0.0,-8.42696629213483,0.0,-8.42696629213483,1,,量占比與後續報酬的描述性相關；非因果或預測能力，少量樣本不作判斷,描述性關係；尚未扣費用、檢查除權息或做樣本外驗證；不評分、不認定關鍵分點
3605,1480,1480,美商高盛,buy,5,1,1,-8.42696629213483,0.0,-8.42696629213483,0.0,-8.42696629213483,1,,量占比與後續報酬的描述性相關；非因果或預測能力，少量樣本不作判斷,描述性關係；尚未扣費用、檢查除權息或做樣本外驗證；不評分、不認定關鍵分點
3605,1590,1590,花旗環球,buy,5,1,1,-8.42696629213483,0.0,-8.42696629213483,0.0,-8.42696629213483,1,,量占比與後續報酬的描述性相關；非因果或預測能力，少量樣本不作判斷,描述性關係；尚未扣費用、檢查除權息或做樣本外驗證；不評分、不認定關鍵分點
3605,1650,1650,新加坡商瑞銀,buy,5,1,1,-8.42696629213483,0.0,-8.42696629213483,0.0,-8.42696629213483,1,,量占比與後續報酬的描述性相關；非因果或預測能力，少量樣本不作判斷,描述性關係；尚未扣費用、檢查除權息或做樣本外驗證；不評分、不認定關鍵分點
3605,5850,5850,統一,sell,5,1,1,-8.42696629213483,0.0,-8.42696629213483,0.0,-8.42696629213483,1,,量占比與後續報酬的描述性相關；非因果或預測能力，少量樣本不作判斷,描述性關係；尚未扣費用、檢查除權息或做樣本外驗證；不評分、不認定關鍵分點
3605,6165,6160,中國信託-新竹,sell,5,1,1,-8.42696629213483,0.0,-8.42696629213483,0.0,-8.42696629213483,1,,量占比與後續報酬的描述性相關；非因果或預測能力，少量樣本不作判斷,描述性關係；尚未扣費用、檢查除權息或做樣本外驗證；不評分、不認定關鍵分點
3605,8440,8440,摩根大通,sell,5,1,1,-8.42696629213483,0.0,-8.42696629213483,0.0,-8.42696629213483,1,,量占比與後續報酬的描述性相關；非因果或預測能力，少量樣本不作判斷,描述性關係；尚未扣費用、檢查除權息或做樣本外驗證；不評分、不認定關鍵分點
3605,8848,8840,玉山-嘉義,sell,5,1,1,-8.42696629213483,0.0,-8.42696629213483,0.0,-8.42696629213483,1,,量占比與後續報酬的描述性相關；非因果或預測能力，少量樣本不作判斷,描述性關係；尚未扣費用、檢查除權息或做樣本外驗證；不評分、不認定關鍵分點
3605,8888,8880,國泰-敦南,sell,5,1,1,-8.42696629213483,0.0,-8.42696629213483,0.0,-8.42696629213483,1,,量占比與後續報酬的描述性相關；非因果或預測能力，少量樣本不作判斷,描述性關係；尚未扣費用、檢查除權息或做樣本外驗證；不評分、不認定關鍵分點
3605,9100,9100,群益金鼎,buy,5,1,1,-8.42696629213483,0.0,-8.42696629213483,0.0,-8.42696629213483,1,,量占比與後續報酬的描述性相關；非因果或預測能力，少量樣本不作判斷,描述性關係；尚未扣費用、檢查除權息或做樣本外驗證；不評分、不認定關鍵分點
3605,9200,9200,凱基,buy,5,1,1,-8.42696629213483,0.0,-8.42696629213483,0.0,-8.42696629213483,1,,量占比與後續報酬的描述性相關；非因果或預測能力，少量樣本不作判斷,描述性關係；尚未扣費用、檢查除權息或做樣本外驗證；不評分、不認定關鍵分點
3605,9268,9200,凱基-台北,sell,5,1,1,-8.42696629213483,0.0,-8.42696629213483,0.0,-8.42696629213483,1,,量占比與後續報酬的描述性相關；非因果或預測能力，少量樣本不作判斷,描述性關係；尚未扣費用、檢查除權息或做樣本外驗證；不評分、不認定關鍵分點
3605,9274,9200,凱基-鳳山,sell,5,1,1,-8.42696629213483,0.0,-8.42696629213483,0.0,-8.42696629213483,1,,量占比與後續報酬的描述性相關；非因果或預測能力，少量樣本不作判斷,描述性關係；尚未扣費用、檢查除權息或做樣本外驗證；不評分、不認定關鍵分點
3605,9326,9300,華南永昌-南京,sell,5,1,1,-8.42696629213483,0.0,-8.42696629213483,0.0,-8.42696629213483,1,,量占比與後續報酬的描述性相關；非因果或預測能力，少量樣本不作判斷,描述性關係；尚未扣費用、檢查除權息或做樣本外驗證；不評分、不認定關鍵分點
3605,9600,9600,富邦證券,buy,5,1,1,-8.42696629213483,0.0,-8.42696629213483,0.0,-8.42696629213483,1,,量占比與後續報酬的描述性相關；非因果或預測能力，少量樣本不作判斷,描述性關係；尚未扣費用、檢查除權息或做樣本外驗證；不評分、不認定關鍵分點
3605,9623,9600,富邦-台北,sell,5,1,1,-8.42696629213483,0.0,-8.42696629213483,0.0,-8.42696629213483,1,,量占比與後續報酬的描述性相關；非因果或預測能力，少量樣本不作判斷,描述性關係；尚未扣費用、檢查除權息或做樣本外驗證；不評分、不認定關鍵分點
3605,9676,9600,富邦-仁愛,buy,5,1,1,-8.42696629213483,0.0,-8.42696629213483,0.0,-8.42696629213483,1,,量占比與後續報酬的描述性相關；非因果或預測能力，少量樣本不作判斷,描述性關係；尚未扣費用、檢查除權息或做樣本外驗證；不評分、不認定關鍵分點
3605,9874,9800,元大-雙和,sell,5,1,1,-8.42696629213483,0.0,-8.42696629213483,0.0,-8.42696629213483,1,,量占比與後續報酬的描述性相關；非因果或預測能力，少量樣本不作判斷,描述性關係；尚未扣費用、檢查除權息或做樣本外驗證；不評分、不認定關鍵分點
3605,9891,9800,元大-永和,sell,5,1,1,-8.42696629213483,0.0,-8.42696629213483,0.0,-8.42696629213483,1,,量占比與後續報酬的描述性相關；非因果或預測能力，少量樣本不作判斷,描述性關係；尚未扣費用、檢查除權息或做樣本外驗證；不評分、不認定關鍵分點
3653,0031003000320043,1020,合庫-自強,buy,5,1,1,4.21818181818181,1.0,4.21818181818181,0.0,-1.0909090909090868,1,,量占比與後續報酬的描述性相關；非因果或預測能力，少量樣本不作判斷,描述性關係；尚未扣費用、檢查除權息或做樣本外驗證；不評分、不認定關鍵分點
3653,0035003300380044,5380,第一金-忠孝,sell,5,1,1,4.21818181818181,1.0,4.21818181818181,0.0,-1.0909090909090868,1,,量占比與後續報酬的描述性相關；非因果或預測能力，少量樣本不作判斷,描述性關係；尚未扣費用、檢查除權息或做樣本外驗證；不評分、不認定關鍵分點
3653,0035003800350055,5850,統一-南京,buy,5,1,1,4.21818181818181,1.0,4.21818181818181,0.0,-1.0909090909090868,1,,量占比與後續報酬的描述性相關；非因果或預測能力，少量樣本不作判斷,描述性關係；尚未扣費用、檢查除權息或做樣本外驗證；不評分、不認定關鍵分點
3653,0037003700390045,7790,國票-南崁,buy,5,1,1,4.21818181818181,1.0,4.21818181818181,0.0,-1.0909090909090868,1,,量占比與後續報酬的描述性相關；非因果或預測能力，少量樣本不作判斷,描述性關係；尚未扣費用、檢查除權息或做樣本外驗證；不評分、不認定關鍵分點
3653,0037003700390057,7790,國票-彰化,sell,5,1,1,4.21818181818181,1.0,4.21818181818181,0.0,-1.0909090909090868,1,,量占比與後續報酬的描述性相關；非因果或預測能力，少量樣本不作判斷,描述性關係；尚未扣費用、檢查除權息或做樣本外驗證；不評分、不認定關鍵分點
3653,0039003100380058,9100,群益金鼎-台北,sell,5,1,1,4.21818181818181,1.0,4.21818181818181,0.0,-1.0909090909090868,1,,量占比與後續報酬的描述性相關；非因果或預測能力，少量樣本不作判斷,描述性關係；尚未扣費用、檢查除權息或做樣本外驗證；不評分、不認定關鍵分點
3653,0039003100380065,9100,群益金鼎-大安,sell,5,1,1,4.21818181818181,1.0,4.21818181818181,0.0,-1.0909090909090868,1,,量占比與後續報酬的描述性相關；非因果或預測能力，少量樣本不作判斷,描述性關係；尚未扣費用、檢查除權息或做樣本外驗證；不評分、不認定關鍵分點
3653,0039003800380056,9800,元大-長庚,sell,5,1,1,4.21818181818181,1.0,4.21818181818181,0.0,-1.0909090909090868,1,,量占比與後續報酬的描述性相關；非因果或預測能力，少量樣本不作判斷,描述性關係；尚未扣費用、檢查除權息或做樣本外驗證；不評分、不認定關鍵分點
3653,0039004100380031,9A00,永豐金-匯立,sell,5,1,1,4.21818181818181,1.0,4.21818181818181,0.0,-1.0909090909090868,1,,量占比與後續報酬的描述性相關；非因果或預測能力，少量樣本不作判斷,描述性關係；尚未扣費用、檢查除權息或做樣本外驗證；不評分、不認定關鍵分點
3653,0039004100380046,9A00,永豐金-敦南,buy,5,1,1,4.21818181818181,1.0,4.21818181818181,0.0,-1.0909090909090868,1,,量占比與後續報酬的描述性相關；非因果或預測能力，少量樣本不作判斷,描述性關係；尚未扣費用、檢查除權息或做樣本外驗證；不評分、不認定關鍵分點
3653,1360,1360,港商麥格理,buy,5,1,1,4.21818181818181,1.0,4.21818181818181,0.0,-1.0909090909090868,1,,量占比與後續報酬的描述性相關；非因果或預測能力，少量樣本不作判斷,描述性關係；尚未扣費用、檢查除權息或做樣本外驗證；不評分、不認定關鍵分點
3653,1470,1470,台灣摩根士丹利,buy,5,1,1,4.21818181818181,1.0,4.21818181818181,0.0,-1.0909090909090868,1,,量占比與後續報酬的描述性相關；非因果或預測能力，少量樣本不作判斷,描述性關係；尚未扣費用、檢查除權息或做樣本外驗證；不評分、不認定關鍵分點
3653,1480,1480,美商高盛,sell,5,1,1,4.21818181818181,1.0,4.21818181818181,0.0,-1.0909090909090868,1,,量占比與後續報酬的描述性相關；非因果或預測能力，少量樣本不作判斷,描述性關係；尚未扣費用、檢查除權息或做樣本外驗證；不評分、不認定關鍵分點
3653,1560,1560,港商野村,buy,5,1,1,4.21818181818181,1.0,4.21818181818181,0.0,-1.0909090909090868,1,,量占比與後續報酬的描述性相關；非因果或預測能力，少量樣本不作判斷,描述性關係；尚未扣費用、檢查除權息或做樣本外驗證；不評分、不認定關鍵分點
3653,1590,1590,花旗環球,sell,5,1,1,4.21818181818181,1.0,4.21818181818181,0.0,-1.0909090909090868,1,,量占比與後續報酬的描述性相關；非因果或預測能力，少量樣本不作判斷,描述性關係；尚未扣費用、檢查除權息或做樣本外驗證；不評分、不認定關鍵分點
3653,1650,1650,新加坡商瑞銀,sell,5,1,1,4.21818181818181,1.0,4.21818181818181,0.0,-1.0909090909090868,1,,量占比與後續報酬的描述性相關；非因果或預測能力，少量樣本不作判斷,描述性關係；尚未扣費用、檢查除權息或做樣本外驗證；不評分、不認定關鍵分點
3653,6480,6480,福邦證券,buy,5,1,1,4.21818181818181,1.0,4.21818181818181,0.0,-1.0909090909090868,1,,量占比與後續報酬的描述性相關；非因果或預測能力，少量樣本不作判斷,描述性關係；尚未扣費用、檢查除權息或做樣本外驗證；不評分、不認定關鍵分點
3653,8440,8440,摩根大通,sell,5,1,1,4.21818181818181,1.0,4.21818181818181,0.0,-1.0909090909090868,1,,量占比與後續報酬的描述性相關；非因果或預測能力，少量樣本不作判斷,描述性關係；尚未扣費用、檢查除權息或做樣本外驗證；不評分、不認定關鍵分點
3653,8560,8560,新光,sell,5,1,1,4.21818181818181,1.0,4.21818181818181,0.0,-1.0909090909090868,1,,量占比與後續報酬的描述性相關；非因果或預測能力，少量樣本不作判斷,描述性關係；尚未扣費用、檢查除權息或做樣本外驗證；不評分、不認定關鍵分點
3653,8880,8880,國泰證券,buy,5,1,1,4.21818181818181,1.0,4.21818181818181,0.0,-1.0909090909090868,1,,量占比與後續報酬的描述性相關；非因果或預測能力，少量樣本不作判斷,描述性關係；尚未扣費用、檢查除權息或做樣本外驗證；不評分、不認定關鍵分點
3653,8960,8960,香港上海匯豐,buy,5,1,1,4.21818181818181,1.0,4.21818181818181,0.0,-1.0909090909090868,1,,量占比與後續報酬的描述性相關；非因果或預測能力，少量樣本不作判斷,描述性關係；尚未扣費用、檢查除權息或做樣本外驗證；不評分、不認定關鍵分點
3653,9200,9200,凱基,buy,5,1,1,4.21818181818181,1.0,4.21818181818181,0.0,-1.0909090909090868,1,,量占比與後續報酬的描述性相關；非因果或預測能力，少量樣本不作判斷,描述性關係；尚未扣費用、檢查除權息或做樣本外驗證；不評分、不認定關鍵分點
3653,9216,9200,凱基-信義,sell,5,1,1,4.21818181818181,1.0,4.21818181818181,0.0,-1.0909090909090868,1,,量占比與後續報酬的描述性相關；非因果或預測能力，少量樣本不作判斷,描述性關係；尚未扣費用、檢查除權息或做樣本外驗證；不評分、不認定關鍵分點
3653,9238,9200,凱基-士林,buy,5,1,1,4.21818181818181,1.0,4.21818181818181,0.0,-1.0909090909090868,1,,量占比與後續報酬的描述性相關；非因果或預測能力，少量樣本不作判斷,描述性關係；尚未扣費用、檢查除權息或做樣本外驗證；不評分、不認定關鍵分點
3653,9268,9200,凱基-台北,sell,5,1,1,4.21818181818181,1.0,4.21818181818181,0.0,-1.0909090909090868,1,,量占比與後續報酬的描述性相關；非因果或預測能力，少量樣本不作判斷,描述性關係；尚未扣費用、檢查除權息或做樣本外驗證；不評分、不認定關鍵分點
3653,9339,9300,華南永昌-竹北,sell,5,1,1,4.21818181818181,1.0,4.21818181818181,0.0,-1.0909090909090868,1,,量占比與後續報酬的描述性相關；非因果或預測能力，少量樣本不作判斷,描述性關係；尚未扣費用、檢查除權息或做樣本外驗證；不評分、不認定關鍵分點
3653,9623,9600,富邦-台北,buy,5,1,1,4.21818181818181,1.0,4.21818181818181,0.0,-1.0909090909090868,1,,量占比與後續報酬的描述性相關；非因果或預測能力，少量樣本不作判斷,描述性關係；尚未扣費用、檢查除權息或做樣本外驗證；不評分、不認定關鍵分點
3653,9647,9600,富邦-新竹,buy,5,1,1,4.21818181818181,1.0,4.21818181818181,0.0,-1.0909090909090868,1,,量占比與後續報酬的描述性相關；非因果或預測能力，少量樣本不作判斷,描述性關係；尚未扣費用、檢查除權息或做樣本外驗證；不評分、不認定關鍵分點
3653,9661,9600,富邦-新店,sell,5,1,1,4.21818181818181,1.0,4.21818181818181,0.0,-1.0909090909090868,1,,量占比與後續報酬的描述性相關；非因果或預測能力，少量樣本不作判斷,描述性關係；尚未扣費用、檢查除權息或做樣本外驗證；不評分、不認定關鍵分點
3653,9800,9800,元大證券,buy,5,1,1,4.21818181818181,1.0,4.21818181818181,0.0,-1.0909090909090868,1,,量占比與後續報酬的描述性相關；非因果或預測能力，少量樣本不作判斷,描述性關係；尚未扣費用、檢查除權息或做樣本外驗證；不評分、不認定關鍵分點
3661,003800380038004b,8880,國泰-板橋,sell,5,1,1,15.4050464807437,1.0,15.4050464807437,0.0,1.195219123505975,1,,量占比與後續報酬的描述性相關；非因果或預測能力，少量樣本不作判斷,描述性關係；尚未扣費用、檢查除權息或做樣本外驗證；不評分、不認定關鍵分點
3661,0039003100380043,9100,群益金鼎-古亭,sell,5,1,1,15.4050464807437,1.0,15.4050464807437,0.0,1.195219123505975,1,,量占比與後續報酬的描述性相關；非因果或預測能力，少量樣本不作判斷,描述性關係；尚未扣費用、檢查除權息或做樣本外驗證；不評分、不認定關鍵分點
3661,0039003600360046,9600,富邦-左營,buy,5,1,1,15.4050464807437,1.0,15.4050464807437,0.0,1.195219123505975,1,,量占比與後續報酬的描述性相關；非因果或預測能力，少量樣本不作判斷,描述性關係；尚未扣費用、檢查除權息或做樣本外驗證；不評分、不認定關鍵分點
3661,0039003800300061,9800,元大-中山北路,buy,5,1,1,15.4050464807437,1.0,15.4050464807437,0.0,1.195219123505975,1,,量占比與後續報酬的描述性相關；非因果或預測能力，少量樣本不作判斷,描述性關係；尚未扣費用、檢查除權息或做樣本外驗證；不評分、不認定關鍵分點
3661,0039003800390047,9800,元大-大同,buy,5,1,1,15.4050464807437,1.0,15.4050464807437,0.0,1.195219123505975,1,,量占比與後續報酬的描述性相關；非因果或預測能力，少量樣本不作判斷,描述性關係；尚未扣費用、檢查除權息或做樣本外驗證；不評分、不認定關鍵分點
3661,0039003800390057,9800,元大-豐原站前,buy,5,1,1,15.4050464807437,1.0,15.4050464807437,0.0,1.195219123505975,1,,量占比與後續報酬的描述性相關；非因果或預測能力，少量樣本不作判斷,描述性關係；尚未扣費用、檢查除權息或做樣本外驗證；不評分、不認定關鍵分點
3661,003900380039006d,9800,元大-信義,buy,5,1,1,15.4050464807437,1.0,15.4050464807437,0.0,1.195219123505975,1,,量占比與後續報酬的描述性相關；非因果或預測能力，少量樣本不作判斷,描述性關係；尚未扣費用、檢查除權息或做樣本外驗證；不評分、不認定關鍵分點
3661,0039004100300030,9A00,永豐金證券,buy,5,1,1,15.4050464807437,1.0,15.4050464807437,0.0,1.195219123505975,1,,量占比與後續報酬的描述性相關；非因果或預測能力，少量樣本不作判斷,描述性關係；尚未扣費用、檢查除權息或做樣本外驗證；不評分、不認定關鍵分點
3661,0039004100390069,9A00,永豐金-新店,buy,5,1,1,15.4050464807437,1.0,15.4050464807437,0.0,1.195219123505975,1,,量占比與後續報酬的描述性相關；非因果或預測能力，少量樣本不作判斷,描述性關係；尚未扣費用、檢查除權息或做樣本外驗證；不評分、不認定關鍵分點
3661,0039004200320030,9B00,台新-台北,sell,5,1,1,15.4050464807437,1.0,15.4050464807437,0.0,1.195219123505975,1,,量占比與後續報酬的描述性相關；非因果或預測能力，少量樣本不作判斷,描述性關係；尚未扣費用、檢查除權息或做樣本外驗證；不評分、不認定關鍵分點
3661,0039004200320058,9B00,台新-草屯,sell,5,1,1,15.4050464807437,1.0,15.4050464807437,0.0,1.195219123505975,1,,量占比與後續報酬的描述性相關；非因果或預測能力，少量樣本不作判斷,描述性關係；尚未扣費用、檢查除權息或做樣本外驗證；不評分、不認定關鍵分點
3661,0039004200320062,9B00,台新-板橋,buy,5,1,1,15.4050464807437,1.0,15.4050464807437,0.0,1.195219123505975,1,,量占比與後續報酬的描述性相關；非因果或預測能力，少量樣本不作判斷,描述性關係；尚未扣費用、檢查除權息或做樣本外驗證；不評分、不認定關鍵分點
3661,003900420032006f,9B00,台新-新興,sell,5,1,1,15.4050464807437,1.0,15.4050464807437,0.0,1.195219123505975,1,,量占比與後續報酬的描述性相關；非因果或預測能力，少量樣本不作判斷,描述性關係；尚未扣費用、檢查除權息或做樣本外驗證；不評分、不認定關鍵分點
3661,1440,1440,美林,buy,5,1,1,15.4050464807437,1.0,15.4050464807437,0.0,1.195219123505975,1,,量占比與後續報酬的描述性相關；非因果或預測能力，少量樣本不作判斷,描述性關係；尚未扣費用、檢查除權息或做樣本外驗證；不評分、不認定關鍵分點
3661,1470,1470,台灣摩根士丹利,sell,5,1,1,15.4050464807437,1.0,15.4050464807437,0.0,1.195219123505975,1,,量占比與後續報酬的描述性相關；非因果或預測能力，少量樣本不作判斷,描述性關係；尚未扣費用、檢查除權息或做樣本外驗證；不評分、不認定關鍵分點
3661,1480,1480,美商高盛,sell,5,1,1,15.4050464807437,1.0,15.4050464807437,0.0,1.195219123505975,1,,量占比與後續報酬的描述性相關；非因果或預測能力，少量樣本不作判斷,描述性關係；尚未扣費用、檢查除權息或做樣本外驗證；不評分、不認定關鍵分點
3661,1590,1590,花旗環球,buy,5,1,1,15.4050464807437,1.0,15.4050464807437,0.0,1.195219123505975,1,,量占比與後續報酬的描述性相關；非因果或預測能力，少量樣本不作判斷,描述性關係；尚未扣費用、檢查除權息或做樣本外驗證；不評分、不認定關鍵分點
3661,1650,1650,新加坡商瑞銀,sell,5,1,1,15.4050464807437,1.0,15.4050464807437,0.0,1.195219123505975,1,,量占比與後續報酬的描述性相關；非因果或預測能力，少量樣本不作判斷,描述性關係；尚未扣費用、檢查除權息或做樣本外驗證；不評分、不認定關鍵分點
3661,6480,6480,福邦證券,sell,5,1,1,15.4050464807437,1.0,15.4050464807437,0.0,1.195219123505975,1,,量占比與後續報酬的描述性相關；非因果或預測能力，少量樣本不作判斷,描述性關係；尚未扣費用、檢查除權息或做樣本外驗證；不評分、不認定關鍵分點
3661,8440,8440,摩根大通,sell,5,1,1,15.4050464807437,1.0,15.4050464807437,0.0,1.195219123505975,1,,量占比與後續報酬的描述性相關；非因果或預測能力，少量樣本不作判斷,描述性關係；尚未扣費用、檢查除權息或做樣本外驗證；不評分、不認定關鍵分點
3661,8900,8900,法銀巴黎,sell,5,1,1,15.4050464807437,1.0,15.4050464807437,0.0,1.195219123505975,1,,量占比與後續報酬的描述性相關；非因果或預測能力，少量樣本不作判斷,描述性關係；尚未扣費用、檢查除權息或做樣本外驗證；不評分、不認定關鍵分點
3661,9206,9200,凱基-高雄,buy,5,1,1,15.4050464807437,1.0,15.4050464807437,0.0,1.195219123505975,1,,量占比與後續報酬的描述性相關；非因果或預測能力，少量樣本不作判斷,描述性關係；尚未扣費用、檢查除權息或做樣本外驗證；不評分、不認定關鍵分點
3661,9238,9200,凱基-士林,buy,5,1,1,15.4050464807437,1.0,15.4050464807437,0.0,1.195219123505975,1,,量占比與後續報酬的描述性相關；非因果或預測能力，少量樣本不作判斷,描述性關係；尚未扣費用、檢查除權息或做樣本外驗證；不評分、不認定關鍵分點
3661,9268,9200,凱基-台北,sell,5,1,1,15.4050464807437,1.0,15.4050464807437,0.0,1.195219123505975,1,,量占比與後續報酬的描述性相關；非因果或預測能力，少量樣本不作判斷,描述性關係；尚未扣費用、檢查除權息或做樣本外驗證；不評分、不認定關鍵分點
3661,9308,9300,華南永昌-麻豆,sell,5,1,1,15.4050464807437,1.0,15.4050464807437,0.0,1.195219123505975,1,,量占比與後續報酬的描述性相關；非因果或預測能力，少量樣本不作判斷,描述性關係；尚未扣費用、檢查除權息或做樣本外驗證；不評分、不認定關鍵分點
3661,9309,9300,華南永昌-古亭,buy,5,1,1,15.4050464807437,1.0,15.4050464807437,0.0,1.195219123505975,1,,量占比與後續報酬的描述性相關；非因果或預測能力，少量樣本不作判斷,描述性關係；尚未扣費用、檢查除權息或做樣本外驗證；不評分、不認定關鍵分點
3661,9600,9600,富邦證券,sell,5,1,1,15.4050464807437,1.0,15.4050464807437,0.0,1.195219123505975,1,,量占比與後續報酬的描述性相關；非因果或預測能力，少量樣本不作判斷,描述性關係；尚未扣費用、檢查除權息或做樣本外驗證；不評分、不認定關鍵分點
3661,9604,9600,富邦-陽明,buy,5,1,1,15.4050464807437,1.0,15.4050464807437,0.0,1.195219123505975,1,,量占比與後續報酬的描述性相關；非因果或預測能力，少量樣本不作判斷,描述性關係；尚未扣費用、檢查除權息或做樣本外驗證；不評分、不認定關鍵分點
3661,9666,9600,富邦-南屯,buy,5,1,1,15.4050464807437,1.0,15.4050464807437,0.0,1.195219123505975,1,,量占比與後續報酬的描述性相關；非因果或預測能力，少量樣本不作判斷,描述性關係；尚未扣費用、檢查除權息或做樣本外驗證；不評分、不認定關鍵分點
3661,9800,9800,元大證券,sell,5,1,1,15.4050464807437,1.0,15.4050464807437,0.0,1.195219123505975,1,,量占比與後續報酬的描述性相關；非因果或預測能力，少量樣本不作判斷,描述性關係；尚未扣費用、檢查除權息或做樣本外驗證；不評分、不認定關鍵分點
3665,0031003000320045,1020,合庫-桃園,buy,5,1,1,-7.632093933463802,0.0,-7.632093933463802,0.0,-9.393346379647749,1,,量占比與後續報酬的描述性相關；非因果或預測能力，少量樣本不作判斷,描述性關係；尚未扣費用、檢查除權息或做樣本外驗證；不評分、不認定關鍵分點
3665,0031003200360055,1260,宏遠-館前,buy,5,1,1,-7.632093933463802,0.0,-7.632093933463802,0.0,-9.393346379647749,1,,量占比與後續報酬的描述性相關；非因果或預測能力，少量樣本不作判斷,描述性關係；尚未扣費用、檢查除權息或做樣本外驗證；不評分、不認定關鍵分點
3665,003900360031004d,9600,富邦-木柵,buy,5,1,1,-7.632093933463802,0.0,-7.632093933463802,0.0,-9.393346379647749,1,,量占比與後續報酬的描述性相關；非因果或預測能力，少量樣本不作判斷,描述性關係；尚未扣費用、檢查除權息或做樣本外驗證；不評分、不認定關鍵分點
3665,0039003600360046,9600,富邦-左營,sell,5,1,1,-7.632093933463802,0.0,-7.632093933463802,0.0,-9.393346379647749,1,,量占比與後續報酬的描述性相關；非因果或預測能力，少量樣本不作判斷,描述性關係；尚未扣費用、檢查除權息或做樣本外驗證；不評分、不認定關鍵分點
3665,0039003800340048,9800,元大-景美,sell,5,1,1,-7.632093933463802,0.0,-7.632093933463802,0.0,-9.393346379647749,1,,量占比與後續報酬的描述性相關；非因果或預測能力，少量樣本不作判斷,描述性關係；尚未扣費用、檢查除權息或做樣本外驗證；不評分、不認定關鍵分點
3665,0039004100300030,9A00,永豐金證券,buy,5,1,1,-7.632093933463802,0.0,-7.632093933463802,0.0,-9.393346379647749,1,,量占比與後續報酬的描述性相關；非因果或預測能力，少量樣本不作判斷,描述性關係；尚未扣費用、檢查除權息或做樣本外驗證；不評分、不認定關鍵分點
3665,003900410039005a,9A00,永豐金-復興,sell,5,1,1,-7.632093933463802,0.0,-7.632093933463802,0.0,-9.393346379647749,1,,量占比與後續報酬的描述性相關；非因果或預測能力，少量樣本不作判斷,描述性關係；尚未扣費用、檢查除權息或做樣本外驗證；不評分、不認定關鍵分點
3665,0039004200300030,9B00,台新,sell,5,1,1,-7.632093933463802,0.0,-7.632093933463802,0.0,-9.393346379647749,1,,量占比與後續報酬的描述性相關；非因果或預測能力，少量樣本不作判斷,描述性關係；尚未扣費用、檢查除權息或做樣本外驗證；不評分、不認定關鍵分點
3665,0039004200320035,9B00,台新-五權西,buy,5,1,1,-7.632093933463802,0.0,-7.632093933463802,0.0,-9.393346379647749,1,,量占比與後續報酬的描述性相關；非因果或預測能力，少量樣本不作判斷,描述性關係；尚未扣費用、檢查除權息或做樣本外驗證；不評分、不認定關鍵分點
3665,0039004200320045,9B00,台新-城中,sell,5,1,1,-7.632093933463802,0.0,-7.632093933463802,0.0,-9.393346379647749,1,,量占比與後續報酬的描述性相關；非因果或預測能力，少量樣本不作判斷,描述性關係；尚未扣費用、檢查除權息或做樣本外驗證；不評分、不認定關鍵分點
3665,1440,1440,美林,sell,5,1,1,-7.632093933463802,0.0,-7.632093933463802,0.0,-9.393346379647749,1,,量占比與後續報酬的描述性相關；非因果或預測能力，少量樣本不作判斷,描述性關係；尚未扣費用、檢查除權息或做樣本外驗證；不評分、不認定關鍵分點
3665,1470,1470,台灣摩根士丹利,buy,5,1,1,-7.632093933463802,0.0,-7.632093933463802,0.0,-9.393346379647749,1,,量占比與後續報酬的描述性相關；非因果或預測能力，少量樣本不作判斷,描述性關係；尚未扣費用、檢查除權息或做樣本外驗證；不評分、不認定關鍵分點
3665,1480,1480,美商高盛,sell,5,1,1,-7.632093933463802,0.0,-7.632093933463802,0.0,-9.393346379647749,1,,量占比與後續報酬的描述性相關；非因果或預測能力，少量樣本不作判斷,描述性關係；尚未扣費用、檢查除權息或做樣本外驗證；不評分、不認定關鍵分點
3665,1560,1560,港商野村,sell,5,1,1,-7.632093933463802,0.0,-7.632093933463802,0.0,-9.393346379647749,1,,量占比與後續報酬的描述性相關；非因果或預測能力，少量樣本不作判斷,描述性關係；尚未扣費用、檢查除權息或做樣本外驗證；不評分、不認定關鍵分點
3665,1590,1590,花旗環球,buy,5,1,1,-7.632093933463802,0.0,-7.632093933463802,0.0,-9.393346379647749,1,,量占比與後續報酬的描述性相關；非因果或預測能力，少量樣本不作判斷,描述性關係；尚未扣費用、檢查除權息或做樣本外驗證；不評分、不認定關鍵分點
3665,1650,1650,新加坡商瑞銀,sell,5,1,1,-7.632093933463802,0.0,-7.632093933463802,0.0,-9.393346379647749,1,,量占比與後續報酬的描述性相關；非因果或預測能力，少量樣本不作判斷,描述性關係；尚未扣費用、檢查除權息或做樣本外驗證；不評分、不認定關鍵分點
3665,5850,5850,統一,buy,5,1,1,-7.632093933463802,0.0,-7.632093933463802,0.0,-9.393346379647749,1,,量占比與後續報酬的描述性相關；非因果或預測能力，少量樣本不作判斷,描述性關係；尚未扣費用、檢查除權息或做樣本外驗證；不評分、不認定關鍵分點
3665,6160,6160,中國信託,sell,5,1,1,-7.632093933463802,0.0,-7.632093933463802,0.0,-9.393346379647749,1,,量占比與後續報酬的描述性相關；非因果或預測能力，少量樣本不作判斷,描述性關係；尚未扣費用、檢查除權息或做樣本外驗證；不評分、不認定關鍵分點
3665,7000,7000,兆豐證券,buy,5,1,1,-7.632093933463802,0.0,-7.632093933463802,0.0,-9.393346379647749,1,,量占比與後續報酬的描述性相關；非因果或預測能力，少量樣本不作判斷,描述性關係；尚未扣費用、檢查除權息或做樣本外驗證；不評分、不認定關鍵分點
3665,8440,8440,摩根大通,sell,5,1,1,-7.632093933463802,0.0,-7.632093933463802,0.0,-9.393346379647749,1,,量占比與後續報酬的描述性相關；非因果或預測能力，少量樣本不作判斷,描述性關係；尚未扣費用、檢查除權息或做樣本外驗證；不評分、不認定關鍵分點
3665,8560,8560,新光,buy,5,1,1,-7.632093933463802,0.0,-7.632093933463802,0.0,-9.393346379647749,1,,量占比與後續報酬的描述性相關；非因果或預測能力，少量樣本不作判斷,描述性關係；尚未扣費用、檢查除權息或做樣本外驗證；不評分、不認定關鍵分點
3665,8880,8880,國泰證券,buy,5,1,1,-7.632093933463802,0.0,-7.632093933463802,0.0,-9.393346379647749,1,,量占比與後續報酬的描述性相關；非因果或預測能力，少量樣本不作判斷,描述性關係；尚未扣費用、檢查除權息或做樣本外驗證；不評分、不認定關鍵分點
3665,8888,8880,國泰-敦南,buy,5,1,1,-7.632093933463802,0.0,-7.632093933463802,0.0,-9.393346379647749,1,,量占比與後續報酬的描述性相關；非因果或預測能力，少量樣本不作判斷,描述性關係；尚未扣費用、檢查除權息或做樣本外驗證；不評分、不認定關鍵分點
3665,8900,8900,法銀巴黎,sell,5,1,1,-7.632093933463802,0.0,-7.632093933463802,0.0,-9.393346379647749,1,,量占比與後續報酬的描述性相關；非因果或預測能力，少量樣本不作判斷,描述性關係；尚未扣費用、檢查除權息或做樣本外驗證；不評分、不認定關鍵分點
3665,8960,8960,香港上海匯豐,sell,5,1,1,-7.632093933463802,0.0,-7.632093933463802,0.0,-9.393346379647749,1,,量占比與後續報酬的描述性相關；非因果或預測能力，少量樣本不作判斷,描述性關係；尚未扣費用、檢查除權息或做樣本外驗證；不評分、不認定關鍵分點
3665,9200,9200,凱基,buy,5,1,1,-7.632093933463802,0.0,-7.632093933463802,0.0,-9.393346379647749,1,,量占比與後續報酬的描述性相關；非因果或預測能力，少量樣本不作判斷,描述性關係；尚未扣費用、檢查除權息或做樣本外驗證；不評分、不認定關鍵分點
3665,9268,9200,凱基-台北,sell,5,1,1,-7.632093933463802,0.0,-7.632093933463802,0.0,-9.393346379647749,1,,量占比與後續報酬的描述性相關；非因果或預測能力，少量樣本不作判斷,描述性關係；尚未扣費用、檢查除權息或做樣本外驗證；不評分、不認定關鍵分點
3665,9359,9300,華南永昌-中正,buy,5,1,1,-7.632093933463802,0.0,-7.632093933463802,0.0,-9.393346379647749,1,,量占比與後續報酬的描述性相關；非因果或預測能力，少量樣本不作判斷,描述性關係；尚未扣費用、檢查除權息或做樣本外驗證；不評分、不認定關鍵分點
3665,9600,9600,富邦證券,sell,5,1,1,-7.632093933463802,0.0,-7.632093933463802,0.0,-9.393346379647749,1,,量占比與後續報酬的描述性相關；非因果或預測能力，少量樣本不作判斷,描述性關係；尚未扣費用、檢查除權息或做樣本外驗證；不評分、不認定關鍵分點
3665,9800,9800,元大證券,buy,5,1,1,-7.632093933463802,0.0,-7.632093933463802,0.0,-9.393346379647749,1,,量占比與後續報酬的描述性相關；非因果或預測能力，少量樣本不作判斷,描述性關係；尚未扣費用、檢查除權息或做樣本外驗證；不評分、不認定關鍵分點
3680,0031003100310042,1110,台灣企銀-建成,buy,5,1,1,3.62976406533575,1.0,3.62976406533575,0.0,0.1814882032667775,1,,量占比與後續報酬的描述性相關；非因果或預測能力，少量樣本不作判斷,描述性關係；尚未扣費用、檢查除權息或做樣本外驗證；不評分、不認定關鍵分點
3680,0037003700390057,7790,國票-彰化,buy,5,1,1,3.62976406533575,1.0,3.62976406533575,0.0,0.1814882032667775,1,,量占比與後續報酬的描述性相關；非因果或預測能力，少量樣本不作判斷,描述性關係；尚未扣費用、檢查除權息或做樣本外驗證；不評分、不認定關鍵分點
3680,0038003800340046,8840,玉山-桃園,sell,5,1,1,3.62976406533575,1.0,3.62976406533575,0.0,0.1814882032667775,1,,量占比與後續報酬的描述性相關；非因果或預測能力，少量樣本不作判斷,描述性關係；尚未扣費用、檢查除權息或做樣本外驗證；不評分、不認定關鍵分點
3680,003800380034004a,8840,玉山-大里,buy,5,1,1,3.62976406533575,1.0,3.62976406533575,0.0,0.1814882032667775,1,,量占比與後續報酬的描述性相關；非因果或預測能力，少量樣本不作判斷,描述性關係；尚未扣費用、檢查除權息或做樣本外驗證；不評分、不認定關鍵分點
3680,0039003100380065,9100,群益金鼎-大安,sell,5,1,1,3.62976406533575,1.0,3.62976406533575,0.0,0.1814882032667775,1,,量占比與後續報酬的描述性相關；非因果或預測能力，少量樣本不作判斷,描述性關係；尚未扣費用、檢查除權息或做樣本外驗證；不評分、不認定關鍵分點
3680,0039004100300030,9A00,永豐金證券,sell,5,1,1,3.62976406533575,1.0,3.62976406533575,0.0,0.1814882032667775,1,,量占比與後續報酬的描述性相關；非因果或預測能力，少量樣本不作判斷,描述性關係；尚未扣費用、檢查除權息或做樣本外驗證；不評分、不認定關鍵分點
3680,0039004100390032,9A00,永豐金-萬盛,sell,5,1,1,3.62976406533575,1.0,3.62976406533575,0.0,0.1814882032667775,1,,量占比與後續報酬的描述性相關；非因果或預測能力，少量樣本不作判斷,描述性關係；尚未扣費用、檢查除權息或做樣本外驗證；不評分、不認定關鍵分點
3680,0039004200310067,9B00,台新-高雄,buy,5,1,1,3.62976406533575,1.0,3.62976406533575,0.0,0.1814882032667775,1,,量占比與後續報酬的描述性相關；非因果或預測能力，少量樣本不作判斷,描述性關係；尚未扣費用、檢查除權息或做樣本外驗證；不評分、不認定關鍵分點
3680,1112,1110,台灣企銀-台南,sell,5,1,1,3.62976406533575,1.0,3.62976406533575,0.0,0.1814882032667775,1,,量占比與後續報酬的描述性相關；非因果或預測能力，少量樣本不作判斷,描述性關係；尚未扣費用、檢查除權息或做樣本外驗證；不評分、不認定關鍵分點
3680,1440,1440,美林,sell,5,1,1,3.62976406533575,1.0,3.62976406533575,0.0,0.1814882032667775,1,,量占比與後續報酬的描述性相關；非因果或預測能力，少量樣本不作判斷,描述性關係；尚未扣費用、檢查除權息或做樣本外驗證；不評分、不認定關鍵分點
3680,1470,1470,台灣摩根士丹利,sell,5,1,1,3.62976406533575,1.0,3.62976406533575,0.0,0.1814882032667775,1,,量占比與後續報酬的描述性相關；非因果或預測能力，少量樣本不作判斷,描述性關係；尚未扣費用、檢查除權息或做樣本外驗證；不評分、不認定關鍵分點
3680,1480,1480,美商高盛,buy,5,1,1,3.62976406533575,1.0,3.62976406533575,0.0,0.1814882032667775,1,,量占比與後續報酬的描述性相關；非因果或預測能力，少量樣本不作判斷,描述性關係；尚未扣費用、檢查除權息或做樣本外驗證；不評分、不認定關鍵分點
3680,1560,1560,港商野村,sell,5,1,1,3.62976406533575,1.0,3.62976406533575,0.0,0.1814882032667775,1,,量占比與後續報酬的描述性相關；非因果或預測能力，少量樣本不作判斷,描述性關係；尚未扣費用、檢查除權息或做樣本外驗證；不評分、不認定關鍵分點
3680,1650,1650,新加坡商瑞銀,sell,5,1,1,3.62976406533575,1.0,3.62976406533575,0.0,0.1814882032667775,1,,量占比與後續報酬的描述性相關；非因果或預測能力，少量樣本不作判斷,描述性關係；尚未扣費用、檢查除權息或做樣本外驗證；不評分、不認定關鍵分點
3680,5856,5850,統一-台中,sell,5,1,1,3.62976406533575,1.0,3.62976406533575,0.0,0.1814882032667775,1,,量占比與後續報酬的描述性相關；非因果或預測能力，少量樣本不作判斷,描述性關係；尚未扣費用、檢查除權息或做樣本外驗證；不評分、不認定關鍵分點
3680,8440,8440,摩根大通,buy,5,1,1,3.62976406533575,1.0,3.62976406533575,0.0,0.1814882032667775,1,,量占比與後續報酬的描述性相關；非因果或預測能力，少量樣本不作判斷,描述性關係；尚未扣費用、檢查除權息或做樣本外驗證；不評分、不認定關鍵分點
3680,8560,8560,新光,sell,5,1,1,3.62976406533575,1.0,3.62976406533575,0.0,0.1814882032667775,1,,量占比與後續報酬的描述性相關；非因果或預測能力，少量樣本不作判斷,描述性關係；尚未扣費用、檢查除權息或做樣本外驗證；不評分、不認定關鍵分點
3680,8711,8710,陽信-石牌,buy,5,1,1,3.62976406533575,1.0,3.62976406533575,0.0,0.1814882032667775,1,,量占比與後續報酬的描述性相關；非因果或預測能力，少量樣本不作判斷,描述性關係；尚未扣費用、檢查除權息或做樣本外驗證；不評分、不認定關鍵分點
3680,8883,8880,國泰-松江,buy,5,1,1,3.62976406533575,1.0,3.62976406533575,0.0,0.1814882032667775,1,,量占比與後續報酬的描述性相關；非因果或預測能力，少量樣本不作判斷,描述性關係；尚未扣費用、檢查除權息或做樣本外驗證；不評分、不認定關鍵分點
3680,8888,8880,國泰-敦南,sell,5,1,1,3.62976406533575,1.0,3.62976406533575,0.0,0.1814882032667775,1,,量占比與後續報酬的描述性相關；非因果或預測能力，少量樣本不作判斷,描述性關係；尚未扣費用、檢查除權息或做樣本外驗證；不評分、不認定關鍵分點
3680,9200,9200,凱基,sell,5,1,1,3.62976406533575,1.0,3.62976406533575,0.0,0.1814882032667775,1,,量占比與後續報酬的描述性相關；非因果或預測能力，少量樣本不作判斷,描述性關係；尚未扣費用、檢查除權息或做樣本外驗證；不評分、不認定關鍵分點
3680,9236,9200,凱基-虎尾,buy,5,1,1,3.62976406533575,1.0,3.62976406533575,0.0,0.1814882032667775,1,,量占比與後續報酬的描述性相關；非因果或預測能力，少量樣本不作判斷,描述性關係；尚未扣費用、檢查除權息或做樣本外驗證；不評分、不認定關鍵分點
3680,9268,9200,凱基-台北,buy,5,1,1,3.62976406533575,1.0,3.62976406533575,0.0,0.1814882032667775,1,,量占比與後續報酬的描述性相關；非因果或預測能力，少量樣本不作判斷,描述性關係；尚未扣費用、檢查除權息或做樣本外驗證；不評分、不認定關鍵分點
3680,9328,9300,華南永昌-潮州,buy,5,1,1,3.62976406533575,1.0,3.62976406533575,0.0,0.1814882032667775,1,,量占比與後續報酬的描述性相關；非因果或預測能力，少量樣本不作判斷,描述性關係；尚未扣費用、檢查除權息或做樣本外驗證；不評分、不認定關鍵分點
3680,9349,9300,華南永昌-板橋,sell,5,1,1,3.62976406533575,1.0,3.62976406533575,0.0,0.1814882032667775,1,,量占比與後續報酬的描述性相關；非因果或預測能力，少量樣本不作判斷,描述性關係；尚未扣費用、檢查除權息或做樣本外驗證；不評分、不認定關鍵分點
3680,9634,9600,富邦-羅東,buy,5,1,1,3.62976406533575,1.0,3.62976406533575,0.0,0.1814882032667775,1,,量占比與後續報酬的描述性相關；非因果或預測能力，少量樣本不作判斷,描述性關係；尚未扣費用、檢查除權息或做樣本外驗證；不評分、不認定關鍵分點
3680,9665,9600,富邦-桃園,buy,5,1,1,3.62976406533575,1.0,3.62976406533575,0.0,0.1814882032667775,1,,量占比與後續報酬的描述性相關；非因果或預測能力，少量樣本不作判斷,描述性關係；尚未扣費用、檢查除權息或做樣本外驗證；不評分、不認定關鍵分點
3680,9676,9600,富邦-仁愛,buy,5,1,1,3.62976406533575,1.0,3.62976406533575,0.0,0.1814882032667775,1,,量占比與後續報酬的描述性相關；非因果或預測能力，少量樣本不作判斷,描述性關係；尚未扣費用、檢查除權息或做樣本外驗證；不評分、不認定關鍵分點
3680,9800,9800,元大證券,buy,5,1,1,3.62976406533575,1.0,3.62976406533575,0.0,0.1814882032667775,1,,量占比與後續報酬的描述性相關；非因果或預測能力，少量樣本不作判斷,描述性關係；尚未扣費用、檢查除權息或做樣本外驗證；不評分、不認定關鍵分點
3680,9862,9800,元大-南京,sell,5,1,1,3.62976406533575,1.0,3.62976406533575,0.0,0.1814882032667775,1,,量占比與後續報酬的描述性相關；非因果或預測能力，少量樣本不作判斷,描述性關係；尚未扣費用、檢查除權息或做樣本外驗證；不評分、不認定關鍵分點
3689,0031003000340041,1040,臺銀-臺中,buy,5,1,1,6.334841628959276,1.0,6.334841628959276,0.0,2.262443438914019,1,,量占比與後續報酬的描述性相關；非因果或預測能力，少量樣本不作判斷,描述性關係；尚未扣費用、檢查除權息或做樣本外驗證；不評分、不認定關鍵分點
3689,0031003200360051,1260,宏遠-高雄,buy,5,1,1,6.334841628959276,1.0,6.334841628959276,0.0,2.262443438914019,1,,量占比與後續報酬的描述性相關；非因果或預測能力，少量樣本不作判斷,描述性關係；尚未扣費用、檢查除權息或做樣本外驗證；不評分、不認定關鍵分點
3689,0039003600310048,9600,富邦-新板,sell,5,1,1,6.334841628959276,1.0,6.334841628959276,0.0,2.262443438914019,1,,量占比與後續報酬的描述性相關；非因果或預測能力，少量樣本不作判斷,描述性關係；尚未扣費用、檢查除權息或做樣本外驗證；不評分、不認定關鍵分點
3689,0039003600320043,9600,富邦-竹科,sell,5,1,1,6.334841628959276,1.0,6.334841628959276,0.0,2.262443438914019,1,,量占比與後續報酬的描述性相關；非因果或預測能力，少量樣本不作判斷,描述性關係；尚未扣費用、檢查除權息或做樣本外驗證；不評分、不認定關鍵分點
3689,0039003800320043,9800,元大-六合,sell,5,1,1,6.334841628959276,1.0,6.334841628959276,0.0,2.262443438914019,1,,量占比與後續報酬的描述性相關；非因果或預測能力，少量樣本不作判斷,描述性關係；尚未扣費用、檢查除權息或做樣本外驗證；不評分、不認定關鍵分點
3689,003900380039004c,9800,元大-成功,sell,5,1,1,6.334841628959276,1.0,6.334841628959276,0.0,2.262443438914019,1,,量占比與後續報酬的描述性相關；非因果或預測能力，少量樣本不作判斷,描述性關係；尚未扣費用、檢查除權息或做樣本外驗證；不評分、不認定關鍵分點
3689,0039004100300030,9A00,永豐金證券,buy,5,1,1,6.334841628959276,1.0,6.334841628959276,0.0,2.262443438914019,1,,量占比與後續報酬的描述性相關；非因果或預測能力，少量樣本不作判斷,描述性關係；尚未扣費用、檢查除權息或做樣本外驗證；不評分、不認定關鍵分點
3689,0039004100390032,9A00,永豐金-萬盛,buy,5,1,1,6.334841628959276,1.0,6.334841628959276,0.0,2.262443438914019,1,,量占比與後續報酬的描述性相關；非因果或預測能力，少量樣本不作判斷,描述性關係；尚未扣費用、檢查除權息或做樣本外驗證；不評分、不認定關鍵分點
3689,0039004100390042,9A00,永豐金-中和,buy,5,1,1,6.334841628959276,1.0,6.334841628959276,0.0,2.262443438914019,1,,量占比與後續報酬的描述性相關；非因果或預測能力，少量樣本不作判斷,描述性關係；尚未扣費用、檢查除權息或做樣本外驗證；不評分、不認定關鍵分點
3689,0039004100390053,9A00,永豐金-南京,sell,5,1,1,6.334841628959276,1.0,6.334841628959276,0.0,2.262443438914019,1,,量占比與後續報酬的描述性相關；非因果或預測能力，少量樣本不作判斷,描述性關係；尚未扣費用、檢查除權息或做樣本外驗證；不評分、不認定關鍵分點
3689,1024,1020,合庫-嘉義,sell,5,1,1,6.334841628959276,1.0,6.334841628959276,0.0,2.262443438914019,1,,量占比與後續報酬的描述性相關；非因果或預測能力，少量樣本不作判斷,描述性關係；尚未扣費用、檢查除權息或做樣本外驗證；不評分、不認定關鍵分點
3689,1480,1480,美商高盛,sell,5,1,1,6.334841628959276,1.0,6.334841628959276,0.0,2.262443438914019,1,,量占比與後續報酬的描述性相關；非因果或預測能力，少量樣本不作判斷,描述性關係；尚未扣費用、檢查除權息或做樣本外驗證；不評分、不認定關鍵分點
3689,6114,6110,台中銀-員林,sell,5,1,1,6.334841628959276,1.0,6.334841628959276,0.0,2.262443438914019,1,,量占比與後續報酬的描述性相關；非因果或預測能力，少量樣本不作判斷,描述性關係；尚未扣費用、檢查除權息或做樣本外驗證；不評分、不認定關鍵分點
3689,6210,6210,新百王,sell,5,1,1,6.334841628959276,1.0,6.334841628959276,0.0,2.262443438914019,1,,量占比與後續報酬的描述性相關；非因果或預測能力，少量樣本不作判斷,描述性關係；尚未扣費用、檢查除權息或做樣本外驗證；不評分、不認定關鍵分點
3689,6460,6460,大昌,sell,5,1,1,6.334841628959276,1.0,6.334841628959276,0.0,2.262443438914019,1,,量占比與後續報酬的描述性相關；非因果或預測能力，少量樣本不作判斷,描述性關係；尚未扣費用、檢查除權息或做樣本外驗證；不評分、不認定關鍵分點
3689,6462,6460,大昌-安康,buy,5,1,1,6.334841628959276,1.0,6.334841628959276,0.0,2.262443438914019,1,,量占比與後續報酬的描述性相關；非因果或預測能力，少量樣本不作判斷,描述性關係；尚未扣費用、檢查除權息或做樣本外驗證；不評分、不認定關鍵分點
3689,8440,8440,摩根大通,sell,5,1,1,6.334841628959276,1.0,6.334841628959276,0.0,2.262443438914019,1,,量占比與後續報酬的描述性相關；非因果或預測能力，少量樣本不作判斷,描述性關係；尚未扣費用、檢查除權息或做樣本外驗證；不評分、不認定關鍵分點
3689,8560,8560,新光,sell,5,1,1,6.334841628959276,1.0,6.334841628959276,0.0,2.262443438914019,1,,量占比與後續報酬的描述性相關；非因果或預測能力，少量樣本不作判斷,描述性關係；尚未扣費用、檢查除權息或做樣本外驗證；不評分、不認定關鍵分點
3689,8562,8560,新光-高雄,buy,5,1,1,6.334841628959276,1.0,6.334841628959276,0.0,2.262443438914019,1,,量占比與後續報酬的描述性相關；非因果或預測能力，少量樣本不作判斷,描述性關係；尚未扣費用、檢查除權息或做樣本外驗證；不評分、不認定關鍵分點
3689,8565,8560,新光-桃園,buy,5,1,1,6.334841628959276,1.0,6.334841628959276,0.0,2.262443438914019,1,,量占比與後續報酬的描述性相關；非因果或預測能力，少量樣本不作判斷,描述性關係；尚未扣費用、檢查除權息或做樣本外驗證；不評分、不認定關鍵分點
3689,8884,8880,國泰-台南,buy,5,1,1,6.334841628959276,1.0,6.334841628959276,0.0,2.262443438914019,1,,量占比與後續報酬的描述性相關；非因果或預測能力，少量樣本不作判斷,描述性關係；尚未扣費用、檢查除權息或做樣本外驗證；不評分、不認定關鍵分點
3689,8888,8880,國泰-敦南,buy,5,1,1,6.334841628959276,1.0,6.334841628959276,0.0,2.262443438914019,1,,量占比與後續報酬的描述性相關；非因果或預測能力，少量樣本不作判斷,描述性關係；尚未扣費用、檢查除權息或做樣本外驗證；不評分、不認定關鍵分點
3689,9134,9100,群益金鼎-開元,buy,5,1,1,6.334841628959276,1.0,6.334841628959276,0.0,2.262443438914019,1,,量占比與後續報酬的描述性相關；非因果或預測能力，少量樣本不作判斷,描述性關係；尚未扣費用、檢查除權息或做樣本外驗證；不評分、不認定關鍵分點
3689,9137,9100,群益金鼎-士林,sell,5,1,1,6.334841628959276,1.0,6.334841628959276,0.0,2.262443438914019,1,,量占比與後續報酬的描述性相關；非因果或預測能力，少量樣本不作判斷,描述性關係；尚未扣費用、檢查除權息或做樣本外驗證；不評分、不認定關鍵分點
3689,9268,9200,凱基-台北,buy,5,1,1,6.334841628959276,1.0,6.334841628959276,0.0,2.262443438914019,1,,量占比與後續報酬的描述性相關；非因果或預測能力，少量樣本不作判斷,描述性關係；尚未扣費用、檢查除權息或做樣本外驗證；不評分、不認定關鍵分點
3689,9283,9200,凱基-北門,buy,5,1,1,6.334841628959276,1.0,6.334841628959276,0.0,2.262443438914019,1,,量占比與後續報酬的描述性相關；非因果或預測能力，少量樣本不作判斷,描述性關係；尚未扣費用、檢查除權息或做樣本外驗證；不評分、不認定關鍵分點
3689,9337,9300,華南永昌-內壢,buy,5,1,1,6.334841628959276,1.0,6.334841628959276,0.0,2.262443438914019,1,,量占比與後續報酬的描述性相關；非因果或預測能力，少量樣本不作判斷,描述性關係；尚未扣費用、檢查除權息或做樣本外驗證；不評分、不認定關鍵分點
3689,9604,9600,富邦-陽明,buy,5,1,1,6.334841628959276,1.0,6.334841628959276,0.0,2.262443438914019,1,,量占比與後續報酬的描述性相關；非因果或預測能力，少量樣本不作判斷,描述性關係；尚未扣費用、檢查除權息或做樣本外驗證；不評分、不認定關鍵分點
3689,9859,9800,元大-新竹經國,sell,5,1,1,6.334841628959276,1.0,6.334841628959276,0.0,2.262443438914019,1,,量占比與後續報酬的描述性相關；非因果或預測能力，少量樣本不作判斷,描述性關係；尚未扣費用、檢查除權息或做樣本外驗證；不評分、不認定關鍵分點
3689,9869,9800,元大-新盛,sell,5,1,1,6.334841628959276,1.0,6.334841628959276,0.0,2.262443438914019,1,,量占比與後續報酬的描述性相關；非因果或預測能力，少量樣本不作判斷,描述性關係；尚未扣費用、檢查除權息或做樣本外驗證；不評分、不認定關鍵分點
3693,0037003000300077,7000,兆豐-新莊,buy,5,1,1,10.843373493975905,1.0,10.843373493975905,0.0,-0.1506024096385561,1,,量占比與後續報酬的描述性相關；非因果或預測能力，少量樣本不作判斷,描述性關係；尚未扣費用、檢查除權息或做樣本外驗證；不評分、不認定關鍵分點
3693,003700370039005a,7790,國票-安和,buy,5,1,1,10.843373493975905,1.0,10.843373493975905,0.0,-0.1506024096385561,1,,量占比與後續報酬的描述性相關；非因果或預測能力，少量樣本不作判斷,描述性關係；尚未扣費用、檢查除權息或做樣本外驗證；不評分、不認定關鍵分點
3693,0037003700390063,7790,國票-敦北法人,sell,5,1,1,10.843373493975905,1.0,10.843373493975905,0.0,-0.1506024096385561,1,,量占比與後續報酬的描述性相關；非因果或預測能力，少量樣本不作判斷,描述性關係；尚未扣費用、檢查除權息或做樣本外驗證；不評分、不認定關鍵分點
3693,003800380038004b,8880,國泰-板橋,sell,5,1,1,10.843373493975905,1.0,10.843373493975905,0.0,-0.1506024096385561,1,,量占比與後續報酬的描述性相關；非因果或預測能力，少量樣本不作判斷,描述性關係；尚未扣費用、檢查除權息或做樣本外驗證；不評分、不認定關鍵分點
3693,0039003100380065,9100,群益金鼎-大安,buy,5,1,1,10.843373493975905,1.0,10.843373493975905,0.0,-0.1506024096385561,1,,量占比與後續報酬的描述性相關；非因果或預測能力，少量樣本不作判斷,描述性關係；尚未扣費用、檢查除權息或做樣本外驗證；不評分、不認定關鍵分點
3693,0039003800300077,9800,元大-西屯,sell,5,1,1,10.843373493975905,1.0,10.843373493975905,0.0,-0.1506024096385561,1,,量占比與後續報酬的描述性相關；非因果或預測能力，少量樣本不作判斷,描述性關係；尚未扣費用、檢查除權息或做樣本外驗證；不評分、不認定關鍵分點
3693,0039003800310068,9800,元大-屏東民生,buy,5,1,1,10.843373493975905,1.0,10.843373493975905,0.0,-0.1506024096385561,1,,量占比與後續報酬的描述性相關；非因果或預測能力，少量樣本不作判斷,描述性關係；尚未扣費用、檢查除權息或做樣本外驗證；不評分、不認定關鍵分點
3693,003900380039004e,9800,元大-內湖,buy,5,1,1,10.843373493975905,1.0,10.843373493975905,0.0,-0.1506024096385561,1,,量占比與後續報酬的描述性相關；非因果或預測能力，少量樣本不作判斷,描述性關係；尚未扣費用、檢查除權息或做樣本外驗證；不評分、不認定關鍵分點
3693,0039004100380039,9A00,永豐金-敦北,sell,5,1,1,10.843373493975905,1.0,10.843373493975905,0.0,-0.1506024096385561,1,,量占比與後續報酬的描述性相關；非因果或預測能力，少量樣本不作判斷,描述性關係；尚未扣費用、檢查除權息或做樣本外驗證；不評分、不認定關鍵分點
3693,0039004100380046,9A00,永豐金-敦南,sell,5,1,1,10.843373493975905,1.0,10.843373493975905,0.0,-0.1506024096385561,1,,量占比與後續報酬的描述性相關；非因果或預測能力，少量樣本不作判斷,描述性關係；尚未扣費用、檢查除權息或做樣本外驗證；不評分、不認定關鍵分點
3693,0039004200300030,9B00,台新,buy,5,1,1,10.843373493975905,1.0,10.843373493975905,0.0,-0.1506024096385561,1,,量占比與後續報酬的描述性相關；非因果或預測能力，少量樣本不作判斷,描述性關係；尚未扣費用、檢查除權息或做樣本外驗證；不評分、不認定關鍵分點
3693,1440,1440,美林,sell,5,1,1,10.843373493975905,1.0,10.843373493975905,0.0,-0.1506024096385561,1,,量占比與後續報酬的描述性相關；非因果或預測能力，少量樣本不作判斷,描述性關係；尚未扣費用、檢查除權息或做樣本外驗證；不評分、不認定關鍵分點
3693,1470,1470,台灣摩根士丹利,buy,5,1,1,10.843373493975905,1.0,10.843373493975905,0.0,-0.1506024096385561,1,,量占比與後續報酬的描述性相關；非因果或預測能力，少量樣本不作判斷,描述性關係；尚未扣費用、檢查除權息或做樣本外驗證；不評分、不認定關鍵分點
3693,1480,1480,美商高盛,sell,5,1,1,10.843373493975905,1.0,10.843373493975905,0.0,-0.1506024096385561,1,,量占比與後續報酬的描述性相關；非因果或預測能力，少量樣本不作判斷,描述性關係；尚未扣費用、檢查除權息或做樣本外驗證；不評分、不認定關鍵分點
3693,1560,1560,港商野村,sell,5,1,1,10.843373493975905,1.0,10.843373493975905,0.0,-0.1506024096385561,1,,量占比與後續報酬的描述性相關；非因果或預測能力，少量樣本不作判斷,描述性關係；尚未扣費用、檢查除權息或做樣本外驗證；不評分、不認定關鍵分點
3693,1650,1650,新加坡商瑞銀,sell,5,1,1,10.843373493975905,1.0,10.843373493975905,0.0,-0.1506024096385561,1,,量占比與後續報酬的描述性相關；非因果或預測能力，少量樣本不作判斷,描述性關係；尚未扣費用、檢查除權息或做樣本外驗證；不評分、不認定關鍵分點
3693,6451,6450,永全-南崁,sell,5,1,1,10.843373493975905,1.0,10.843373493975905,0.0,-0.1506024096385561,1,,量占比與後續報酬的描述性相關；非因果或預測能力，少量樣本不作判斷,描述性關係；尚未扣費用、檢查除權息或做樣本外驗證；不評分、不認定關鍵分點
3693,8440,8440,摩根大通,buy,5,1,1,10.843373493975905,1.0,10.843373493975905,0.0,-0.1506024096385561,1,,量占比與後續報酬的描述性相關；非因果或預測能力，少量樣本不作判斷,描述性關係；尚未扣費用、檢查除權息或做樣本外驗證；不評分、不認定關鍵分點
3693,8888,8880,國泰-敦南,buy,5,1,1,10.843373493975905,1.0,10.843373493975905,0.0,-0.1506024096385561,1,,量占比與後續報酬的描述性相關；非因果或預測能力，少量樣本不作判斷,描述性關係；尚未扣費用、檢查除權息或做樣本外驗證；不評分、不認定關鍵分點
3693,9100,9100,群益金鼎,buy,5,1,1,10.843373493975905,1.0,10.843373493975905,0.0,-0.1506024096385561,1,,量占比與後續報酬的描述性相關；非因果或預測能力，少量樣本不作判斷,描述性關係；尚未扣費用、檢查除權息或做樣本外驗證；不評分、不認定關鍵分點
3693,9200,9200,凱基,sell,5,1,1,10.843373493975905,1.0,10.843373493975905,0.0,-0.1506024096385561,1,,量占比與後續報酬的描述性相關；非因果或預測能力，少量樣本不作判斷,描述性關係；尚未扣費用、檢查除權息或做樣本外驗證；不評分、不認定關鍵分點
3693,9216,9200,凱基-信義,sell,5,1,1,10.843373493975905,1.0,10.843373493975905,0.0,-0.1506024096385561,1,,量占比與後續報酬的描述性相關；非因果或預測能力，少量樣本不作判斷,描述性關係；尚未扣費用、檢查除權息或做樣本外驗證；不評分、不認定關鍵分點
3693,9268,9200,凱基-台北,buy,5,1,1,10.843373493975905,1.0,10.843373493975905,0.0,-0.1506024096385561,1,,量占比與後續報酬的描述性相關；非因果或預測能力，少量樣本不作判斷,描述性關係；尚未扣費用、檢查除權息或做樣本外驗證；不評分、不認定關鍵分點
3693,9326,9300,華南永昌-南京,buy,5,1,1,10.843373493975905,1.0,10.843373493975905,0.0,-0.1506024096385561,1,,量占比與後續報酬的描述性相關；非因果或預測能力，少量樣本不作判斷,描述性關係；尚未扣費用、檢查除權息或做樣本外驗證；不評分、不認定關鍵分點
3693,9600,9600,富邦證券,sell,5,1,1,10.843373493975905,1.0,10.843373493975905,0.0,-0.1506024096385561,1,,量占比與後續報酬的描述性相關；非因果或預測能力，少量樣本不作判斷,描述性關係；尚未扣費用、檢查除權息或做樣本外驗證；不評分、不認定關鍵分點
3693,9627,9600,富邦-內湖,sell,5,1,1,10.843373493975905,1.0,10.843373493975905,0.0,-0.1506024096385561,1,,量占比與後續報酬的描述性相關；非因果或預測能力，少量樣本不作判斷,描述性關係；尚未扣費用、檢查除權息或做樣本外驗證；不評分、不認定關鍵分點
3693,9655,9600,富邦-板橋,buy,5,1,1,10.843373493975905,1.0,10.843373493975905,0.0,-0.1506024096385561,1,,量占比與後續報酬的描述性相關；非因果或預測能力，少量樣本不作判斷,描述性關係；尚未扣費用、檢查除權息或做樣本外驗證；不評分、不認定關鍵分點
3693,9831,9800,元大-四維,buy,5,1,1,10.843373493975905,1.0,10.843373493975905,0.0,-0.1506024096385561,1,,量占比與後續報酬的描述性相關；非因果或預測能力，少量樣本不作判斷,描述性關係；尚未扣費用、檢查除權息或做樣本外驗證；不評分、不認定關鍵分點
3693,9852,9800,元大-永春,buy,5,1,1,10.843373493975905,1.0,10.843373493975905,0.0,-0.1506024096385561,1,,量占比與後續報酬的描述性相關；非因果或預測能力，少量樣本不作判斷,描述性關係；尚未扣費用、檢查除權息或做樣本外驗證；不評分、不認定關鍵分點
3693,9856,9800,元大-花蓮,sell,5,1,1,10.843373493975905,1.0,10.843373493975905,0.0,-0.1506024096385561,1,,量占比與後續報酬的描述性相關；非因果或預測能力，少量樣本不作判斷,描述性關係；尚未扣費用、檢查除權息或做樣本外驗證；不評分、不認定關鍵分點
3706,0035003300380050,5380,第一金-路竹,sell,5,1,1,-1.8270401948842885,0.0,-1.8270401948842885,0.0,-2.192448233861144,1,,量占比與後續報酬的描述性相關；非因果或預測能力，少量樣本不作判斷,描述性關係；尚未扣費用、檢查除權息或做樣本外驗證；不評分、不認定關鍵分點
3706,0035003800350062,5850,統一-內湖,sell,5,1,1,-1.8270401948842885,0.0,-1.8270401948842885,0.0,-2.192448233861144,1,,量占比與後續報酬的描述性相關；非因果或預測能力，少量樣本不作判斷,描述性關係；尚未扣費用、檢查除權息或做樣本外驗證；不評分、不認定關鍵分點
3706,0037003000300055,7000,兆豐-桃鶯,sell,5,1,1,-1.8270401948842885,0.0,-1.8270401948842885,0.0,-2.192448233861144,1,,量占比與後續報酬的描述性相關；非因果或預測能力，少量樣本不作判斷,描述性關係；尚未扣費用、檢查除權息或做樣本外驗證；不評分、不認定關鍵分點
3706,0038003800340041,8840,玉山-士林,buy,5,1,1,-1.8270401948842885,0.0,-1.8270401948842885,0.0,-2.192448233861144,1,,量占比與後續報酬的描述性相關；非因果或預測能力，少量樣本不作判斷,描述性關係；尚未扣費用、檢查除權息或做樣本外驗證；不評分、不認定關鍵分點
3706,0039003600310043,9600,富邦-南京,sell,5,1,1,-1.8270401948842885,0.0,-1.8270401948842885,0.0,-2.192448233861144,1,,量占比與後續報酬的描述性相關；非因果或預測能力，少量樣本不作判斷,描述性關係；尚未扣費用、檢查除權息或做樣本外驗證；不評分、不認定關鍵分點
3706,003900380033006a,9800,元大-仁愛,buy,5,1,1,-1.8270401948842885,0.0,-1.8270401948842885,0.0,-2.192448233861144,1,,量占比與後續報酬的描述性相關；非因果或預測能力，少量樣本不作判斷,描述性關係；尚未扣費用、檢查除權息或做樣本外驗證；不評分、不認定關鍵分點
3706,0039003800370041,9800,元大-楊梅,sell,5,1,1,-1.8270401948842885,0.0,-1.8270401948842885,0.0,-2.192448233861144,1,,量占比與後續報酬的描述性相關；非因果或預測能力，少量樣本不作判斷,描述性關係；尚未扣費用、檢查除權息或做樣本外驗證；不評分、不認定關鍵分點
3706,0039003800390059,9800,元大-基隆,sell,5,1,1,-1.8270401948842885,0.0,-1.8270401948842885,0.0,-2.192448233861144,1,,量占比與後續報酬的描述性相關；非因果或預測能力，少量樣本不作判斷,描述性關係；尚未扣費用、檢查除權息或做樣本外驗證；不評分、不認定關鍵分點
3706,0039004200320032,9B00,台新-新店,sell,5,1,1,-1.8270401948842885,0.0,-1.8270401948842885,0.0,-2.192448233861144,1,,量占比與後續報酬的描述性相關；非因果或預測能力，少量樣本不作判斷,描述性關係；尚未扣費用、檢查除權息或做樣本外驗證；不評分、不認定關鍵分點
3706,0039004200320042,9B00,台新-永和,sell,5,1,1,-1.8270401948842885,0.0,-1.8270401948842885,0.0,-2.192448233861144,1,,量占比與後續報酬的描述性相關；非因果或預測能力，少量樣本不作判斷,描述性關係；尚未扣費用、檢查除權息或做樣本外驗證；不評分、不認定關鍵分點
3706,1022,1020,合庫-台南,buy,5,1,1,-1.8270401948842885,0.0,-1.8270401948842885,0.0,-2.192448233861144,1,,量占比與後續報酬的描述性相關；非因果或預測能力，少量樣本不作判斷,描述性關係；尚未扣費用、檢查除權息或做樣本外驗證；不評分、不認定關鍵分點
3706,1023,1020,合庫-高雄,buy,5,1,1,-1.8270401948842885,0.0,-1.8270401948842885,0.0,-2.192448233861144,1,,量占比與後續報酬的描述性相關；非因果或預測能力，少量樣本不作判斷,描述性關係；尚未扣費用、檢查除權息或做樣本外驗證；不評分、不認定關鍵分點
3706,1440,1440,美林,buy,5,1,1,-1.8270401948842885,0.0,-1.8270401948842885,0.0,-2.192448233861144,1,,量占比與後續報酬的描述性相關；非因果或預測能力，少量樣本不作判斷,描述性關係；尚未扣費用、檢查除權息或做樣本外驗證；不評分、不認定關鍵分點
3706,1470,1470,台灣摩根士丹利,buy,5,1,1,-1.8270401948842885,0.0,-1.8270401948842885,0.0,-2.192448233861144,1,,量占比與後續報酬的描述性相關；非因果或預測能力，少量樣本不作判斷,描述性關係；尚未扣費用、檢查除權息或做樣本外驗證；不評分、不認定關鍵分點
3706,1480,1480,美商高盛,buy,5,1,1,-1.8270401948842885,0.0,-1.8270401948842885,0.0,-2.192448233861144,1,,量占比與後續報酬的描述性相關；非因果或預測能力，少量樣本不作判斷,描述性關係；尚未扣費用、檢查除權息或做樣本外驗證；不評分、不認定關鍵分點
3706,1560,1560,港商野村,buy,5,1,1,-1.8270401948842885,0.0,-1.8270401948842885,0.0,-2.192448233861144,1,,量占比與後續報酬的描述性相關；非因果或預測能力，少量樣本不作判斷,描述性關係；尚未扣費用、檢查除權息或做樣本外驗證；不評分、不認定關鍵分點
3706,1590,1590,花旗環球,sell,5,1,1,-1.8270401948842885,0.0,-1.8270401948842885,0.0,-2.192448233861144,1,,量占比與後續報酬的描述性相關；非因果或預測能力，少量樣本不作判斷,描述性關係；尚未扣費用、檢查除權息或做樣本外驗證；不評分、不認定關鍵分點
3706,1650,1650,新加坡商瑞銀,buy,5,1,1,-1.8270401948842885,0.0,-1.8270401948842885,0.0,-2.192448233861144,1,,量占比與後續報酬的描述性相關；非因果或預測能力，少量樣本不作判斷,描述性關係；尚未扣費用、檢查除權息或做樣本外驗證；不評分、不認定關鍵分點
3706,6950,6950,福勝,sell,5,1,1,-1.8270401948842885,0.0,-1.8270401948842885,0.0,-2.192448233861144,1,,量占比與後續報酬的描述性相關；非因果或預測能力，少量樣本不作判斷,描述性關係；尚未扣費用、檢查除權息或做樣本外驗證；不評分、不認定關鍵分點
3706,8440,8440,摩根大通,buy,5,1,1,-1.8270401948842885,0.0,-1.8270401948842885,0.0,-2.192448233861144,1,,量占比與後續報酬的描述性相關；非因果或預測能力，少量樣本不作判斷,描述性關係；尚未扣費用、檢查除權息或做樣本外驗證；不評分、不認定關鍵分點
3706,8560,8560,新光,sell,5,1,1,-1.8270401948842885,0.0,-1.8270401948842885,0.0,-2.192448233861144,1,,量占比與後續報酬的描述性相關；非因果或預測能力，少量樣本不作判斷,描述性關係；尚未扣費用、檢查除權息或做樣本外驗證；不評分、不認定關鍵分點
3706,8843,8840,玉山-高雄,buy,5,1,1,-1.8270401948842885,0.0,-1.8270401948842885,0.0,-2.192448233861144,1,,量占比與後續報酬的描述性相關；非因果或預測能力，少量樣本不作判斷,描述性關係；尚未扣費用、檢查除權息或做樣本外驗證；不評分、不認定關鍵分點
3706,8880,8880,國泰證券,buy,5,1,1,-1.8270401948842885,0.0,-1.8270401948842885,0.0,-2.192448233861144,1,,量占比與後續報酬的描述性相關；非因果或預測能力，少量樣本不作判斷,描述性關係；尚未扣費用、檢查除權息或做樣本外驗證；不評分、不認定關鍵分點
3706,8888,8880,國泰-敦南,sell,5,1,1,-1.8270401948842885,0.0,-1.8270401948842885,0.0,-2.192448233861144,1,,量占比與後續報酬的描述性相關；非因果或預測能力，少量樣本不作判斷,描述性關係；尚未扣費用、檢查除權息或做樣本外驗證；不評分、不認定關鍵分點
3706,9188,9100,群益金鼎-三民,sell,5,1,1,-1.8270401948842885,0.0,-1.8270401948842885,0.0,-2.192448233861144,1,,量占比與後續報酬的描述性相關；非因果或預測能力，少量樣本不作判斷,描述性關係；尚未扣費用、檢查除權息或做樣本外驗證；不評分、不認定關鍵分點
3706,9200,9200,凱基,buy,5,1,1,-1.8270401948842885,0.0,-1.8270401948842885,0.0,-2.192448233861144,1,,量占比與後續報酬的描述性相關；非因果或預測能力，少量樣本不作判斷,描述性關係；尚未扣費用、檢查除權息或做樣本外驗證；不評分、不認定關鍵分點
3706,9268,9200,凱基-台北,buy,5,1,1,-1.8270401948842885,0.0,-1.8270401948842885,0.0,-2.192448233861144,1,,量占比與後續報酬的描述性相關；非因果或預測能力，少量樣本不作判斷,描述性關係；尚未扣費用、檢查除權息或做樣本外驗證；不評分、不認定關鍵分點
3706,9604,9600,富邦-陽明,sell,5,1,1,-1.8270401948842885,0.0,-1.8270401948842885,0.0,-2.192448233861144,1,,量占比與後續報酬的描述性相關；非因果或預測能力，少量樣本不作判斷,描述性關係；尚未扣費用、檢查除權息或做樣本外驗證；不評分、不認定關鍵分點
3706,9800,9800,元大證券,buy,5,1,1,-1.8270401948842885,0.0,-1.8270401948842885,0.0,-2.192448233861144,1,,量占比與後續報酬的描述性相關；非因果或預測能力，少量樣本不作判斷,描述性關係；尚未扣費用、檢查除權息或做樣本外驗證；不評分、不認定關鍵分點
3706,9859,9800,元大-新竹經國,sell,5,1,1,-1.8270401948842885,0.0,-1.8270401948842885,0.0,-2.192448233861144,1,,量占比與後續報酬的描述性相關；非因果或預測能力，少量樣本不作判斷,描述性關係；尚未扣費用、檢查除權息或做樣本外驗證；不評分、不認定關鍵分點
3711,0031003200360055,1260,宏遠-館前,sell,5,1,1,4.788732394366191,1.0,4.788732394366191,0.0,0.42253521126760507,1,,量占比與後續報酬的描述性相關；非因果或預測能力，少量樣本不作判斷,描述性關係；尚未扣費用、檢查除權息或做樣本外驗證；不評分、不認定關鍵分點
3711,003500380035004a,5850,統一-三重,sell,5,1,1,4.788732394366191,1.0,4.788732394366191,0.0,0.42253521126760507,1,,量占比與後續報酬的描述性相關；非因果或預測能力，少量樣本不作判斷,描述性關係；尚未扣費用、檢查除權息或做樣本外驗證；不評分、不認定關鍵分點
3711,0038003800340041,8840,玉山-士林,sell,5,1,1,4.788732394366191,1.0,4.788732394366191,0.0,0.42253521126760507,1,,量占比與後續報酬的描述性相關；非因果或預測能力，少量樣本不作判斷,描述性關係；尚未扣費用、檢查除權息或做樣本外驗證；不評分、不認定關鍵分點
3711,0039003200300046,9200,凱基-站前,sell,5,1,1,4.788732394366191,1.0,4.788732394366191,0.0,0.42253521126760507,1,,量占比與後續報酬的描述性相關；非因果或預測能力，少量樣本不作判斷,描述性關係；尚未扣費用、檢查除權息或做樣本外驗證；不評分、不認定關鍵分點
3711,0039004100300030,9A00,永豐金證券,buy,5,1,1,4.788732394366191,1.0,4.788732394366191,0.0,0.42253521126760507,1,,量占比與後續報酬的描述性相關；非因果或預測能力，少量樣本不作判斷,描述性關係；尚未扣費用、檢查除權息或做樣本外驗證；不評分、不認定關鍵分點
3711,0039004100380031,9A00,永豐金-匯立,buy,5,1,1,4.788732394366191,1.0,4.788732394366191,0.0,0.42253521126760507,1,,量占比與後續報酬的描述性相關；非因果或預測能力，少量樣本不作判斷,描述性關係；尚未扣費用、檢查除權息或做樣本外驗證；不評分、不認定關鍵分點
3711,003900410039004d,9A00,永豐金-南投,buy,5,1,1,4.788732394366191,1.0,4.788732394366191,0.0,0.42253521126760507,1,,量占比與後續報酬的描述性相關；非因果或預測能力，少量樣本不作判斷,描述性關係；尚未扣費用、檢查除權息或做樣本外驗證；不評分、不認定關鍵分點
3711,0039004200320048,9B00,台新-信義,buy,5,1,1,4.788732394366191,1.0,4.788732394366191,0.0,0.42253521126760507,1,,量占比與後續報酬的描述性相關；非因果或預測能力，少量樣本不作判斷,描述性關係；尚未扣費用、檢查除權息或做樣本外驗證；不評分、不認定關鍵分點
3711,1260,1260,宏遠證券,sell,5,1,1,4.788732394366191,1.0,4.788732394366191,0.0,0.42253521126760507,1,,量占比與後續報酬的描述性相關；非因果或預測能力，少量樣本不作判斷,描述性關係；尚未扣費用、檢查除權息或做樣本外驗證；不評分、不認定關鍵分點
3711,1440,1440,美林,buy,5,1,1,4.788732394366191,1.0,4.788732394366191,0.0,0.42253521126760507,1,,量占比與後續報酬的描述性相關；非因果或預測能力，少量樣本不作判斷,描述性關係；尚未扣費用、檢查除權息或做樣本外驗證；不評分、不認定關鍵分點
3711,1470,1470,台灣摩根士丹利,buy,5,1,1,4.788732394366191,1.0,4.788732394366191,0.0,0.42253521126760507,1,,量占比與後續報酬的描述性相關；非因果或預測能力，少量樣本不作判斷,描述性關係；尚未扣費用、檢查除權息或做樣本外驗證；不評分、不認定關鍵分點
3711,1480,1480,美商高盛,sell,5,1,1,4.788732394366191,1.0,4.788732394366191,0.0,0.42253521126760507,1,,量占比與後續報酬的描述性相關；非因果或預測能力，少量樣本不作判斷,描述性關係；尚未扣費用、檢查除權息或做樣本外驗證；不評分、不認定關鍵分點
3711,1560,1560,港商野村,buy,5,1,1,4.788732394366191,1.0,4.788732394366191,0.0,0.42253521126760507,1,,量占比與後續報酬的描述性相關；非因果或預測能力，少量樣本不作判斷,描述性關係；尚未扣費用、檢查除權息或做樣本外驗證；不評分、不認定關鍵分點
3711,1590,1590,花旗環球,sell,5,1,1,4.788732394366191,1.0,4.788732394366191,0.0,0.42253521126760507,1,,量占比與後續報酬的描述性相關；非因果或預測能力，少量樣本不作判斷,描述性關係；尚未扣費用、檢查除權息或做樣本外驗證；不評分、不認定關鍵分點
3711,5050,5050,大展,sell,5,1,1,4.788732394366191,1.0,4.788732394366191,0.0,0.42253521126760507,1,,量占比與後續報酬的描述性相關；非因果或預測能力，少量樣本不作判斷,描述性關係；尚未扣費用、檢查除權息或做樣本外驗證；不評分、不認定關鍵分點
3711,8440,8440,摩根大通,sell,5,1,1,4.788732394366191,1.0,4.788732394366191,0.0,0.42253521126760507,1,,量占比與後續報酬的描述性相關；非因果或預測能力，少量樣本不作判斷,描述性關係；尚未扣費用、檢查除權息或做樣本外驗證；不評分、不認定關鍵分點
3711,8450,8450,康和,sell,5,1,1,4.788732394366191,1.0,4.788732394366191,0.0,0.42253521126760507,1,,量占比與後續報酬的描述性相關；非因果或預測能力，少量樣本不作判斷,描述性關係；尚未扣費用、檢查除權息或做樣本外驗證；不評分、不認定關鍵分點
3711,8847,8840,玉山-台南,sell,5,1,1,4.788732394366191,1.0,4.788732394366191,0.0,0.42253521126760507,1,,量占比與後續報酬的描述性相關；非因果或預測能力，少量樣本不作判斷,描述性關係；尚未扣費用、檢查除權息或做樣本外驗證；不評分、不認定關鍵分點
3711,8880,8880,國泰證券,buy,5,1,1,4.788732394366191,1.0,4.788732394366191,0.0,0.42253521126760507,1,,量占比與後續報酬的描述性相關；非因果或預測能力，少量樣本不作判斷,描述性關係；尚未扣費用、檢查除權息或做樣本外驗證；不評分、不認定關鍵分點
3711,8960,8960,香港上海匯豐,buy,5,1,1,4.788732394366191,1.0,4.788732394366191,0.0,0.42253521126760507,1,,量占比與後續報酬的描述性相關；非因果或預測能力，少量樣本不作判斷,描述性關係；尚未扣費用、檢查除權息或做樣本外驗證；不評分、不認定關鍵分點
3711,9100,9100,群益金鼎,sell,5,1,1,4.788732394366191,1.0,4.788732394366191,0.0,0.42253521126760507,1,,量占比與後續報酬的描述性相關；非因果或預測能力，少量樣本不作判斷,描述性關係；尚未扣費用、檢查除權息或做樣本外驗證；不評分、不認定關鍵分點
3711,9101,9100,群益金鼎-敦南,sell,5,1,1,4.788732394366191,1.0,4.788732394366191,0.0,0.42253521126760507,1,,量占比與後續報酬的描述性相關；非因果或預測能力，少量樣本不作判斷,描述性關係；尚未扣費用、檢查除權息或做樣本外驗證；不評分、不認定關鍵分點
3711,9137,9100,群益金鼎-士林,buy,5,1,1,4.788732394366191,1.0,4.788732394366191,0.0,0.42253521126760507,1,,量占比與後續報酬的描述性相關；非因果或預測能力，少量樣本不作判斷,描述性關係；尚未扣費用、檢查除權息或做樣本外驗證；不評分、不認定關鍵分點
3711,9188,9100,群益金鼎-三民,sell,5,1,1,4.788732394366191,1.0,4.788732394366191,0.0,0.42253521126760507,1,,量占比與後續報酬的描述性相關；非因果或預測能力，少量樣本不作判斷,描述性關係；尚未扣費用、檢查除權息或做樣本外驗證；不評分、不認定關鍵分點
3711,9200,9200,凱基,buy,5,1,1,4.788732394366191,1.0,4.788732394366191,0.0,0.42253521126760507,1,,量占比與後續報酬的描述性相關；非因果或預測能力，少量樣本不作判斷,描述性關係；尚未扣費用、檢查除權息或做樣本外驗證；不評分、不認定關鍵分點
3711,9300,9300,華南永昌,buy,5,1,1,4.788732394366191,1.0,4.788732394366191,0.0,0.42253521126760507,1,,量占比與後續報酬的描述性相關；非因果或預測能力，少量樣本不作判斷,描述性關係；尚未扣費用、檢查除權息或做樣本外驗證；不評分、不認定關鍵分點
3711,9303,9300,華南永昌-高雄,buy,5,1,1,4.788732394366191,1.0,4.788732394366191,0.0,0.42253521126760507,1,,量占比與後續報酬的描述性相關；非因果或預測能力，少量樣本不作判斷,描述性關係；尚未扣費用、檢查除權息或做樣本外驗證；不評分、不認定關鍵分點
3711,9600,9600,富邦證券,buy,5,1,1,4.788732394366191,1.0,4.788732394366191,0.0,0.42253521126760507,1,,量占比與後續報酬的描述性相關；非因果或預測能力，少量樣本不作判斷,描述性關係；尚未扣費用、檢查除權息或做樣本外驗證；不評分、不認定關鍵分點
3711,9800,9800,元大證券,buy,5,1,1,4.788732394366191,1.0,4.788732394366191,0.0,0.42253521126760507,1,,量占比與後續報酬的描述性相關；非因果或預測能力，少量樣本不作判斷,描述性關係；尚未扣費用、檢查除權息或做樣本外驗證；不評分、不認定關鍵分點
3711,9834,9800,元大-中壢,sell,5,1,1,4.788732394366191,1.0,4.788732394366191,0.0,0.42253521126760507,1,,量占比與後續報酬的描述性相關；非因果或預測能力，少量樣本不作判斷,描述性關係；尚未扣費用、檢查除權息或做樣本外驗證；不評分、不認定關鍵分點
3715,0035003300380042,5380,第一金-新竹,sell,5,1,1,6.589147286821695,1.0,6.589147286821695,0.0,0.3875968992248069,1,,量占比與後續報酬的描述性相關；非因果或預測能力，少量樣本不作判斷,描述性關係；尚未扣費用、檢查除權息或做樣本外驗證；不評分、不認定關鍵分點
3715,003500380035004a,5850,統一-三重,sell,5,1,1,6.589147286821695,1.0,6.589147286821695,0.0,0.3875968992248069,1,,量占比與後續報酬的描述性相關；非因果或預測能力，少量樣本不作判斷,描述性關係；尚未扣費用、檢查除權息或做樣本外驗證；不評分、不認定關鍵分點
3715,0037003000300056,7000,兆豐-新竹,buy,5,1,1,6.589147286821695,1.0,6.589147286821695,0.0,0.3875968992248069,1,,量占比與後續報酬的描述性相關；非因果或預測能力，少量樣本不作判斷,描述性關係；尚未扣費用、檢查除權息或做樣本外驗證；不評分、不認定關鍵分點
3715,003700370039005a,7790,國票-安和,sell,5,1,1,6.589147286821695,1.0,6.589147286821695,0.0,0.3875968992248069,1,,量占比與後續報酬的描述性相關；非因果或預測能力，少量樣本不作判斷,描述性關係；尚未扣費用、檢查除權息或做樣本外驗證；不評分、不認定關鍵分點
3715,0038003800340044,8840,玉山-左營,sell,5,1,1,6.589147286821695,1.0,6.589147286821695,0.0,0.3875968992248069,1,,量占比與後續報酬的描述性相關；非因果或預測能力，少量樣本不作判斷,描述性關係；尚未扣費用、檢查除權息或做樣本外驗證；不評分、不認定關鍵分點
3715,0038003800380041,8880,國泰-館前,sell,5,1,1,6.589147286821695,1.0,6.589147286821695,0.0,0.3875968992248069,1,,量占比與後續報酬的描述性相關；非因果或預測能力，少量樣本不作判斷,描述性關係；尚未扣費用、檢查除權息或做樣本外驗證；不評分、不認定關鍵分點
3715,0039003100380043,9100,群益金鼎-古亭,buy,5,1,1,6.589147286821695,1.0,6.589147286821695,0.0,0.3875968992248069,1,,量占比與後續報酬的描述性相關；非因果或預測能力，少量樣本不作判斷,描述性關係；尚未扣費用、檢查除權息或做樣本外驗證；不評分、不認定關鍵分點
3715,0039003200300046,9200,凱基-站前,sell,5,1,1,6.589147286821695,1.0,6.589147286821695,0.0,0.3875968992248069,1,,量占比與後續報酬的描述性相關；非因果或預測能力，少量樣本不作判斷,描述性關係；尚未扣費用、檢查除權息或做樣本外驗證；不評分、不認定關鍵分點
3715,0039003600330041,9600,富邦-八德,sell,5,1,1,6.589147286821695,1.0,6.589147286821695,0.0,0.3875968992248069,1,,量占比與後續報酬的描述性相關；非因果或預測能力，少量樣本不作判斷,描述性關係；尚未扣費用、檢查除權息或做樣本外驗證；不評分、不認定關鍵分點
3715,003900360035004b,9600,富邦-台中,buy,5,1,1,6.589147286821695,1.0,6.589147286821695,0.0,0.3875968992248069,1,,量占比與後續報酬的描述性相關；非因果或預測能力，少量樣本不作判斷,描述性關係；尚未扣費用、檢查除權息或做樣本外驗證；不評分、不認定關鍵分點
3715,0039003800390064,9800,元大-北屯,buy,5,1,1,6.589147286821695,1.0,6.589147286821695,0.0,0.3875968992248069,1,,量占比與後續報酬的描述性相關；非因果或預測能力，少量樣本不作判斷,描述性關係；尚未扣費用、檢查除權息或做樣本外驗證；不評分、不認定關鍵分點
3715,0039004100300030,9A00,永豐金證券,buy,5,1,1,6.589147286821695,1.0,6.589147286821695,0.0,0.3875968992248069,1,,量占比與後續報酬的描述性相關；非因果或預測能力，少量樣本不作判斷,描述性關係；尚未扣費用、檢查除權息或做樣本外驗證；不評分、不認定關鍵分點
3715,0039004100380046,9A00,永豐金-敦南,buy,5,1,1,6.589147286821695,1.0,6.589147286821695,0.0,0.3875968992248069,1,,量占比與後續報酬的描述性相關；非因果或預測能力，少量樣本不作判斷,描述性關係；尚未扣費用、檢查除權息或做樣本外驗證；不評分、不認定關鍵分點
3715,0039004200310068,9B00,台新-台中,buy,5,1,1,6.589147286821695,1.0,6.589147286821695,0.0,0.3875968992248069,1,,量占比與後續報酬的描述性相關；非因果或預測能力，少量樣本不作判斷,描述性關係；尚未扣費用、檢查除權息或做樣本外驗證；不評分、不認定關鍵分點
3715,0039004200320055,9B00,台新-宜蘭,buy,5,1,1,6.589147286821695,1.0,6.589147286821695,0.0,0.3875968992248069,1,,量占比與後續報酬的描述性相關；非因果或預測能力，少量樣本不作判斷,描述性關係；尚未扣費用、檢查除權息或做樣本外驗證；不評分、不認定關鍵分點
3715,1440,1440,美林,buy,5,1,1,6.589147286821695,1.0,6.589147286821695,0.0,0.3875968992248069,1,,量占比與後續報酬的描述性相關；非因果或預測能力，少量樣本不作判斷,描述性關係；尚未扣費用、檢查除權息或做樣本外驗證；不評分、不認定關鍵分點
3715,1470,1470,台灣摩根士丹利,sell,5,1,1,6.589147286821695,1.0,6.589147286821695,0.0,0.3875968992248069,1,,量占比與後續報酬的描述性相關；非因果或預測能力，少量樣本不作判斷,描述性關係；尚未扣費用、檢查除權息或做樣本外驗證；不評分、不認定關鍵分點
3715,1480,1480,美商高盛,buy,5,1,1,6.589147286821695,1.0,6.589147286821695,0.0,0.3875968992248069,1,,量占比與後續報酬的描述性相關；非因果或預測能力，少量樣本不作判斷,描述性關係；尚未扣費用、檢查除權息或做樣本外驗證；不評分、不認定關鍵分點
3715,1590,1590,花旗環球,sell,5,1,1,6.589147286821695,1.0,6.589147286821695,0.0,0.3875968992248069,1,,量占比與後續報酬的描述性相關；非因果或預測能力，少量樣本不作判斷,描述性關係；尚未扣費用、檢查除權息或做樣本外驗證；不評分、不認定關鍵分點
3715,1650,1650,新加坡商瑞銀,buy,5,1,1,6.589147286821695,1.0,6.589147286821695,0.0,0.3875968992248069,1,,量占比與後續報酬的描述性相關；非因果或預測能力，少量樣本不作判斷,描述性關係；尚未扣費用、檢查除權息或做樣本外驗證；不評分、不認定關鍵分點
3715,5385,5380,第一金-桃園,sell,5,1,1,6.589147286821695,1.0,6.589147286821695,0.0,0.3875968992248069,1,,量占比與後續報酬的描述性相關；非因果或預測能力，少量樣本不作判斷,描述性關係；尚未扣費用、檢查除權息或做樣本外驗證；不評分、不認定關鍵分點
3715,5850,5850,統一,buy,5,1,1,6.589147286821695,1.0,6.589147286821695,0.0,0.3875968992248069,1,,量占比與後續報酬的描述性相關；非因果或預測能力，少量樣本不作判斷,描述性關係；尚未扣費用、檢查除權息或做樣本外驗證；不評分、不認定關鍵分點
3715,8885,8880,國泰-桃園,sell,5,1,1,6.589147286821695,1.0,6.589147286821695,0.0,0.3875968992248069,1,,量占比與後續報酬的描述性相關；非因果或預測能力，少量樣本不作判斷,描述性關係；尚未扣費用、檢查除權息或做樣本外驗證；不評分、不認定關鍵分點
3715,8888,8880,國泰-敦南,sell,5,1,1,6.589147286821695,1.0,6.589147286821695,0.0,0.3875968992248069,1,,量占比與後續報酬的描述性相關；非因果或預測能力，少量樣本不作判斷,描述性關係；尚未扣費用、檢查除權息或做樣本外驗證；不評分、不認定關鍵分點
3715,9268,9200,凱基-台北,buy,5,1,1,6.589147286821695,1.0,6.589147286821695,0.0,0.3875968992248069,1,,量占比與後續報酬的描述性相關；非因果或預測能力，少量樣本不作判斷,描述性關係；尚未扣費用、檢查除權息或做樣本外驗證；不評分、不認定關鍵分點
3715,9317,9300,華南永昌-林口,sell,5,1,1,6.589147286821695,1.0,6.589147286821695,0.0,0.3875968992248069,1,,量占比與後續報酬的描述性相關；非因果或預測能力，少量樣本不作判斷,描述性關係；尚未扣費用、檢查除權息或做樣本外驗證；不評分、不認定關鍵分點
3715,9636,9600,富邦-中壢,buy,5,1,1,6.589147286821695,1.0,6.589147286821695,0.0,0.3875968992248069,1,,量占比與後續報酬的描述性相關；非因果或預測能力，少量樣本不作判斷,描述性關係；尚未扣費用、檢查除權息或做樣本外驗證；不評分、不認定關鍵分點
3715,9647,9600,富邦-新竹,buy,5,1,1,6.589147286821695,1.0,6.589147286821695,0.0,0.3875968992248069,1,,量占比與後續報酬的描述性相關；非因果或預測能力，少量樣本不作判斷,描述性關係；尚未扣費用、檢查除權息或做樣本外驗證；不評分、不認定關鍵分點
3715,9658,9600,富邦-建國,sell,5,1,1,6.589147286821695,1.0,6.589147286821695,0.0,0.3875968992248069,1,,量占比與後續報酬的描述性相關；非因果或預測能力，少量樣本不作判斷,描述性關係；尚未扣費用、檢查除權息或做樣本外驗證；不評分、不認定關鍵分點
3715,9676,9600,富邦-仁愛,sell,5,1,1,6.589147286821695,1.0,6.589147286821695,0.0,0.3875968992248069,1,,量占比與後續報酬的描述性相關；非因果或預測能力，少量樣本不作判斷,描述性關係；尚未扣費用、檢查除權息或做樣本外驗證；不評分、不認定關鍵分點
4566,0031003000330041,1030,土銀-建國,buy,5,1,1,1.0638297872340496,1.0,1.0638297872340496,0.0,0.7978723404255206,1,,量占比與後續報酬的描述性相關；非因果或預測能力，少量樣本不作判斷,描述性關係；尚未扣費用、檢查除權息或做樣本外驗證；不評分、不認定關鍵分點
4566,003500330038004d,5380,第一金-嘉義,sell,5,1,1,1.0638297872340496,1.0,1.0638297872340496,0.0,0.7978723404255206,1,,量占比與後續報酬的描述性相關；非因果或預測能力，少量樣本不作判斷,描述性關係；尚未扣費用、檢查除權息或做樣本外驗證；不評分、不認定關鍵分點
4566,0039003100380043,9100,群益金鼎-古亭,sell,5,1,1,1.0638297872340496,1.0,1.0638297872340496,0.0,0.7978723404255206,1,,量占比與後續報酬的描述性相關；非因果或預測能力，少量樣本不作判斷,描述性關係；尚未扣費用、檢查除權息或做樣本外驗證；不評分、不認定關鍵分點
4566,0039003100380078,9100,群益金鼎-延平,buy,5,1,1,1.0638297872340496,1.0,1.0638297872340496,0.0,0.7978723404255206,1,,量占比與後續報酬的描述性相關；非因果或預測能力，少量樣本不作判斷,描述性關係；尚未扣費用、檢查除權息或做樣本外驗證；不評分、不認定關鍵分點
4566,0039003600320042,9600,富邦-二林,sell,5,1,1,1.0638297872340496,1.0,1.0638297872340496,0.0,0.7978723404255206,1,,量占比與後續報酬的描述性相關；非因果或預測能力，少量樣本不作判斷,描述性關係；尚未扣費用、檢查除權息或做樣本外驗證；不評分、不認定關鍵分點
4566,0039004100380039,9A00,永豐金-敦北,sell,5,1,1,1.0638297872340496,1.0,1.0638297872340496,0.0,0.7978723404255206,1,,量占比與後續報酬的描述性相關；非因果或預測能力，少量樣本不作判斷,描述性關係；尚未扣費用、檢查除權息或做樣本外驗證；不評分、不認定關鍵分點
4566,003900410039004d,9A00,永豐金-南投,sell,5,1,1,1.0638297872340496,1.0,1.0638297872340496,0.0,0.7978723404255206,1,,量占比與後續報酬的描述性相關；非因果或預測能力，少量樣本不作判斷,描述性關係；尚未扣費用、檢查除權息或做樣本外驗證；不評分、不認定關鍵分點
4566,0039004100390052,9A00,永豐金-信義,buy,5,1,1,1.0638297872340496,1.0,1.0638297872340496,0.0,0.7978723404255206,1,,量占比與後續報酬的描述性相關；非因果或預測能力，少量樣本不作判斷,描述性關係；尚未扣費用、檢查除權息或做樣本外驗證；不評分、不認定關鍵分點
4566,0039004100390057,9A00,永豐金-市政,sell,5,1,1,1.0638297872340496,1.0,1.0638297872340496,0.0,0.7978723404255206,1,,量占比與後續報酬的描述性相關；非因果或預測能力，少量樣本不作判斷,描述性關係；尚未扣費用、檢查除權息或做樣本外驗證；不評分、不認定關鍵分點
4566,0039004200310067,9B00,台新-高雄,sell,5,1,1,1.0638297872340496,1.0,1.0638297872340496,0.0,0.7978723404255206,1,,量占比與後續報酬的描述性相關；非因果或預測能力，少量樣本不作判斷,描述性關係；尚未扣費用、檢查除權息或做樣本外驗證；不評分、不認定關鍵分點
4566,0039004200320050,9B00,台新-同大,buy,5,1,1,1.0638297872340496,1.0,1.0638297872340496,0.0,0.7978723404255206,1,,量占比與後續報酬的描述性相關；非因果或預測能力，少量樣本不作判斷,描述性關係；尚未扣費用、檢查除權息或做樣本外驗證；不評分、不認定關鍵分點
4566,0039004200320079,9B00,台新-花蓮,sell,5,1,1,1.0638297872340496,1.0,1.0638297872340496,0.0,0.7978723404255206,1,,量占比與後續報酬的描述性相關；非因果或預測能力，少量樣本不作判斷,描述性關係；尚未扣費用、檢查除權息或做樣本外驗證；不評分、不認定關鍵分點
4566,1260,1260,宏遠證券,buy,5,1,1,1.0638297872340496,1.0,1.0638297872340496,0.0,0.7978723404255206,1,,量占比與後續報酬的描述性相關；非因果或預測能力，少量樣本不作判斷,描述性關係；尚未扣費用、檢查除權息或做樣本外驗證；不評分、不認定關鍵分點
4566,1440,1440,美林,buy,5,1,1,1.0638297872340496,1.0,1.0638297872340496,0.0,0.7978723404255206,1,,量占比與後續報酬的描述性相關；非因果或預測能力，少量樣本不作判斷,描述性關係；尚未扣費用、檢查除權息或做樣本外驗證；不評分、不認定關鍵分點
4566,1470,1470,台灣摩根士丹利,buy,5,1,1,1.0638297872340496,1.0,1.0638297872340496,0.0,0.7978723404255206,1,,量占比與後續報酬的描述性相關；非因果或預測能力，少量樣本不作判斷,描述性關係；尚未扣費用、檢查除權息或做樣本外驗證；不評分、不認定關鍵分點
4566,1480,1480,美商高盛,buy,5,1,1,1.0638297872340496,1.0,1.0638297872340496,0.0,0.7978723404255206,1,,量占比與後續報酬的描述性相關；非因果或預測能力，少量樣本不作判斷,描述性關係；尚未扣費用、檢查除權息或做樣本外驗證；不評分、不認定關鍵分點
4566,1560,1560,港商野村,buy,5,1,1,1.0638297872340496,1.0,1.0638297872340496,0.0,0.7978723404255206,1,,量占比與後續報酬的描述性相關；非因果或預測能力，少量樣本不作判斷,描述性關係；尚未扣費用、檢查除權息或做樣本外驗證；不評分、不認定關鍵分點
4566,1650,1650,新加坡商瑞銀,buy,5,1,1,1.0638297872340496,1.0,1.0638297872340496,0.0,0.7978723404255206,1,,量占比與後續報酬的描述性相關；非因果或預測能力，少量樣本不作判斷,描述性關係；尚未扣費用、檢查除權息或做樣本外驗證；不評分、不認定關鍵分點
4566,7790,7790,國票證券,sell,5,1,1,1.0638297872340496,1.0,1.0638297872340496,0.0,0.7978723404255206,1,,量占比與後續報酬的描述性相關；非因果或預測能力，少量樣本不作判斷,描述性關係；尚未扣費用、檢查除權息或做樣本外驗證；不評分、不認定關鍵分點
4566,8440,8440,摩根大通,buy,5,1,1,1.0638297872340496,1.0,1.0638297872340496,0.0,0.7978723404255206,1,,量占比與後續報酬的描述性相關；非因果或預測能力，少量樣本不作判斷,描述性關係；尚未扣費用、檢查除權息或做樣本外驗證；不評分、不認定關鍵分點
4566,8455,8450,康和-台中,sell,5,1,1,1.0638297872340496,1.0,1.0638297872340496,0.0,0.7978723404255206,1,,量占比與後續報酬的描述性相關；非因果或預測能力，少量樣本不作判斷,描述性關係；尚未扣費用、檢查除權息或做樣本外驗證；不評分、不認定關鍵分點
4566,8561,8560,新光-台中,buy,5,1,1,1.0638297872340496,1.0,1.0638297872340496,0.0,0.7978723404255206,1,,量占比與後續報酬的描述性相關；非因果或預測能力，少量樣本不作判斷,描述性關係；尚未扣費用、檢查除權息或做樣本外驗證；不評分、不認定關鍵分點
4566,8840,8840,玉山證券,sell,5,1,1,1.0638297872340496,1.0,1.0638297872340496,0.0,0.7978723404255206,1,,量占比與後續報酬的描述性相關；非因果或預測能力，少量樣本不作判斷,描述性關係；尚未扣費用、檢查除權息或做樣本外驗證；不評分、不認定關鍵分點
4566,8882,8880,國泰-台中,sell,5,1,1,1.0638297872340496,1.0,1.0638297872340496,0.0,0.7978723404255206,1,,量占比與後續報酬的描述性相關；非因果或預測能力，少量樣本不作判斷,描述性關係；尚未扣費用、檢查除權息或做樣本外驗證；不評分、不認定關鍵分點
4566,8883,8880,國泰-松江,sell,5,1,1,1.0638297872340496,1.0,1.0638297872340496,0.0,0.7978723404255206,1,,量占比與後續報酬的描述性相關；非因果或預測能力，少量樣本不作判斷,描述性關係；尚未扣費用、檢查除權息或做樣本外驗證；不評分、不認定關鍵分點
4566,9101,9100,群益金鼎-敦南,buy,5,1,1,1.0638297872340496,1.0,1.0638297872340496,0.0,0.7978723404255206,1,,量占比與後續報酬的描述性相關；非因果或預測能力，少量樣本不作判斷,描述性關係；尚未扣費用、檢查除權息或做樣本外驗證；不評分、不認定關鍵分點
4566,9268,9200,凱基-台北,sell,5,1,1,1.0638297872340496,1.0,1.0638297872340496,0.0,0.7978723404255206,1,,量占比與後續報酬的描述性相關；非因果或預測能力，少量樣本不作判斷,描述性關係；尚未扣費用、檢查除權息或做樣本外驗證；不評分、不認定關鍵分點
4566,9623,9600,富邦-台北,buy,5,1,1,1.0638297872340496,1.0,1.0638297872340496,0.0,0.7978723404255206,1,,量占比與後續報酬的描述性相關；非因果或預測能力，少量樣本不作判斷,描述性關係；尚未扣費用、檢查除權息或做樣本外驗證；不評分、不認定關鍵分點
4566,9812,9800,元大-台中,sell,5,1,1,1.0638297872340496,1.0,1.0638297872340496,0.0,0.7978723404255206,1,,量占比與後續報酬的描述性相關；非因果或預測能力，少量樣本不作判斷,描述性關係；尚未扣費用、檢查除權息或做樣本外驗證；不評分、不認定關鍵分點
4566,9858,9800,元大-龍潭,buy,5,1,1,1.0638297872340496,1.0,1.0638297872340496,0.0,0.7978723404255206,1,,量占比與後續報酬的描述性相關；非因果或預測能力，少量樣本不作判斷,描述性關係；尚未扣費用、檢查除權息或做樣本外驗證；不評分、不認定關鍵分點
4585,003500330038004d,5380,第一金-嘉義,buy,5,1,1,-0.8488964346349714,0.0,-0.8488964346349714,0.0,-1.5280135823429575,1,,量占比與後續報酬的描述性相關；非因果或預測能力，少量樣本不作判斷,描述性關係；尚未扣費用、檢查除權息或做樣本外驗證；不評分、不認定關鍵分點
4585,0035003800350048,5850,統一-桃園,buy,5,1,1,-0.8488964346349714,0.0,-0.8488964346349714,0.0,-1.5280135823429575,1,,量占比與後續報酬的描述性相關；非因果或預測能力，少量樣本不作判斷,描述性關係；尚未扣費用、檢查除權息或做樣本外驗證；不評分、不認定關鍵分點
4585,0036003100360041,6160,中國信託-中壢,sell,5,1,1,-0.8488964346349714,0.0,-0.8488964346349714,0.0,-1.5280135823429575,1,,量占比與後續報酬的描述性相關；非因果或預測能力，少量樣本不作判斷,描述性關係；尚未扣費用、檢查除權息或做樣本外驗證；不評分、不認定關鍵分點
4585,0039003200300047,9200,凱基-彰化,sell,5,1,1,-0.8488964346349714,0.0,-0.8488964346349714,0.0,-1.5280135823429575,1,,量占比與後續報酬的描述性相關；非因果或預測能力，少量樣本不作判斷,描述性關係；尚未扣費用、檢查除權息或做樣本外驗證；不評分、不認定關鍵分點
4585,003900360035004b,9600,富邦-台中,buy,5,1,1,-0.8488964346349714,0.0,-0.8488964346349714,0.0,-1.5280135823429575,1,,量占比與後續報酬的描述性相關；非因果或預測能力，少量樣本不作判斷,描述性關係；尚未扣費用、檢查除權息或做樣本外驗證；不評分、不認定關鍵分點
4585,0039003800310044,9800,元大-南投,sell,5,1,1,-0.8488964346349714,0.0,-0.8488964346349714,0.0,-1.5280135823429575,1,,量占比與後續報酬的描述性相關；非因果或預測能力，少量樣本不作判斷,描述性關係；尚未扣費用、檢查除權息或做樣本外驗證；不評分、不認定關鍵分點
4585,0039003800310056,9800,元大-民雄,buy,5,1,1,-0.8488964346349714,0.0,-0.8488964346349714,0.0,-1.5280135823429575,1,,量占比與後續報酬的描述性相關；非因果或預測能力，少量樣本不作判斷,描述性關係；尚未扣費用、檢查除權息或做樣本外驗證；不評分、不認定關鍵分點
4585,0039003800330056,9800,元大-竹南,sell,5,1,1,-0.8488964346349714,0.0,-0.8488964346349714,0.0,-1.5280135823429575,1,,量占比與後續報酬的描述性相關；非因果或預測能力，少量樣本不作判斷,描述性關係；尚未扣費用、檢查除權息或做樣本外驗證；不評分、不認定關鍵分點
4585,0039003800370041,9800,元大-楊梅,sell,5,1,1,-0.8488964346349714,0.0,-0.8488964346349714,0.0,-1.5280135823429575,1,,量占比與後續報酬的描述性相關；非因果或預測能力，少量樣本不作判斷,描述性關係；尚未扣費用、檢查除權息或做樣本外驗證；不評分、不認定關鍵分點
4585,0039003800390047,9800,元大-大同,buy,5,1,1,-0.8488964346349714,0.0,-0.8488964346349714,0.0,-1.5280135823429575,1,,量占比與後續報酬的描述性相關；非因果或預測能力，少量樣本不作判斷,描述性關係；尚未扣費用、檢查除權息或做樣本外驗證；不評分、不認定關鍵分點
4585,003900380039004e,9800,元大-內湖,buy,5,1,1,-0.8488964346349714,0.0,-0.8488964346349714,0.0,-1.5280135823429575,1,,量占比與後續報酬的描述性相關；非因果或預測能力，少量樣本不作判斷,描述性關係；尚未扣費用、檢查除權息或做樣本外驗證；不評分、不認定關鍵分點
4585,0039004200320045,9B00,台新-城中,sell,5,1,1,-0.8488964346349714,0.0,-0.8488964346349714,0.0,-1.5280135823429575,1,,量占比與後續報酬的描述性相關；非因果或預測能力，少量樣本不作判斷,描述性關係；尚未扣費用、檢查除權息或做樣本外驗證；不評分、不認定關鍵分點
4585,003900420032004c,9B00,台新-北中壢,buy,5,1,1,-0.8488964346349714,0.0,-0.8488964346349714,0.0,-1.5280135823429575,1,,量占比與後續報酬的描述性相關；非因果或預測能力，少量樣本不作判斷,描述性關係；尚未扣費用、檢查除權息或做樣本外驗證；不評分、不認定關鍵分點
4585,1022,1020,合庫-台南,sell,5,1,1,-0.8488964346349714,0.0,-0.8488964346349714,0.0,-1.5280135823429575,1,,量占比與後續報酬的描述性相關；非因果或預測能力，少量樣本不作判斷,描述性關係；尚未扣費用、檢查除權息或做樣本外驗證；不評分、不認定關鍵分點
4585,1033,1030,土銀-高雄,buy,5,1,1,-0.8488964346349714,0.0,-0.8488964346349714,0.0,-1.5280135823429575,1,,量占比與後續報酬的描述性相關；非因果或預測能力，少量樣本不作判斷,描述性關係；尚未扣費用、檢查除權息或做樣本外驗證；不評分、不認定關鍵分點
4585,1440,1440,美林,buy,5,1,1,-0.8488964346349714,0.0,-0.8488964346349714,0.0,-1.5280135823429575,1,,量占比與後續報酬的描述性相關；非因果或預測能力，少量樣本不作判斷,描述性關係；尚未扣費用、檢查除權息或做樣本外驗證；不評分、不認定關鍵分點
4585,1470,1470,台灣摩根士丹利,buy,5,1,1,-0.8488964346349714,0.0,-0.8488964346349714,0.0,-1.5280135823429575,1,,量占比與後續報酬的描述性相關；非因果或預測能力，少量樣本不作判斷,描述性關係；尚未扣費用、檢查除權息或做樣本外驗證；不評分、不認定關鍵分點
4585,1480,1480,美商高盛,buy,5,1,1,-0.8488964346349714,0.0,-0.8488964346349714,0.0,-1.5280135823429575,1,,量占比與後續報酬的描述性相關；非因果或預測能力，少量樣本不作判斷,描述性關係；尚未扣費用、檢查除權息或做樣本外驗證；不評分、不認定關鍵分點
4585,5322,5320,高橋-中壢,buy,5,1,1,-0.8488964346349714,0.0,-0.8488964346349714,0.0,-1.5280135823429575,1,,量占比與後續報酬的描述性相關；非因果或預測能力，少量樣本不作判斷,描述性關係；尚未扣費用、檢查除權息或做樣本外驗證；不評分、不認定關鍵分點
4585,6160,6160,中國信託,sell,5,1,1,-0.8488964346349714,0.0,-0.8488964346349714,0.0,-1.5280135823429575,1,,量占比與後續報酬的描述性相關；非因果或預測能力，少量樣本不作判斷,描述性關係；尚未扣費用、檢查除權息或做樣本外驗證；不評分、不認定關鍵分點
4585,8841,8840,玉山-雙和,sell,5,1,1,-0.8488964346349714,0.0,-0.8488964346349714,0.0,-1.5280135823429575,1,,量占比與後續報酬的描述性相關；非因果或預測能力，少量樣本不作判斷,描述性關係；尚未扣費用、檢查除權息或做樣本外驗證；不評分、不認定關鍵分點
4585,8888,8880,國泰-敦南,sell,5,1,1,-0.8488964346349714,0.0,-0.8488964346349714,0.0,-1.5280135823429575,1,,量占比與後續報酬的描述性相關；非因果或預測能力，少量樣本不作判斷,描述性關係；尚未扣費用、檢查除權息或做樣本外驗證；不評分、不認定關鍵分點
4585,9233,9200,凱基-長庚,sell,5,1,1,-0.8488964346349714,0.0,-0.8488964346349714,0.0,-1.5280135823429575,1,,量占比與後續報酬的描述性相關；非因果或預測能力，少量樣本不作判斷,描述性關係；尚未扣費用、檢查除權息或做樣本外驗證；不評分、不認定關鍵分點
4585,9268,9200,凱基-台北,buy,5,1,1,-0.8488964346349714,0.0,-0.8488964346349714,0.0,-1.5280135823429575,1,,量占比與後續報酬的描述性相關；非因果或預測能力，少量樣本不作判斷,描述性關係；尚未扣費用、檢查除權息或做樣本外驗證；不評分、不認定關鍵分點
4585,9305,9300,華南永昌-新莊,sell,5,1,1,-0.8488964346349714,0.0,-0.8488964346349714,0.0,-1.5280135823429575,1,,量占比與後續報酬的描述性相關；非因果或預測能力，少量樣本不作判斷,描述性關係；尚未扣費用、檢查除權息或做樣本外驗證；不評分、不認定關鍵分點
4585,9314,9300,華南永昌-嘉義,buy,5,1,1,-0.8488964346349714,0.0,-0.8488964346349714,0.0,-1.5280135823429575,1,,量占比與後續報酬的描述性相關；非因果或預測能力，少量樣本不作判斷,描述性關係；尚未扣費用、檢查除權息或做樣本外驗證；不評分、不認定關鍵分點
4585,9604,9600,富邦-陽明,buy,5,1,1,-0.8488964346349714,0.0,-0.8488964346349714,0.0,-1.5280135823429575,1,,量占比與後續報酬的描述性相關；非因果或預測能力，少量樣本不作判斷,描述性關係；尚未扣費用、檢查除權息或做樣本外驗證；不評分、不認定關鍵分點
4585,9623,9600,富邦-台北,sell,5,1,1,-0.8488964346349714,0.0,-0.8488964346349714,0.0,-1.5280135823429575,1,,量占比與後續報酬的描述性相關；非因果或預測能力，少量樣本不作判斷,描述性關係；尚未扣費用、檢查除權息或做樣本外驗證；不評分、不認定關鍵分點
4585,9661,9600,富邦-新店,sell,5,1,1,-0.8488964346349714,0.0,-0.8488964346349714,0.0,-1.5280135823429575,1,,量占比與後續報酬的描述性相關；非因果或預測能力，少量樣本不作判斷,描述性關係；尚未扣費用、檢查除權息或做樣本外驗證；不評分、不認定關鍵分點
4585,9834,9800,元大-中壢,sell,5,1,1,-0.8488964346349714,0.0,-0.8488964346349714,0.0,-1.5280135823429575,1,,量占比與後續報酬的描述性相關；非因果或預測能力，少量樣本不作判斷,描述性關係；尚未扣費用、檢查除權息或做樣本外驗證；不評分、不認定關鍵分點
4903,0035003300380043,5380,第一金-光復,buy,5,1,1,3.6076662908681056,1.0,3.6076662908681056,0.0,-4.171364148816236,1,,量占比與後續報酬的描述性相關；非因果或預測能力，少量樣本不作判斷,描述性關係；尚未扣費用、檢查除權息或做樣本外驗證；不評分、不認定關鍵分點
4903,0035003800350062,5850,統一-內湖,sell,5,1,1,3.6076662908681056,1.0,3.6076662908681056,0.0,-4.171364148816236,1,,量占比與後續報酬的描述性相關；非因果或預測能力，少量樣本不作判斷,描述性關係；尚未扣費用、檢查除權息或做樣本外驗證；不評分、不認定關鍵分點
4903,0037003000300042,7000,兆豐-板橋,sell,5,1,1,3.6076662908681056,1.0,3.6076662908681056,0.0,-4.171364148816236,1,,量占比與後續報酬的描述性相關；非因果或預測能力，少量樣本不作判斷,描述性關係；尚未扣費用、檢查除權息或做樣本外驗證；不評分、不認定關鍵分點
4903,0039003100380050,9100,群益金鼎-天母,buy,5,1,1,3.6076662908681056,1.0,3.6076662908681056,0.0,-4.171364148816236,1,,量占比與後續報酬的描述性相關；非因果或預測能力，少量樣本不作判斷,描述性關係；尚未扣費用、檢查除權息或做樣本外驗證；不評分、不認定關鍵分點
4903,0039003100380065,9100,群益金鼎-大安,sell,5,1,1,3.6076662908681056,1.0,3.6076662908681056,0.0,-4.171364148816236,1,,量占比與後續報酬的描述性相關；非因果或預測能力，少量樣本不作判斷,描述性關係；尚未扣費用、檢查除權息或做樣本外驗證；不評分、不認定關鍵分點
4903,0039003200300046,9200,凱基-站前,buy,5,1,1,3.6076662908681056,1.0,3.6076662908681056,0.0,-4.171364148816236,1,,量占比與後續報酬的描述性相關；非因果或預測能力，少量樣本不作判斷,描述性關係；尚未扣費用、檢查除權息或做樣本外驗證；不評分、不認定關鍵分點
4903,0039003800390043,9800,元大-板橋,buy,5,1,1,3.6076662908681056,1.0,3.6076662908681056,0.0,-4.171364148816236,1,,量占比與後續報酬的描述性相關；非因果或預測能力，少量樣本不作判斷,描述性關係；尚未扣費用、檢查除權息或做樣本外驗證；不評分、不認定關鍵分點
4903,0039004100300030,9A00,永豐金證券,sell,5,1,1,3.6076662908681056,1.0,3.6076662908681056,0.0,-4.171364148816236,1,,量占比與後續報酬的描述性相關；非因果或預測能力，少量樣本不作判斷,描述性關係；尚未扣費用、檢查除權息或做樣本外驗證；不評分、不認定關鍵分點
4903,0039004100390067,9A00,永豐金-內湖,sell,5,1,1,3.6076662908681056,1.0,3.6076662908681056,0.0,-4.171364148816236,1,,量占比與後續報酬的描述性相關；非因果或預測能力，少量樣本不作判斷,描述性關係；尚未扣費用、檢查除權息或做樣本外驗證；不評分、不認定關鍵分點
4903,0039004200320030,9B00,台新-台北,buy,5,1,1,3.6076662908681056,1.0,3.6076662908681056,0.0,-4.171364148816236,1,,量占比與後續報酬的描述性相關；非因果或預測能力，少量樣本不作判斷,描述性關係；尚未扣費用、檢查除權息或做樣本外驗證；不評分、不認定關鍵分點
4903,003900420032004d,9B00,台新-彰化,sell,5,1,1,3.6076662908681056,1.0,3.6076662908681056,0.0,-4.171364148816236,1,,量占比與後續報酬的描述性相關；非因果或預測能力，少量樣本不作判斷,描述性關係；尚未扣費用、檢查除權息或做樣本外驗證；不評分、不認定關鍵分點
4903,0039004200320062,9B00,台新-板橋,buy,5,1,1,3.6076662908681056,1.0,3.6076662908681056,0.0,-4.171364148816236,1,,量占比與後續報酬的描述性相關；非因果或預測能力，少量樣本不作判斷,描述性關係；尚未扣費用、檢查除權息或做樣本外驗證；不評分、不認定關鍵分點
4903,1470,1470,台灣摩根士丹利,buy,5,1,1,3.6076662908681056,1.0,3.6076662908681056,0.0,-4.171364148816236,1,,量占比與後續報酬的描述性相關；非因果或預測能力，少量樣本不作判斷,描述性關係；尚未扣費用、檢查除權息或做樣本外驗證；不評分、不認定關鍵分點
4903,1480,1480,美商高盛,sell,5,1,1,3.6076662908681056,1.0,3.6076662908681056,0.0,-4.171364148816236,1,,量占比與後續報酬的描述性相關；非因果或預測能力，少量樣本不作判斷,描述性關係；尚未扣費用、檢查除權息或做樣本外驗證；不評分、不認定關鍵分點
4903,5858,5850,統一-嘉義,buy,5,1,1,3.6076662908681056,1.0,3.6076662908681056,0.0,-4.171364148816236,1,,量占比與後續報酬的描述性相關；非因果或預測能力，少量樣本不作判斷,描述性關係；尚未扣費用、檢查除權息或做樣本外驗證；不評分、不認定關鍵分點
4903,6162,6160,中國信託-忠孝,buy,5,1,1,3.6076662908681056,1.0,3.6076662908681056,0.0,-4.171364148816236,1,,量占比與後續報酬的描述性相關；非因果或預測能力，少量樣本不作判斷,描述性關係；尚未扣費用、檢查除權息或做樣本外驗證；不評分、不認定關鍵分點
4903,7033,7030,致和-府前,buy,5,1,1,3.6076662908681056,1.0,3.6076662908681056,0.0,-4.171364148816236,1,,量占比與後續報酬的描述性相關；非因果或預測能力，少量樣本不作判斷,描述性關係；尚未扣費用、檢查除權息或做樣本外驗證；不評分、不認定關鍵分點
4903,8440,8440,摩根大通,sell,5,1,1,3.6076662908681056,1.0,3.6076662908681056,0.0,-4.171364148816236,1,,量占比與後續報酬的描述性相關；非因果或預測能力，少量樣本不作判斷,描述性關係；尚未扣費用、檢查除權息或做樣本外驗證；不評分、不認定關鍵分點
4903,8584,8580,聯邦-雙和,buy,5,1,1,3.6076662908681056,1.0,3.6076662908681056,0.0,-4.171364148816236,1,,量占比與後續報酬的描述性相關；非因果或預測能力，少量樣本不作判斷,描述性關係；尚未扣費用、檢查除權息或做樣本外驗證；不評分、不認定關鍵分點
4903,9101,9100,群益金鼎-敦南,sell,5,1,1,3.6076662908681056,1.0,3.6076662908681056,0.0,-4.171364148816236,1,,量占比與後續報酬的描述性相關；非因果或預測能力，少量樣本不作判斷,描述性關係；尚未扣費用、檢查除權息或做樣本外驗證；不評分、不認定關鍵分點
4903,9103,9100,群益金鼎-松山,sell,5,1,1,3.6076662908681056,1.0,3.6076662908681056,0.0,-4.171364148816236,1,,量占比與後續報酬的描述性相關；非因果或預測能力，少量樣本不作判斷,描述性關係；尚未扣費用、檢查除權息或做樣本外驗證；不評分、不認定關鍵分點
4903,9185,9100,群益金鼎-台南,sell,5,1,1,3.6076662908681056,1.0,3.6076662908681056,0.0,-4.171364148816236,1,,量占比與後續報酬的描述性相關；非因果或預測能力，少量樣本不作判斷,描述性關係；尚未扣費用、檢查除權息或做樣本外驗證；不評分、不認定關鍵分點
4903,9234,9200,凱基-竹北,sell,5,1,1,3.6076662908681056,1.0,3.6076662908681056,0.0,-4.171364148816236,1,,量占比與後續報酬的描述性相關；非因果或預測能力，少量樣本不作判斷,描述性關係；尚未扣費用、檢查除權息或做樣本外驗證；不評分、不認定關鍵分點
4903,9255,9200,凱基-和平,buy,5,1,1,3.6076662908681056,1.0,3.6076662908681056,0.0,-4.171364148816236,1,,量占比與後續報酬的描述性相關；非因果或預測能力，少量樣本不作判斷,描述性關係；尚未扣費用、檢查除權息或做樣本外驗證；不評分、不認定關鍵分點
4903,9268,9200,凱基-台北,sell,5,1,1,3.6076662908681056,1.0,3.6076662908681056,0.0,-4.171364148816236,1,,量占比與後續報酬的描述性相關；非因果或預測能力，少量樣本不作判斷,描述性關係；尚未扣費用、檢查除權息或做樣本外驗證；不評分、不認定關鍵分點
4903,9297,9200,凱基-文心,buy,5,1,1,3.6076662908681056,1.0,3.6076662908681056,0.0,-4.171364148816236,1,,量占比與後續報酬的描述性相關；非因果或預測能力，少量樣本不作判斷,描述性關係；尚未扣費用、檢查除權息或做樣本外驗證；不評分、不認定關鍵分點
4903,9303,9300,華南永昌-高雄,sell,5,1,1,3.6076662908681056,1.0,3.6076662908681056,0.0,-4.171364148816236,1,,量占比與後續報酬的描述性相關；非因果或預測能力，少量樣本不作判斷,描述性關係；尚未扣費用、檢查除權息或做樣本外驗證；不評分、不認定關鍵分點
4903,9315,9300,華南永昌-大甲,buy,5,1,1,3.6076662908681056,1.0,3.6076662908681056,0.0,-4.171364148816236,1,,量占比與後續報酬的描述性相關；非因果或預測能力，少量樣本不作判斷,描述性關係；尚未扣費用、檢查除權息或做樣本外驗證；不評分、不認定關鍵分點
4903,9359,9300,華南永昌-中正,sell,5,1,1,3.6076662908681056,1.0,3.6076662908681056,0.0,-4.171364148816236,1,,量占比與後續報酬的描述性相關；非因果或預測能力，少量樣本不作判斷,描述性關係；尚未扣費用、檢查除權息或做樣本外驗證；不評分、不認定關鍵分點
4903,9663,9600,富邦-敦南,buy,5,1,1,3.6076662908681056,1.0,3.6076662908681056,0.0,-4.171364148816236,1,,量占比與後續報酬的描述性相關；非因果或預測能力，少量樣本不作判斷,描述性關係；尚未扣費用、檢查除權息或做樣本外驗證；不評分、不認定關鍵分點
4908,0031003200360069,1260,宏遠-光隆,buy,5,1,1,19.070904645476784,1.0,19.070904645476784,0.0,9.7799511002445,1,,量占比與後續報酬的描述性相關；非因果或預測能力，少量樣本不作判斷,描述性關係；尚未扣費用、檢查除權息或做樣本外驗證；不評分、不認定關鍵分點
4908,003500320036004b,5260,美好-富順,sell,5,1,1,19.070904645476784,1.0,19.070904645476784,0.0,9.7799511002445,1,,量占比與後續報酬的描述性相關；非因果或預測能力，少量樣本不作判斷,描述性關係；尚未扣費用、檢查除權息或做樣本外驗證；不評分、不認定關鍵分點
4908,003600310036004b,6160,中國信託-高雄,buy,5,1,1,19.070904645476784,1.0,19.070904645476784,0.0,9.7799511002445,1,,量占比與後續報酬的描述性相關；非因果或預測能力，少量樣本不作判斷,描述性關係；尚未扣費用、檢查除權息或做樣本外驗證；不評分、不認定關鍵分點
4908,0037003000300069,7000,兆豐-松德,buy,5,1,1,19.070904645476784,1.0,19.070904645476784,0.0,9.7799511002445,1,,量占比與後續報酬的描述性相關；非因果或預測能力，少量樣本不作判斷,描述性關係；尚未扣費用、檢查除權息或做樣本外驗證；不評分、不認定關鍵分點
4908,0039003800310047,9800,元大-彰化,buy,5,1,1,19.070904645476784,1.0,19.070904645476784,0.0,9.7799511002445,1,,量占比與後續報酬的描述性相關；非因果或預測能力，少量樣本不作判斷,描述性關係；尚未扣費用、檢查除權息或做樣本外驗證；不評分、不認定關鍵分點
4908,003900410039004a,9A00,永豐金-板新,sell,5,1,1,19.070904645476784,1.0,19.070904645476784,0.0,9.7799511002445,1,,量占比與後續報酬的描述性相關；非因果或預測能力，少量樣本不作判斷,描述性關係；尚未扣費用、檢查除權息或做樣本外驗證；不評分、不認定關鍵分點
4908,0039004100390052,9A00,永豐金-信義,sell,5,1,1,19.070904645476784,1.0,19.070904645476784,0.0,9.7799511002445,1,,量占比與後續報酬的描述性相關；非因果或預測能力，少量樣本不作判斷,描述性關係；尚未扣費用、檢查除權息或做樣本外驗證；不評分、不認定關鍵分點
4908,0039004100390061,9A00,永豐金-亞灣,sell,5,1,1,19.070904645476784,1.0,19.070904645476784,0.0,9.7799511002445,1,,量占比與後續報酬的描述性相關；非因果或預測能力，少量樣本不作判斷,描述性關係；尚未扣費用、檢查除權息或做樣本外驗證；不評分、不認定關鍵分點
4908,0039004200310031,9B00,台新-新營,buy,5,1,1,19.070904645476784,1.0,19.070904645476784,0.0,9.7799511002445,1,,量占比與後續報酬的描述性相關；非因果或預測能力，少量樣本不作判斷,描述性關係；尚未扣費用、檢查除權息或做樣本外驗證；不評分、不認定關鍵分點
4908,1040,1040,臺銀,sell,5,1,1,19.070904645476784,1.0,19.070904645476784,0.0,9.7799511002445,1,,量占比與後續報酬的描述性相關；非因果或預測能力，少量樣本不作判斷,描述性關係；尚未扣費用、檢查除權息或做樣本外驗證；不評分、不認定關鍵分點
4908,1470,1470,台灣摩根士丹利,sell,5,1,1,19.070904645476784,1.0,19.070904645476784,0.0,9.7799511002445,1,,量占比與後續報酬的描述性相關；非因果或預測能力，少量樣本不作判斷,描述性關係；尚未扣費用、檢查除權息或做樣本外驗證；不評分、不認定關鍵分點
4908,1480,1480,美商高盛,sell,5,1,1,19.070904645476784,1.0,19.070904645476784,0.0,9.7799511002445,1,,量占比與後續報酬的描述性相關；非因果或預測能力，少量樣本不作判斷,描述性關係；尚未扣費用、檢查除權息或做樣本外驗證；不評分、不認定關鍵分點
4908,1650,1650,新加坡商瑞銀,sell,5,1,1,19.070904645476784,1.0,19.070904645476784,0.0,9.7799511002445,1,,量占比與後續報酬的描述性相關；非因果或預測能力，少量樣本不作判斷,描述性關係；尚未扣費用、檢查除權息或做樣本外驗證；不評分、不認定關鍵分點
4908,5850,5850,統一,sell,5,1,1,19.070904645476784,1.0,19.070904645476784,0.0,9.7799511002445,1,,量占比與後續報酬的描述性相關；非因果或預測能力，少量樣本不作判斷,描述性關係；尚未扣費用、檢查除權息或做樣本外驗證；不評分、不認定關鍵分點
4908,6160,6160,中國信託,buy,5,1,1,19.070904645476784,1.0,19.070904645476784,0.0,9.7799511002445,1,,量占比與後續報酬的描述性相關；非因果或預測能力，少量樣本不作判斷,描述性關係；尚未扣費用、檢查除權息或做樣本外驗證；不評分、不認定關鍵分點
4908,6164,6160,中國信託-文心,buy,5,1,1,19.070904645476784,1.0,19.070904645476784,0.0,9.7799511002445,1,,量占比與後續報酬的描述性相關；非因果或預測能力，少量樣本不作判斷,描述性關係；尚未扣費用、檢查除權息或做樣本外驗證；不評分、不認定關鍵分點
4908,6460,6460,大昌,buy,5,1,1,19.070904645476784,1.0,19.070904645476784,0.0,9.7799511002445,1,,量占比與後續報酬的描述性相關；非因果或預測能力，少量樣本不作判斷,描述性關係；尚未扣費用、檢查除權息或做樣本外驗證；不評分、不認定關鍵分點
4908,7000,7000,兆豐證券,buy,5,1,1,19.070904645476784,1.0,19.070904645476784,0.0,9.7799511002445,1,,量占比與後續報酬的描述性相關；非因果或預測能力，少量樣本不作判斷,描述性關係；尚未扣費用、檢查除權息或做樣本外驗證；不評分、不認定關鍵分點
4908,8560,8560,新光,buy,5,1,1,19.070904645476784,1.0,19.070904645476784,0.0,9.7799511002445,1,,量占比與後續報酬的描述性相關；非因果或預測能力，少量樣本不作判斷,描述性關係；尚未扣費用、檢查除權息或做樣本外驗證；不評分、不認定關鍵分點
4908,8840,8840,玉山證券,sell,5,1,1,19.070904645476784,1.0,19.070904645476784,0.0,9.7799511002445,1,,量占比與後續報酬的描述性相關；非因果或預測能力，少量樣本不作判斷,描述性關係；尚未扣費用、檢查除權息或做樣本外驗證；不評分、不認定關鍵分點
4908,9233,9200,凱基-長庚,buy,5,1,1,19.070904645476784,1.0,19.070904645476784,0.0,9.7799511002445,1,,量占比與後續報酬的描述性相關；非因果或預測能力，少量樣本不作判斷,描述性關係；尚未扣費用、檢查除權息或做樣本外驗證；不評分、不認定關鍵分點
4908,9268,9200,凱基-台北,buy,5,1,1,19.070904645476784,1.0,19.070904645476784,0.0,9.7799511002445,1,,量占比與後續報酬的描述性相關；非因果或預測能力，少量樣本不作判斷,描述性關係；尚未扣費用、檢查除權息或做樣本外驗證；不評分、不認定關鍵分點
4908,9339,9300,華南永昌-竹北,sell,5,1,1,19.070904645476784,1.0,19.070904645476784,0.0,9.7799511002445,1,,量占比與後續報酬的描述性相關；非因果或預測能力，少量樣本不作判斷,描述性關係；尚未扣費用、檢查除權息或做樣本外驗證；不評分、不認定關鍵分點
4908,9623,9600,富邦-台北,buy,5,1,1,19.070904645476784,1.0,19.070904645476784,0.0,9.7799511002445,1,,量占比與後續報酬的描述性相關；非因果或預測能力，少量樣本不作判斷,描述性關係；尚未扣費用、檢查除權息或做樣本外驗證；不評分、不認定關鍵分點
4908,9655,9600,富邦-板橋,sell,5,1,1,19.070904645476784,1.0,19.070904645476784,0.0,9.7799511002445,1,,量占比與後續報酬的描述性相關；非因果或預測能力，少量樣本不作判斷,描述性關係；尚未扣費用、檢查除權息或做樣本外驗證；不評分、不認定關鍵分點
4908,9800,9800,元大證券,sell,5,1,1,19.070904645476784,1.0,19.070904645476784,0.0,9.7799511002445,1,,量占比與後續報酬的描述性相關；非因果或預測能力，少量樣本不作判斷,描述性關係；尚未扣費用、檢查除權息或做樣本外驗證；不評分、不認定關鍵分點
4908,9812,9800,元大-台中,buy,5,1,1,19.070904645476784,1.0,19.070904645476784,0.0,9.7799511002445,1,,量占比與後續報酬的描述性相關；非因果或預測能力，少量樣本不作判斷,描述性關係；尚未扣費用、檢查除權息或做樣本外驗證；不評分、不認定關鍵分點
4908,9858,9800,元大-龍潭,sell,5,1,1,19.070904645476784,1.0,19.070904645476784,0.0,9.7799511002445,1,,量占比與後續報酬的描述性相關；非因果或預測能力，少量樣本不作判斷,描述性關係；尚未扣費用、檢查除權息或做樣本外驗證；不評分、不認定關鍵分點
4908,9888,9800,元大-鑫永和,sell,5,1,1,19.070904645476784,1.0,19.070904645476784,0.0,9.7799511002445,1,,量占比與後續報酬的描述性相關；非因果或預測能力，少量樣本不作判斷,描述性關係；尚未扣費用、檢查除權息或做樣本外驗證；不評分、不認定關鍵分點
4908,9897,9800,元大-土城,buy,5,1,1,19.070904645476784,1.0,19.070904645476784,0.0,9.7799511002445,1,,量占比與後續報酬的描述性相關；非因果或預測能力，少量樣本不作判斷,描述性關係；尚未扣費用、檢查除權息或做樣本外驗證；不評分、不認定關鍵分點
4938,0037003000300073,7000,兆豐-岡山,sell,5,1,1,-0.5543237250554278,0.0,-0.5543237250554278,0.0,-1.6629711751662946,1,,量占比與後續報酬的描述性相關；非因果或預測能力，少量樣本不作判斷,描述性關係；尚未扣費用、檢查除權息或做樣本外驗證；不評分、不認定關鍵分點
4938,0038003800380041,8880,國泰-館前,buy,5,1,1,-0.5543237250554278,0.0,-0.5543237250554278,0.0,-1.6629711751662946,1,,量占比與後續報酬的描述性相關；非因果或預測能力，少量樣本不作判斷,描述性關係；尚未扣費用、檢查除權息或做樣本外驗證；不評分、不認定關鍵分點
4938,0039003100380069,9100,群益金鼎-竹南,buy,5,1,1,-0.5543237250554278,0.0,-0.5543237250554278,0.0,-1.6629711751662946,1,,量占比與後續報酬的描述性相關；非因果或預測能力，少量樣本不作判斷,描述性關係；尚未扣費用、檢查除權息或做樣本外驗證；不評分、不認定關鍵分點
4938,0039003200300041,9200,凱基-板橋,buy,5,1,1,-0.5543237250554278,0.0,-0.5543237250554278,0.0,-1.6629711751662946,1,,量占比與後續報酬的描述性相關；非因果或預測能力，少量樣本不作判斷,描述性關係；尚未扣費用、檢查除權息或做樣本外驗證；不評分、不認定關鍵分點
4938,0039003800390059,9800,元大-基隆,sell,5,1,1,-0.5543237250554278,0.0,-0.5543237250554278,0.0,-1.6629711751662946,1,,量占比與後續報酬的描述性相關；非因果或預測能力，少量樣本不作判斷,描述性關係；尚未扣費用、檢查除權息或做樣本外驗證；不評分、不認定關鍵分點
4938,0039004100300030,9A00,永豐金證券,buy,5,1,1,-0.5543237250554278,0.0,-0.5543237250554278,0.0,-1.6629711751662946,1,,量占比與後續報酬的描述性相關；非因果或預測能力，少量樣本不作判斷,描述性關係；尚未扣費用、檢查除權息或做樣本外驗證；不評分、不認定關鍵分點
4938,0039004100390052,9A00,永豐金-信義,buy,5,1,1,-0.5543237250554278,0.0,-0.5543237250554278,0.0,-1.6629711751662946,1,,量占比與後續報酬的描述性相關；非因果或預測能力，少量樣本不作判斷,描述性關係；尚未扣費用、檢查除權息或做樣本外驗證；不評分、不認定關鍵分點
4938,0039004200300030,9B00,台新,sell,5,1,1,-0.5543237250554278,0.0,-0.5543237250554278,0.0,-1.6629711751662946,1,,量占比與後續報酬的描述性相關；非因果或預測能力，少量樣本不作判斷,描述性關係；尚未扣費用、檢查除權息或做樣本外驗證；不評分、不認定關鍵分點
4938,1030,1030,土銀,buy,5,1,1,-0.5543237250554278,0.0,-0.5543237250554278,0.0,-1.6629711751662946,1,,量占比與後續報酬的描述性相關；非因果或預測能力，少量樣本不作判斷,描述性關係；尚未扣費用、檢查除權息或做樣本外驗證；不評分、不認定關鍵分點
4938,1440,1440,美林,sell,5,1,1,-0.5543237250554278,0.0,-0.5543237250554278,0.0,-1.6629711751662946,1,,量占比與後續報酬的描述性相關；非因果或預測能力，少量樣本不作判斷,描述性關係；尚未扣費用、檢查除權息或做樣本外驗證；不評分、不認定關鍵分點
4938,1470,1470,台灣摩根士丹利,sell,5,1,1,-0.5543237250554278,0.0,-0.5543237250554278,0.0,-1.6629711751662946,1,,量占比與後續報酬的描述性相關；非因果或預測能力，少量樣本不作判斷,描述性關係；尚未扣費用、檢查除權息或做樣本外驗證；不評分、不認定關鍵分點
4938,1480,1480,美商高盛,sell,5,1,1,-0.5543237250554278,0.0,-0.5543237250554278,0.0,-1.6629711751662946,1,,量占比與後續報酬的描述性相關；非因果或預測能力，少量樣本不作判斷,描述性關係；尚未扣費用、檢查除權息或做樣本外驗證；不評分、不認定關鍵分點
4938,1560,1560,港商野村,sell,5,1,1,-0.5543237250554278,0.0,-0.5543237250554278,0.0,-1.6629711751662946,1,,量占比與後續報酬的描述性相關；非因果或預測能力，少量樣本不作判斷,描述性關係；尚未扣費用、檢查除權息或做樣本外驗證；不評分、不認定關鍵分點
4938,1590,1590,花旗環球,buy,5,1,1,-0.5543237250554278,0.0,-0.5543237250554278,0.0,-1.6629711751662946,1,,量占比與後續報酬的描述性相關；非因果或預測能力，少量樣本不作判斷,描述性關係；尚未扣費用、檢查除權息或做樣本外驗證；不評分、不認定關鍵分點
4938,1650,1650,新加坡商瑞銀,sell,5,1,1,-0.5543237250554278,0.0,-0.5543237250554278,0.0,-1.6629711751662946,1,,量占比與後續報酬的描述性相關；非因果或預測能力，少量樣本不作判斷,描述性關係；尚未扣費用、檢查除權息或做樣本外驗證；不評分、不認定關鍵分點
4938,5260,5260,美好,sell,5,1,1,-0.5543237250554278,0.0,-0.5543237250554278,0.0,-1.6629711751662946,1,,量占比與後續報酬的描述性相關；非因果或預測能力，少量樣本不作判斷,描述性關係；尚未扣費用、檢查除權息或做樣本外驗證；不評分、不認定關鍵分點
4938,5851,5850,統一-高雄,buy,5,1,1,-0.5543237250554278,0.0,-0.5543237250554278,0.0,-1.6629711751662946,1,,量占比與後續報酬的描述性相關；非因果或預測能力，少量樣本不作判斷,描述性關係；尚未扣費用、檢查除權息或做樣本外驗證；不評分、不認定關鍵分點
4938,6160,6160,中國信託,buy,5,1,1,-0.5543237250554278,0.0,-0.5543237250554278,0.0,-1.6629711751662946,1,,量占比與後續報酬的描述性相關；非因果或預測能力，少量樣本不作判斷,描述性關係；尚未扣費用、檢查除權息或做樣本外驗證；不評分、不認定關鍵分點
4938,8440,8440,摩根大通,sell,5,1,1,-0.5543237250554278,0.0,-0.5543237250554278,0.0,-1.6629711751662946,1,,量占比與後續報酬的描述性相關；非因果或預測能力，少量樣本不作判斷,描述性關係；尚未扣費用、檢查除權息或做樣本外驗證；不評分、不認定關鍵分點
4938,8581,8580,聯邦-高雄,sell,5,1,1,-0.5543237250554278,0.0,-0.5543237250554278,0.0,-1.6629711751662946,1,,量占比與後續報酬的描述性相關；非因果或預測能力，少量樣本不作判斷,描述性關係；尚未扣費用、檢查除權息或做樣本外驗證；不評分、不認定關鍵分點
4938,8840,8840,玉山證券,sell,5,1,1,-0.5543237250554278,0.0,-0.5543237250554278,0.0,-1.6629711751662946,1,,量占比與後續報酬的描述性相關；非因果或預測能力，少量樣本不作判斷,描述性關係；尚未扣費用、檢查除權息或做樣本外驗證；不評分、不認定關鍵分點
4938,8880,8880,國泰證券,buy,5,1,1,-0.5543237250554278,0.0,-0.5543237250554278,0.0,-1.6629711751662946,1,,量占比與後續報酬的描述性相關；非因果或預測能力，少量樣本不作判斷,描述性關係；尚未扣費用、檢查除權息或做樣本外驗證；不評分、不認定關鍵分點
4938,8900,8900,法銀巴黎,buy,5,1,1,-0.5543237250554278,0.0,-0.5543237250554278,0.0,-1.6629711751662946,1,,量占比與後續報酬的描述性相關；非因果或預測能力，少量樣本不作判斷,描述性關係；尚未扣費用、檢查除權息或做樣本外驗證；不評分、不認定關鍵分點
4938,9268,9200,凱基-台北,sell,5,1,1,-0.5543237250554278,0.0,-0.5543237250554278,0.0,-1.6629711751662946,1,,量占比與後續報酬的描述性相關；非因果或預測能力，少量樣本不作判斷,描述性關係；尚未扣費用、檢查除權息或做樣本外驗證；不評分、不認定關鍵分點
4938,9300,9300,華南永昌,buy,5,1,1,-0.5543237250554278,0.0,-0.5543237250554278,0.0,-1.6629711751662946,1,,量占比與後續報酬的描述性相關；非因果或預測能力，少量樣本不作判斷,描述性關係；尚未扣費用、檢查除權息或做樣本外驗證；不評分、不認定關鍵分點
4938,9331,9300,華南永昌-鳳山,sell,5,1,1,-0.5543237250554278,0.0,-0.5543237250554278,0.0,-1.6629711751662946,1,,量占比與後續報酬的描述性相關；非因果或預測能力，少量樣本不作判斷,描述性關係；尚未扣費用、檢查除權息或做樣本外驗證；不評分、不認定關鍵分點
4938,9600,9600,富邦證券,buy,5,1,1,-0.5543237250554278,0.0,-0.5543237250554278,0.0,-1.6629711751662946,1,,量占比與後續報酬的描述性相關；非因果或預測能力，少量樣本不作判斷,描述性關係；尚未扣費用、檢查除權息或做樣本外驗證；不評分、不認定關鍵分點
4938,9604,9600,富邦-陽明,buy,5,1,1,-0.5543237250554278,0.0,-0.5543237250554278,0.0,-1.6629711751662946,1,,量占比與後續報酬的描述性相關；非因果或預測能力，少量樣本不作判斷,描述性關係；尚未扣費用、檢查除權息或做樣本外驗證；不評分、不認定關鍵分點
4938,9655,9600,富邦-板橋,buy,5,1,1,-0.5543237250554278,0.0,-0.5543237250554278,0.0,-1.6629711751662946,1,,量占比與後續報酬的描述性相關；非因果或預測能力，少量樣本不作判斷,描述性關係；尚未扣費用、檢查除權息或做樣本外驗證；不評分、不認定關鍵分點
4938,9800,9800,元大證券,sell,5,1,1,-0.5543237250554278,0.0,-0.5543237250554278,0.0,-1.6629711751662946,1,,量占比與後續報酬的描述性相關；非因果或預測能力，少量樣本不作判斷,描述性關係；尚未扣費用、檢查除權息或做樣本外驗證；不評分、不認定關鍵分點
4958,0035003800350048,5850,統一-桃園,sell,5,1,1,16.07843137254903,1.0,16.07843137254903,0.0,10.000000000000009,1,,量占比與後續報酬的描述性相關；非因果或預測能力，少量樣本不作判斷,描述性關係；尚未扣費用、檢查除權息或做樣本外驗證；不評分、不認定關鍵分點
4958,003500380035004d,5850,統一-士林,buy,5,1,1,16.07843137254903,1.0,16.07843137254903,0.0,10.000000000000009,1,,量占比與後續報酬的描述性相關；非因果或預測能力，少量樣本不作判斷,描述性關係；尚未扣費用、檢查除權息或做樣本外驗證；不評分、不認定關鍵分點
4958,003700370039005a,7790,國票-安和,sell,5,1,1,16.07843137254903,1.0,16.07843137254903,0.0,10.000000000000009,1,,量占比與後續報酬的描述性相關；非因果或預測能力，少量樣本不作判斷,描述性關係；尚未扣費用、檢查除權息或做樣本外驗證；不評分、不認定關鍵分點
4958,0039004100300030,9A00,永豐金證券,buy,5,1,1,16.07843137254903,1.0,16.07843137254903,0.0,10.000000000000009,1,,量占比與後續報酬的描述性相關；非因果或預測能力，少量樣本不作判斷,描述性關係；尚未扣費用、檢查除權息或做樣本外驗證；不評分、不認定關鍵分點
4958,0039004100390053,9A00,永豐金-南京,buy,5,1,1,16.07843137254903,1.0,16.07843137254903,0.0,10.000000000000009,1,,量占比與後續報酬的描述性相關；非因果或預測能力，少量樣本不作判斷,描述性關係；尚未扣費用、檢查除權息或做樣本外驗證；不評分、不認定關鍵分點
4958,0039004200320061,9B00,台新-松德,sell,5,1,1,16.07843137254903,1.0,16.07843137254903,0.0,10.000000000000009,1,,量占比與後續報酬的描述性相關；非因果或預測能力，少量樣本不作判斷,描述性關係；尚未扣費用、檢查除權息或做樣本外驗證；不評分、不認定關鍵分點
4958,1440,1440,美林,buy,5,1,1,16.07843137254903,1.0,16.07843137254903,0.0,10.000000000000009,1,,量占比與後續報酬的描述性相關；非因果或預測能力，少量樣本不作判斷,描述性關係；尚未扣費用、檢查除權息或做樣本外驗證；不評分、不認定關鍵分點
4958,1470,1470,台灣摩根士丹利,sell,5,1,1,16.07843137254903,1.0,16.07843137254903,0.0,10.000000000000009,1,,量占比與後續報酬的描述性相關；非因果或預測能力，少量樣本不作判斷,描述性關係；尚未扣費用、檢查除權息或做樣本外驗證；不評分、不認定關鍵分點
4958,1480,1480,美商高盛,sell,5,1,1,16.07843137254903,1.0,16.07843137254903,0.0,10.000000000000009,1,,量占比與後續報酬的描述性相關；非因果或預測能力，少量樣本不作判斷,描述性關係；尚未扣費用、檢查除權息或做樣本外驗證；不評分、不認定關鍵分點
4958,1590,1590,花旗環球,buy,5,1,1,16.07843137254903,1.0,16.07843137254903,0.0,10.000000000000009,1,,量占比與後續報酬的描述性相關；非因果或預測能力，少量樣本不作判斷,描述性關係；尚未扣費用、檢查除權息或做樣本外驗證；不評分、不認定關鍵分點
4958,1650,1650,新加坡商瑞銀,buy,5,1,1,16.07843137254903,1.0,16.07843137254903,0.0,10.000000000000009,1,,量占比與後續報酬的描述性相關；非因果或預測能力，少量樣本不作判斷,描述性關係；尚未扣費用、檢查除權息或做樣本外驗證；不評分、不認定關鍵分點
4958,5323,5320,高橋-內壢,buy,5,1,1,16.07843137254903,1.0,16.07843137254903,0.0,10.000000000000009,1,,量占比與後續報酬的描述性相關；非因果或預測能力，少量樣本不作判斷,描述性關係；尚未扣費用、檢查除權息或做樣本外驗證；不評分、不認定關鍵分點
4958,5386,5380,第一金-彰化,buy,5,1,1,16.07843137254903,1.0,16.07843137254903,0.0,10.000000000000009,1,,量占比與後續報酬的描述性相關；非因果或預測能力，少量樣本不作判斷,描述性關係；尚未扣費用、檢查除權息或做樣本外驗證；不評分、不認定關鍵分點
4958,5850,5850,統一,buy,5,1,1,16.07843137254903,1.0,16.07843137254903,0.0,10.000000000000009,1,,量占比與後續報酬的描述性相關；非因果或預測能力，少量樣本不作判斷,描述性關係；尚未扣費用、檢查除權息或做樣本外驗證；不評分、不認定關鍵分點
4958,6010,6010,(牛牛牛)亞證券,sell,5,1,1,16.07843137254903,1.0,16.07843137254903,0.0,10.000000000000009,1,,量占比與後續報酬的描述性相關；非因果或預測能力，少量樣本不作判斷,描述性關係；尚未扣費用、檢查除權息或做樣本外驗證；不評分、不認定關鍵分點
4958,6160,6160,中國信託,sell,5,1,1,16.07843137254903,1.0,16.07843137254903,0.0,10.000000000000009,1,,量占比與後續報酬的描述性相關；非因果或預測能力，少量樣本不作判斷,描述性關係；尚未扣費用、檢查除權息或做樣本外驗證；不評分、不認定關鍵分點
4958,7000,7000,兆豐證券,sell,5,1,1,16.07843137254903,1.0,16.07843137254903,0.0,10.000000000000009,1,,量占比與後續報酬的描述性相關；非因果或預測能力，少量樣本不作判斷,描述性關係；尚未扣費用、檢查除權息或做樣本外驗證；不評分、不認定關鍵分點
4958,8440,8440,摩根大通,buy,5,1,1,16.07843137254903,1.0,16.07843137254903,0.0,10.000000000000009,1,,量占比與後續報酬的描述性相關；非因果或預測能力，少量樣本不作判斷,描述性關係；尚未扣費用、檢查除權息或做樣本外驗證；不評分、不認定關鍵分點
4958,8880,8880,國泰證券,sell,5,1,1,16.07843137254903,1.0,16.07843137254903,0.0,10.000000000000009,1,,量占比與後續報酬的描述性相關；非因果或預測能力，少量樣本不作判斷,描述性關係；尚未扣費用、檢查除權息或做樣本外驗證；不評分、不認定關鍵分點
4958,8890,8890,大和國泰,buy,5,1,1,16.07843137254903,1.0,16.07843137254903,0.0,10.000000000000009,1,,量占比與後續報酬的描述性相關；非因果或預測能力，少量樣本不作判斷,描述性關係；尚未扣費用、檢查除權息或做樣本外驗證；不評分、不認定關鍵分點
4958,8900,8900,法銀巴黎,buy,5,1,1,16.07843137254903,1.0,16.07843137254903,0.0,10.000000000000009,1,,量占比與後續報酬的描述性相關；非因果或預測能力，少量樣本不作判斷,描述性關係；尚未扣費用、檢查除權息或做樣本外驗證；不評分、不認定關鍵分點
4958,9200,9200,凱基,buy,5,1,1,16.07843137254903,1.0,16.07843137254903,0.0,10.000000000000009,1,,量占比與後續報酬的描述性相關；非因果或預測能力，少量樣本不作判斷,描述性關係；尚未扣費用、檢查除權息或做樣本外驗證；不評分、不認定關鍵分點
4958,9216,9200,凱基-信義,buy,5,1,1,16.07843137254903,1.0,16.07843137254903,0.0,10.000000000000009,1,,量占比與後續報酬的描述性相關；非因果或預測能力，少量樣本不作判斷,描述性關係；尚未扣費用、檢查除權息或做樣本外驗證；不評分、不認定關鍵分點
4958,9254,9200,凱基-科園,sell,5,1,1,16.07843137254903,1.0,16.07843137254903,0.0,10.000000000000009,1,,量占比與後續報酬的描述性相關；非因果或預測能力，少量樣本不作判斷,描述性關係；尚未扣費用、檢查除權息或做樣本外驗證；不評分、不認定關鍵分點
4958,9268,9200,凱基-台北,sell,5,1,1,16.07843137254903,1.0,16.07843137254903,0.0,10.000000000000009,1,,量占比與後續報酬的描述性相關；非因果或預測能力，少量樣本不作判斷,描述性關係；尚未扣費用、檢查除權息或做樣本外驗證；不評分、不認定關鍵分點
4958,9302,9300,華南永昌-台中,sell,5,1,1,16.07843137254903,1.0,16.07843137254903,0.0,10.000000000000009,1,,量占比與後續報酬的描述性相關；非因果或預測能力，少量樣本不作判斷,描述性關係；尚未扣費用、檢查除權息或做樣本外驗證；不評分、不認定關鍵分點
4958,9600,9600,富邦證券,buy,5,1,1,16.07843137254903,1.0,16.07843137254903,0.0,10.000000000000009,1,,量占比與後續報酬的描述性相關；非因果或預測能力，少量樣本不作判斷,描述性關係；尚未扣費用、檢查除權息或做樣本外驗證；不評分、不認定關鍵分點
4958,9800,9800,元大證券,sell,5,1,1,16.07843137254903,1.0,16.07843137254903,0.0,10.000000000000009,1,,量占比與後續報酬的描述性相關；非因果或預測能力，少量樣本不作判斷,描述性關係；尚未扣費用、檢查除權息或做樣本外驗證；不評分、不認定關鍵分點
4958,9859,9800,元大-新竹經國,sell,5,1,1,16.07843137254903,1.0,16.07843137254903,0.0,10.000000000000009,1,,量占比與後續報酬的描述性相關；非因果或預測能力，少量樣本不作判斷,描述性關係；尚未扣費用、檢查除權息或做樣本外驗證；不評分、不認定關鍵分點
4958,9878,9800,元大-金華,sell,5,1,1,16.07843137254903,1.0,16.07843137254903,0.0,10.000000000000009,1,,量占比與後續報酬的描述性相關；非因果或預測能力，少量樣本不作判斷,描述性關係；尚未扣費用、檢查除權息或做樣本外驗證；不評分、不認定關鍵分點
4966,0031003200360044,1260,宏遠-台南,buy,5,1,1,-2.447552447552448,0.0,-2.447552447552448,0.0,-2.447552447552448,1,,量占比與後續報酬的描述性相關；非因果或預測能力，少量樣本不作判斷,描述性關係；尚未扣費用、檢查除權息或做樣本外驗證；不評分、不認定關鍵分點
4966,0037003700390044,7790,國票-台南,sell,5,1,1,-2.447552447552448,0.0,-2.447552447552448,0.0,-2.447552447552448,1,,量占比與後續報酬的描述性相關；非因果或預測能力，少量樣本不作判斷,描述性關係；尚未扣費用、檢查除權息或做樣本外驗證；不評分、不認定關鍵分點
4966,0039003100380045,9100,群益金鼎-南京,buy,5,1,1,-2.447552447552448,0.0,-2.447552447552448,0.0,-2.447552447552448,1,,量占比與後續報酬的描述性相關；非因果或預測能力，少量樣本不作判斷,描述性關係；尚未扣費用、檢查除權息或做樣本外驗證；不評分、不認定關鍵分點
4966,003900310038004c,9100,群益金鼎-建成,buy,5,1,1,-2.447552447552448,0.0,-2.447552447552448,0.0,-2.447552447552448,1,,量占比與後續報酬的描述性相關；非因果或預測能力，少量樣本不作判斷,描述性關係；尚未扣費用、檢查除權息或做樣本外驗證；不評分、不認定關鍵分點
4966,0039003800310042,9800,元大-竹北,sell,5,1,1,-2.447552447552448,0.0,-2.447552447552448,0.0,-2.447552447552448,1,,量占比與後續報酬的描述性相關；非因果或預測能力，少量樣本不作判斷,描述性關係；尚未扣費用、檢查除權息或做樣本外驗證；不評分、不認定關鍵分點
4966,0039003800310044,9800,元大-南投,buy,5,1,1,-2.447552447552448,0.0,-2.447552447552448,0.0,-2.447552447552448,1,,量占比與後續報酬的描述性相關；非因果或預測能力，少量樣本不作判斷,描述性關係；尚未扣費用、檢查除權息或做樣本外驗證；不評分、不認定關鍵分點
4966,0039003800320042,9800,元大-博愛,buy,5,1,1,-2.447552447552448,0.0,-2.447552447552448,0.0,-2.447552447552448,1,,量占比與後續報酬的描述性相關；非因果或預測能力，少量樣本不作判斷,描述性關係；尚未扣費用、檢查除權息或做樣本外驗證；不評分、不認定關鍵分點
4966,0039003800330056,9800,元大-竹南,sell,5,1,1,-2.447552447552448,0.0,-2.447552447552448,0.0,-2.447552447552448,1,,量占比與後續報酬的描述性相關；非因果或預測能力，少量樣本不作判斷,描述性關係；尚未扣費用、檢查除權息或做樣本外驗證；不評分、不認定關鍵分點
4966,0039004100390031,9A00,永豐金-松山,sell,5,1,1,-2.447552447552448,0.0,-2.447552447552448,0.0,-2.447552447552448,1,,量占比與後續報酬的描述性相關；非因果或預測能力，少量樣本不作判斷,描述性關係；尚未扣費用、檢查除權息或做樣本外驗證；不評分、不認定關鍵分點
4966,0039004100390041,9A00,永豐金-羅東,buy,5,1,1,-2.447552447552448,0.0,-2.447552447552448,0.0,-2.447552447552448,1,,量占比與後續報酬的描述性相關；非因果或預測能力，少量樣本不作判斷,描述性關係；尚未扣費用、檢查除權息或做樣本外驗證；不評分、不認定關鍵分點
4966,0039004100390055,9A00,永豐金-中正,sell,5,1,1,-2.447552447552448,0.0,-2.447552447552448,0.0,-2.447552447552448,1,,量占比與後續報酬的描述性相關；非因果或預測能力，少量樣本不作判斷,描述性關係；尚未扣費用、檢查除權息或做樣本外驗證；不評分、不認定關鍵分點
4966,0039004200310067,9B00,台新-高雄,buy,5,1,1,-2.447552447552448,0.0,-2.447552447552448,0.0,-2.447552447552448,1,,量占比與後續報酬的描述性相關；非因果或預測能力，少量樣本不作判斷,描述性關係；尚未扣費用、檢查除權息或做樣本外驗證；不評分、不認定關鍵分點
4966,0039004200320071,9B00,台新-屏新,buy,5,1,1,-2.447552447552448,0.0,-2.447552447552448,0.0,-2.447552447552448,1,,量占比與後續報酬的描述性相關；非因果或預測能力，少量樣本不作判斷,描述性關係；尚未扣費用、檢查除權息或做樣本外驗證；不評分、不認定關鍵分點
4966,1440,1440,美林,sell,5,1,1,-2.447552447552448,0.0,-2.447552447552448,0.0,-2.447552447552448,1,,量占比與後續報酬的描述性相關；非因果或預測能力，少量樣本不作判斷,描述性關係；尚未扣費用、檢查除權息或做樣本外驗證；不評分、不認定關鍵分點
4966,1480,1480,美商高盛,buy,5,1,1,-2.447552447552448,0.0,-2.447552447552448,0.0,-2.447552447552448,1,,量占比與後續報酬的描述性相關；非因果或預測能力，少量樣本不作判斷,描述性關係；尚未扣費用、檢查除權息或做樣本外驗證；不評分、不認定關鍵分點
4966,1650,1650,新加坡商瑞銀,sell,5,1,1,-2.447552447552448,0.0,-2.447552447552448,0.0,-2.447552447552448,1,,量占比與後續報酬的描述性相關；非因果或預測能力，少量樣本不作判斷,描述性關係；尚未扣費用、檢查除權息或做樣本外驗證；不評分、不認定關鍵分點
4966,5385,5380,第一金-桃園,buy,5,1,1,-2.447552447552448,0.0,-2.447552447552448,0.0,-2.447552447552448,1,,量占比與後續報酬的描述性相關；非因果或預測能力，少量樣本不作判斷,描述性關係；尚未扣費用、檢查除權息或做樣本外驗證；不評分、不認定關鍵分點
4966,5851,5850,統一-高雄,buy,5,1,1,-2.447552447552448,0.0,-2.447552447552448,0.0,-2.447552447552448,1,,量占比與後續報酬的描述性相關；非因果或預測能力，少量樣本不作判斷,描述性關係；尚未扣費用、檢查除權息或做樣本外驗證；不評分、不認定關鍵分點
4966,7030,7030,致和證券,sell,5,1,1,-2.447552447552448,0.0,-2.447552447552448,0.0,-2.447552447552448,1,,量占比與後續報酬的描述性相關；非因果或預測能力，少量樣本不作判斷,描述性關係；尚未扣費用、檢查除權息或做樣本外驗證；不評分、不認定關鍵分點
4966,8440,8440,摩根大通,sell,5,1,1,-2.447552447552448,0.0,-2.447552447552448,0.0,-2.447552447552448,1,,量占比與後續報酬的描述性相關；非因果或預測能力，少量樣本不作判斷,描述性關係；尚未扣費用、檢查除權息或做樣本外驗證；不評分、不認定關鍵分點
4966,8840,8840,玉山證券,sell,5,1,1,-2.447552447552448,0.0,-2.447552447552448,0.0,-2.447552447552448,1,,量占比與後續報酬的描述性相關；非因果或預測能力，少量樣本不作判斷,描述性關係；尚未扣費用、檢查除權息或做樣本外驗證；不評分、不認定關鍵分點
4966,8847,8840,玉山-台南,sell,5,1,1,-2.447552447552448,0.0,-2.447552447552448,0.0,-2.447552447552448,1,,量占比與後續報酬的描述性相關；非因果或預測能力，少量樣本不作判斷,描述性關係；尚未扣費用、檢查除權息或做樣本外驗證；不評分、不認定關鍵分點
4966,8887,8880,國泰-忠孝,buy,5,1,1,-2.447552447552448,0.0,-2.447552447552448,0.0,-2.447552447552448,1,,量占比與後續報酬的描述性相關；非因果或預測能力，少量樣本不作判斷,描述性關係；尚未扣費用、檢查除權息或做樣本外驗證；不評分、不認定關鍵分點
4966,9268,9200,凱基-台北,buy,5,1,1,-2.447552447552448,0.0,-2.447552447552448,0.0,-2.447552447552448,1,,量占比與後續報酬的描述性相關；非因果或預測能力，少量樣本不作判斷,描述性關係；尚未扣費用、檢查除權息或做樣本外驗證；不評分、不認定關鍵分點
4966,9273,9200,凱基-竹東,sell,5,1,1,-2.447552447552448,0.0,-2.447552447552448,0.0,-2.447552447552448,1,,量占比與後續報酬的描述性相關；非因果或預測能力，少量樣本不作判斷,描述性關係；尚未扣費用、檢查除權息或做樣本外驗證；不評分、不認定關鍵分點
4966,9300,9300,華南永昌,sell,5,1,1,-2.447552447552448,0.0,-2.447552447552448,0.0,-2.447552447552448,1,,量占比與後續報酬的描述性相關；非因果或預測能力，少量樣本不作判斷,描述性關係；尚未扣費用、檢查除權息或做樣本外驗證；不評分、不認定關鍵分點
4966,9625,9600,富邦-竹東,sell,5,1,1,-2.447552447552448,0.0,-2.447552447552448,0.0,-2.447552447552448,1,,量占比與後續報酬的描述性相關；非因果或預測能力，少量樣本不作判斷,描述性關係；尚未扣費用、檢查除權息或做樣本外驗證；不評分、不認定關鍵分點
4966,9663,9600,富邦-敦南,buy,5,1,1,-2.447552447552448,0.0,-2.447552447552448,0.0,-2.447552447552448,1,,量占比與後續報酬的描述性相關；非因果或預測能力，少量樣本不作判斷,描述性關係；尚未扣費用、檢查除權息或做樣本外驗證；不評分、不認定關鍵分點
4966,9852,9800,元大-永春,sell,5,1,1,-2.447552447552448,0.0,-2.447552447552448,0.0,-2.447552447552448,1,,量占比與後續報酬的描述性相關；非因果或預測能力，少量樣本不作判斷,描述性關係；尚未扣費用、檢查除權息或做樣本外驗證；不評分、不認定關鍵分點
4966,9872,9800,元大-復北,buy,5,1,1,-2.447552447552448,0.0,-2.447552447552448,0.0,-2.447552447552448,1,,量占比與後續報酬的描述性相關；非因果或預測能力，少量樣本不作判斷,描述性關係；尚未扣費用、檢查除權息或做樣本外驗證；不評分、不認定關鍵分點
4967,0031003000340043,1040,臺銀-高雄,buy,5,1,1,-0.9191176470588203,0.0,-0.9191176470588203,0.0,-2.573529411764708,1,,量占比與後續報酬的描述性相關；非因果或預測能力，少量樣本不作判斷,描述性關係；尚未扣費用、檢查除權息或做樣本外驗證；不評分、不認定關鍵分點
4967,0031003000340044,1040,臺銀-金山,buy,5,1,1,-0.9191176470588203,0.0,-0.9191176470588203,0.0,-2.573529411764708,1,,量占比與後續報酬的描述性相關；非因果或預測能力，少量樣本不作判斷,描述性關係；尚未扣費用、檢查除權息或做樣本外驗證；不評分、不認定關鍵分點
4967,0035003300380042,5380,第一金-新竹,buy,5,1,1,-0.9191176470588203,0.0,-0.9191176470588203,0.0,-2.573529411764708,1,,量占比與後續報酬的描述性相關；非因果或預測能力，少量樣本不作判斷,描述性關係；尚未扣費用、檢查除權息或做樣本外驗證；不評分、不認定關鍵分點
4967,0039003100380069,9100,群益金鼎-竹南,sell,5,1,1,-0.9191176470588203,0.0,-0.9191176470588203,0.0,-2.573529411764708,1,,量占比與後續報酬的描述性相關；非因果或預測能力，少量樣本不作判斷,描述性關係；尚未扣費用、檢查除權息或做樣本外驗證；不評分、不認定關鍵分點
4967,0039003800300061,9800,元大-中山北路,sell,5,1,1,-0.9191176470588203,0.0,-0.9191176470588203,0.0,-2.573529411764708,1,,量占比與後續報酬的描述性相關；非因果或預測能力，少量樣本不作判斷,描述性關係；尚未扣費用、檢查除權息或做樣本外驗證；不評分、不認定關鍵分點
4967,0039003800310061,9800,元大-歸仁,sell,5,1,1,-0.9191176470588203,0.0,-0.9191176470588203,0.0,-2.573529411764708,1,,量占比與後續報酬的描述性相關；非因果或預測能力，少量樣本不作判斷,描述性關係；尚未扣費用、檢查除權息或做樣本外驗證；不評分、不認定關鍵分點
4967,0039004100390057,9A00,永豐金-市政,buy,5,1,1,-0.9191176470588203,0.0,-0.9191176470588203,0.0,-2.573529411764708,1,,量占比與後續報酬的描述性相關；非因果或預測能力，少量樣本不作判斷,描述性關係；尚未扣費用、檢查除權息或做樣本外驗證；不評分、不認定關鍵分點
4967,1042,1040,臺銀-臺南,sell,5,1,1,-0.9191176470588203,0.0,-0.9191176470588203,0.0,-2.573529411764708,1,,量占比與後續報酬的描述性相關；非因果或預測能力，少量樣本不作判斷,描述性關係；尚未扣費用、檢查除權息或做樣本外驗證；不評分、不認定關鍵分點
4967,1111,1110,台灣企銀-台中,sell,5,1,1,-0.9191176470588203,0.0,-0.9191176470588203,0.0,-2.573529411764708,1,,量占比與後續報酬的描述性相關；非因果或預測能力，少量樣本不作判斷,描述性關係；尚未扣費用、檢查除權息或做樣本外驗證；不評分、不認定關鍵分點
4967,1440,1440,美林,sell,5,1,1,-0.9191176470588203,0.0,-0.9191176470588203,0.0,-2.573529411764708,1,,量占比與後續報酬的描述性相關；非因果或預測能力，少量樣本不作判斷,描述性關係；尚未扣費用、檢查除權息或做樣本外驗證；不評分、不認定關鍵分點
4967,1470,1470,台灣摩根士丹利,sell,5,1,1,-0.9191176470588203,0.0,-0.9191176470588203,0.0,-2.573529411764708,1,,量占比與後續報酬的描述性相關；非因果或預測能力，少量樣本不作判斷,描述性關係；尚未扣費用、檢查除權息或做樣本外驗證；不評分、不認定關鍵分點
4967,1480,1480,美商高盛,sell,5,1,1,-0.9191176470588203,0.0,-0.9191176470588203,0.0,-2.573529411764708,1,,量占比與後續報酬的描述性相關；非因果或預測能力，少量樣本不作判斷,描述性關係；尚未扣費用、檢查除權息或做樣本外驗證；不評分、不認定關鍵分點
4967,1560,1560,港商野村,sell,5,1,1,-0.9191176470588203,0.0,-0.9191176470588203,0.0,-2.573529411764708,1,,量占比與後續報酬的描述性相關；非因果或預測能力，少量樣本不作判斷,描述性關係；尚未扣費用、檢查除權息或做樣本外驗證；不評分、不認定關鍵分點
4967,5384,5380,第一金-台南,buy,5,1,1,-0.9191176470588203,0.0,-0.9191176470588203,0.0,-2.573529411764708,1,,量占比與後續報酬的描述性相關；非因果或預測能力，少量樣本不作判斷,描述性關係；尚未扣費用、檢查除權息或做樣本外驗證；不評分、不認定關鍵分點
4967,5858,5850,統一-嘉義,buy,5,1,1,-0.9191176470588203,0.0,-0.9191176470588203,0.0,-2.573529411764708,1,,量占比與後續報酬的描述性相關；非因果或預測能力，少量樣本不作判斷,描述性關係；尚未扣費用、檢查除權息或做樣本外驗證；不評分、不認定關鍵分點
4967,6163,6160,中國信託-永康,sell,5,1,1,-0.9191176470588203,0.0,-0.9191176470588203,0.0,-2.573529411764708,1,,量占比與後續報酬的描述性相關；非因果或預測能力，少量樣本不作判斷,描述性關係；尚未扣費用、檢查除權息或做樣本外驗證；不評分、不認定關鍵分點
4967,6381,6380,光和-溪湖,buy,5,1,1,-0.9191176470588203,0.0,-0.9191176470588203,0.0,-2.573529411764708,1,,量占比與後續報酬的描述性相關；非因果或預測能力，少量樣本不作判斷,描述性關係；尚未扣費用、檢查除權息或做樣本外驗證；不評分、不認定關鍵分點
4967,7030,7030,致和證券,buy,5,1,1,-0.9191176470588203,0.0,-0.9191176470588203,0.0,-2.573529411764708,1,,量占比與後續報酬的描述性相關；非因果或預測能力，少量樣本不作判斷,描述性關係；尚未扣費用、檢查除權息或做樣本外驗證；不評分、不認定關鍵分點
4967,7791,7790,國票-台東,sell,5,1,1,-0.9191176470588203,0.0,-0.9191176470588203,0.0,-2.573529411764708,1,,量占比與後續報酬的描述性相關；非因果或預測能力，少量樣本不作判斷,描述性關係；尚未扣費用、檢查除權息或做樣本外驗證；不評分、不認定關鍵分點
4967,8440,8440,摩根大通,sell,5,1,1,-0.9191176470588203,0.0,-0.9191176470588203,0.0,-2.573529411764708,1,,量占比與後續報酬的描述性相關；非因果或預測能力，少量樣本不作判斷,描述性關係；尚未扣費用、檢查除權息或做樣本外驗證；不評分、不認定關鍵分點
4967,8560,8560,新光,buy,5,1,1,-0.9191176470588203,0.0,-0.9191176470588203,0.0,-2.573529411764708,1,,量占比與後續報酬的描述性相關；非因果或預測能力，少量樣本不作判斷,描述性關係；尚未扣費用、檢查除權息或做樣本外驗證；不評分、不認定關鍵分點
4967,9184,9100,群益金鼎-台中,buy,5,1,1,-0.9191176470588203,0.0,-0.9191176470588203,0.0,-2.573529411764708,1,,量占比與後續報酬的描述性相關；非因果或預測能力，少量樣本不作判斷,描述性關係；尚未扣費用、檢查除權息或做樣本外驗證；不評分、不認定關鍵分點
4967,9200,9200,凱基,sell,5,1,1,-0.9191176470588203,0.0,-0.9191176470588203,0.0,-2.573529411764708,1,,量占比與後續報酬的描述性相關；非因果或預測能力，少量樣本不作判斷,描述性關係；尚未扣費用、檢查除權息或做樣本外驗證；不評分、不認定關鍵分點
4967,9202,9200,凱基-中港,sell,5,1,1,-0.9191176470588203,0.0,-0.9191176470588203,0.0,-2.573529411764708,1,,量占比與後續報酬的描述性相關；非因果或預測能力，少量樣本不作判斷,描述性關係；尚未扣費用、檢查除權息或做樣本外驗證；不評分、不認定關鍵分點
4967,9268,9200,凱基-台北,sell,5,1,1,-0.9191176470588203,0.0,-0.9191176470588203,0.0,-2.573529411764708,1,,量占比與後續報酬的描述性相關；非因果或預測能力，少量樣本不作判斷,描述性關係；尚未扣費用、檢查除權息或做樣本外驗證；不評分、不認定關鍵分點
4967,9377,9300,華南永昌-虎尾,buy,5,1,1,-0.9191176470588203,0.0,-0.9191176470588203,0.0,-2.573529411764708,1,,量占比與後續報酬的描述性相關；非因果或預測能力，少量樣本不作判斷,描述性關係；尚未扣費用、檢查除權息或做樣本外驗證；不評分、不認定關鍵分點
4967,9654,9600,富邦-永和,buy,5,1,1,-0.9191176470588203,0.0,-0.9191176470588203,0.0,-2.573529411764708,1,,量占比與後續報酬的描述性相關；非因果或預測能力，少量樣本不作判斷,描述性關係；尚未扣費用、檢查除權息或做樣本外驗證；不評分、不認定關鍵分點
4967,9658,9600,富邦-建國,buy,5,1,1,-0.9191176470588203,0.0,-0.9191176470588203,0.0,-2.573529411764708,1,,量占比與後續報酬的描述性相關；非因果或預測能力，少量樣本不作判斷,描述性關係；尚未扣費用、檢查除權息或做樣本外驗證；不評分、不認定關鍵分點
4967,9874,9800,元大-雙和,buy,5,1,1,-0.9191176470588203,0.0,-0.9191176470588203,0.0,-2.573529411764708,1,,量占比與後續報酬的描述性相關；非因果或預測能力，少量樣本不作判斷,描述性關係；尚未扣費用、檢查除權息或做樣本外驗證；不評分、不認定關鍵分點
4967,9898,9800,元大-新莊,buy,5,1,1,-0.9191176470588203,0.0,-0.9191176470588203,0.0,-2.573529411764708,1,,量占比與後續報酬的描述性相關；非因果或預測能力，少量樣本不作判斷,描述性關係；尚未扣費用、檢查除權息或做樣本外驗證；不評分、不認定關鍵分點
4977,0031003200360051,1260,宏遠-高雄,sell,5,1,1,1.1730205278592365,1.0,1.1730205278592365,0.0,1.1730205278592365,1,,量占比與後續報酬的描述性相關；非因果或預測能力，少量樣本不作判斷,描述性關係；尚未扣費用、檢查除權息或做樣本外驗證；不評分、不認定關鍵分點
4977,0035003800350049,5850,統一-員林,buy,5,1,1,1.1730205278592365,1.0,1.1730205278592365,0.0,1.1730205278592365,1,,量占比與後續報酬的描述性相關；非因果或預測能力，少量樣本不作判斷,描述性關係；尚未扣費用、檢查除權息或做樣本外驗證；不評分、不認定關鍵分點
4977,0035003800350055,5850,統一-南京,buy,5,1,1,1.1730205278592365,1.0,1.1730205278592365,0.0,1.1730205278592365,1,,量占比與後續報酬的描述性相關；非因果或預測能力，少量樣本不作判斷,描述性關係；尚未扣費用、檢查除權息或做樣本外驗證；不評分、不認定關鍵分點
4977,0037003000300066,7000,兆豐-鹿港,sell,5,1,1,1.1730205278592365,1.0,1.1730205278592365,0.0,1.1730205278592365,1,,量占比與後續報酬的描述性相關；非因果或預測能力，少量樣本不作判斷,描述性關係；尚未扣費用、檢查除權息或做樣本外驗證；不評分、不認定關鍵分點
4977,0037003700390050,7790,國票-九鼎,buy,5,1,1,1.1730205278592365,1.0,1.1730205278592365,0.0,1.1730205278592365,1,,量占比與後續報酬的描述性相關；非因果或預測能力，少量樣本不作判斷,描述性關係；尚未扣費用、檢查除權息或做樣本外驗證；不評分、不認定關鍵分點
4977,0038003800340042,8840,玉山-台中,sell,5,1,1,1.1730205278592365,1.0,1.1730205278592365,0.0,1.1730205278592365,1,,量占比與後續報酬的描述性相關；非因果或預測能力，少量樣本不作判斷,描述性關係；尚未扣費用、檢查除權息或做樣本外驗證；不評分、不認定關鍵分點
4977,0039003200300047,9200,凱基-彰化,buy,5,1,1,1.1730205278592365,1.0,1.1730205278592365,0.0,1.1730205278592365,1,,量占比與後續報酬的描述性相關；非因果或預測能力，少量樣本不作判斷,描述性關係；尚未扣費用、檢查除權息或做樣本外驗證；不評分、不認定關鍵分點
4977,003900320030004d,9200,凱基-宜蘭,sell,5,1,1,1.1730205278592365,1.0,1.1730205278592365,0.0,1.1730205278592365,1,,量占比與後續報酬的描述性相關；非因果或預測能力，少量樣本不作判斷,描述性關係；尚未扣費用、檢查除權息或做樣本外驗證；不評分、不認定關鍵分點
4977,003900360031004d,9600,富邦-木柵,sell,5,1,1,1.1730205278592365,1.0,1.1730205278592365,0.0,1.1730205278592365,1,,量占比與後續報酬的描述性相關；非因果或預測能力，少量樣本不作判斷,描述性關係；尚未扣費用、檢查除權息或做樣本外驗證；不評分、不認定關鍵分點
4977,0039003800310046,9800,元大-福營,buy,5,1,1,1.1730205278592365,1.0,1.1730205278592365,0.0,1.1730205278592365,1,,量占比與後續報酬的描述性相關；非因果或預測能力，少量樣本不作判斷,描述性關係；尚未扣費用、檢查除權息或做樣本外驗證；不評分、不認定關鍵分點
4977,003900380031006d,9800,元大-高雄,sell,5,1,1,1.1730205278592365,1.0,1.1730205278592365,0.0,1.1730205278592365,1,,量占比與後續報酬的描述性相關；非因果或預測能力，少量樣本不作判斷,描述性關係；尚未扣費用、檢查除權息或做樣本外驗證；不評分、不認定關鍵分點
4977,0039003800340048,9800,元大-景美,sell,5,1,1,1.1730205278592365,1.0,1.1730205278592365,0.0,1.1730205278592365,1,,量占比與後續報酬的描述性相關；非因果或預測能力，少量樣本不作判斷,描述性關係；尚未扣費用、檢查除權息或做樣本外驗證；不評分、不認定關鍵分點
4977,003900380039004c,9800,元大-成功,sell,5,1,1,1.1730205278592365,1.0,1.1730205278592365,0.0,1.1730205278592365,1,,量占比與後續報酬的描述性相關；非因果或預測能力，少量樣本不作判斷,描述性關係；尚未扣費用、檢查除權息或做樣本外驗證；不評分、不認定關鍵分點
4977,003900380039004e,9800,元大-內湖,buy,5,1,1,1.1730205278592365,1.0,1.1730205278592365,0.0,1.1730205278592365,1,,量占比與後續報酬的描述性相關；非因果或預測能力，少量樣本不作判斷,描述性關係；尚未扣費用、檢查除權息或做樣本外驗證；不評分、不認定關鍵分點
4977,003900410039004d,9A00,永豐金-南投,buy,5,1,1,1.1730205278592365,1.0,1.1730205278592365,0.0,1.1730205278592365,1,,量占比與後續報酬的描述性相關；非因果或預測能力，少量樣本不作判斷,描述性關係；尚未扣費用、檢查除權息或做樣本外驗證；不評分、不認定關鍵分點
4977,0039004100390052,9A00,永豐金-信義,buy,5,1,1,1.1730205278592365,1.0,1.1730205278592365,0.0,1.1730205278592365,1,,量占比與後續報酬的描述性相關；非因果或預測能力，少量樣本不作判斷,描述性關係；尚未扣費用、檢查除權息或做樣本外驗證；不評分、不認定關鍵分點
4977,0039004200310033,9B00,台新-三民,sell,5,1,1,1.1730205278592365,1.0,1.1730205278592365,0.0,1.1730205278592365,1,,量占比與後續報酬的描述性相關；非因果或預測能力，少量樣本不作判斷,描述性關係；尚未扣費用、檢查除權息或做樣本外驗證；不評分、不認定關鍵分點
4977,0039004200310067,9B00,台新-高雄,buy,5,1,1,1.1730205278592365,1.0,1.1730205278592365,0.0,1.1730205278592365,1,,量占比與後續報酬的描述性相關；非因果或預測能力，少量樣本不作判斷,描述性關係；尚未扣費用、檢查除權息或做樣本外驗證；不評分、不認定關鍵分點
4977,0039004200320075,9B00,台新-世貿,buy,5,1,1,1.1730205278592365,1.0,1.1730205278592365,0.0,1.1730205278592365,1,,量占比與後續報酬的描述性相關；非因果或預測能力，少量樣本不作判斷,描述性關係；尚未扣費用、檢查除權息或做樣本外驗證；不評分、不認定關鍵分點
4977,1440,1440,美林,buy,5,1,1,1.1730205278592365,1.0,1.1730205278592365,0.0,1.1730205278592365,1,,量占比與後續報酬的描述性相關；非因果或預測能力，少量樣本不作判斷,描述性關係；尚未扣費用、檢查除權息或做樣本外驗證；不評分、不認定關鍵分點
4977,1480,1480,美商高盛,buy,5,1,1,1.1730205278592365,1.0,1.1730205278592365,0.0,1.1730205278592365,1,,量占比與後續報酬的描述性相關；非因果或預測能力，少量樣本不作判斷,描述性關係；尚未扣費用、檢查除權息或做樣本外驗證；不評分、不認定關鍵分點
4977,1560,1560,港商野村,sell,5,1,1,1.1730205278592365,1.0,1.1730205278592365,0.0,1.1730205278592365,1,,量占比與後續報酬的描述性相關；非因果或預測能力，少量樣本不作判斷,描述性關係；尚未扣費用、檢查除權息或做樣本外驗證；不評分、不認定關鍵分點
4977,8562,8560,新光-高雄,sell,5,1,1,1.1730205278592365,1.0,1.1730205278592365,0.0,1.1730205278592365,1,,量占比與後續報酬的描述性相關；非因果或預測能力，少量樣本不作判斷,描述性關係；尚未扣費用、檢查除權息或做樣本外驗證；不評分、不認定關鍵分點
4977,9200,9200,凱基,sell,5,1,1,1.1730205278592365,1.0,1.1730205278592365,0.0,1.1730205278592365,1,,量占比與後續報酬的描述性相關；非因果或預測能力，少量樣本不作判斷,描述性關係；尚未扣費用、檢查除權息或做樣本外驗證；不評分、不認定關鍵分點
4977,9268,9200,凱基-台北,buy,5,1,1,1.1730205278592365,1.0,1.1730205278592365,0.0,1.1730205278592365,1,,量占比與後續報酬的描述性相關；非因果或預測能力，少量樣本不作判斷,描述性關係；尚未扣費用、檢查除權息或做樣本外驗證；不評分、不認定關鍵分點
4977,9658,9600,富邦-建國,buy,5,1,1,1.1730205278592365,1.0,1.1730205278592365,0.0,1.1730205278592365,1,,量占比與後續報酬的描述性相關；非因果或預測能力，少量樣本不作判斷,描述性關係；尚未扣費用、檢查除權息或做樣本外驗證；不評分、不認定關鍵分點
4977,9663,9600,富邦-敦南,sell,5,1,1,1.1730205278592365,1.0,1.1730205278592365,0.0,1.1730205278592365,1,,量占比與後續報酬的描述性相關；非因果或預測能力，少量樣本不作判斷,描述性關係；尚未扣費用、檢查除權息或做樣本外驗證；不評分、不認定關鍵分點
4977,9800,9800,元大證券,buy,5,1,1,1.1730205278592365,1.0,1.1730205278592365,0.0,1.1730205278592365,1,,量占比與後續報酬的描述性相關；非因果或預測能力，少量樣本不作判斷,描述性關係；尚未扣費用、檢查除權息或做樣本外驗證；不評分、不認定關鍵分點
4977,9852,9800,元大-永春,sell,5,1,1,1.1730205278592365,1.0,1.1730205278592365,0.0,1.1730205278592365,1,,量占比與後續報酬的描述性相關；非因果或預測能力，少量樣本不作判斷,描述性關係；尚未扣費用、檢查除權息或做樣本外驗證；不評分、不認定關鍵分點
4977,9898,9800,元大-新莊,sell,5,1,1,1.1730205278592365,1.0,1.1730205278592365,0.0,1.1730205278592365,1,,量占比與後續報酬的描述性相關；非因果或預測能力，少量樣本不作判斷,描述性關係；尚未扣費用、檢查除權息或做樣本外驗證；不評分、不認定關鍵分點
4979,003700300030004e,7000,兆豐-埔墘,buy,5,1,1,1.4362657091562037,1.0,1.4362657091562037,0.0,1.4362657091562037,1,,量占比與後續報酬的描述性相關；非因果或預測能力，少量樣本不作判斷,描述性關係；尚未扣費用、檢查除權息或做樣本外驗證；不評分、不認定關鍵分點
4979,0037003000300050,7000,兆豐-南京,sell,5,1,1,1.4362657091562037,1.0,1.4362657091562037,0.0,1.4362657091562037,1,,量占比與後續報酬的描述性相關；非因果或預測能力，少量樣本不作判斷,描述性關係；尚未扣費用、檢查除權息或做樣本外驗證；不評分、不認定關鍵分點
4979,003700300030005a,7000,兆豐-高雄,sell,5,1,1,1.4362657091562037,1.0,1.4362657091562037,0.0,1.4362657091562037,1,,量占比與後續報酬的描述性相關；非因果或預測能力，少量樣本不作判斷,描述性關係；尚未扣費用、檢查除權息或做樣本外驗證；不評分、不認定關鍵分點
4979,0037003000300067,7000,兆豐-南門,buy,5,1,1,1.4362657091562037,1.0,1.4362657091562037,0.0,1.4362657091562037,1,,量占比與後續報酬的描述性相關；非因果或預測能力，少量樣本不作判斷,描述性關係；尚未扣費用、檢查除權息或做樣本外驗證；不評分、不認定關鍵分點
4979,003700370039004a,7790,國票-北高雄,sell,5,1,1,1.4362657091562037,1.0,1.4362657091562037,0.0,1.4362657091562037,1,,量占比與後續報酬的描述性相關；非因果或預測能力，少量樣本不作判斷,描述性關係；尚未扣費用、檢查除權息或做樣本外驗證；不評分、不認定關鍵分點
4979,0039003100330059,9100,群益金鼎-館前,buy,5,1,1,1.4362657091562037,1.0,1.4362657091562037,0.0,1.4362657091562037,1,,量占比與後續報酬的描述性相關；非因果或預測能力，少量樣本不作判斷,描述性關係；尚未扣費用、檢查除權息或做樣本外驗證；不評分、不認定關鍵分點
4979,003900360031004d,9600,富邦-木柵,buy,5,1,1,1.4362657091562037,1.0,1.4362657091562037,0.0,1.4362657091562037,1,,量占比與後續報酬的描述性相關；非因果或預測能力，少量樣本不作判斷,描述性關係；尚未扣費用、檢查除權息或做樣本外驗證；不評分、不認定關鍵分點
4979,0039003800300064,9800,元大-沙鹿,buy,5,1,1,1.4362657091562037,1.0,1.4362657091562037,0.0,1.4362657091562037,1,,量占比與後續報酬的描述性相關；非因果或預測能力，少量樣本不作判斷,描述性關係；尚未扣費用、檢查除權息或做樣本外驗證；不評分、不認定關鍵分點
4979,0039003800300068,9800,元大-台北,buy,5,1,1,1.4362657091562037,1.0,1.4362657091562037,0.0,1.4362657091562037,1,,量占比與後續報酬的描述性相關；非因果或預測能力，少量樣本不作判斷,描述性關係；尚未扣費用、檢查除權息或做樣本外驗證；不評分、不認定關鍵分點
4979,0039003800390051,9800,元大-汐止,sell,5,1,1,1.4362657091562037,1.0,1.4362657091562037,0.0,1.4362657091562037,1,,量占比與後續報酬的描述性相關；非因果或預測能力，少量樣本不作判斷,描述性關係；尚未扣費用、檢查除權息或做樣本外驗證；不評分、不認定關鍵分點
4979,0039004100300030,9A00,永豐金證券,buy,5,1,1,1.4362657091562037,1.0,1.4362657091562037,0.0,1.4362657091562037,1,,量占比與後續報酬的描述性相關；非因果或預測能力，少量樣本不作判斷,描述性關係；尚未扣費用、檢查除權息或做樣本外驗證；不評分、不認定關鍵分點
4979,0039004100360039,9A00,永豐金-屏東,sell,5,1,1,1.4362657091562037,1.0,1.4362657091562037,0.0,1.4362657091562037,1,,量占比與後續報酬的描述性相關；非因果或預測能力，少量樣本不作判斷,描述性關係；尚未扣費用、檢查除權息或做樣本外驗證；不評分、不認定關鍵分點
4979,0039004100380031,9A00,永豐金-匯立,sell,5,1,1,1.4362657091562037,1.0,1.4362657091562037,0.0,1.4362657091562037,1,,量占比與後續報酬的描述性相關；非因果或預測能力，少量樣本不作判斷,描述性關係；尚未扣費用、檢查除權息或做樣本外驗證；不評分、不認定關鍵分點
4979,0039004200310038,9B00,台新-建北,buy,5,1,1,1.4362657091562037,1.0,1.4362657091562037,0.0,1.4362657091562037,1,,量占比與後續報酬的描述性相關；非因果或預測能力，少量樣本不作判斷,描述性關係；尚未扣費用、檢查除權息或做樣本外驗證；不評分、不認定關鍵分點
4979,0039004200320072,9B00,台新-城東,sell,5,1,1,1.4362657091562037,1.0,1.4362657091562037,0.0,1.4362657091562037,1,,量占比與後續報酬的描述性相關；非因果或預測能力，少量樣本不作判斷,描述性關係；尚未扣費用、檢查除權息或做樣本外驗證；不評分、不認定關鍵分點
4979,1470,1470,台灣摩根士丹利,sell,5,1,1,1.4362657091562037,1.0,1.4362657091562037,0.0,1.4362657091562037,1,,量占比與後續報酬的描述性相關；非因果或預測能力，少量樣本不作判斷,描述性關係；尚未扣費用、檢查除權息或做樣本外驗證；不評分、不認定關鍵分點
4979,5850,5850,統一,buy,5,1,1,1.4362657091562037,1.0,1.4362657091562037,0.0,1.4362657091562037,1,,量占比與後續報酬的描述性相關；非因果或預測能力，少量樣本不作判斷,描述性關係；尚未扣費用、檢查除權息或做樣本外驗證；不評分、不認定關鍵分點
4979,6162,6160,中國信託-忠孝,buy,5,1,1,1.4362657091562037,1.0,1.4362657091562037,0.0,1.4362657091562037,1,,量占比與後續報酬的描述性相關；非因果或預測能力，少量樣本不作判斷,描述性關係；尚未扣費用、檢查除權息或做樣本外驗證；不評分、不認定關鍵分點
4979,8562,8560,新光-高雄,sell,5,1,1,1.4362657091562037,1.0,1.4362657091562037,0.0,1.4362657091562037,1,,量占比與後續報酬的描述性相關；非因果或預測能力，少量樣本不作判斷,描述性關係；尚未扣費用、檢查除權息或做樣本外驗證；不評分、不認定關鍵分點
4979,8580,8580,聯邦證券,sell,5,1,1,1.4362657091562037,1.0,1.4362657091562037,0.0,1.4362657091562037,1,,量占比與後續報酬的描述性相關；非因果或預測能力，少量樣本不作判斷,描述性關係；尚未扣費用、檢查除權息或做樣本外驗證；不評分、不認定關鍵分點
4979,8880,8880,國泰證券,sell,5,1,1,1.4362657091562037,1.0,1.4362657091562037,0.0,1.4362657091562037,1,,量占比與後續報酬的描述性相關；非因果或預測能力，少量樣本不作判斷,描述性關係；尚未扣費用、檢查除權息或做樣本外驗證；不評分、不認定關鍵分點
4979,8888,8880,國泰-敦南,buy,5,1,1,1.4362657091562037,1.0,1.4362657091562037,0.0,1.4362657091562037,1,,量占比與後續報酬的描述性相關；非因果或預測能力，少量樣本不作判斷,描述性關係；尚未扣費用、檢查除權息或做樣本外驗證；不評分、不認定關鍵分點
4979,9100,9100,群益金鼎,sell,5,1,1,1.4362657091562037,1.0,1.4362657091562037,0.0,1.4362657091562037,1,,量占比與後續報酬的描述性相關；非因果或預測能力，少量樣本不作判斷,描述性關係；尚未扣費用、檢查除權息或做樣本外驗證；不評分、不認定關鍵分點
4979,9200,9200,凱基,sell,5,1,1,1.4362657091562037,1.0,1.4362657091562037,0.0,1.4362657091562037,1,,量占比與後續報酬的描述性相關；非因果或預測能力，少量樣本不作判斷,描述性關係；尚未扣費用、檢查除權息或做樣本外驗證；不評分、不認定關鍵分點
4979,9239,9200,凱基-市政,buy,5,1,1,1.4362657091562037,1.0,1.4362657091562037,0.0,1.4362657091562037,1,,量占比與後續報酬的描述性相關；非因果或預測能力，少量樣本不作判斷,描述性關係；尚未扣費用、檢查除權息或做樣本外驗證；不評分、不認定關鍵分點
4979,9268,9200,凱基-台北,buy,5,1,1,1.4362657091562037,1.0,1.4362657091562037,0.0,1.4362657091562037,1,,量占比與後續報酬的描述性相關；非因果或預測能力，少量樣本不作判斷,描述性關係；尚未扣費用、檢查除權息或做樣本外驗證；不評分、不認定關鍵分點
4979,9339,9300,華南永昌-竹北,sell,5,1,1,1.4362657091562037,1.0,1.4362657091562037,0.0,1.4362657091562037,1,,量占比與後續報酬的描述性相關；非因果或預測能力，少量樣本不作判斷,描述性關係；尚未扣費用、檢查除權息或做樣本外驗證；不評分、不認定關鍵分點
4979,9658,9600,富邦-建國,buy,5,1,1,1.4362657091562037,1.0,1.4362657091562037,0.0,1.4362657091562037,1,,量占比與後續報酬的描述性相關；非因果或預測能力，少量樣本不作判斷,描述性關係；尚未扣費用、檢查除權息或做樣本外驗證；不評分、不認定關鍵分點
4979,9800,9800,元大證券,buy,5,1,1,1.4362657091562037,1.0,1.4362657091562037,0.0,1.4362657091562037,1,,量占比與後續報酬的描述性相關；非因果或預測能力，少量樣本不作判斷,描述性關係；尚未扣費用、檢查除權息或做樣本外驗證；不評分、不認定關鍵分點
4979,9853,9800,元大-南屯,sell,5,1,1,1.4362657091562037,1.0,1.4362657091562037,0.0,1.4362657091562037,1,,量占比與後續報酬的描述性相關；非因果或預測能力，少量樣本不作判斷,描述性關係；尚未扣費用、檢查除權息或做樣本外驗證；不評分、不認定關鍵分點
4989,003900310038004a,9100,群益金鼎-永和,buy,5,1,1,19.80360065466449,1.0,19.80360065466449,0.0,4.582651391162029,1,,量占比與後續報酬的描述性相關；非因果或預測能力，少量樣本不作判斷,描述性關係；尚未扣費用、檢查除權息或做樣本外驗證；不評分、不認定關鍵分點
4989,0039003100380067,9100,群益金鼎-大甲,buy,5,1,1,19.80360065466449,1.0,19.80360065466449,0.0,4.582651391162029,1,,量占比與後續報酬的描述性相關；非因果或預測能力，少量樣本不作判斷,描述性關係；尚未扣費用、檢查除權息或做樣本外驗證；不評分、不認定關鍵分點
4989,0039003200300041,9200,凱基-板橋,buy,5,1,1,19.80360065466449,1.0,19.80360065466449,0.0,4.582651391162029,1,,量占比與後續報酬的描述性相關；非因果或預測能力，少量樣本不作判斷,描述性關係；尚未扣費用、檢查除權息或做樣本外驗證；不評分、不認定關鍵分點
4989,0039003600320045,9600,富邦-樹林,buy,5,1,1,19.80360065466449,1.0,19.80360065466449,0.0,4.582651391162029,1,,量占比與後續報酬的描述性相關；非因果或預測能力，少量樣本不作判斷,描述性關係；尚未扣費用、檢查除權息或做樣本外驗證；不評分、不認定關鍵分點
4989,003900360033004c,9600,富邦-豐原,buy,5,1,1,19.80360065466449,1.0,19.80360065466449,0.0,4.582651391162029,1,,量占比與後續報酬的描述性相關；非因果或預測能力，少量樣本不作判斷,描述性關係；尚未扣費用、檢查除權息或做樣本外驗證；不評分、不認定關鍵分點
4989,0039003800310042,9800,元大-竹北,sell,5,1,1,19.80360065466449,1.0,19.80360065466449,0.0,4.582651391162029,1,,量占比與後續報酬的描述性相關；非因果或預測能力，少量樣本不作判斷,描述性關係；尚未扣費用、檢查除權息或做樣本外驗證；不評分、不認定關鍵分點
4989,0039003800390041,9800,元大-北投,sell,5,1,1,19.80360065466449,1.0,19.80360065466449,0.0,4.582651391162029,1,,量占比與後續報酬的描述性相關；非因果或預測能力，少量樣本不作判斷,描述性關係；尚未扣費用、檢查除權息或做樣本外驗證；不評分、不認定關鍵分點
4989,003900380039004a,9800,元大-彰化民生,buy,5,1,1,19.80360065466449,1.0,19.80360065466449,0.0,4.582651391162029,1,,量占比與後續報酬的描述性相關；非因果或預測能力，少量樣本不作判斷,描述性關係；尚未扣費用、檢查除權息或做樣本外驗證；不評分、不認定關鍵分點
4989,0039003800390053,9800,元大-鹿港,buy,5,1,1,19.80360065466449,1.0,19.80360065466449,0.0,4.582651391162029,1,,量占比與後續報酬的描述性相關；非因果或預測能力，少量樣本不作判斷,描述性關係；尚未扣費用、檢查除權息或做樣本外驗證；不評分、不認定關鍵分點
4989,0039004100390052,9A00,永豐金-信義,sell,5,1,1,19.80360065466449,1.0,19.80360065466449,0.0,4.582651391162029,1,,量占比與後續報酬的描述性相關；非因果或預測能力，少量樣本不作判斷,描述性關係；尚未扣費用、檢查除權息或做樣本外驗證；不評分、不認定關鍵分點
4989,0039004200310036,9B00,台新-台南,sell,5,1,1,19.80360065466449,1.0,19.80360065466449,0.0,4.582651391162029,1,,量占比與後續報酬的描述性相關；非因果或預測能力，少量樣本不作判斷,描述性關係；尚未扣費用、檢查除權息或做樣本外驗證；不評分、不認定關鍵分點
4989,003900420032006e,9B00,台新-西松,buy,5,1,1,19.80360065466449,1.0,19.80360065466449,0.0,4.582651391162029,1,,量占比與後續報酬的描述性相關；非因果或預測能力，少量樣本不作判斷,描述性關係；尚未扣費用、檢查除權息或做樣本外驗證；不評分、不認定關鍵分點
4989,1470,1470,台灣摩根士丹利,sell,5,1,1,19.80360065466449,1.0,19.80360065466449,0.0,4.582651391162029,1,,量占比與後續報酬的描述性相關；非因果或預測能力，少量樣本不作判斷,描述性關係；尚未扣費用、檢查除權息或做樣本外驗證；不評分、不認定關鍵分點
4989,1480,1480,美商高盛,sell,5,1,1,19.80360065466449,1.0,19.80360065466449,0.0,4.582651391162029,1,,量占比與後續報酬的描述性相關；非因果或預測能力，少量樣本不作判斷,描述性關係；尚未扣費用、檢查除權息或做樣本外驗證；不評分、不認定關鍵分點
4989,5266,5260,美好-中壢,buy,5,1,1,19.80360065466449,1.0,19.80360065466449,0.0,4.582651391162029,1,,量占比與後續報酬的描述性相關；非因果或預測能力，少量樣本不作判斷,描述性關係；尚未扣費用、檢查除權息或做樣本外驗證；不評分、不認定關鍵分點
4989,5320,5320,高橋,buy,5,1,1,19.80360065466449,1.0,19.80360065466449,0.0,4.582651391162029,1,,量占比與後續報酬的描述性相關；非因果或預測能力，少量樣本不作判斷,描述性關係；尚未扣費用、檢查除權息或做樣本外驗證；不評分、不認定關鍵分點
4989,5389,5380,第一金-中山,sell,5,1,1,19.80360065466449,1.0,19.80360065466449,0.0,4.582651391162029,1,,量占比與後續報酬的描述性相關；非因果或預測能力，少量樣本不作判斷,描述性關係；尚未扣費用、檢查除權息或做樣本外驗證；不評分、不認定關鍵分點
4989,5850,5850,統一,buy,5,1,1,19.80360065466449,1.0,19.80360065466449,0.0,4.582651391162029,1,,量占比與後續報酬的描述性相關；非因果或預測能力，少量樣本不作判斷,描述性關係；尚未扣費用、檢查除權息或做樣本外驗證；不評分、不認定關鍵分點
4989,5852,5850,統一-敦南,buy,5,1,1,19.80360065466449,1.0,19.80360065466449,0.0,4.582651391162029,1,,量占比與後續報酬的描述性相關；非因果或預測能力，少量樣本不作判斷,描述性關係；尚未扣費用、檢查除權息或做樣本外驗證；不評分、不認定關鍵分點
4989,8440,8440,摩根大通,buy,5,1,1,19.80360065466449,1.0,19.80360065466449,0.0,4.582651391162029,1,,量占比與後續報酬的描述性相關；非因果或預測能力，少量樣本不作判斷,描述性關係；尚未扣費用、檢查除權息或做樣本外驗證；不評分、不認定關鍵分點
4989,8561,8560,新光-台中,buy,5,1,1,19.80360065466449,1.0,19.80360065466449,0.0,4.582651391162029,1,,量占比與後續報酬的描述性相關；非因果或預測能力，少量樣本不作判斷,描述性關係；尚未扣費用、檢查除權息或做樣本外驗證；不評分、不認定關鍵分點
4989,8882,8880,國泰-台中,sell,5,1,1,19.80360065466449,1.0,19.80360065466449,0.0,4.582651391162029,1,,量占比與後續報酬的描述性相關；非因果或預測能力，少量樣本不作判斷,描述性關係；尚未扣費用、檢查除權息或做樣本外驗證；不評分、不認定關鍵分點
4989,8885,8880,國泰-桃園,sell,5,1,1,19.80360065466449,1.0,19.80360065466449,0.0,4.582651391162029,1,,量占比與後續報酬的描述性相關；非因果或預測能力，少量樣本不作判斷,描述性關係；尚未扣費用、檢查除權息或做樣本外驗證；不評分、不認定關鍵分點
4989,8888,8880,國泰-敦南,sell,5,1,1,19.80360065466449,1.0,19.80360065466449,0.0,4.582651391162029,1,,量占比與後續報酬的描述性相關；非因果或預測能力，少量樣本不作判斷,描述性關係；尚未扣費用、檢查除權息或做樣本外驗證；不評分、不認定關鍵分點
4989,9103,9100,群益金鼎-松山,sell,5,1,1,19.80360065466449,1.0,19.80360065466449,0.0,4.582651391162029,1,,量占比與後續報酬的描述性相關；非因果或預測能力，少量樣本不作判斷,描述性關係；尚未扣費用、檢查除權息或做樣本外驗證；不評分、不認定關鍵分點
4989,9327,9300,華南永昌-斗六,sell,5,1,1,19.80360065466449,1.0,19.80360065466449,0.0,4.582651391162029,1,,量占比與後續報酬的描述性相關；非因果或預測能力，少量樣本不作判斷,描述性關係；尚未扣費用、檢查除權息或做樣本外驗證；不評分、不認定關鍵分點
4989,9362,9300,華南永昌-苗栗,buy,5,1,1,19.80360065466449,1.0,19.80360065466449,0.0,4.582651391162029,1,,量占比與後續報酬的描述性相關；非因果或預測能力，少量樣本不作判斷,描述性關係；尚未扣費用、檢查除權息或做樣本外驗證；不評分、不認定關鍵分點
4989,9654,9600,富邦-永和,sell,5,1,1,19.80360065466449,1.0,19.80360065466449,0.0,4.582651391162029,1,,量占比與後續報酬的描述性相關；非因果或預測能力，少量樣本不作判斷,描述性關係；尚未扣費用、檢查除權息或做樣本外驗證；不評分、不認定關鍵分點
4989,9800,9800,元大證券,sell,5,1,1,19.80360065466449,1.0,19.80360065466449,0.0,4.582651391162029,1,,量占比與後續報酬的描述性相關；非因果或預測能力，少量樣本不作判斷,描述性關係；尚未扣費用、檢查除權息或做樣本外驗證；不評分、不認定關鍵分點
4989,9816,9800,元大-新竹,sell,5,1,1,19.80360065466449,1.0,19.80360065466449,0.0,4.582651391162029,1,,量占比與後續報酬的描述性相關；非因果或預測能力，少量樣本不作判斷,描述性關係；尚未扣費用、檢查除權息或做樣本外驗證；不評分、不認定關鍵分點
5269,0035003800350063,5850,統一-仁愛,sell,5,1,1,1.016949152542379,1.0,1.016949152542379,0.0,-1.3559322033898313,1,,量占比與後續報酬的描述性相關；非因果或預測能力，少量樣本不作判斷,描述性關係；尚未扣費用、檢查除權息或做樣本外驗證；不評分、不認定關鍵分點
5269,003700370039006a,7790,國票-和平,sell,5,1,1,1.016949152542379,1.0,1.016949152542379,0.0,-1.3559322033898313,1,,量占比與後續報酬的描述性相關；非因果或預測能力，少量樣本不作判斷,描述性關係；尚未扣費用、檢查除權息或做樣本外驗證；不評分、不認定關鍵分點
5269,0038003800380041,8880,國泰-館前,sell,5,1,1,1.016949152542379,1.0,1.016949152542379,0.0,-1.3559322033898313,1,,量占比與後續報酬的描述性相關；非因果或預測能力，少量樣本不作判斷,描述性關係；尚未扣費用、檢查除權息或做樣本外驗證；不評分、不認定關鍵分點
5269,0039003800310072,9800,元大-屏南,sell,5,1,1,1.016949152542379,1.0,1.016949152542379,0.0,-1.3559322033898313,1,,量占比與後續報酬的描述性相關；非因果或預測能力，少量樣本不作判斷,描述性關係；尚未扣費用、檢查除權息或做樣本外驗證；不評分、不認定關鍵分點
5269,0039003800390047,9800,元大-大同,buy,5,1,1,1.016949152542379,1.0,1.016949152542379,0.0,-1.3559322033898313,1,,量占比與後續報酬的描述性相關；非因果或預測能力，少量樣本不作判斷,描述性關係；尚未扣費用、檢查除權息或做樣本外驗證；不評分、不認定關鍵分點
5269,0039004100390038,9A00,永豐金-大園,buy,5,1,1,1.016949152542379,1.0,1.016949152542379,0.0,-1.3559322033898313,1,,量占比與後續報酬的描述性相關；非因果或預測能力，少量樣本不作判斷,描述性關係；尚未扣費用、檢查除權息或做樣本外驗證；不評分、不認定關鍵分點
5269,003900410039006a,9A00,永豐金-嘉義,sell,5,1,1,1.016949152542379,1.0,1.016949152542379,0.0,-1.3559322033898313,1,,量占比與後續報酬的描述性相關；非因果或預測能力，少量樣本不作判斷,描述性關係；尚未扣費用、檢查除權息或做樣本外驗證；不評分、不認定關鍵分點
5269,003900420032006f,9B00,台新-新興,sell,5,1,1,1.016949152542379,1.0,1.016949152542379,0.0,-1.3559322033898313,1,,量占比與後續報酬的描述性相關；非因果或預測能力，少量樣本不作判斷,描述性關係；尚未扣費用、檢查除權息或做樣本外驗證；不評分、不認定關鍵分點
5269,1025,1020,合庫-基隆,buy,5,1,1,1.016949152542379,1.0,1.016949152542379,0.0,-1.3559322033898313,1,,量占比與後續報酬的描述性相關；非因果或預測能力，少量樣本不作判斷,描述性關係；尚未扣費用、檢查除權息或做樣本外驗證；不評分、不認定關鍵分點
5269,1360,1360,港商麥格理,buy,5,1,1,1.016949152542379,1.0,1.016949152542379,0.0,-1.3559322033898313,1,,量占比與後續報酬的描述性相關；非因果或預測能力，少量樣本不作判斷,描述性關係；尚未扣費用、檢查除權息或做樣本外驗證；不評分、不認定關鍵分點
5269,1440,1440,美林,sell,5,1,1,1.016949152542379,1.0,1.016949152542379,0.0,-1.3559322033898313,1,,量占比與後續報酬的描述性相關；非因果或預測能力，少量樣本不作判斷,描述性關係；尚未扣費用、檢查除權息或做樣本外驗證；不評分、不認定關鍵分點
5269,1470,1470,台灣摩根士丹利,buy,5,1,1,1.016949152542379,1.0,1.016949152542379,0.0,-1.3559322033898313,1,,量占比與後續報酬的描述性相關；非因果或預測能力，少量樣本不作判斷,描述性關係；尚未扣費用、檢查除權息或做樣本外驗證；不評分、不認定關鍵分點
5269,1480,1480,美商高盛,buy,5,1,1,1.016949152542379,1.0,1.016949152542379,0.0,-1.3559322033898313,1,,量占比與後續報酬的描述性相關；非因果或預測能力，少量樣本不作判斷,描述性關係；尚未扣費用、檢查除權息或做樣本外驗證；不評分、不認定關鍵分點
5269,1650,1650,新加坡商瑞銀,buy,5,1,1,1.016949152542379,1.0,1.016949152542379,0.0,-1.3559322033898313,1,,量占比與後續報酬的描述性相關；非因果或預測能力，少量樣本不作判斷,描述性關係；尚未扣費用、檢查除權息或做樣本外驗證；不評分、不認定關鍵分點
5269,5857,5850,統一-新竹,sell,5,1,1,1.016949152542379,1.0,1.016949152542379,0.0,-1.3559322033898313,1,,量占比與後續報酬的描述性相關；非因果或預測能力，少量樣本不作判斷,描述性關係；尚未扣費用、檢查除權息或做樣本外驗證；不評分、不認定關鍵分點
5269,6162,6160,中國信託-忠孝,sell,5,1,1,1.016949152542379,1.0,1.016949152542379,0.0,-1.3559322033898313,1,,量占比與後續報酬的描述性相關；非因果或預測能力，少量樣本不作判斷,描述性關係；尚未扣費用、檢查除權息或做樣本外驗證；不評分、不認定關鍵分點
5269,8440,8440,摩根大通,sell,5,1,1,1.016949152542379,1.0,1.016949152542379,0.0,-1.3559322033898313,1,,量占比與後續報酬的描述性相關；非因果或預測能力，少量樣本不作判斷,描述性關係；尚未扣費用、檢查除權息或做樣本外驗證；不評分、不認定關鍵分點
5269,8560,8560,新光,sell,5,1,1,1.016949152542379,1.0,1.016949152542379,0.0,-1.3559322033898313,1,,量占比與後續報酬的描述性相關；非因果或預測能力，少量樣本不作判斷,描述性關係；尚未扣費用、檢查除權息或做樣本外驗證；不評分、不認定關鍵分點
5269,8846,8840,玉山-板橋,buy,5,1,1,1.016949152542379,1.0,1.016949152542379,0.0,-1.3559322033898313,1,,量占比與後續報酬的描述性相關；非因果或預測能力，少量樣本不作判斷,描述性關係；尚未扣費用、檢查除權息或做樣本外驗證；不評分、不認定關鍵分點
5269,8882,8880,國泰-台中,sell,5,1,1,1.016949152542379,1.0,1.016949152542379,0.0,-1.3559322033898313,1,,量占比與後續報酬的描述性相關；非因果或預測能力，少量樣本不作判斷,描述性關係；尚未扣費用、檢查除權息或做樣本外驗證；不評分、不認定關鍵分點
5269,9200,9200,凱基,buy,5,1,1,1.016949152542379,1.0,1.016949152542379,0.0,-1.3559322033898313,1,,量占比與後續報酬的描述性相關；非因果或預測能力，少量樣本不作判斷,描述性關係；尚未扣費用、檢查除權息或做樣本外驗證；不評分、不認定關鍵分點
5269,9268,9200,凱基-台北,buy,5,1,1,1.016949152542379,1.0,1.016949152542379,0.0,-1.3559322033898313,1,,量占比與後續報酬的描述性相關；非因果或預測能力，少量樣本不作判斷,描述性關係；尚未扣費用、檢查除權息或做樣本外驗證；不評分、不認定關鍵分點
5269,9300,9300,華南永昌,sell,5,1,1,1.016949152542379,1.0,1.016949152542379,0.0,-1.3559322033898313,1,,量占比與後續報酬的描述性相關；非因果或預測能力，少量樣本不作判斷,描述性關係；尚未扣費用、檢查除權息或做樣本外驗證；不評分、不認定關鍵分點
5269,9600,9600,富邦證券,buy,5,1,1,1.016949152542379,1.0,1.016949152542379,0.0,-1.3559322033898313,1,,量占比與後續報酬的描述性相關；非因果或預測能力，少量樣本不作判斷,描述性關係；尚未扣費用、檢查除權息或做樣本外驗證；不評分、不認定關鍵分點
5269,9623,9600,富邦-台北,buy,5,1,1,1.016949152542379,1.0,1.016949152542379,0.0,-1.3559322033898313,1,,量占比與後續報酬的描述性相關；非因果或預測能力，少量樣本不作判斷,描述性關係；尚未扣費用、檢查除權息或做樣本外驗證；不評分、不認定關鍵分點
5269,9800,9800,元大證券,buy,5,1,1,1.016949152542379,1.0,1.016949152542379,0.0,-1.3559322033898313,1,,量占比與後續報酬的描述性相關；非因果或預測能力，少量樣本不作判斷,描述性關係；尚未扣費用、檢查除權息或做樣本外驗證；不評分、不認定關鍵分點
5269,9854,9800,元大-文心興安,sell,5,1,1,1.016949152542379,1.0,1.016949152542379,0.0,-1.3559322033898313,1,,量占比與後續報酬的描述性相關；非因果或預測能力，少量樣本不作判斷,描述性關係；尚未扣費用、檢查除權息或做樣本外驗證；不評分、不認定關鍵分點
5269,9859,9800,元大-新竹經國,buy,5,1,1,1.016949152542379,1.0,1.016949152542379,0.0,-1.3559322033898313,1,,量占比與後續報酬的描述性相關；非因果或預測能力，少量樣本不作判斷,描述性關係；尚未扣費用、檢查除權息或做樣本外驗證；不評分、不認定關鍵分點
5269,9879,9800,元大-板橋三民,sell,5,1,1,1.016949152542379,1.0,1.016949152542379,0.0,-1.3559322033898313,1,,量占比與後續報酬的描述性相關；非因果或預測能力，少量樣本不作判斷,描述性關係；尚未扣費用、檢查除權息或做樣本外驗證；不評分、不認定關鍵分點
5269,9884,9800,元大-斗信,buy,5,1,1,1.016949152542379,1.0,1.016949152542379,0.0,-1.3559322033898313,1,,量占比與後續報酬的描述性相關；非因果或預測能力，少量樣本不作判斷,描述性關係；尚未扣費用、檢查除權息或做樣本外驗證；不評分、不認定關鍵分點
5274,0037003000300061,7000,兆豐-忠孝,sell,5,1,1,-8.167016806722692,0.0,-8.167016806722692,0.0,-8.167016806722692,1,,量占比與後續報酬的描述性相關；非因果或預測能力，少量樣本不作判斷,描述性關係；尚未扣費用、檢查除權息或做樣本外驗證；不評分、不認定關鍵分點
5274,003900320030004d,9200,凱基-宜蘭,buy,5,1,1,-8.167016806722692,0.0,-8.167016806722692,0.0,-8.167016806722692,1,,量占比與後續報酬的描述性相關；非因果或預測能力，少量樣本不作判斷,描述性關係；尚未扣費用、檢查除權息或做樣本外驗證；不評分、不認定關鍵分點
5274,0039003600310043,9600,富邦-南京,buy,5,1,1,-8.167016806722692,0.0,-8.167016806722692,0.0,-8.167016806722692,1,,量占比與後續報酬的描述性相關；非因果或預測能力，少量樣本不作判斷,描述性關係；尚未扣費用、檢查除權息或做樣本外驗證；不評分、不認定關鍵分點
5274,0039003800330069,9800,元大-大雅,sell,5,1,1,-8.167016806722692,0.0,-8.167016806722692,0.0,-8.167016806722692,1,,量占比與後續報酬的描述性相關；非因果或預測能力，少量樣本不作判斷,描述性關係；尚未扣費用、檢查除權息或做樣本外驗證；不評分、不認定關鍵分點
5274,0039004100300030,9A00,永豐金證券,sell,5,1,1,-8.167016806722692,0.0,-8.167016806722692,0.0,-8.167016806722692,1,,量占比與後續報酬的描述性相關；非因果或預測能力，少量樣本不作判斷,描述性關係；尚未扣費用、檢查除權息或做樣本外驗證；不評分、不認定關鍵分點
5274,003900410039004c,9A00,永豐金-台中,buy,5,1,1,-8.167016806722692,0.0,-8.167016806722692,0.0,-8.167016806722692,1,,量占比與後續報酬的描述性相關；非因果或預測能力，少量樣本不作判斷,描述性關係；尚未扣費用、檢查除權息或做樣本外驗證；不評分、不認定關鍵分點
5274,0039004100390069,9A00,永豐金-新店,buy,5,1,1,-8.167016806722692,0.0,-8.167016806722692,0.0,-8.167016806722692,1,,量占比與後續報酬的描述性相關；非因果或預測能力，少量樣本不作判斷,描述性關係；尚未扣費用、檢查除權息或做樣本外驗證；不評分、不認定關鍵分點
5274,0039004100390071,9A00,永豐金-潮州,sell,5,1,1,-8.167016806722692,0.0,-8.167016806722692,0.0,-8.167016806722692,1,,量占比與後續報酬的描述性相關；非因果或預測能力，少量樣本不作判斷,描述性關係；尚未扣費用、檢查除權息或做樣本外驗證；不評分、不認定關鍵分點
5274,0039004200300030,9B00,台新,sell,5,1,1,-8.167016806722692,0.0,-8.167016806722692,0.0,-8.167016806722692,1,,量占比與後續報酬的描述性相關；非因果或預測能力，少量樣本不作判斷,描述性關係；尚未扣費用、檢查除權息或做樣本外驗證；不評分、不認定關鍵分點
5274,0039004200320030,9B00,台新-台北,buy,5,1,1,-8.167016806722692,0.0,-8.167016806722692,0.0,-8.167016806722692,1,,量占比與後續報酬的描述性相關；非因果或預測能力，少量樣本不作判斷,描述性關係；尚未扣費用、檢查除權息或做樣本外驗證；不評分、不認定關鍵分點
5274,1113,1110,台灣企銀-九如,buy,5,1,1,-8.167016806722692,0.0,-8.167016806722692,0.0,-8.167016806722692,1,,量占比與後續報酬的描述性相關；非因果或預測能力，少量樣本不作判斷,描述性關係；尚未扣費用、檢查除權息或做樣本外驗證；不評分、不認定關鍵分點
5274,1360,1360,港商麥格理,buy,5,1,1,-8.167016806722692,0.0,-8.167016806722692,0.0,-8.167016806722692,1,,量占比與後續報酬的描述性相關；非因果或預測能力，少量樣本不作判斷,描述性關係；尚未扣費用、檢查除權息或做樣本外驗證；不評分、不認定關鍵分點
5274,1440,1440,美林,sell,5,1,1,-8.167016806722692,0.0,-8.167016806722692,0.0,-8.167016806722692,1,,量占比與後續報酬的描述性相關；非因果或預測能力，少量樣本不作判斷,描述性關係；尚未扣費用、檢查除權息或做樣本外驗證；不評分、不認定關鍵分點
5274,1470,1470,台灣摩根士丹利,buy,5,1,1,-8.167016806722692,0.0,-8.167016806722692,0.0,-8.167016806722692,1,,量占比與後續報酬的描述性相關；非因果或預測能力，少量樣本不作判斷,描述性關係；尚未扣費用、檢查除權息或做樣本外驗證；不評分、不認定關鍵分點
5274,1480,1480,美商高盛,sell,5,1,1,-8.167016806722692,0.0,-8.167016806722692,0.0,-8.167016806722692,1,,量占比與後續報酬的描述性相關；非因果或預測能力，少量樣本不作判斷,描述性關係；尚未扣費用、檢查除權息或做樣本外驗證；不評分、不認定關鍵分點
5274,1650,1650,新加坡商瑞銀,sell,5,1,1,-8.167016806722692,0.0,-8.167016806722692,0.0,-8.167016806722692,1,,量占比與後續報酬的描述性相關；非因果或預測能力，少量樣本不作判斷,描述性關係；尚未扣費用、檢查除權息或做樣本外驗證；不評分、不認定關鍵分點
5274,5380,5380,第一金,buy,5,1,1,-8.167016806722692,0.0,-8.167016806722692,0.0,-8.167016806722692,1,,量占比與後續報酬的描述性相關；非因果或預測能力，少量樣本不作判斷,描述性關係；尚未扣費用、檢查除權息或做樣本外驗證；不評分、不認定關鍵分點
5274,5603,5600,永興-台中,buy,5,1,1,-8.167016806722692,0.0,-8.167016806722692,0.0,-8.167016806722692,1,,量占比與後續報酬的描述性相關；非因果或預測能力，少量樣本不作判斷,描述性關係；尚未扣費用、檢查除權息或做樣本外驗證；不評分、不認定關鍵分點
5274,8440,8440,摩根大通,buy,5,1,1,-8.167016806722692,0.0,-8.167016806722692,0.0,-8.167016806722692,1,,量占比與後續報酬的描述性相關；非因果或預測能力，少量樣本不作判斷,描述性關係；尚未扣費用、檢查除權息或做樣本外驗證；不評分、不認定關鍵分點
5274,8560,8560,新光,buy,5,1,1,-8.167016806722692,0.0,-8.167016806722692,0.0,-8.167016806722692,1,,量占比與後續報酬的描述性相關；非因果或預測能力，少量樣本不作判斷,描述性關係；尚未扣費用、檢查除權息或做樣本外驗證；不評分、不認定關鍵分點
5274,8883,8880,國泰-松江,sell,5,1,1,-8.167016806722692,0.0,-8.167016806722692,0.0,-8.167016806722692,1,,量占比與後續報酬的描述性相關；非因果或預測能力，少量樣本不作判斷,描述性關係；尚未扣費用、檢查除權息或做樣本外驗證；不評分、不認定關鍵分點
5274,8890,8890,大和國泰,sell,5,1,1,-8.167016806722692,0.0,-8.167016806722692,0.0,-8.167016806722692,1,,量占比與後續報酬的描述性相關；非因果或預測能力，少量樣本不作判斷,描述性關係；尚未扣費用、檢查除權息或做樣本外驗證；不評分、不認定關鍵分點
5274,9200,9200,凱基,buy,5,1,1,-8.167016806722692,0.0,-8.167016806722692,0.0,-8.167016806722692,1,,量占比與後續報酬的描述性相關；非因果或預測能力，少量樣本不作判斷,描述性關係；尚未扣費用、檢查除權息或做樣本外驗證；不評分、不認定關鍵分點
5274,9205,9200,凱基-三重,buy,5,1,1,-8.167016806722692,0.0,-8.167016806722692,0.0,-8.167016806722692,1,,量占比與後續報酬的描述性相關；非因果或預測能力，少量樣本不作判斷,描述性關係；尚未扣費用、檢查除權息或做樣本外驗證；不評分、不認定關鍵分點
5274,9212,9200,凱基-東港,sell,5,1,1,-8.167016806722692,0.0,-8.167016806722692,0.0,-8.167016806722692,1,,量占比與後續報酬的描述性相關；非因果或預測能力，少量樣本不作判斷,描述性關係；尚未扣費用、檢查除權息或做樣本外驗證；不評分、不認定關鍵分點
5274,9257,9200,凱基-林口,sell,5,1,1,-8.167016806722692,0.0,-8.167016806722692,0.0,-8.167016806722692,1,,量占比與後續報酬的描述性相關；非因果或預測能力，少量樣本不作判斷,描述性關係；尚未扣費用、檢查除權息或做樣本外驗證；不評分、不認定關鍵分點
5274,9268,9200,凱基-台北,sell,5,1,1,-8.167016806722692,0.0,-8.167016806722692,0.0,-8.167016806722692,1,,量占比與後續報酬的描述性相關；非因果或預測能力，少量樣本不作判斷,描述性關係；尚未扣費用、檢查除權息或做樣本外驗證；不評分、不認定關鍵分點
5274,9600,9600,富邦證券,buy,5,1,1,-8.167016806722692,0.0,-8.167016806722692,0.0,-8.167016806722692,1,,量占比與後續報酬的描述性相關；非因果或預測能力，少量樣本不作判斷,描述性關係；尚未扣費用、檢查除權息或做樣本外驗證；不評分、不認定關鍵分點
5274,9677,9600,富邦-三重,sell,5,1,1,-8.167016806722692,0.0,-8.167016806722692,0.0,-8.167016806722692,1,,量占比與後續報酬的描述性相關；非因果或預測能力，少量樣本不作判斷,描述性關係；尚未扣費用、檢查除權息或做樣本外驗證；不評分、不認定關鍵分點
5274,9800,9800,元大證券,sell,5,1,1,-8.167016806722692,0.0,-8.167016806722692,0.0,-8.167016806722692,1,,量占比與後續報酬的描述性相關；非因果或預測能力，少量樣本不作判斷,描述性關係；尚未扣費用、檢查除權息或做樣本外驗證；不評分、不認定關鍵分點
5289,0031003000340043,1040,臺銀-高雄,buy,5,1,1,-3.100775193798455,0.0,-3.100775193798455,0.0,-3.100775193798455,1,,量占比與後續報酬的描述性相關；非因果或預測能力，少量樣本不作判斷,描述性關係；尚未扣費用、檢查除權息或做樣本外驗證；不評分、不認定關鍵分點
5289,0031003000340044,1040,臺銀-金山,buy,5,1,1,-3.100775193798455,0.0,-3.100775193798455,0.0,-3.100775193798455,1,,量占比與後續報酬的描述性相關；非因果或預測能力，少量樣本不作判斷,描述性關係；尚未扣費用、檢查除權息或做樣本外驗證；不評分、不認定關鍵分點
5289,0031003100310045,1110,台灣企銀-桃園,buy,5,1,1,-3.100775193798455,0.0,-3.100775193798455,0.0,-3.100775193798455,1,,量占比與後續報酬的描述性相關；非因果或預測能力，少量樣本不作判斷,描述性關係；尚未扣費用、檢查除權息或做樣本外驗證；不評分、不認定關鍵分點
5289,0035003300380041,5380,第一金-新興,sell,5,1,1,-3.100775193798455,0.0,-3.100775193798455,0.0,-3.100775193798455,1,,量占比與後續報酬的描述性相關；非因果或預測能力，少量樣本不作判斷,描述性關係；尚未扣費用、檢查除權息或做樣本外驗證；不評分、不認定關鍵分點
5289,003700300030004a,7000,兆豐-公益,sell,5,1,1,-3.100775193798455,0.0,-3.100775193798455,0.0,-3.100775193798455,1,,量占比與後續報酬的描述性相關；非因果或預測能力，少量樣本不作判斷,描述性關係；尚未扣費用、檢查除權息或做樣本外驗證；不評分、不認定關鍵分點
5289,0037003000300056,7000,兆豐-新竹,buy,5,1,1,-3.100775193798455,0.0,-3.100775193798455,0.0,-3.100775193798455,1,,量占比與後續報酬的描述性相關；非因果或預測能力，少量樣本不作判斷,描述性關係；尚未扣費用、檢查除權息或做樣本外驗證；不評分、不認定關鍵分點
5289,0039003100330052,9100,群益金鼎-北高雄,sell,5,1,1,-3.100775193798455,0.0,-3.100775193798455,0.0,-3.100775193798455,1,,量占比與後續報酬的描述性相關；非因果或預測能力，少量樣本不作判斷,描述性關係；尚未扣費用、檢查除權息或做樣本外驗證；不評分、不認定關鍵分點
5289,0039003600310043,9600,富邦-南京,buy,5,1,1,-3.100775193798455,0.0,-3.100775193798455,0.0,-3.100775193798455,1,,量占比與後續報酬的描述性相關；非因果或預測能力，少量樣本不作判斷,描述性關係；尚未扣費用、檢查除權息或做樣本外驗證；不評分、不認定關鍵分點
5289,0039003800300043,9800,元大-斗六,sell,5,1,1,-3.100775193798455,0.0,-3.100775193798455,0.0,-3.100775193798455,1,,量占比與後續報酬的描述性相關；非因果或預測能力，少量樣本不作判斷,描述性關係；尚未扣費用、檢查除權息或做樣本外驗證；不評分、不認定關鍵分點
5289,0039003800330066,9800,元大-竹東,sell,5,1,1,-3.100775193798455,0.0,-3.100775193798455,0.0,-3.100775193798455,1,,量占比與後續報酬的描述性相關；非因果或預測能力，少量樣本不作判斷,描述性關係；尚未扣費用、檢查除權息或做樣本外驗證；不評分、不認定關鍵分點
5289,0039004100300030,9A00,永豐金證券,sell,5,1,1,-3.100775193798455,0.0,-3.100775193798455,0.0,-3.100775193798455,1,,量占比與後續報酬的描述性相關；非因果或預測能力，少量樣本不作判斷,描述性關係；尚未扣費用、檢查除權息或做樣本外驗證；不評分、不認定關鍵分點
5289,0039004100380031,9A00,永豐金-匯立,sell,5,1,1,-3.100775193798455,0.0,-3.100775193798455,0.0,-3.100775193798455,1,,量占比與後續報酬的描述性相關；非因果或預測能力，少量樣本不作判斷,描述性關係；尚未扣費用、檢查除權息或做樣本外驗證；不評分、不認定關鍵分點
5289,0039004200300030,9B00,台新,buy,5,1,1,-3.100775193798455,0.0,-3.100775193798455,0.0,-3.100775193798455,1,,量占比與後續報酬的描述性相關；非因果或預測能力，少量樣本不作判斷,描述性關係；尚未扣費用、檢查除權息或做樣本外驗證；不評分、不認定關鍵分點
5289,003900420032005a,9B00,台新-安南,buy,5,1,1,-3.100775193798455,0.0,-3.100775193798455,0.0,-3.100775193798455,1,,量占比與後續報酬的描述性相關；非因果或預測能力，少量樣本不作判斷,描述性關係；尚未扣費用、檢查除權息或做樣本外驗證；不評分、不認定關鍵分點
5289,1022,1020,合庫-台南,sell,5,1,1,-3.100775193798455,0.0,-3.100775193798455,0.0,-3.100775193798455,1,,量占比與後續報酬的描述性相關；非因果或預測能力，少量樣本不作判斷,描述性關係；尚未扣費用、檢查除權息或做樣本外驗證；不評分、不認定關鍵分點
5289,1470,1470,台灣摩根士丹利,sell,5,1,1,-3.100775193798455,0.0,-3.100775193798455,0.0,-3.100775193798455,1,,量占比與後續報酬的描述性相關；非因果或預測能力，少量樣本不作判斷,描述性關係；尚未扣費用、檢查除權息或做樣本外驗證；不評分、不認定關鍵分點
5289,1480,1480,美商高盛,sell,5,1,1,-3.100775193798455,0.0,-3.100775193798455,0.0,-3.100775193798455,1,,量占比與後續報酬的描述性相關；非因果或預測能力，少量樣本不作判斷,描述性關係；尚未扣費用、檢查除權息或做樣本外驗證；不評分、不認定關鍵分點
5289,1650,1650,新加坡商瑞銀,buy,5,1,1,-3.100775193798455,0.0,-3.100775193798455,0.0,-3.100775193798455,1,,量占比與後續報酬的描述性相關；非因果或預測能力，少量樣本不作判斷,描述性關係；尚未扣費用、檢查除權息或做樣本外驗證；不評分、不認定關鍵分點
5289,8380,8380,安泰,buy,5,1,1,-3.100775193798455,0.0,-3.100775193798455,0.0,-3.100775193798455,1,,量占比與後續報酬的描述性相關；非因果或預測能力，少量樣本不作判斷,描述性關係；尚未扣費用、檢查除權息或做樣本外驗證；不評分、不認定關鍵分點
5289,8560,8560,新光,buy,5,1,1,-3.100775193798455,0.0,-3.100775193798455,0.0,-3.100775193798455,1,,量占比與後續報酬的描述性相關；非因果或預測能力，少量樣本不作判斷,描述性關係；尚未扣費用、檢查除權息或做樣本外驗證；不評分、不認定關鍵分點
5289,9100,9100,群益金鼎,buy,5,1,1,-3.100775193798455,0.0,-3.100775193798455,0.0,-3.100775193798455,1,,量占比與後續報酬的描述性相關；非因果或預測能力，少量樣本不作判斷,描述性關係；尚未扣費用、檢查除權息或做樣本外驗證；不評分、不認定關鍵分點
5289,9268,9200,凱基-台北,sell,5,1,1,-3.100775193798455,0.0,-3.100775193798455,0.0,-3.100775193798455,1,,量占比與後續報酬的描述性相關；非因果或預測能力，少量樣本不作判斷,描述性關係；尚未扣費用、檢查除權息或做樣本外驗證；不評分、不認定關鍵分點
5289,9692,9600,富邦-嘉義,buy,5,1,1,-3.100775193798455,0.0,-3.100775193798455,0.0,-3.100775193798455,1,,量占比與後續報酬的描述性相關；非因果或預測能力，少量樣本不作判斷,描述性關係；尚未扣費用、檢查除權息或做樣本外驗證；不評分、不認定關鍵分點
5289,9800,9800,元大證券,sell,5,1,1,-3.100775193798455,0.0,-3.100775193798455,0.0,-3.100775193798455,1,,量占比與後續報酬的描述性相關；非因果或預測能力，少量樣本不作判斷,描述性關係；尚未扣費用、檢查除權息或做樣本外驗證；不評分、不認定關鍵分點
5289,9822,9800,元大-土城學府,sell,5,1,1,-3.100775193798455,0.0,-3.100775193798455,0.0,-3.100775193798455,1,,量占比與後續報酬的描述性相關；非因果或預測能力，少量樣本不作判斷,描述性關係；尚未扣費用、檢查除權息或做樣本外驗證；不評分、不認定關鍵分點
5289,9835,9800,元大-員林中山,sell,5,1,1,-3.100775193798455,0.0,-3.100775193798455,0.0,-3.100775193798455,1,,量占比與後續報酬的描述性相關；非因果或預測能力，少量樣本不作判斷,描述性關係；尚未扣費用、檢查除權息或做樣本外驗證；不評分、不認定關鍵分點
5289,9869,9800,元大-新盛,sell,5,1,1,-3.100775193798455,0.0,-3.100775193798455,0.0,-3.100775193798455,1,,量占比與後續報酬的描述性相關；非因果或預測能力，少量樣本不作判斷,描述性關係；尚未扣費用、檢查除權息或做樣本外驗證；不評分、不認定關鍵分點
5289,9871,9800,元大-忠孝,buy,5,1,1,-3.100775193798455,0.0,-3.100775193798455,0.0,-3.100775193798455,1,,量占比與後續報酬的描述性相關；非因果或預測能力，少量樣本不作判斷,描述性關係；尚未扣費用、檢查除權息或做樣本外驗證；不評分、不認定關鍵分點
5289,9872,9800,元大-復北,buy,5,1,1,-3.100775193798455,0.0,-3.100775193798455,0.0,-3.100775193798455,1,,量占比與後續報酬的描述性相關；非因果或預測能力，少量樣本不作判斷,描述性關係；尚未扣費用、檢查除權息或做樣本外驗證；不評分、不認定關鍵分點
5289,9875,9800,元大-土城永寧,buy,5,1,1,-3.100775193798455,0.0,-3.100775193798455,0.0,-3.100775193798455,1,,量占比與後續報酬的描述性相關；非因果或預測能力，少量樣本不作判斷,描述性關係；尚未扣費用、檢查除權息或做樣本外驗證；不評分、不認定關鍵分點
5347,003800380038004b,8880,國泰-板橋,sell,5,1,1,1.084010840108407,1.0,1.084010840108407,0.0,-0.27100271002710175,1,,量占比與後續報酬的描述性相關；非因果或預測能力，少量樣本不作判斷,描述性關係；尚未扣費用、檢查除權息或做樣本外驗證；不評分、不認定關鍵分點
5347,0039003600320047,9600,富邦-斗六,sell,5,1,1,1.084010840108407,1.0,1.084010840108407,0.0,-0.27100271002710175,1,,量占比與後續報酬的描述性相關；非因果或預測能力，少量樣本不作判斷,描述性關係；尚未扣費用、檢查除權息或做樣本外驗證；不評分、不認定關鍵分點
5347,0039003800390041,9800,元大-北投,sell,5,1,1,1.084010840108407,1.0,1.084010840108407,0.0,-0.27100271002710175,1,,量占比與後續報酬的描述性相關；非因果或預測能力，少量樣本不作判斷,描述性關係；尚未扣費用、檢查除權息或做樣本外驗證；不評分、不認定關鍵分點
5347,0039004100300030,9A00,永豐金證券,sell,5,1,1,1.084010840108407,1.0,1.084010840108407,0.0,-0.27100271002710175,1,,量占比與後續報酬的描述性相關；非因果或預測能力，少量樣本不作判斷,描述性關係；尚未扣費用、檢查除權息或做樣本外驗證；不評分、不認定關鍵分點
5347,0039004200300030,9B00,台新,buy,5,1,1,1.084010840108407,1.0,1.084010840108407,0.0,-0.27100271002710175,1,,量占比與後續報酬的描述性相關；非因果或預測能力，少量樣本不作判斷,描述性關係；尚未扣費用、檢查除權息或做樣本外驗證；不評分、不認定關鍵分點
5347,003900420032006e,9B00,台新-西松,buy,5,1,1,1.084010840108407,1.0,1.084010840108407,0.0,-0.27100271002710175,1,,量占比與後續報酬的描述性相關；非因果或預測能力，少量樣本不作判斷,描述性關係；尚未扣費用、檢查除權息或做樣本外驗證；不評分、不認定關鍵分點
5347,1260,1260,宏遠證券,buy,5,1,1,1.084010840108407,1.0,1.084010840108407,0.0,-0.27100271002710175,1,,量占比與後續報酬的描述性相關；非因果或預測能力，少量樣本不作判斷,描述性關係；尚未扣費用、檢查除權息或做樣本外驗證；不評分、不認定關鍵分點
5347,1360,1360,港商麥格理,sell,5,1,1,1.084010840108407,1.0,1.084010840108407,0.0,-0.27100271002710175,1,,量占比與後續報酬的描述性相關；非因果或預測能力，少量樣本不作判斷,描述性關係；尚未扣費用、檢查除權息或做樣本外驗證；不評分、不認定關鍵分點
5347,1440,1440,美林,buy,5,1,1,1.084010840108407,1.0,1.084010840108407,0.0,-0.27100271002710175,1,,量占比與後續報酬的描述性相關；非因果或預測能力，少量樣本不作判斷,描述性關係；尚未扣費用、檢查除權息或做樣本外驗證；不評分、不認定關鍵分點
5347,1470,1470,台灣摩根士丹利,buy,5,1,1,1.084010840108407,1.0,1.084010840108407,0.0,-0.27100271002710175,1,,量占比與後續報酬的描述性相關；非因果或預測能力，少量樣本不作判斷,描述性關係；尚未扣費用、檢查除權息或做樣本外驗證；不評分、不認定關鍵分點
5347,1480,1480,美商高盛,buy,5,1,1,1.084010840108407,1.0,1.084010840108407,0.0,-0.27100271002710175,1,,量占比與後續報酬的描述性相關；非因果或預測能力，少量樣本不作判斷,描述性關係；尚未扣費用、檢查除權息或做樣本外驗證；不評分、不認定關鍵分點
5347,1590,1590,花旗環球,buy,5,1,1,1.084010840108407,1.0,1.084010840108407,0.0,-0.27100271002710175,1,,量占比與後續報酬的描述性相關；非因果或預測能力，少量樣本不作判斷,描述性關係；尚未扣費用、檢查除權息或做樣本外驗證；不評分、不認定關鍵分點
5347,1650,1650,新加坡商瑞銀,sell,5,1,1,1.084010840108407,1.0,1.084010840108407,0.0,-0.27100271002710175,1,,量占比與後續報酬的描述性相關；非因果或預測能力，少量樣本不作判斷,描述性關係；尚未扣費用、檢查除權息或做樣本外驗證；不評分、不認定關鍵分點
5347,5110,5110,富隆證券,sell,5,1,1,1.084010840108407,1.0,1.084010840108407,0.0,-0.27100271002710175,1,,量占比與後續報酬的描述性相關；非因果或預測能力，少量樣本不作判斷,描述性關係；尚未扣費用、檢查除權息或做樣本外驗證；不評分、不認定關鍵分點
5347,5850,5850,統一,buy,5,1,1,1.084010840108407,1.0,1.084010840108407,0.0,-0.27100271002710175,1,,量占比與後續報酬的描述性相關；非因果或預測能力，少量樣本不作判斷,描述性關係；尚未扣費用、檢查除權息或做樣本外驗證；不評分、不認定關鍵分點
5347,6160,6160,中國信託,sell,5,1,1,1.084010840108407,1.0,1.084010840108407,0.0,-0.27100271002710175,1,,量占比與後續報酬的描述性相關；非因果或預測能力，少量樣本不作判斷,描述性關係；尚未扣費用、檢查除權息或做樣本外驗證；不評分、不認定關鍵分點
5347,8440,8440,摩根大通,buy,5,1,1,1.084010840108407,1.0,1.084010840108407,0.0,-0.27100271002710175,1,,量占比與後續報酬的描述性相關；非因果或預測能力，少量樣本不作判斷,描述性關係；尚未扣費用、檢查除權息或做樣本外驗證；不評分、不認定關鍵分點
5347,8880,8880,國泰證券,sell,5,1,1,1.084010840108407,1.0,1.084010840108407,0.0,-0.27100271002710175,1,,量占比與後續報酬的描述性相關；非因果或預測能力，少量樣本不作判斷,描述性關係；尚未扣費用、檢查除權息或做樣本外驗證；不評分、不認定關鍵分點
5347,8888,8880,國泰-敦南,sell,5,1,1,1.084010840108407,1.0,1.084010840108407,0.0,-0.27100271002710175,1,,量占比與後續報酬的描述性相關；非因果或預測能力，少量樣本不作判斷,描述性關係；尚未扣費用、檢查除權息或做樣本外驗證；不評分、不認定關鍵分點
5347,9100,9100,群益金鼎,buy,5,1,1,1.084010840108407,1.0,1.084010840108407,0.0,-0.27100271002710175,1,,量占比與後續報酬的描述性相關；非因果或預測能力，少量樣本不作判斷,描述性關係；尚未扣費用、檢查除權息或做樣本外驗證；不評分、不認定關鍵分點
5347,9200,9200,凱基,sell,5,1,1,1.084010840108407,1.0,1.084010840108407,0.0,-0.27100271002710175,1,,量占比與後續報酬的描述性相關；非因果或預測能力，少量樣本不作判斷,描述性關係；尚未扣費用、檢查除權息或做樣本外驗證；不評分、不認定關鍵分點
5347,9229,9200,凱基-中山,buy,5,1,1,1.084010840108407,1.0,1.084010840108407,0.0,-0.27100271002710175,1,,量占比與後續報酬的描述性相關；非因果或預測能力，少量樣本不作判斷,描述性關係；尚未扣費用、檢查除權息或做樣本外驗證；不評分、不認定關鍵分點
5347,9268,9200,凱基-台北,sell,5,1,1,1.084010840108407,1.0,1.084010840108407,0.0,-0.27100271002710175,1,,量占比與後續報酬的描述性相關；非因果或預測能力，少量樣本不作判斷,描述性關係；尚未扣費用、檢查除權息或做樣本外驗證；不評分、不認定關鍵分點
5347,9349,9300,華南永昌-板橋,buy,5,1,1,1.084010840108407,1.0,1.084010840108407,0.0,-0.27100271002710175,1,,量占比與後續報酬的描述性相關；非因果或預測能力，少量樣本不作判斷,描述性關係；尚未扣費用、檢查除權息或做樣本外驗證；不評分、不認定關鍵分點
5347,9600,9600,富邦證券,sell,5,1,1,1.084010840108407,1.0,1.084010840108407,0.0,-0.27100271002710175,1,,量占比與後續報酬的描述性相關；非因果或預測能力，少量樣本不作判斷,描述性關係；尚未扣費用、檢查除權息或做樣本外驗證；不評分、不認定關鍵分點
5347,9604,9600,富邦-陽明,sell,5,1,1,1.084010840108407,1.0,1.084010840108407,0.0,-0.27100271002710175,1,,量占比與後續報酬的描述性相關；非因果或預測能力，少量樣本不作判斷,描述性關係；尚未扣費用、檢查除權息或做樣本外驗證；不評分、不認定關鍵分點
5347,9623,9600,富邦-台北,sell,5,1,1,1.084010840108407,1.0,1.084010840108407,0.0,-0.27100271002710175,1,,量占比與後續報酬的描述性相關；非因果或預測能力，少量樣本不作判斷,描述性關係；尚未扣費用、檢查除權息或做樣本外驗證；不評分、不認定關鍵分點
5347,9658,9600,富邦-建國,buy,5,1,1,1.084010840108407,1.0,1.084010840108407,0.0,-0.27100271002710175,1,,量占比與後續報酬的描述性相關；非因果或預測能力，少量樣本不作判斷,描述性關係；尚未扣費用、檢查除權息或做樣本外驗證；不評分、不認定關鍵分點
5347,9800,9800,元大證券,buy,5,1,1,1.084010840108407,1.0,1.084010840108407,0.0,-0.27100271002710175,1,,量占比與後續報酬的描述性相關；非因果或預測能力，少量樣本不作判斷,描述性關係；尚未扣費用、檢查除權息或做樣本外驗證；不評分、不認定關鍵分點
5347,9893,9800,元大-大天母,buy,5,1,1,1.084010840108407,1.0,1.084010840108407,0.0,-0.27100271002710175,1,,量占比與後續報酬的描述性相關；非因果或預測能力，少量樣本不作判斷,描述性關係；尚未扣費用、檢查除權息或做樣本外驗證；不評分、不認定關鍵分點
5426,0035003800350051,5850,統一-三多,sell,5,1,1,2.2727272727272707,1.0,2.2727272727272707,0.0,0.6993006993006867,1,,量占比與後續報酬的描述性相關；非因果或預測能力，少量樣本不作判斷,描述性關係；尚未扣費用、檢查除權息或做樣本外驗證；不評分、不認定關鍵分點
5426,0037003000300064,7000,兆豐-彰化,sell,5,1,1,2.2727272727272707,1.0,2.2727272727272707,0.0,0.6993006993006867,1,,量占比與後續報酬的描述性相關；非因果或預測能力，少量樣本不作判斷,描述性關係；尚未扣費用、檢查除權息或做樣本外驗證；不評分、不認定關鍵分點
5426,0037003000330042,7030,致和-崇德,sell,5,1,1,2.2727272727272707,1.0,2.2727272727272707,0.0,0.6993006993006867,1,,量占比與後續報酬的描述性相關；非因果或預測能力，少量樣本不作判斷,描述性關係；尚未扣費用、檢查除權息或做樣本外驗證；不評分、不認定關鍵分點
5426,0038003400350053,8450,康和-南崁,buy,5,1,1,2.2727272727272707,1.0,2.2727272727272707,0.0,0.6993006993006867,1,,量占比與後續報酬的描述性相關；非因果或預測能力，少量樣本不作判斷,描述性關係；尚未扣費用、檢查除權息或做樣本外驗證；不評分、不認定關鍵分點
5426,0039003100380065,9100,群益金鼎-大安,sell,5,1,1,2.2727272727272707,1.0,2.2727272727272707,0.0,0.6993006993006867,1,,量占比與後續報酬的描述性相關；非因果或預測能力，少量樣本不作判斷,描述性關係；尚未扣費用、檢查除權息或做樣本外驗證；不評分、不認定關鍵分點
5426,003900320030005a,9200,凱基-台東,sell,5,1,1,2.2727272727272707,1.0,2.2727272727272707,0.0,0.6993006993006867,1,,量占比與後續報酬的描述性相關；非因果或預測能力，少量樣本不作判斷,描述性關係；尚未扣費用、檢查除權息或做樣本外驗證；不評分、不認定關鍵分點
5426,0039003600320042,9600,富邦-二林,sell,5,1,1,2.2727272727272707,1.0,2.2727272727272707,0.0,0.6993006993006867,1,,量占比與後續報酬的描述性相關；非因果或預測能力，少量樣本不作判斷,描述性關係；尚未扣費用、檢查除權息或做樣本外驗證；不評分、不認定關鍵分點
5426,0039003800310069,9800,元大-西螺,buy,5,1,1,2.2727272727272707,1.0,2.2727272727272707,0.0,0.6993006993006867,1,,量占比與後續報酬的描述性相關；非因果或預測能力，少量樣本不作判斷,描述性關係；尚未扣費用、檢查除權息或做樣本外驗證；不評分、不認定關鍵分點
5426,003900380031007a,9800,元大-大統,buy,5,1,1,2.2727272727272707,1.0,2.2727272727272707,0.0,0.6993006993006867,1,,量占比與後續報酬的描述性相關；非因果或預測能力，少量樣本不作判斷,描述性關係；尚未扣費用、檢查除權息或做樣本外驗證；不評分、不認定關鍵分點
5426,003900380039004c,9800,元大-成功,buy,5,1,1,2.2727272727272707,1.0,2.2727272727272707,0.0,0.6993006993006867,1,,量占比與後續報酬的描述性相關；非因果或預測能力，少量樣本不作判斷,描述性關係；尚未扣費用、檢查除權息或做樣本外驗證；不評分、不認定關鍵分點
5426,003900410039004e,9A00,永豐金-桃盛,buy,5,1,1,2.2727272727272707,1.0,2.2727272727272707,0.0,0.6993006993006867,1,,量占比與後續報酬的描述性相關；非因果或預測能力，少量樣本不作判斷,描述性關係；尚未扣費用、檢查除權息或做樣本外驗證；不評分、不認定關鍵分點
5426,0039004200320041,9B00,台新-緯城,buy,5,1,1,2.2727272727272707,1.0,2.2727272727272707,0.0,0.6993006993006867,1,,量占比與後續報酬的描述性相關；非因果或預測能力，少量樣本不作判斷,描述性關係；尚未扣費用、檢查除權息或做樣本外驗證；不評分、不認定關鍵分點
5426,003900420032006f,9B00,台新-新興,buy,5,1,1,2.2727272727272707,1.0,2.2727272727272707,0.0,0.6993006993006867,1,,量占比與後續報酬的描述性相關；非因果或預測能力，少量樣本不作判斷,描述性關係；尚未扣費用、檢查除權息或做樣本外驗證；不評分、不認定關鍵分點
5426,1440,1440,美林,buy,5,1,1,2.2727272727272707,1.0,2.2727272727272707,0.0,0.6993006993006867,1,,量占比與後續報酬的描述性相關；非因果或預測能力，少量樣本不作判斷,描述性關係；尚未扣費用、檢查除權息或做樣本外驗證；不評分、不認定關鍵分點
5426,1470,1470,台灣摩根士丹利,buy,5,1,1,2.2727272727272707,1.0,2.2727272727272707,0.0,0.6993006993006867,1,,量占比與後續報酬的描述性相關；非因果或預測能力，少量樣本不作判斷,描述性關係；尚未扣費用、檢查除權息或做樣本外驗證；不評分、不認定關鍵分點
5426,1480,1480,美商高盛,sell,5,1,1,2.2727272727272707,1.0,2.2727272727272707,0.0,0.6993006993006867,1,,量占比與後續報酬的描述性相關；非因果或預測能力，少量樣本不作判斷,描述性關係；尚未扣費用、檢查除權息或做樣本外驗證；不評分、不認定關鍵分點
5426,1650,1650,新加坡商瑞銀,sell,5,1,1,2.2727272727272707,1.0,2.2727272727272707,0.0,0.6993006993006867,1,,量占比與後續報酬的描述性相關；非因果或預測能力，少量樣本不作判斷,描述性關係；尚未扣費用、檢查除權息或做樣本外驗證；不評分、不認定關鍵分點
5426,5381,5380,第一金-員林,sell,5,1,1,2.2727272727272707,1.0,2.2727272727272707,0.0,0.6993006993006867,1,,量占比與後續報酬的描述性相關；非因果或預測能力，少量樣本不作判斷,描述性關係；尚未扣費用、檢查除權息或做樣本外驗證；不評分、不認定關鍵分點
5426,8440,8440,摩根大通,buy,5,1,1,2.2727272727272707,1.0,2.2727272727272707,0.0,0.6993006993006867,1,,量占比與後續報酬的描述性相關；非因果或預測能力，少量樣本不作判斷,描述性關係；尚未扣費用、檢查除權息或做樣本外驗證；不評分、不認定關鍵分點
5426,8560,8560,新光,buy,5,1,1,2.2727272727272707,1.0,2.2727272727272707,0.0,0.6993006993006867,1,,量占比與後續報酬的描述性相關；非因果或預測能力，少量樣本不作判斷,描述性關係；尚未扣費用、檢查除權息或做樣本外驗證；不評分、不認定關鍵分點
5426,8886,8880,國泰-新莊,buy,5,1,1,2.2727272727272707,1.0,2.2727272727272707,0.0,0.6993006993006867,1,,量占比與後續報酬的描述性相關；非因果或預測能力，少量樣本不作判斷,描述性關係；尚未扣費用、檢查除權息或做樣本外驗證；不評分、不認定關鍵分點
5426,8887,8880,國泰-忠孝,sell,5,1,1,2.2727272727272707,1.0,2.2727272727272707,0.0,0.6993006993006867,1,,量占比與後續報酬的描述性相關；非因果或預測能力，少量樣本不作判斷,描述性關係；尚未扣費用、檢查除權息或做樣本外驗證；不評分、不認定關鍵分點
5426,8888,8880,國泰-敦南,sell,5,1,1,2.2727272727272707,1.0,2.2727272727272707,0.0,0.6993006993006867,1,,量占比與後續報酬的描述性相關；非因果或預測能力，少量樣本不作判斷,描述性關係；尚未扣費用、檢查除權息或做樣本外驗證；不評分、不認定關鍵分點
5426,9211,9200,凱基-台南,sell,5,1,1,2.2727272727272707,1.0,2.2727272727272707,0.0,0.6993006993006867,1,,量占比與後續報酬的描述性相關；非因果或預測能力，少量樣本不作判斷,描述性關係；尚未扣費用、檢查除權息或做樣本外驗證；不評分、不認定關鍵分點
5426,9266,9200,凱基-新豐,buy,5,1,1,2.2727272727272707,1.0,2.2727272727272707,0.0,0.6993006993006867,1,,量占比與後續報酬的描述性相關；非因果或預測能力，少量樣本不作判斷,描述性關係；尚未扣費用、檢查除權息或做樣本外驗證；不評分、不認定關鍵分點
5426,9268,9200,凱基-台北,sell,5,1,1,2.2727272727272707,1.0,2.2727272727272707,0.0,0.6993006993006867,1,,量占比與後續報酬的描述性相關；非因果或預測能力，少量樣本不作判斷,描述性關係；尚未扣費用、檢查除權息或做樣本外驗證；不評分、不認定關鍵分點
5426,9300,9300,華南永昌,sell,5,1,1,2.2727272727272707,1.0,2.2727272727272707,0.0,0.6993006993006867,1,,量占比與後續報酬的描述性相關；非因果或預測能力，少量樣本不作判斷,描述性關係；尚未扣費用、檢查除權息或做樣本外驗證；不評分、不認定關鍵分點
5426,9317,9300,華南永昌-林口,sell,5,1,1,2.2727272727272707,1.0,2.2727272727272707,0.0,0.6993006993006867,1,,量占比與後續報酬的描述性相關；非因果或預測能力，少量樣本不作判斷,描述性關係；尚未扣費用、檢查除權息或做樣本外驗證；不評分、不認定關鍵分點
5426,9623,9600,富邦-台北,buy,5,1,1,2.2727272727272707,1.0,2.2727272727272707,0.0,0.6993006993006867,1,,量占比與後續報酬的描述性相關；非因果或預測能力，少量樣本不作判斷,描述性關係；尚未扣費用、檢查除權息或做樣本外驗證；不評分、不認定關鍵分點
5426,9658,9600,富邦-建國,buy,5,1,1,2.2727272727272707,1.0,2.2727272727272707,0.0,0.6993006993006867,1,,量占比與後續報酬的描述性相關；非因果或預測能力，少量樣本不作判斷,描述性關係；尚未扣費用、檢查除權息或做樣本外驗證；不評分、不認定關鍵分點
5443,0031003000340041,1040,臺銀-臺中,buy,5,1,1,-1.3392857142857095,0.0,-1.3392857142857095,0.0,-1.3392857142857095,1,,量占比與後續報酬的描述性相關；非因果或預測能力，少量樣本不作判斷,描述性關係；尚未扣費用、檢查除權息或做樣本外驗證；不評分、不認定關鍵分點
5443,0031003000340043,1040,臺銀-高雄,buy,5,1,1,-1.3392857142857095,0.0,-1.3392857142857095,0.0,-1.3392857142857095,1,,量占比與後續報酬的描述性相關；非因果或預測能力，少量樣本不作判斷,描述性關係；尚未扣費用、檢查除權息或做樣本外驗證；不評分、不認定關鍵分點
5443,0037003000300057,7000,兆豐-城中,sell,5,1,1,-1.3392857142857095,0.0,-1.3392857142857095,0.0,-1.3392857142857095,1,,量占比與後續報酬的描述性相關；非因果或預測能力，少量樣本不作判斷,描述性關係；尚未扣費用、檢查除權息或做樣本外驗證；不評分、不認定關鍵分點
5443,0037003000300068,7000,兆豐-三民,buy,5,1,1,-1.3392857142857095,0.0,-1.3392857142857095,0.0,-1.3392857142857095,1,,量占比與後續報酬的描述性相關；非因果或預測能力，少量樣本不作判斷,描述性關係；尚未扣費用、檢查除權息或做樣本外驗證；不評分、不認定關鍵分點
5443,0038003400350044,8450,康和-板橋,buy,5,1,1,-1.3392857142857095,0.0,-1.3392857142857095,0.0,-1.3392857142857095,1,,量占比與後續報酬的描述性相關；非因果或預測能力，少量樣本不作判斷,描述性關係；尚未扣費用、檢查除權息或做樣本外驗證；不評分、不認定關鍵分點
5443,0038003800340043,8840,玉山-信義,buy,5,1,1,-1.3392857142857095,0.0,-1.3392857142857095,0.0,-1.3392857142857095,1,,量占比與後續報酬的描述性相關；非因果或預測能力，少量樣本不作判斷,描述性關係；尚未扣費用、檢查除權息或做樣本外驗證；不評分、不認定關鍵分點
5443,0039003800300043,9800,元大-斗六,sell,5,1,1,-1.3392857142857095,0.0,-1.3392857142857095,0.0,-1.3392857142857095,1,,量占比與後續報酬的描述性相關；非因果或預測能力，少量樣本不作判斷,描述性關係；尚未扣費用、檢查除權息或做樣本外驗證；不評分、不認定關鍵分點
5443,0039003800310042,9800,元大-竹北,sell,5,1,1,-1.3392857142857095,0.0,-1.3392857142857095,0.0,-1.3392857142857095,1,,量占比與後續報酬的描述性相關；非因果或預測能力，少量樣本不作判斷,描述性關係；尚未扣費用、檢查除權息或做樣本外驗證；不評分、不認定關鍵分點
5443,0039003800310061,9800,元大-歸仁,buy,5,1,1,-1.3392857142857095,0.0,-1.3392857142857095,0.0,-1.3392857142857095,1,,量占比與後續報酬的描述性相關；非因果或預測能力，少量樣本不作判斷,描述性關係；尚未扣費用、檢查除權息或做樣本外驗證；不評分、不認定關鍵分點
5443,0039003800310068,9800,元大-屏東民生,buy,5,1,1,-1.3392857142857095,0.0,-1.3392857142857095,0.0,-1.3392857142857095,1,,量占比與後續報酬的描述性相關；非因果或預測能力，少量樣本不作判斷,描述性關係；尚未扣費用、檢查除權息或做樣本外驗證；不評分、不認定關鍵分點
5443,0039003800330057,9800,元大-大里德芳,sell,5,1,1,-1.3392857142857095,0.0,-1.3392857142857095,0.0,-1.3392857142857095,1,,量占比與後續報酬的描述性相關；非因果或預測能力，少量樣本不作判斷,描述性關係；尚未扣費用、檢查除權息或做樣本外驗證；不評分、不認定關鍵分點
5443,0039003800390043,9800,元大-板橋,sell,5,1,1,-1.3392857142857095,0.0,-1.3392857142857095,0.0,-1.3392857142857095,1,,量占比與後續報酬的描述性相關；非因果或預測能力，少量樣本不作判斷,描述性關係；尚未扣費用、檢查除權息或做樣本外驗證；不評分、不認定關鍵分點
5443,0039004200300030,9B00,台新,buy,5,1,1,-1.3392857142857095,0.0,-1.3392857142857095,0.0,-1.3392857142857095,1,,量占比與後續報酬的描述性相關；非因果或預測能力，少量樣本不作判斷,描述性關係；尚未扣費用、檢查除權息或做樣本外驗證；不評分、不認定關鍵分點
5443,0039004200320033,9B00,台新-三重,buy,5,1,1,-1.3392857142857095,0.0,-1.3392857142857095,0.0,-1.3392857142857095,1,,量占比與後續報酬的描述性相關；非因果或預測能力，少量樣本不作判斷,描述性關係；尚未扣費用、檢查除權息或做樣本外驗證；不評分、不認定關鍵分點
5443,0039004200320039,9B00,台新-府城,sell,5,1,1,-1.3392857142857095,0.0,-1.3392857142857095,0.0,-1.3392857142857095,1,,量占比與後續報酬的描述性相關；非因果或預測能力，少量樣本不作判斷,描述性關係；尚未扣費用、檢查除權息或做樣本外驗證；不評分、不認定關鍵分點
5443,0039004200320071,9B00,台新-屏新,buy,5,1,1,-1.3392857142857095,0.0,-1.3392857142857095,0.0,-1.3392857142857095,1,,量占比與後續報酬的描述性相關；非因果或預測能力，少量樣本不作判斷,描述性關係；尚未扣費用、檢查除權息或做樣本外驗證；不評分、不認定關鍵分點
5443,1440,1440,美林,sell,5,1,1,-1.3392857142857095,0.0,-1.3392857142857095,0.0,-1.3392857142857095,1,,量占比與後續報酬的描述性相關；非因果或預測能力，少量樣本不作判斷,描述性關係；尚未扣費用、檢查除權息或做樣本外驗證；不評分、不認定關鍵分點
5443,1470,1470,台灣摩根士丹利,buy,5,1,1,-1.3392857142857095,0.0,-1.3392857142857095,0.0,-1.3392857142857095,1,,量占比與後續報酬的描述性相關；非因果或預測能力，少量樣本不作判斷,描述性關係；尚未扣費用、檢查除權息或做樣本外驗證；不評分、不認定關鍵分點
5443,1480,1480,美商高盛,sell,5,1,1,-1.3392857142857095,0.0,-1.3392857142857095,0.0,-1.3392857142857095,1,,量占比與後續報酬的描述性相關；非因果或預測能力，少量樣本不作判斷,描述性關係；尚未扣費用、檢查除權息或做樣本外驗證；不評分、不認定關鍵分點
5443,1560,1560,港商野村,sell,5,1,1,-1.3392857142857095,0.0,-1.3392857142857095,0.0,-1.3392857142857095,1,,量占比與後續報酬的描述性相關；非因果或預測能力，少量樣本不作判斷,描述性關係；尚未扣費用、檢查除權息或做樣本外驗證；不評分、不認定關鍵分點
5443,1650,1650,新加坡商瑞銀,sell,5,1,1,-1.3392857142857095,0.0,-1.3392857142857095,0.0,-1.3392857142857095,1,,量占比與後續報酬的描述性相關；非因果或預測能力，少量樣本不作判斷,描述性關係；尚未扣費用、檢查除權息或做樣本外驗證；不評分、不認定關鍵分點
5443,5383,5380,第一金-高雄,buy,5,1,1,-1.3392857142857095,0.0,-1.3392857142857095,0.0,-1.3392857142857095,1,,量占比與後續報酬的描述性相關；非因果或預測能力，少量樣本不作判斷,描述性關係；尚未扣費用、檢查除權息或做樣本外驗證；不評分、不認定關鍵分點
5443,8560,8560,新光,sell,5,1,1,-1.3392857142857095,0.0,-1.3392857142857095,0.0,-1.3392857142857095,1,,量占比與後續報酬的描述性相關；非因果或預測能力，少量樣本不作判斷,描述性關係；尚未扣費用、檢查除權息或做樣本外驗證；不評分、不認定關鍵分點
5443,8563,8560,新光-新竹,buy,5,1,1,-1.3392857142857095,0.0,-1.3392857142857095,0.0,-1.3392857142857095,1,,量占比與後續報酬的描述性相關；非因果或預測能力，少量樣本不作判斷,描述性關係；尚未扣費用、檢查除權息或做樣本外驗證；不評分、不認定關鍵分點
5443,9137,9100,群益金鼎-士林,sell,5,1,1,-1.3392857142857095,0.0,-1.3392857142857095,0.0,-1.3392857142857095,1,,量占比與後續報酬的描述性相關；非因果或預測能力，少量樣本不作判斷,描述性關係；尚未扣費用、檢查除權息或做樣本外驗證；不評分、不認定關鍵分點
5443,9202,9200,凱基-中港,sell,5,1,1,-1.3392857142857095,0.0,-1.3392857142857095,0.0,-1.3392857142857095,1,,量占比與後續報酬的描述性相關；非因果或預測能力，少量樣本不作判斷,描述性關係；尚未扣費用、檢查除權息或做樣本外驗證；不評分、不認定關鍵分點
5443,9268,9200,凱基-台北,sell,5,1,1,-1.3392857142857095,0.0,-1.3392857142857095,0.0,-1.3392857142857095,1,,量占比與後續報酬的描述性相關；非因果或預測能力，少量樣本不作判斷,描述性關係；尚未扣費用、檢查除權息或做樣本外驗證；不評分、不認定關鍵分點
5443,9337,9300,華南永昌-內壢,sell,5,1,1,-1.3392857142857095,0.0,-1.3392857142857095,0.0,-1.3392857142857095,1,,量占比與後續報酬的描述性相關；非因果或預測能力，少量樣本不作判斷,描述性關係；尚未扣費用、檢查除權息或做樣本外驗證；不評分、不認定關鍵分點
5443,9853,9800,元大-南屯,buy,5,1,1,-1.3392857142857095,0.0,-1.3392857142857095,0.0,-1.3392857142857095,1,,量占比與後續報酬的描述性相關；非因果或預測能力，少量樣本不作判斷,描述性關係；尚未扣費用、檢查除權息或做樣本外驗證；不評分、不認定關鍵分點
5443,9867,9800,元大-內湖民權,buy,5,1,1,-1.3392857142857095,0.0,-1.3392857142857095,0.0,-1.3392857142857095,1,,量占比與後續報酬的描述性相關；非因果或預測能力，少量樣本不作判斷,描述性關係；尚未扣費用、檢查除權息或做樣本外驗證；不評分、不認定關鍵分點
5469,0037003000300069,7000,兆豐-松德,sell,5,1,1,7.506702412868638,1.0,7.506702412868638,0.0,1.7426273458445163,1,,量占比與後續報酬的描述性相關；非因果或預測能力，少量樣本不作判斷,描述性關係；尚未扣費用、檢查除權息或做樣本外驗證；不評分、不認定關鍵分點
5469,0039003600320050,9600,富邦-頭份,buy,5,1,1,7.506702412868638,1.0,7.506702412868638,0.0,1.7426273458445163,1,,量占比與後續報酬的描述性相關；非因果或預測能力，少量樣本不作判斷,描述性關係；尚未扣費用、檢查除權息或做樣本外驗證；不評分、不認定關鍵分點
5469,003900380034004b,9800,元大-館前,buy,5,1,1,7.506702412868638,1.0,7.506702412868638,0.0,1.7426273458445163,1,,量占比與後續報酬的描述性相關；非因果或預測能力，少量樣本不作判斷,描述性關係；尚未扣費用、檢查除權息或做樣本外驗證；不評分、不認定關鍵分點
5469,0039003800390051,9800,元大-汐止,sell,5,1,1,7.506702412868638,1.0,7.506702412868638,0.0,1.7426273458445163,1,,量占比與後續報酬的描述性相關；非因果或預測能力，少量樣本不作判斷,描述性關係；尚未扣費用、檢查除權息或做樣本外驗證；不評分、不認定關鍵分點
5469,0039004100380031,9A00,永豐金-匯立,sell,5,1,1,7.506702412868638,1.0,7.506702412868638,0.0,1.7426273458445163,1,,量占比與後續報酬的描述性相關；非因果或預測能力，少量樣本不作判斷,描述性關係；尚未扣費用、檢查除權息或做樣本外驗證；不評分、不認定關鍵分點
5469,003900410039004d,9A00,永豐金-南投,buy,5,1,1,7.506702412868638,1.0,7.506702412868638,0.0,1.7426273458445163,1,,量占比與後續報酬的描述性相關；非因果或預測能力，少量樣本不作判斷,描述性關係；尚未扣費用、檢查除權息或做樣本外驗證；不評分、不認定關鍵分點
5469,0039004100390057,9A00,永豐金-市政,sell,5,1,1,7.506702412868638,1.0,7.506702412868638,0.0,1.7426273458445163,1,,量占比與後續報酬的描述性相關；非因果或預測能力，少量樣本不作判斷,描述性關係；尚未扣費用、檢查除權息或做樣本外驗證；不評分、不認定關鍵分點
5469,1021,1020,合庫-台中,sell,5,1,1,7.506702412868638,1.0,7.506702412868638,0.0,1.7426273458445163,1,,量占比與後續報酬的描述性相關；非因果或預測能力，少量樣本不作判斷,描述性關係；尚未扣費用、檢查除權息或做樣本外驗證；不評分、不認定關鍵分點
5469,1440,1440,美林,sell,5,1,1,7.506702412868638,1.0,7.506702412868638,0.0,1.7426273458445163,1,,量占比與後續報酬的描述性相關；非因果或預測能力，少量樣本不作判斷,描述性關係；尚未扣費用、檢查除權息或做樣本外驗證；不評分、不認定關鍵分點
5469,1470,1470,台灣摩根士丹利,buy,5,1,1,7.506702412868638,1.0,7.506702412868638,0.0,1.7426273458445163,1,,量占比與後續報酬的描述性相關；非因果或預測能力，少量樣本不作判斷,描述性關係；尚未扣費用、檢查除權息或做樣本外驗證；不評分、不認定關鍵分點
5469,1480,1480,美商高盛,buy,5,1,1,7.506702412868638,1.0,7.506702412868638,0.0,1.7426273458445163,1,,量占比與後續報酬的描述性相關；非因果或預測能力，少量樣本不作判斷,描述性關係；尚未扣費用、檢查除權息或做樣本外驗證；不評分、不認定關鍵分點
5469,1560,1560,港商野村,buy,5,1,1,7.506702412868638,1.0,7.506702412868638,0.0,1.7426273458445163,1,,量占比與後續報酬的描述性相關；非因果或預測能力，少量樣本不作判斷,描述性關係；尚未扣費用、檢查除權息或做樣本外驗證；不評分、不認定關鍵分點
5469,1590,1590,花旗環球,sell,5,1,1,7.506702412868638,1.0,7.506702412868638,0.0,1.7426273458445163,1,,量占比與後續報酬的描述性相關；非因果或預測能力，少量樣本不作判斷,描述性關係；尚未扣費用、檢查除權息或做樣本外驗證；不評分、不認定關鍵分點
5469,5380,5380,第一金,buy,5,1,1,7.506702412868638,1.0,7.506702412868638,0.0,1.7426273458445163,1,,量占比與後續報酬的描述性相關；非因果或預測能力，少量樣本不作判斷,描述性關係；尚未扣費用、檢查除權息或做樣本外驗證；不評分、不認定關鍵分點
5469,5858,5850,統一-嘉義,sell,5,1,1,7.506702412868638,1.0,7.506702412868638,0.0,1.7426273458445163,1,,量占比與後續報酬的描述性相關；非因果或預測能力，少量樣本不作判斷,描述性關係；尚未扣費用、檢查除權息或做樣本外驗證；不評分、不認定關鍵分點
5469,6160,6160,中國信託,buy,5,1,1,7.506702412868638,1.0,7.506702412868638,0.0,1.7426273458445163,1,,量占比與後續報酬的描述性相關；非因果或預測能力，少量樣本不作判斷,描述性關係；尚未扣費用、檢查除權息或做樣本外驗證；不評分、不認定關鍵分點
5469,8440,8440,摩根大通,buy,5,1,1,7.506702412868638,1.0,7.506702412868638,0.0,1.7426273458445163,1,,量占比與後續報酬的描述性相關；非因果或預測能力，少量樣本不作判斷,描述性關係；尚未扣費用、檢查除權息或做樣本外驗證；不評分、不認定關鍵分點
5469,8450,8450,康和,sell,5,1,1,7.506702412868638,1.0,7.506702412868638,0.0,1.7426273458445163,1,,量占比與後續報酬的描述性相關；非因果或預測能力，少量樣本不作判斷,描述性關係；尚未扣費用、檢查除權息或做樣本外驗證；不評分、不認定關鍵分點
5469,8841,8840,玉山-雙和,buy,5,1,1,7.506702412868638,1.0,7.506702412868638,0.0,1.7426273458445163,1,,量占比與後續報酬的描述性相關；非因果或預測能力，少量樣本不作判斷,描述性關係；尚未扣費用、檢查除權息或做樣本外驗證；不評分、不認定關鍵分點
5469,8888,8880,國泰-敦南,sell,5,1,1,7.506702412868638,1.0,7.506702412868638,0.0,1.7426273458445163,1,,量占比與後續報酬的描述性相關；非因果或預測能力，少量樣本不作判斷,描述性關係；尚未扣費用、檢查除權息或做樣本外驗證；不評分、不認定關鍵分點
5469,9204,9200,凱基-台中,buy,5,1,1,7.506702412868638,1.0,7.506702412868638,0.0,1.7426273458445163,1,,量占比與後續報酬的描述性相關；非因果或預測能力，少量樣本不作判斷,描述性關係；尚未扣費用、檢查除權息或做樣本外驗證；不評分、不認定關鍵分點
5469,9268,9200,凱基-台北,sell,5,1,1,7.506702412868638,1.0,7.506702412868638,0.0,1.7426273458445163,1,,量占比與後續報酬的描述性相關；非因果或預測能力，少量樣本不作判斷,描述性關係；尚未扣費用、檢查除權息或做樣本外驗證；不評分、不認定關鍵分點
5469,9300,9300,華南永昌,buy,5,1,1,7.506702412868638,1.0,7.506702412868638,0.0,1.7426273458445163,1,,量占比與後續報酬的描述性相關；非因果或預測能力，少量樣本不作判斷,描述性關係；尚未扣費用、檢查除權息或做樣本外驗證；不評分、不認定關鍵分點
5469,9319,9300,華南永昌-鶯歌,sell,5,1,1,7.506702412868638,1.0,7.506702412868638,0.0,1.7426273458445163,1,,量占比與後續報酬的描述性相關；非因果或預測能力，少量樣本不作判斷,描述性關係；尚未扣費用、檢查除權息或做樣本外驗證；不評分、不認定關鍵分點
5469,9324,9300,華南永昌-岡山,sell,5,1,1,7.506702412868638,1.0,7.506702412868638,0.0,1.7426273458445163,1,,量占比與後續報酬的描述性相關；非因果或預測能力，少量樣本不作判斷,描述性關係；尚未扣費用、檢查除權息或做樣本外驗證；不評分、不認定關鍵分點
5469,9604,9600,富邦-陽明,sell,5,1,1,7.506702412868638,1.0,7.506702412868638,0.0,1.7426273458445163,1,,量占比與後續報酬的描述性相關；非因果或預測能力，少量樣本不作判斷,描述性關係；尚未扣費用、檢查除權息或做樣本外驗證；不評分、不認定關鍵分點
5469,9636,9600,富邦-中壢,sell,5,1,1,7.506702412868638,1.0,7.506702412868638,0.0,1.7426273458445163,1,,量占比與後續報酬的描述性相關；非因果或預測能力，少量樣本不作判斷,描述性關係；尚未扣費用、檢查除權息或做樣本外驗證；不評分、不認定關鍵分點
5469,9665,9600,富邦-桃園,buy,5,1,1,7.506702412868638,1.0,7.506702412868638,0.0,1.7426273458445163,1,,量占比與後續報酬的描述性相關；非因果或預測能力，少量樣本不作判斷,描述性關係；尚未扣費用、檢查除權息或做樣本外驗證；不評分、不認定關鍵分點
5469,9813,9800,元大-中崙,buy,5,1,1,7.506702412868638,1.0,7.506702412868638,0.0,1.7426273458445163,1,,量占比與後續報酬的描述性相關；非因果或預測能力，少量樣本不作判斷,描述性關係；尚未扣費用、檢查除權息或做樣本外驗證；不評分、不認定關鍵分點
5469,9875,9800,元大-土城永寧,buy,5,1,1,7.506702412868638,1.0,7.506702412868638,0.0,1.7426273458445163,1,,量占比與後續報酬的描述性相關；非因果或預測能力，少量樣本不作判斷,描述性關係；尚未扣費用、檢查除權息或做樣本外驗證；不評分、不認定關鍵分點
5536,0035003300380041,5380,第一金-新興,sell,5,1,1,7.403545359749741,1.0,7.403545359749741,0.0,-0.5213764337851923,1,,量占比與後續報酬的描述性相關；非因果或預測能力，少量樣本不作判斷,描述性關係；尚未扣費用、檢查除權息或做樣本外驗證；不評分、不認定關鍵分點
5536,003500330038006a,5380,第一金-安和,sell,5,1,1,7.403545359749741,1.0,7.403545359749741,0.0,-0.5213764337851923,1,,量占比與後續報酬的描述性相關；非因果或預測能力，少量樣本不作判斷,描述性關係；尚未扣費用、檢查除權息或做樣本外驗證；不評分、不認定關鍵分點
5536,0037003000300049,7000,兆豐-北高雄,sell,5,1,1,7.403545359749741,1.0,7.403545359749741,0.0,-0.5213764337851923,1,,量占比與後續報酬的描述性相關；非因果或預測能力，少量樣本不作判斷,描述性關係；尚未扣費用、檢查除權息或做樣本外驗證；不評分、不認定關鍵分點
5536,0037003000300050,7000,兆豐-南京,buy,5,1,1,7.403545359749741,1.0,7.403545359749741,0.0,-0.5213764337851923,1,,量占比與後續報酬的描述性相關；非因果或預測能力，少量樣本不作判斷,描述性關係；尚未扣費用、檢查除權息或做樣本外驗證；不評分、不認定關鍵分點
5536,003700370039005a,7790,國票-安和,buy,5,1,1,7.403545359749741,1.0,7.403545359749741,0.0,-0.5213764337851923,1,,量占比與後續報酬的描述性相關；非因果或預測能力，少量樣本不作判斷,描述性關係；尚未扣費用、檢查除權息或做樣本外驗證；不評分、不認定關鍵分點
5536,0037003700390063,7790,國票-敦北法人,buy,5,1,1,7.403545359749741,1.0,7.403545359749741,0.0,-0.5213764337851923,1,,量占比與後續報酬的描述性相關；非因果或預測能力，少量樣本不作判斷,描述性關係；尚未扣費用、檢查除權息或做樣本外驗證；不評分、不認定關鍵分點
5536,003800380034004a,8840,玉山-大里,sell,5,1,1,7.403545359749741,1.0,7.403545359749741,0.0,-0.5213764337851923,1,,量占比與後續報酬的描述性相關；非因果或預測能力，少量樣本不作判斷,描述性關係；尚未扣費用、檢查除權息或做樣本外驗證；不評分、不認定關鍵分點
5536,0039003200300044,9200,凱基-市府,sell,5,1,1,7.403545359749741,1.0,7.403545359749741,0.0,-0.5213764337851923,1,,量占比與後續報酬的描述性相關；非因果或預測能力，少量樣本不作判斷,描述性關係；尚未扣費用、檢查除權息或做樣本外驗證；不評分、不認定關鍵分點
5536,0039003200300047,9200,凱基-彰化,sell,5,1,1,7.403545359749741,1.0,7.403545359749741,0.0,-0.5213764337851923,1,,量占比與後續報酬的描述性相關；非因果或預測能力，少量樣本不作判斷,描述性關係；尚未扣費用、檢查除權息或做樣本外驗證；不評分、不認定關鍵分點
5536,003900380031007a,9800,元大-大統,buy,5,1,1,7.403545359749741,1.0,7.403545359749741,0.0,-0.5213764337851923,1,,量占比與後續報酬的描述性相關；非因果或預測能力，少量樣本不作判斷,描述性關係；尚未扣費用、檢查除權息或做樣本外驗證；不評分、不認定關鍵分點
5536,0039004100390039,9A00,永豐金-中壢,buy,5,1,1,7.403545359749741,1.0,7.403545359749741,0.0,-0.5213764337851923,1,,量占比與後續報酬的描述性相關；非因果或預測能力，少量樣本不作判斷,描述性關係；尚未扣費用、檢查除權息或做樣本外驗證；不評分、不認定關鍵分點
5536,003900410039006a,9A00,永豐金-嘉義,buy,5,1,1,7.403545359749741,1.0,7.403545359749741,0.0,-0.5213764337851923,1,,量占比與後續報酬的描述性相關；非因果或預測能力，少量樣本不作判斷,描述性關係；尚未扣費用、檢查除權息或做樣本外驗證；不評分、不認定關鍵分點
5536,1040,1040,臺銀,buy,5,1,1,7.403545359749741,1.0,7.403545359749741,0.0,-0.5213764337851923,1,,量占比與後續報酬的描述性相關；非因果或預測能力，少量樣本不作判斷,描述性關係；尚未扣費用、檢查除權息或做樣本外驗證；不評分、不認定關鍵分點
5536,1470,1470,台灣摩根士丹利,sell,5,1,1,7.403545359749741,1.0,7.403545359749741,0.0,-0.5213764337851923,1,,量占比與後續報酬的描述性相關；非因果或預測能力，少量樣本不作判斷,描述性關係；尚未扣費用、檢查除權息或做樣本外驗證；不評分、不認定關鍵分點
5536,1480,1480,美商高盛,sell,5,1,1,7.403545359749741,1.0,7.403545359749741,0.0,-0.5213764337851923,1,,量占比與後續報酬的描述性相關；非因果或預測能力，少量樣本不作判斷,描述性關係；尚未扣費用、檢查除權息或做樣本外驗證；不評分、不認定關鍵分點
5536,1560,1560,港商野村,sell,5,1,1,7.403545359749741,1.0,7.403545359749741,0.0,-0.5213764337851923,1,,量占比與後續報酬的描述性相關；非因果或預測能力，少量樣本不作判斷,描述性關係；尚未扣費用、檢查除權息或做樣本外驗證；不評分、不認定關鍵分點
5536,1650,1650,新加坡商瑞銀,sell,5,1,1,7.403545359749741,1.0,7.403545359749741,0.0,-0.5213764337851923,1,,量占比與後續報酬的描述性相關；非因果或預測能力，少量樣本不作判斷,描述性關係；尚未扣費用、檢查除權息或做樣本外驗證；不評分、不認定關鍵分點
5536,5857,5850,統一-新竹,sell,5,1,1,7.403545359749741,1.0,7.403545359749741,0.0,-0.5213764337851923,1,,量占比與後續報酬的描述性相關；非因果或預測能力，少量樣本不作判斷,描述性關係；尚未扣費用、檢查除權息或做樣本外驗證；不評分、不認定關鍵分點
5536,7006,7000,兆豐-台南,buy,5,1,1,7.403545359749741,1.0,7.403545359749741,0.0,-0.5213764337851923,1,,量占比與後續報酬的描述性相關；非因果或預測能力，少量樣本不作判斷,描述性關係；尚未扣費用、檢查除權息或做樣本外驗證；不評分、不認定關鍵分點
5536,8440,8440,摩根大通,sell,5,1,1,7.403545359749741,1.0,7.403545359749741,0.0,-0.5213764337851923,1,,量占比與後續報酬的描述性相關；非因果或預測能力，少量樣本不作判斷,描述性關係；尚未扣費用、檢查除權息或做樣本外驗證；不評分、不認定關鍵分點
5536,8450,8450,康和,buy,5,1,1,7.403545359749741,1.0,7.403545359749741,0.0,-0.5213764337851923,1,,量占比與後續報酬的描述性相關；非因果或預測能力，少量樣本不作判斷,描述性關係；尚未扣費用、檢查除權息或做樣本外驗證；不評分、不認定關鍵分點
5536,8560,8560,新光,sell,5,1,1,7.403545359749741,1.0,7.403545359749741,0.0,-0.5213764337851923,1,,量占比與後續報酬的描述性相關；非因果或預測能力，少量樣本不作判斷,描述性關係；尚未扣費用、檢查除權息或做樣本外驗證；不評分、不認定關鍵分點
5536,8563,8560,新光-新竹,buy,5,1,1,7.403545359749741,1.0,7.403545359749741,0.0,-0.5213764337851923,1,,量占比與後續報酬的描述性相關；非因果或預測能力，少量樣本不作判斷,描述性關係；尚未扣費用、檢查除權息或做樣本外驗證；不評分、不認定關鍵分點
5536,8880,8880,國泰證券,buy,5,1,1,7.403545359749741,1.0,7.403545359749741,0.0,-0.5213764337851923,1,,量占比與後續報酬的描述性相關；非因果或預測能力，少量樣本不作判斷,描述性關係；尚未扣費用、檢查除權息或做樣本外驗證；不評分、不認定關鍵分點
5536,8888,8880,國泰-敦南,buy,5,1,1,7.403545359749741,1.0,7.403545359749741,0.0,-0.5213764337851923,1,,量占比與後續報酬的描述性相關；非因果或預測能力，少量樣本不作判斷,描述性關係；尚未扣費用、檢查除權息或做樣本外驗證；不評分、不認定關鍵分點
5536,8890,8890,大和國泰,sell,5,1,1,7.403545359749741,1.0,7.403545359749741,0.0,-0.5213764337851923,1,,量占比與後續報酬的描述性相關；非因果或預測能力，少量樣本不作判斷,描述性關係；尚未扣費用、檢查除權息或做樣本外驗證；不評分、不認定關鍵分點
5536,9100,9100,群益金鼎,buy,5,1,1,7.403545359749741,1.0,7.403545359749741,0.0,-0.5213764337851923,1,,量占比與後續報酬的描述性相關；非因果或預測能力，少量樣本不作判斷,描述性關係；尚未扣費用、檢查除權息或做樣本外驗證；不評分、不認定關鍵分點
5536,9131,9100,群益金鼎-民權,sell,5,1,1,7.403545359749741,1.0,7.403545359749741,0.0,-0.5213764337851923,1,,量占比與後續報酬的描述性相關；非因果或預測能力，少量樣本不作判斷,描述性關係；尚未扣費用、檢查除權息或做樣本外驗證；不評分、不認定關鍵分點
5536,9200,9200,凱基,buy,5,1,1,7.403545359749741,1.0,7.403545359749741,0.0,-0.5213764337851923,1,,量占比與後續報酬的描述性相關；非因果或預測能力，少量樣本不作判斷,描述性關係；尚未扣費用、檢查除權息或做樣本外驗證；不評分、不認定關鍵分點
5536,9623,9600,富邦-台北,buy,5,1,1,7.403545359749741,1.0,7.403545359749741,0.0,-0.5213764337851923,1,,量占比與後續報酬的描述性相關；非因果或預測能力，少量樣本不作判斷,描述性關係；尚未扣費用、檢查除權息或做樣本外驗證；不評分、不認定關鍵分點
6117,0035003800350046,5850,統一-彰化,buy,5,1,1,6.42054574638844,1.0,6.42054574638844,0.0,-0.16051364365969878,1,,量占比與後續報酬的描述性相關；非因果或預測能力，少量樣本不作判斷,描述性關係；尚未扣費用、檢查除權息或做樣本外驗證；不評分、不認定關鍵分點
6117,0037003700390044,7790,國票-台南,sell,5,1,1,6.42054574638844,1.0,6.42054574638844,0.0,-0.16051364365969878,1,,量占比與後續報酬的描述性相關；非因果或預測能力，少量樣本不作判斷,描述性關係；尚未扣費用、檢查除權息或做樣本外驗證；不評分、不認定關鍵分點
6117,0038003400350046,8450,康和-仁愛,sell,5,1,1,6.42054574638844,1.0,6.42054574638844,0.0,-0.16051364365969878,1,,量占比與後續報酬的描述性相關；非因果或預測能力，少量樣本不作判斷,描述性關係；尚未扣費用、檢查除權息或做樣本外驗證；不評分、不認定關鍵分點
6117,0038003800380041,8880,國泰-館前,sell,5,1,1,6.42054574638844,1.0,6.42054574638844,0.0,-0.16051364365969878,1,,量占比與後續報酬的描述性相關；非因果或預測能力，少量樣本不作判斷,描述性關係；尚未扣費用、檢查除權息或做樣本外驗證；不評分、不認定關鍵分點
6117,0039003100330055,9100,群益金鼎-崇德,buy,5,1,1,6.42054574638844,1.0,6.42054574638844,0.0,-0.16051364365969878,1,,量占比與後續報酬的描述性相關；非因果或預測能力，少量樣本不作判斷,描述性關係；尚未扣費用、檢查除權息或做樣本外驗證；不評分、不認定關鍵分點
6117,0039003100330067,9100,群益金鼎-三重,sell,5,1,1,6.42054574638844,1.0,6.42054574638844,0.0,-0.16051364365969878,1,,量占比與後續報酬的描述性相關；非因果或預測能力，少量樣本不作判斷,描述性關係；尚未扣費用、檢查除權息或做樣本外驗證；不評分、不認定關鍵分點
6117,0039003100380065,9100,群益金鼎-大安,buy,5,1,1,6.42054574638844,1.0,6.42054574638844,0.0,-0.16051364365969878,1,,量占比與後續報酬的描述性相關；非因果或預測能力，少量樣本不作判斷,描述性關係；尚未扣費用、檢查除權息或做樣本外驗證；不評分、不認定關鍵分點
6117,0039003800300068,9800,元大-台北,sell,5,1,1,6.42054574638844,1.0,6.42054574638844,0.0,-0.16051364365969878,1,,量占比與後續報酬的描述性相關；非因果或預測能力，少量樣本不作判斷,描述性關係；尚未扣費用、檢查除權息或做樣本外驗證；不評分、不認定關鍵分點
6117,0039003800310051,9800,元大-太平,buy,5,1,1,6.42054574638844,1.0,6.42054574638844,0.0,-0.16051364365969878,1,,量占比與後續報酬的描述性相關；非因果或預測能力，少量樣本不作判斷,描述性關係；尚未扣費用、檢查除權息或做樣本外驗證；不評分、不認定關鍵分點
6117,0039003800310072,9800,元大-屏南,buy,5,1,1,6.42054574638844,1.0,6.42054574638844,0.0,-0.16051364365969878,1,,量占比與後續報酬的描述性相關；非因果或預測能力，少量樣本不作判斷,描述性關係；尚未扣費用、檢查除權息或做樣本外驗證；不評分、不認定關鍵分點
6117,0039003800310079,9800,元大-善化,buy,5,1,1,6.42054574638844,1.0,6.42054574638844,0.0,-0.16051364365969878,1,,量占比與後續報酬的描述性相關；非因果或預測能力，少量樣本不作判斷,描述性關係；尚未扣費用、檢查除權息或做樣本外驗證；不評分、不認定關鍵分點
6117,0039004100390048,9A00,永豐金-新莊,buy,5,1,1,6.42054574638844,1.0,6.42054574638844,0.0,-0.16051364365969878,1,,量占比與後續報酬的描述性相關；非因果或預測能力，少量樣本不作判斷,描述性關係；尚未扣費用、檢查除權息或做樣本外驗證；不評分、不認定關鍵分點
6117,0039004200300030,9B00,台新,sell,5,1,1,6.42054574638844,1.0,6.42054574638844,0.0,-0.16051364365969878,1,,量占比與後續報酬的描述性相關；非因果或預測能力，少量樣本不作判斷,描述性關係；尚未扣費用、檢查除權息或做樣本外驗證；不評分、不認定關鍵分點
6117,1035,1030,土銀-新竹,buy,5,1,1,6.42054574638844,1.0,6.42054574638844,0.0,-0.16051364365969878,1,,量占比與後續報酬的描述性相關；非因果或預測能力，少量樣本不作判斷,描述性關係；尚未扣費用、檢查除權息或做樣本外驗證；不評分、不認定關鍵分點
6117,1042,1040,臺銀-臺南,sell,5,1,1,6.42054574638844,1.0,6.42054574638844,0.0,-0.16051364365969878,1,,量占比與後續報酬的描述性相關；非因果或預測能力，少量樣本不作判斷,描述性關係；尚未扣費用、檢查除權息或做樣本外驗證；不評分、不認定關鍵分點
6117,1440,1440,美林,buy,5,1,1,6.42054574638844,1.0,6.42054574638844,0.0,-0.16051364365969878,1,,量占比與後續報酬的描述性相關；非因果或預測能力，少量樣本不作判斷,描述性關係；尚未扣費用、檢查除權息或做樣本外驗證；不評分、不認定關鍵分點
6117,1650,1650,新加坡商瑞銀,sell,5,1,1,6.42054574638844,1.0,6.42054574638844,0.0,-0.16051364365969878,1,,量占比與後續報酬的描述性相關；非因果或預測能力，少量樣本不作判斷,描述性關係；尚未扣費用、檢查除權息或做樣本外驗證；不評分、不認定關鍵分點
6117,2186,2180,亞東-高雄,buy,5,1,1,6.42054574638844,1.0,6.42054574638844,0.0,-0.16051364365969878,1,,量占比與後續報酬的描述性相關；非因果或預測能力，少量樣本不作判斷,描述性關係；尚未扣費用、檢查除權息或做樣本外驗證；不評分、不認定關鍵分點
6117,6163,6160,中國信託-永康,sell,5,1,1,6.42054574638844,1.0,6.42054574638844,0.0,-0.16051364365969878,1,,量占比與後續報酬的描述性相關；非因果或預測能力，少量樣本不作判斷,描述性關係；尚未扣費用、檢查除權息或做樣本外驗證；不評分、不認定關鍵分點
6117,6465,6460,大昌-桃園,sell,5,1,1,6.42054574638844,1.0,6.42054574638844,0.0,-0.16051364365969878,1,,量占比與後續報酬的描述性相關；非因果或預測能力，少量樣本不作判斷,描述性關係；尚未扣費用、檢查除權息或做樣本外驗證；不評分、不認定關鍵分點
6117,8560,8560,新光,sell,5,1,1,6.42054574638844,1.0,6.42054574638844,0.0,-0.16051364365969878,1,,量占比與後續報酬的描述性相關；非因果或預測能力，少量樣本不作判斷,描述性關係；尚未扣費用、檢查除權息或做樣本外驗證；不評分、不認定關鍵分點
6117,8565,8560,新光-桃園,buy,5,1,1,6.42054574638844,1.0,6.42054574638844,0.0,-0.16051364365969878,1,,量占比與後續報酬的描述性相關；非因果或預測能力，少量樣本不作判斷,描述性關係；尚未扣費用、檢查除權息或做樣本外驗證；不評分、不認定關鍵分點
6117,8848,8840,玉山-嘉義,buy,5,1,1,6.42054574638844,1.0,6.42054574638844,0.0,-0.16051364365969878,1,,量占比與後續報酬的描述性相關；非因果或預測能力，少量樣本不作判斷,描述性關係；尚未扣費用、檢查除權息或做樣本外驗證；不評分、不認定關鍵分點
6117,9108,9100,群益金鼎-海山,buy,5,1,1,6.42054574638844,1.0,6.42054574638844,0.0,-0.16051364365969878,1,,量占比與後續報酬的描述性相關；非因果或預測能力，少量樣本不作判斷,描述性關係；尚未扣費用、檢查除權息或做樣本外驗證；不評分、不認定關鍵分點
6117,9131,9100,群益金鼎-民權,sell,5,1,1,6.42054574638844,1.0,6.42054574638844,0.0,-0.16051364365969878,1,,量占比與後續報酬的描述性相關；非因果或預測能力，少量樣本不作判斷,描述性關係；尚未扣費用、檢查除權息或做樣本外驗證；不評分、不認定關鍵分點
6117,9134,9100,群益金鼎-開元,buy,5,1,1,6.42054574638844,1.0,6.42054574638844,0.0,-0.16051364365969878,1,,量占比與後續報酬的描述性相關；非因果或預測能力，少量樣本不作判斷,描述性關係；尚未扣費用、檢查除權息或做樣本外驗證；不評分、不認定關鍵分點
6117,9187,9100,群益金鼎-彰化,sell,5,1,1,6.42054574638844,1.0,6.42054574638844,0.0,-0.16051364365969878,1,,量占比與後續報酬的描述性相關；非因果或預測能力，少量樣本不作判斷,描述性關係；尚未扣費用、檢查除權息或做樣本外驗證；不評分、不認定關鍵分點
6117,9268,9200,凱基-台北,buy,5,1,1,6.42054574638844,1.0,6.42054574638844,0.0,-0.16051364365969878,1,,量占比與後續報酬的描述性相關；非因果或預測能力，少量樣本不作判斷,描述性關係；尚未扣費用、檢查除權息或做樣本外驗證；不評分、不認定關鍵分點
6117,9623,9600,富邦-台北,sell,5,1,1,6.42054574638844,1.0,6.42054574638844,0.0,-0.16051364365969878,1,,量占比與後續報酬的描述性相關；非因果或預測能力，少量樣本不作判斷,描述性關係；尚未扣費用、檢查除權息或做樣本外驗證；不評分、不認定關鍵分點
6117,9829,9800,元大-永康,sell,5,1,1,6.42054574638844,1.0,6.42054574638844,0.0,-0.16051364365969878,1,,量占比與後續報酬的描述性相關；非因果或預測能力，少量樣本不作判斷,描述性關係；尚未扣費用、檢查除權息或做樣本外驗證；不評分、不認定關鍵分點
6125,0035003800350044,5850,統一-新台中,sell,5,1,1,2.7081243731193583,1.0,2.7081243731193583,0.0,-0.10030090270812808,1,,量占比與後續報酬的描述性相關；非因果或預測能力，少量樣本不作判斷,描述性關係；尚未扣費用、檢查除權息或做樣本外驗證；不評分、不認定關鍵分點
6125,0035003800350062,5850,統一-內湖,buy,5,1,1,2.7081243731193583,1.0,2.7081243731193583,0.0,-0.10030090270812808,1,,量占比與後續報酬的描述性相關；非因果或預測能力，少量樣本不作判斷,描述性關係；尚未扣費用、檢查除權息或做樣本外驗證；不評分、不認定關鍵分點
6125,0037003000300044,7000,兆豐-西螺,sell,5,1,1,2.7081243731193583,1.0,2.7081243731193583,0.0,-0.10030090270812808,1,,量占比與後續報酬的描述性相關；非因果或預測能力，少量樣本不作判斷,描述性關係；尚未扣費用、檢查除權息或做樣本外驗證；不評分、不認定關鍵分點
6125,0037003000300063,7000,兆豐-民生,buy,5,1,1,2.7081243731193583,1.0,2.7081243731193583,0.0,-0.10030090270812808,1,,量占比與後續報酬的描述性相關；非因果或預測能力，少量樣本不作判斷,描述性關係；尚未扣費用、檢查除權息或做樣本外驗證；不評分、不認定關鍵分點
6125,0037003700390063,7790,國票-敦北法人,sell,5,1,1,2.7081243731193583,1.0,2.7081243731193583,0.0,-0.10030090270812808,1,,量占比與後續報酬的描述性相關；非因果或預測能力，少量樣本不作判斷,描述性關係；尚未扣費用、檢查除權息或做樣本外驗證；不評分、不認定關鍵分點
6125,0037003700390075,7790,國票-長城,buy,5,1,1,2.7081243731193583,1.0,2.7081243731193583,0.0,-0.10030090270812808,1,,量占比與後續報酬的描述性相關；非因果或預測能力，少量樣本不作判斷,描述性關係；尚未扣費用、檢查除權息或做樣本外驗證；不評分、不認定關鍵分點
6125,0039003100380064,9100,群益金鼎-內湖,buy,5,1,1,2.7081243731193583,1.0,2.7081243731193583,0.0,-0.10030090270812808,1,,量占比與後續報酬的描述性相關；非因果或預測能力，少量樣本不作判斷,描述性關係；尚未扣費用、檢查除權息或做樣本外驗證；不評分、不認定關鍵分點
6125,003900360031004b,9600,富邦-七賢,sell,5,1,1,2.7081243731193583,1.0,2.7081243731193583,0.0,-0.10030090270812808,1,,量占比與後續報酬的描述性相關；非因果或預測能力，少量樣本不作判斷,描述性關係；尚未扣費用、檢查除權息或做樣本外驗證；不評分、不認定關鍵分點
6125,003900380034004b,9800,元大-館前,buy,5,1,1,2.7081243731193583,1.0,2.7081243731193583,0.0,-0.10030090270812808,1,,量占比與後續報酬的描述性相關；非因果或預測能力，少量樣本不作判斷,描述性關係；尚未扣費用、檢查除權息或做樣本外驗證；不評分、不認定關鍵分點
6125,0039003800390045,9800,元大-草屯,sell,5,1,1,2.7081243731193583,1.0,2.7081243731193583,0.0,-0.10030090270812808,1,,量占比與後續報酬的描述性相關；非因果或預測能力，少量樣本不作判斷,描述性關係；尚未扣費用、檢查除權息或做樣本外驗證；不評分、不認定關鍵分點
6125,0039003800390046,9800,元大-三民,buy,5,1,1,2.7081243731193583,1.0,2.7081243731193583,0.0,-0.10030090270812808,1,,量占比與後續報酬的描述性相關；非因果或預測能力，少量樣本不作判斷,描述性關係；尚未扣費用、檢查除權息或做樣本外驗證；不評分、不認定關鍵分點
6125,0039003800390049,9800,元大-長榮,buy,5,1,1,2.7081243731193583,1.0,2.7081243731193583,0.0,-0.10030090270812808,1,,量占比與後續報酬的描述性相關；非因果或預測能力，少量樣本不作判斷,描述性關係；尚未扣費用、檢查除權息或做樣本外驗證；不評分、不認定關鍵分點
6125,0039004100300030,9A00,永豐金證券,sell,5,1,1,2.7081243731193583,1.0,2.7081243731193583,0.0,-0.10030090270812808,1,,量占比與後續報酬的描述性相關；非因果或預測能力，少量樣本不作判斷,描述性關係；尚未扣費用、檢查除權息或做樣本外驗證；不評分、不認定關鍵分點
6125,0039004100360039,9A00,永豐金-屏東,buy,5,1,1,2.7081243731193583,1.0,2.7081243731193583,0.0,-0.10030090270812808,1,,量占比與後續報酬的描述性相關；非因果或預測能力，少量樣本不作判斷,描述性關係；尚未扣費用、檢查除權息或做樣本外驗證；不評分、不認定關鍵分點
6125,0039004100390031,9A00,永豐金-松山,buy,5,1,1,2.7081243731193583,1.0,2.7081243731193583,0.0,-0.10030090270812808,1,,量占比與後續報酬的描述性相關；非因果或預測能力，少量樣本不作判斷,描述性關係；尚未扣費用、檢查除權息或做樣本外驗證；不評分、不認定關鍵分點
6125,003900410039004c,9A00,永豐金-台中,buy,5,1,1,2.7081243731193583,1.0,2.7081243731193583,0.0,-0.10030090270812808,1,,量占比與後續報酬的描述性相關；非因果或預測能力，少量樣本不作判斷,描述性關係；尚未扣費用、檢查除權息或做樣本外驗證；不評分、不認定關鍵分點
6125,0039004200300030,9B00,台新,sell,5,1,1,2.7081243731193583,1.0,2.7081243731193583,0.0,-0.10030090270812808,1,,量占比與後續報酬的描述性相關；非因果或預測能力，少量樣本不作判斷,描述性關係；尚未扣費用、檢查除權息或做樣本外驗證；不評分、不認定關鍵分點
6125,1040,1040,臺銀,sell,5,1,1,2.7081243731193583,1.0,2.7081243731193583,0.0,-0.10030090270812808,1,,量占比與後續報酬的描述性相關；非因果或預測能力，少量樣本不作判斷,描述性關係；尚未扣費用、檢查除權息或做樣本外驗證；不評分、不認定關鍵分點
6125,1440,1440,美林,sell,5,1,1,2.7081243731193583,1.0,2.7081243731193583,0.0,-0.10030090270812808,1,,量占比與後續報酬的描述性相關；非因果或預測能力，少量樣本不作判斷,描述性關係；尚未扣費用、檢查除權息或做樣本外驗證；不評分、不認定關鍵分點
6125,1480,1480,美商高盛,buy,5,1,1,2.7081243731193583,1.0,2.7081243731193583,0.0,-0.10030090270812808,1,,量占比與後續報酬的描述性相關；非因果或預測能力，少量樣本不作判斷,描述性關係；尚未扣費用、檢查除權息或做樣本外驗證；不評分、不認定關鍵分點
6125,1560,1560,港商野村,sell,5,1,1,2.7081243731193583,1.0,2.7081243731193583,0.0,-0.10030090270812808,1,,量占比與後續報酬的描述性相關；非因果或預測能力，少量樣本不作判斷,描述性關係；尚未扣費用、檢查除權息或做樣本外驗證；不評分、不認定關鍵分點
6125,1650,1650,新加坡商瑞銀,buy,5,1,1,2.7081243731193583,1.0,2.7081243731193583,0.0,-0.10030090270812808,1,,量占比與後續報酬的描述性相關；非因果或預測能力，少量樣本不作判斷,描述性關係；尚未扣費用、檢查除權息或做樣本外驗證；不評分、不認定關鍵分點
6125,5856,5850,統一-台中,buy,5,1,1,2.7081243731193583,1.0,2.7081243731193583,0.0,-0.10030090270812808,1,,量占比與後續報酬的描述性相關；非因果或預測能力，少量樣本不作判斷,描述性關係；尚未扣費用、檢查除權息或做樣本外驗證；不評分、不認定關鍵分點
6125,9185,9100,群益金鼎-台南,sell,5,1,1,2.7081243731193583,1.0,2.7081243731193583,0.0,-0.10030090270812808,1,,量占比與後續報酬的描述性相關；非因果或預測能力，少量樣本不作判斷,描述性關係；尚未扣費用、檢查除權息或做樣本外驗證；不評分、不認定關鍵分點
6125,9233,9200,凱基-長庚,sell,5,1,1,2.7081243731193583,1.0,2.7081243731193583,0.0,-0.10030090270812808,1,,量占比與後續報酬的描述性相關；非因果或預測能力，少量樣本不作判斷,描述性關係；尚未扣費用、檢查除權息或做樣本外驗證；不評分、不認定關鍵分點
6125,9268,9200,凱基-台北,sell,5,1,1,2.7081243731193583,1.0,2.7081243731193583,0.0,-0.10030090270812808,1,,量占比與後續報酬的描述性相關；非因果或預測能力，少量樣本不作判斷,描述性關係；尚未扣費用、檢查除權息或做樣本外驗證；不評分、不認定關鍵分點
6125,9332,9300,華南永昌-楠梓,sell,5,1,1,2.7081243731193583,1.0,2.7081243731193583,0.0,-0.10030090270812808,1,,量占比與後續報酬的描述性相關；非因果或預測能力，少量樣本不作判斷,描述性關係；尚未扣費用、檢查除權息或做樣本外驗證；不評分、不認定關鍵分點
6125,9676,9600,富邦-仁愛,sell,5,1,1,2.7081243731193583,1.0,2.7081243731193583,0.0,-0.10030090270812808,1,,量占比與後續報酬的描述性相關；非因果或預測能力，少量樣本不作判斷,描述性關係；尚未扣費用、檢查除權息或做樣本外驗證；不評分、不認定關鍵分點
6125,9856,9800,元大-花蓮,buy,5,1,1,2.7081243731193583,1.0,2.7081243731193583,0.0,-0.10030090270812808,1,,量占比與後續報酬的描述性相關；非因果或預測能力，少量樣本不作判斷,描述性關係；尚未扣費用、檢查除權息或做樣本外驗證；不評分、不認定關鍵分點
6125,9894,9800,元大-桃興,buy,5,1,1,2.7081243731193583,1.0,2.7081243731193583,0.0,-0.10030090270812808,1,,量占比與後續報酬的描述性相關；非因果或預測能力，少量樣本不作判斷,描述性關係；尚未扣費用、檢查除權息或做樣本外驗證；不評分、不認定關鍵分點
6139,0035003300380059,5380,第一金-中壢,buy,5,1,1,2.5032938076416267,1.0,2.5032938076416267,0.0,2.1080368906455815,1,,量占比與後續報酬的描述性相關；非因果或預測能力，少量樣本不作判斷,描述性關係；尚未扣費用、檢查除權息或做樣本外驗證；不評分、不認定關鍵分點
6139,0037003700390063,7790,國票-敦北法人,sell,5,1,1,2.5032938076416267,1.0,2.5032938076416267,0.0,2.1080368906455815,1,,量占比與後續報酬的描述性相關；非因果或預測能力，少量樣本不作判斷,描述性關係；尚未扣費用、檢查除權息或做樣本外驗證；不評分、不認定關鍵分點
6139,0039003100380058,9100,群益金鼎-台北,sell,5,1,1,2.5032938076416267,1.0,2.5032938076416267,0.0,2.1080368906455815,1,,量占比與後續報酬的描述性相關；非因果或預測能力，少量樣本不作判斷,描述性關係；尚未扣費用、檢查除權息或做樣本外驗證；不評分、不認定關鍵分點
6139,0039003100380065,9100,群益金鼎-大安,sell,5,1,1,2.5032938076416267,1.0,2.5032938076416267,0.0,2.1080368906455815,1,,量占比與後續報酬的描述性相關；非因果或預測能力，少量樣本不作判斷,描述性關係；尚未扣費用、檢查除權息或做樣本外驗證；不評分、不認定關鍵分點
6139,003900380031006d,9800,元大-高雄,buy,5,1,1,2.5032938076416267,1.0,2.5032938076416267,0.0,2.1080368906455815,1,,量占比與後續報酬的描述性相關；非因果或預測能力，少量樣本不作判斷,描述性關係；尚未扣費用、檢查除權息或做樣本外驗證；不評分、不認定關鍵分點
6139,0039003800390045,9800,元大-草屯,buy,5,1,1,2.5032938076416267,1.0,2.5032938076416267,0.0,2.1080368906455815,1,,量占比與後續報酬的描述性相關；非因果或預測能力，少量樣本不作判斷,描述性關係；尚未扣費用、檢查除權息或做樣本外驗證；不評分、不認定關鍵分點
6139,0039004100380031,9A00,永豐金-匯立,sell,5,1,1,2.5032938076416267,1.0,2.5032938076416267,0.0,2.1080368906455815,1,,量占比與後續報酬的描述性相關；非因果或預測能力，少量樣本不作判斷,描述性關係；尚未扣費用、檢查除權息或做樣本外驗證；不評分、不認定關鍵分點
6139,0039004100390057,9A00,永豐金-市政,sell,5,1,1,2.5032938076416267,1.0,2.5032938076416267,0.0,2.1080368906455815,1,,量占比與後續報酬的描述性相關；非因果或預測能力，少量樣本不作判斷,描述性關係；尚未扣費用、檢查除權息或做樣本外驗證；不評分、不認定關鍵分點
6139,0039004200320072,9B00,台新-城東,buy,5,1,1,2.5032938076416267,1.0,2.5032938076416267,0.0,2.1080368906455815,1,,量占比與後續報酬的描述性相關；非因果或預測能力，少量樣本不作判斷,描述性關係；尚未扣費用、檢查除權息或做樣本外驗證；不評分、不認定關鍵分點
6139,1023,1020,合庫-高雄,sell,5,1,1,2.5032938076416267,1.0,2.5032938076416267,0.0,2.1080368906455815,1,,量占比與後續報酬的描述性相關；非因果或預測能力，少量樣本不作判斷,描述性關係；尚未扣費用、檢查除權息或做樣本外驗證；不評分、不認定關鍵分點
6139,1440,1440,美林,sell,5,1,1,2.5032938076416267,1.0,2.5032938076416267,0.0,2.1080368906455815,1,,量占比與後續報酬的描述性相關；非因果或預測能力，少量樣本不作判斷,描述性關係；尚未扣費用、檢查除權息或做樣本外驗證；不評分、不認定關鍵分點
6139,1470,1470,台灣摩根士丹利,buy,5,1,1,2.5032938076416267,1.0,2.5032938076416267,0.0,2.1080368906455815,1,,量占比與後續報酬的描述性相關；非因果或預測能力，少量樣本不作判斷,描述性關係；尚未扣費用、檢查除權息或做樣本外驗證；不評分、不認定關鍵分點
6139,1480,1480,美商高盛,sell,5,1,1,2.5032938076416267,1.0,2.5032938076416267,0.0,2.1080368906455815,1,,量占比與後續報酬的描述性相關；非因果或預測能力，少量樣本不作判斷,描述性關係；尚未扣費用、檢查除權息或做樣本外驗證；不評分、不認定關鍵分點
6139,1560,1560,港商野村,sell,5,1,1,2.5032938076416267,1.0,2.5032938076416267,0.0,2.1080368906455815,1,,量占比與後續報酬的描述性相關；非因果或預測能力，少量樣本不作判斷,描述性關係；尚未扣費用、檢查除權息或做樣本外驗證；不評分、不認定關鍵分點
6139,1590,1590,花旗環球,sell,5,1,1,2.5032938076416267,1.0,2.5032938076416267,0.0,2.1080368906455815,1,,量占比與後續報酬的描述性相關；非因果或預測能力，少量樣本不作判斷,描述性關係；尚未扣費用、檢查除權息或做樣本外驗證；不評分、不認定關鍵分點
6139,1650,1650,新加坡商瑞銀,sell,5,1,1,2.5032938076416267,1.0,2.5032938076416267,0.0,2.1080368906455815,1,,量占比與後續報酬的描述性相關；非因果或預測能力，少量樣本不作判斷,描述性關係；尚未扣費用、檢查除權息或做樣本外驗證；不評分、不認定關鍵分點
6139,6160,6160,中國信託,buy,5,1,1,2.5032938076416267,1.0,2.5032938076416267,0.0,2.1080368906455815,1,,量占比與後續報酬的描述性相關；非因果或預測能力，少量樣本不作判斷,描述性關係；尚未扣費用、檢查除權息或做樣本外驗證；不評分、不認定關鍵分點
6139,6163,6160,中國信託-永康,buy,5,1,1,2.5032938076416267,1.0,2.5032938076416267,0.0,2.1080368906455815,1,,量占比與後續報酬的描述性相關；非因果或預測能力，少量樣本不作判斷,描述性關係；尚未扣費用、檢查除權息或做樣本外驗證；不評分、不認定關鍵分點
6139,6168,6160,中國信託-嘉義,buy,5,1,1,2.5032938076416267,1.0,2.5032938076416267,0.0,2.1080368906455815,1,,量占比與後續報酬的描述性相關；非因果或預測能力，少量樣本不作判斷,描述性關係；尚未扣費用、檢查除權息或做樣本外驗證；不評分、不認定關鍵分點
6139,6489,6480,福邦-新竹,buy,5,1,1,2.5032938076416267,1.0,2.5032938076416267,0.0,2.1080368906455815,1,,量占比與後續報酬的描述性相關；非因果或預測能力，少量樣本不作判斷,描述性關係；尚未扣費用、檢查除權息或做樣本外驗證；不評分、不認定關鍵分點
6139,8560,8560,新光,buy,5,1,1,2.5032938076416267,1.0,2.5032938076416267,0.0,2.1080368906455815,1,,量占比與後續報酬的描述性相關；非因果或預測能力，少量樣本不作判斷,描述性關係；尚未扣費用、檢查除權息或做樣本外驗證；不評分、不認定關鍵分點
6139,8840,8840,玉山證券,sell,5,1,1,2.5032938076416267,1.0,2.5032938076416267,0.0,2.1080368906455815,1,,量占比與後續報酬的描述性相關；非因果或預測能力，少量樣本不作判斷,描述性關係；尚未扣費用、檢查除權息或做樣本外驗證；不評分、不認定關鍵分點
6139,8888,8880,國泰-敦南,buy,5,1,1,2.5032938076416267,1.0,2.5032938076416267,0.0,2.1080368906455815,1,,量占比與後續報酬的描述性相關；非因果或預測能力，少量樣本不作判斷,描述性關係；尚未扣費用、檢查除權息或做樣本外驗證；不評分、不認定關鍵分點
6139,9223,9200,凱基-豐中,sell,5,1,1,2.5032938076416267,1.0,2.5032938076416267,0.0,2.1080368906455815,1,,量占比與後續報酬的描述性相關；非因果或預測能力，少量樣本不作判斷,描述性關係；尚未扣費用、檢查除權息或做樣本外驗證；不評分、不認定關鍵分點
6139,9268,9200,凱基-台北,sell,5,1,1,2.5032938076416267,1.0,2.5032938076416267,0.0,2.1080368906455815,1,,量占比與後續報酬的描述性相關；非因果或預測能力，少量樣本不作判斷,描述性關係；尚未扣費用、檢查除權息或做樣本外驗證；不評分、不認定關鍵分點
6139,9604,9600,富邦-陽明,buy,5,1,1,2.5032938076416267,1.0,2.5032938076416267,0.0,2.1080368906455815,1,,量占比與後續報酬的描述性相關；非因果或預測能力，少量樣本不作判斷,描述性關係；尚未扣費用、檢查除權息或做樣本外驗證；不評分、不認定關鍵分點
6139,9800,9800,元大證券,sell,5,1,1,2.5032938076416267,1.0,2.5032938076416267,0.0,2.1080368906455815,1,,量占比與後續報酬的描述性相關；非因果或預測能力，少量樣本不作判斷,描述性關係；尚未扣費用、檢查除權息或做樣本外驗證；不評分、不認定關鍵分點
6139,9834,9800,元大-中壢,buy,5,1,1,2.5032938076416267,1.0,2.5032938076416267,0.0,2.1080368906455815,1,,量占比與後續報酬的描述性相關；非因果或預測能力，少量樣本不作判斷,描述性關係；尚未扣費用、檢查除權息或做樣本外驗證；不評分、不認定關鍵分點
6139,9854,9800,元大-文心興安,buy,5,1,1,2.5032938076416267,1.0,2.5032938076416267,0.0,2.1080368906455815,1,,量占比與後續報酬的描述性相關；非因果或預測能力，少量樣本不作判斷,描述性關係；尚未扣費用、檢查除權息或做樣本外驗證；不評分、不認定關鍵分點
6139,9856,9800,元大-花蓮,buy,5,1,1,2.5032938076416267,1.0,2.5032938076416267,0.0,2.1080368906455815,1,,量占比與後續報酬的描述性相關；非因果或預測能力，少量樣本不作判斷,描述性關係；尚未扣費用、檢查除權息或做樣本外驗證；不評分、不認定關鍵分點
6166,0035003300380050,5380,第一金-路竹,buy,5,1,1,-3.8461538461538436,0.0,-3.8461538461538436,0.0,-3.8461538461538436,1,,量占比與後續報酬的描述性相關；非因果或預測能力，少量樣本不作判斷,描述性關係；尚未扣費用、檢查除權息或做樣本外驗證；不評分、不認定關鍵分點
6166,0037003700390050,7790,國票-九鼎,buy,5,1,1,-3.8461538461538436,0.0,-3.8461538461538436,0.0,-3.8461538461538436,1,,量占比與後續報酬的描述性相關；非因果或預測能力，少量樣本不作判斷,描述性關係；尚未扣費用、檢查除權息或做樣本外驗證；不評分、不認定關鍵分點
6166,0039003600310043,9600,富邦-南京,buy,5,1,1,-3.8461538461538436,0.0,-3.8461538461538436,0.0,-3.8461538461538436,1,,量占比與後續報酬的描述性相關；非因果或預測能力，少量樣本不作判斷,描述性關係；尚未扣費用、檢查除權息或做樣本外驗證；不評分、不認定關鍵分點
6166,0039003800310045,9800,元大-發財,buy,5,1,1,-3.8461538461538436,0.0,-3.8461538461538436,0.0,-3.8461538461538436,1,,量占比與後續報酬的描述性相關；非因果或預測能力，少量樣本不作判斷,描述性關係；尚未扣費用、檢查除權息或做樣本外驗證；不評分、不認定關鍵分點
6166,003900380036004b,9800,元大-基隆孝二,sell,5,1,1,-3.8461538461538436,0.0,-3.8461538461538436,0.0,-3.8461538461538436,1,,量占比與後續報酬的描述性相關；非因果或預測能力，少量樣本不作判斷,描述性關係；尚未扣費用、檢查除權息或做樣本外驗證；不評分、不認定關鍵分點
6166,0039003800370041,9800,元大-楊梅,buy,5,1,1,-3.8461538461538436,0.0,-3.8461538461538436,0.0,-3.8461538461538436,1,,量占比與後續報酬的描述性相關；非因果或預測能力，少量樣本不作判斷,描述性關係；尚未扣費用、檢查除權息或做樣本外驗證；不評分、不認定關鍵分點
6166,0039003800390056,9800,元大-北三重,sell,5,1,1,-3.8461538461538436,0.0,-3.8461538461538436,0.0,-3.8461538461538436,1,,量占比與後續報酬的描述性相關；非因果或預測能力，少量樣本不作判斷,描述性關係；尚未扣費用、檢查除權息或做樣本外驗證；不評分、不認定關鍵分點
6166,0039003800390066,9800,元大-東港,buy,5,1,1,-3.8461538461538436,0.0,-3.8461538461538436,0.0,-3.8461538461538436,1,,量占比與後續報酬的描述性相關；非因果或預測能力，少量樣本不作判斷,描述性關係；尚未扣費用、檢查除權息或做樣本外驗證；不評分、不認定關鍵分點
6166,0039004100390061,9A00,永豐金-亞灣,buy,5,1,1,-3.8461538461538436,0.0,-3.8461538461538436,0.0,-3.8461538461538436,1,,量占比與後續報酬的描述性相關；非因果或預測能力，少量樣本不作判斷,描述性關係；尚未扣費用、檢查除權息或做樣本外驗證；不評分、不認定關鍵分點
6166,1112,1110,台灣企銀-台南,sell,5,1,1,-3.8461538461538436,0.0,-3.8461538461538436,0.0,-3.8461538461538436,1,,量占比與後續報酬的描述性相關；非因果或預測能力，少量樣本不作判斷,描述性關係；尚未扣費用、檢查除權息或做樣本外驗證；不評分、不認定關鍵分點
6166,1440,1440,美林,buy,5,1,1,-3.8461538461538436,0.0,-3.8461538461538436,0.0,-3.8461538461538436,1,,量占比與後續報酬的描述性相關；非因果或預測能力，少量樣本不作判斷,描述性關係；尚未扣費用、檢查除權息或做樣本外驗證；不評分、不認定關鍵分點
6166,1470,1470,台灣摩根士丹利,buy,5,1,1,-3.8461538461538436,0.0,-3.8461538461538436,0.0,-3.8461538461538436,1,,量占比與後續報酬的描述性相關；非因果或預測能力，少量樣本不作判斷,描述性關係；尚未扣費用、檢查除權息或做樣本外驗證；不評分、不認定關鍵分點
6166,1480,1480,美商高盛,sell,5,1,1,-3.8461538461538436,0.0,-3.8461538461538436,0.0,-3.8461538461538436,1,,量占比與後續報酬的描述性相關；非因果或預測能力，少量樣本不作判斷,描述性關係；尚未扣費用、檢查除權息或做樣本外驗證；不評分、不認定關鍵分點
6166,1650,1650,新加坡商瑞銀,sell,5,1,1,-3.8461538461538436,0.0,-3.8461538461538436,0.0,-3.8461538461538436,1,,量占比與後續報酬的描述性相關；非因果或預測能力，少量樣本不作判斷,描述性關係；尚未扣費用、檢查除權息或做樣本外驗證；不評分、不認定關鍵分點
6166,5850,5850,統一,sell,5,1,1,-3.8461538461538436,0.0,-3.8461538461538436,0.0,-3.8461538461538436,1,,量占比與後續報酬的描述性相關；非因果或預測能力，少量樣本不作判斷,描述性關係；尚未扣費用、檢查除權息或做樣本外驗證；不評分、不認定關鍵分點
6166,6380,6380,光和,sell,5,1,1,-3.8461538461538436,0.0,-3.8461538461538436,0.0,-3.8461538461538436,1,,量占比與後續報酬的描述性相關；非因果或預測能力，少量樣本不作判斷,描述性關係；尚未扣費用、檢查除權息或做樣本外驗證；不評分、不認定關鍵分點
6166,8840,8840,玉山證券,sell,5,1,1,-3.8461538461538436,0.0,-3.8461538461538436,0.0,-3.8461538461538436,1,,量占比與後續報酬的描述性相關；非因果或預測能力，少量樣本不作判斷,描述性關係；尚未扣費用、檢查除權息或做樣本外驗證；不評分、不認定關鍵分點
6166,8846,8840,玉山-板橋,sell,5,1,1,-3.8461538461538436,0.0,-3.8461538461538436,0.0,-3.8461538461538436,1,,量占比與後續報酬的描述性相關；非因果或預測能力，少量樣本不作判斷,描述性關係；尚未扣費用、檢查除權息或做樣本外驗證；不評分、不認定關鍵分點
6166,8880,8880,國泰證券,sell,5,1,1,-3.8461538461538436,0.0,-3.8461538461538436,0.0,-3.8461538461538436,1,,量占比與後續報酬的描述性相關；非因果或預測能力，少量樣本不作判斷,描述性關係；尚未扣費用、檢查除權息或做樣本外驗證；不評分、不認定關鍵分點
6166,8888,8880,國泰-敦南,sell,5,1,1,-3.8461538461538436,0.0,-3.8461538461538436,0.0,-3.8461538461538436,1,,量占比與後續報酬的描述性相關；非因果或預測能力，少量樣本不作判斷,描述性關係；尚未扣費用、檢查除權息或做樣本外驗證；不評分、不認定關鍵分點
6166,8960,8960,香港上海匯豐,sell,5,1,1,-3.8461538461538436,0.0,-3.8461538461538436,0.0,-3.8461538461538436,1,,量占比與後續報酬的描述性相關；非因果或預測能力，少量樣本不作判斷,描述性關係；尚未扣費用、檢查除權息或做樣本外驗證；不評分、不認定關鍵分點
6166,9268,9200,凱基-台北,buy,5,1,1,-3.8461538461538436,0.0,-3.8461538461538436,0.0,-3.8461538461538436,1,,量占比與後續報酬的描述性相關；非因果或預測能力，少量樣本不作判斷,描述性關係；尚未扣費用、檢查除權息或做樣本外驗證；不評分、不認定關鍵分點
6166,9307,9300,華南永昌-大安,buy,5,1,1,-3.8461538461538436,0.0,-3.8461538461538436,0.0,-3.8461538461538436,1,,量占比與後續報酬的描述性相關；非因果或預測能力，少量樣本不作判斷,描述性關係；尚未扣費用、檢查除權息或做樣本外驗證；不評分、不認定關鍵分點
6166,9329,9300,華南永昌-朴子,buy,5,1,1,-3.8461538461538436,0.0,-3.8461538461538436,0.0,-3.8461538461538436,1,,量占比與後續報酬的描述性相關；非因果或預測能力，少量樣本不作判斷,描述性關係；尚未扣費用、檢查除權息或做樣本外驗證；不評分、不認定關鍵分點
6166,9623,9600,富邦-台北,sell,5,1,1,-3.8461538461538436,0.0,-3.8461538461538436,0.0,-3.8461538461538436,1,,量占比與後續報酬的描述性相關；非因果或預測能力，少量樣本不作判斷,描述性關係；尚未扣費用、檢查除權息或做樣本外驗證；不評分、不認定關鍵分點
6166,9634,9600,富邦-羅東,buy,5,1,1,-3.8461538461538436,0.0,-3.8461538461538436,0.0,-3.8461538461538436,1,,量占比與後續報酬的描述性相關；非因果或預測能力，少量樣本不作判斷,描述性關係；尚未扣費用、檢查除權息或做樣本外驗證；不評分、不認定關鍵分點
6166,9636,9600,富邦-中壢,sell,5,1,1,-3.8461538461538436,0.0,-3.8461538461538436,0.0,-3.8461538461538436,1,,量占比與後續報酬的描述性相關；非因果或預測能力，少量樣本不作判斷,描述性關係；尚未扣費用、檢查除權息或做樣本外驗證；不評分、不認定關鍵分點
6166,9659,9600,富邦-高雄,sell,5,1,1,-3.8461538461538436,0.0,-3.8461538461538436,0.0,-3.8461538461538436,1,,量占比與後續報酬的描述性相關；非因果或預測能力，少量樣本不作判斷,描述性關係；尚未扣費用、檢查除權息或做樣本外驗證；不評分、不認定關鍵分點
6166,9692,9600,富邦-嘉義,buy,5,1,1,-3.8461538461538436,0.0,-3.8461538461538436,0.0,-3.8461538461538436,1,,量占比與後續報酬的描述性相關；非因果或預測能力，少量樣本不作判斷,描述性關係；尚未扣費用、檢查除權息或做樣本外驗證；不評分、不認定關鍵分點
6166,9801,9800,元大-松江,buy,5,1,1,-3.8461538461538436,0.0,-3.8461538461538436,0.0,-3.8461538461538436,1,,量占比與後續報酬的描述性相關；非因果或預測能力，少量樣本不作判斷,描述性關係；尚未扣費用、檢查除權息或做樣本外驗證；不評分、不認定關鍵分點
6182,003700370039005a,7790,國票-安和,sell,5,1,1,-0.7692307692307665,0.0,-0.7692307692307665,0.0,-1.538461538461533,1,,量占比與後續報酬的描述性相關；非因果或預測能力，少量樣本不作判斷,描述性關係；尚未扣費用、檢查除權息或做樣本外驗證；不評分、不認定關鍵分點
6182,0037003700390063,7790,國票-敦北法人,sell,5,1,1,-0.7692307692307665,0.0,-0.7692307692307665,0.0,-1.538461538461533,1,,量占比與後續報酬的描述性相關；非因果或預測能力，少量樣本不作判斷,描述性關係；尚未扣費用、檢查除權息或做樣本外驗證；不評分、不認定關鍵分點
6182,003800380038004b,8880,國泰-板橋,buy,5,1,1,-0.7692307692307665,0.0,-0.7692307692307665,0.0,-1.538461538461533,1,,量占比與後續報酬的描述性相關；非因果或預測能力，少量樣本不作判斷,描述性關係；尚未扣費用、檢查除權息或做樣本外驗證；不評分、不認定關鍵分點
6182,0039003100330059,9100,群益金鼎-館前,sell,5,1,1,-0.7692307692307665,0.0,-0.7692307692307665,0.0,-1.538461538461533,1,,量占比與後續報酬的描述性相關；非因果或預測能力，少量樣本不作判斷,描述性關係；尚未扣費用、檢查除權息或做樣本外驗證；不評分、不認定關鍵分點
6182,003900310038004a,9100,群益金鼎-永和,buy,5,1,1,-0.7692307692307665,0.0,-0.7692307692307665,0.0,-1.538461538461533,1,,量占比與後續報酬的描述性相關；非因果或預測能力，少量樣本不作判斷,描述性關係；尚未扣費用、檢查除權息或做樣本外驗證；不評分、不認定關鍵分點
6182,0039004100380031,9A00,永豐金-匯立,buy,5,1,1,-0.7692307692307665,0.0,-0.7692307692307665,0.0,-1.538461538461533,1,,量占比與後續報酬的描述性相關；非因果或預測能力，少量樣本不作判斷,描述性關係；尚未扣費用、檢查除權息或做樣本外驗證；不評分、不認定關鍵分點
6182,0039004100390051,9A00,永豐金-豐原,buy,5,1,1,-0.7692307692307665,0.0,-0.7692307692307665,0.0,-1.538461538461533,1,,量占比與後續報酬的描述性相關；非因果或預測能力，少量樣本不作判斷,描述性關係；尚未扣費用、檢查除權息或做樣本外驗證；不評分、不認定關鍵分點
6182,0039004100390053,9A00,永豐金-南京,buy,5,1,1,-0.7692307692307665,0.0,-0.7692307692307665,0.0,-1.538461538461533,1,,量占比與後續報酬的描述性相關；非因果或預測能力，少量樣本不作判斷,描述性關係；尚未扣費用、檢查除權息或做樣本外驗證；不評分、不認定關鍵分點
6182,1261,1260,宏遠-民生,sell,5,1,1,-0.7692307692307665,0.0,-0.7692307692307665,0.0,-1.538461538461533,1,,量占比與後續報酬的描述性相關；非因果或預測能力，少量樣本不作判斷,描述性關係；尚未扣費用、檢查除權息或做樣本外驗證；不評分、不認定關鍵分點
6182,1470,1470,台灣摩根士丹利,sell,5,1,1,-0.7692307692307665,0.0,-0.7692307692307665,0.0,-1.538461538461533,1,,量占比與後續報酬的描述性相關；非因果或預測能力，少量樣本不作判斷,描述性關係；尚未扣費用、檢查除權息或做樣本外驗證；不評分、不認定關鍵分點
6182,1480,1480,美商高盛,sell,5,1,1,-0.7692307692307665,0.0,-0.7692307692307665,0.0,-1.538461538461533,1,,量占比與後續報酬的描述性相關；非因果或預測能力，少量樣本不作判斷,描述性關係；尚未扣費用、檢查除權息或做樣本外驗證；不評分、不認定關鍵分點
6182,1590,1590,花旗環球,sell,5,1,1,-0.7692307692307665,0.0,-0.7692307692307665,0.0,-1.538461538461533,1,,量占比與後續報酬的描述性相關；非因果或預測能力，少量樣本不作判斷,描述性關係；尚未扣費用、檢查除權息或做樣本外驗證；不評分、不認定關鍵分點
6182,1650,1650,新加坡商瑞銀,sell,5,1,1,-0.7692307692307665,0.0,-0.7692307692307665,0.0,-1.538461538461533,1,,量占比與後續報酬的描述性相關；非因果或預測能力，少量樣本不作判斷,描述性關係；尚未扣費用、檢查除權息或做樣本外驗證；不評分、不認定關鍵分點
6182,5261,5260,美好-蘆洲,buy,5,1,1,-0.7692307692307665,0.0,-0.7692307692307665,0.0,-1.538461538461533,1,,量占比與後續報酬的描述性相關；非因果或預測能力，少量樣本不作判斷,描述性關係；尚未扣費用、檢查除權息或做樣本外驗證；不評分、不認定關鍵分點
6182,5323,5320,高橋-內壢,buy,5,1,1,-0.7692307692307665,0.0,-0.7692307692307665,0.0,-1.538461538461533,1,,量占比與後續報酬的描述性相關；非因果或預測能力，少量樣本不作判斷,描述性關係；尚未扣費用、檢查除權息或做樣本外驗證；不評分、不認定關鍵分點
6182,5850,5850,統一,sell,5,1,1,-0.7692307692307665,0.0,-0.7692307692307665,0.0,-1.538461538461533,1,,量占比與後續報酬的描述性相關；非因果或預測能力，少量樣本不作判斷,描述性關係；尚未扣費用、檢查除權息或做樣本外驗證；不評分、不認定關鍵分點
6182,5854,5850,統一-城中,sell,5,1,1,-0.7692307692307665,0.0,-0.7692307692307665,0.0,-1.538461538461533,1,,量占比與後續報酬的描述性相關；非因果或預測能力，少量樣本不作判斷,描述性關係；尚未扣費用、檢查除權息或做樣本外驗證；不評分、不認定關鍵分點
6182,6160,6160,中國信託,buy,5,1,1,-0.7692307692307665,0.0,-0.7692307692307665,0.0,-1.538461538461533,1,,量占比與後續報酬的描述性相關；非因果或預測能力，少量樣本不作判斷,描述性關係；尚未扣費用、檢查除權息或做樣本外驗證；不評分、不認定關鍵分點
6182,6167,6160,中國信託-松江,buy,5,1,1,-0.7692307692307665,0.0,-0.7692307692307665,0.0,-1.538461538461533,1,,量占比與後續報酬的描述性相關；非因果或預測能力，少量樣本不作判斷,描述性關係；尚未扣費用、檢查除權息或做樣本外驗證；不評分、不認定關鍵分點
6182,8440,8440,摩根大通,sell,5,1,1,-0.7692307692307665,0.0,-0.7692307692307665,0.0,-1.538461538461533,1,,量占比與後續報酬的描述性相關；非因果或預測能力，少量樣本不作判斷,描述性關係；尚未扣費用、檢查除權息或做樣本外驗證；不評分、不認定關鍵分點
6182,8560,8560,新光,buy,5,1,1,-0.7692307692307665,0.0,-0.7692307692307665,0.0,-1.538461538461533,1,,量占比與後續報酬的描述性相關；非因果或預測能力，少量樣本不作判斷,描述性關係；尚未扣費用、檢查除權息或做樣本外驗證；不評分、不認定關鍵分點
6182,8882,8880,國泰-台中,buy,5,1,1,-0.7692307692307665,0.0,-0.7692307692307665,0.0,-1.538461538461533,1,,量占比與後續報酬的描述性相關；非因果或預測能力，少量樣本不作判斷,描述性關係；尚未扣費用、檢查除權息或做樣本外驗證；不評分、不認定關鍵分點
6182,8885,8880,國泰-桃園,buy,5,1,1,-0.7692307692307665,0.0,-0.7692307692307665,0.0,-1.538461538461533,1,,量占比與後續報酬的描述性相關；非因果或預測能力，少量樣本不作判斷,描述性關係；尚未扣費用、檢查除權息或做樣本外驗證；不評分、不認定關鍵分點
6182,8888,8880,國泰-敦南,buy,5,1,1,-0.7692307692307665,0.0,-0.7692307692307665,0.0,-1.538461538461533,1,,量占比與後續報酬的描述性相關；非因果或預測能力，少量樣本不作判斷,描述性關係；尚未扣費用、檢查除權息或做樣本外驗證；不評分、不認定關鍵分點
6182,9268,9200,凱基-台北,sell,5,1,1,-0.7692307692307665,0.0,-0.7692307692307665,0.0,-1.538461538461533,1,,量占比與後續報酬的描述性相關；非因果或預測能力，少量樣本不作判斷,描述性關係；尚未扣費用、檢查除權息或做樣本外驗證；不評分、不認定關鍵分點
6182,9343,9300,華南永昌-頭份,buy,5,1,1,-0.7692307692307665,0.0,-0.7692307692307665,0.0,-1.538461538461533,1,,量占比與後續報酬的描述性相關；非因果或預測能力，少量樣本不作判斷,描述性關係；尚未扣費用、檢查除權息或做樣本外驗證；不評分、不認定關鍵分點
6182,9600,9600,富邦證券,sell,5,1,1,-0.7692307692307665,0.0,-0.7692307692307665,0.0,-1.538461538461533,1,,量占比與後續報酬的描述性相關；非因果或預測能力，少量樣本不作判斷,描述性關係；尚未扣費用、檢查除權息或做樣本外驗證；不評分、不認定關鍵分點
6182,9666,9600,富邦-南屯,sell,5,1,1,-0.7692307692307665,0.0,-0.7692307692307665,0.0,-1.538461538461533,1,,量占比與後續報酬的描述性相關；非因果或預測能力，少量樣本不作判斷,描述性關係；尚未扣費用、檢查除權息或做樣本外驗證；不評分、不認定關鍵分點
6182,9800,9800,元大證券,sell,5,1,1,-0.7692307692307665,0.0,-0.7692307692307665,0.0,-1.538461538461533,1,,量占比與後續報酬的描述性相關；非因果或預測能力，少量樣本不作判斷,描述性關係；尚未扣費用、檢查除權息或做樣本外驗證；不評分、不認定關鍵分點
6182,9875,9800,元大-土城永寧,buy,5,1,1,-0.7692307692307665,0.0,-0.7692307692307665,0.0,-1.538461538461533,1,,量占比與後續報酬的描述性相關；非因果或預測能力，少量樣本不作判斷,描述性關係；尚未扣費用、檢查除權息或做樣本外驗證；不評分、不認定關鍵分點
6187,0037003000300049,7000,兆豐-北高雄,sell,5,1,1,19.6078431372549,1.0,19.6078431372549,0.0,6.2745098039215685,1,,量占比與後續報酬的描述性相關；非因果或預測能力，少量樣本不作判斷,描述性關係；尚未扣費用、檢查除權息或做樣本外驗證；不評分、不認定關鍵分點
6187,0037003700390063,7790,國票-敦北法人,buy,5,1,1,19.6078431372549,1.0,19.6078431372549,0.0,6.2745098039215685,1,,量占比與後續報酬的描述性相關；非因果或預測能力，少量樣本不作判斷,描述性關係；尚未扣費用、檢查除權息或做樣本外驗證；不評分、不認定關鍵分點
6187,0039003100380057,9100,群益金鼎-忠孝,buy,5,1,1,19.6078431372549,1.0,19.6078431372549,0.0,6.2745098039215685,1,,量占比與後續報酬的描述性相關；非因果或預測能力，少量樣本不作判斷,描述性關係；尚未扣費用、檢查除權息或做樣本外驗證；不評分、不認定關鍵分點
6187,003900360031004d,9600,富邦-木柵,sell,5,1,1,19.6078431372549,1.0,19.6078431372549,0.0,6.2745098039215685,1,,量占比與後續報酬的描述性相關；非因果或預測能力，少量樣本不作判斷,描述性關係；尚未扣費用、檢查除權息或做樣本外驗證；不評分、不認定關鍵分點
6187,0039003800330042,9800,元大-林森,buy,5,1,1,19.6078431372549,1.0,19.6078431372549,0.0,6.2745098039215685,1,,量占比與後續報酬的描述性相關；非因果或預測能力，少量樣本不作判斷,描述性關係；尚未扣費用、檢查除權息或做樣本外驗證；不評分、不認定關鍵分點
6187,0039004100380046,9A00,永豐金-敦南,buy,5,1,1,19.6078431372549,1.0,19.6078431372549,0.0,6.2745098039215685,1,,量占比與後續報酬的描述性相關；非因果或預測能力，少量樣本不作判斷,描述性關係；尚未扣費用、檢查除權息或做樣本外驗證；不評分、不認定關鍵分點
6187,0039004100390032,9A00,永豐金-萬盛,buy,5,1,1,19.6078431372549,1.0,19.6078431372549,0.0,6.2745098039215685,1,,量占比與後續報酬的描述性相關；非因果或預測能力，少量樣本不作判斷,描述性關係；尚未扣費用、檢查除權息或做樣本外驗證；不評分、不認定關鍵分點
6187,0039004100390052,9A00,永豐金-信義,sell,5,1,1,19.6078431372549,1.0,19.6078431372549,0.0,6.2745098039215685,1,,量占比與後續報酬的描述性相關；非因果或預測能力，少量樣本不作判斷,描述性關係；尚未扣費用、檢查除權息或做樣本外驗證；不評分、不認定關鍵分點
6187,0039004200300030,9B00,台新,buy,5,1,1,19.6078431372549,1.0,19.6078431372549,0.0,6.2745098039215685,1,,量占比與後續報酬的描述性相關；非因果或預測能力，少量樣本不作判斷,描述性關係；尚未扣費用、檢查除權息或做樣本外驗證；不評分、不認定關鍵分點
6187,1260,1260,宏遠證券,buy,5,1,1,19.6078431372549,1.0,19.6078431372549,0.0,6.2745098039215685,1,,量占比與後續報酬的描述性相關；非因果或預測能力，少量樣本不作判斷,描述性關係；尚未扣費用、檢查除權息或做樣本外驗證；不評分、不認定關鍵分點
6187,1440,1440,美林,sell,5,1,1,19.6078431372549,1.0,19.6078431372549,0.0,6.2745098039215685,1,,量占比與後續報酬的描述性相關；非因果或預測能力，少量樣本不作判斷,描述性關係；尚未扣費用、檢查除權息或做樣本外驗證；不評分、不認定關鍵分點
6187,1470,1470,台灣摩根士丹利,sell,5,1,1,19.6078431372549,1.0,19.6078431372549,0.0,6.2745098039215685,1,,量占比與後續報酬的描述性相關；非因果或預測能力，少量樣本不作判斷,描述性關係；尚未扣費用、檢查除權息或做樣本外驗證；不評分、不認定關鍵分點
6187,1480,1480,美商高盛,sell,5,1,1,19.6078431372549,1.0,19.6078431372549,0.0,6.2745098039215685,1,,量占比與後續報酬的描述性相關；非因果或預測能力，少量樣本不作判斷,描述性關係；尚未扣費用、檢查除權息或做樣本外驗證；不評分、不認定關鍵分點
6187,1650,1650,新加坡商瑞銀,sell,5,1,1,19.6078431372549,1.0,19.6078431372549,0.0,6.2745098039215685,1,,量占比與後續報酬的描述性相關；非因果或預測能力，少量樣本不作判斷,描述性關係；尚未扣費用、檢查除權息或做樣本外驗證；不評分、不認定關鍵分點
6187,5850,5850,統一,sell,5,1,1,19.6078431372549,1.0,19.6078431372549,0.0,6.2745098039215685,1,,量占比與後續報酬的描述性相關；非因果或預測能力，少量樣本不作判斷,描述性關係；尚未扣費用、檢查除權息或做樣本外驗證；不評分、不認定關鍵分點
6187,5852,5850,統一-敦南,buy,5,1,1,19.6078431372549,1.0,19.6078431372549,0.0,6.2745098039215685,1,,量占比與後續報酬的描述性相關；非因果或預測能力，少量樣本不作判斷,描述性關係；尚未扣費用、檢查除權息或做樣本外驗證；不評分、不認定關鍵分點
6187,5854,5850,統一-城中,sell,5,1,1,19.6078431372549,1.0,19.6078431372549,0.0,6.2745098039215685,1,,量占比與後續報酬的描述性相關；非因果或預測能力，少量樣本不作判斷,描述性關係；尚未扣費用、檢查除權息或做樣本外驗證；不評分、不認定關鍵分點
6187,6160,6160,中國信託,buy,5,1,1,19.6078431372549,1.0,19.6078431372549,0.0,6.2745098039215685,1,,量占比與後續報酬的描述性相關；非因果或預測能力，少量樣本不作判斷,描述性關係；尚未扣費用、檢查除權息或做樣本外驗證；不評分、不認定關鍵分點
6187,7000,7000,兆豐證券,sell,5,1,1,19.6078431372549,1.0,19.6078431372549,0.0,6.2745098039215685,1,,量占比與後續報酬的描述性相關；非因果或預測能力，少量樣本不作判斷,描述性關係；尚未扣費用、檢查除權息或做樣本外驗證；不評分、不認定關鍵分點
6187,8380,8380,安泰,buy,5,1,1,19.6078431372549,1.0,19.6078431372549,0.0,6.2745098039215685,1,,量占比與後續報酬的描述性相關；非因果或預測能力，少量樣本不作判斷,描述性關係；尚未扣費用、檢查除權息或做樣本外驗證；不評分、不認定關鍵分點
6187,8440,8440,摩根大通,buy,5,1,1,19.6078431372549,1.0,19.6078431372549,0.0,6.2745098039215685,1,,量占比與後續報酬的描述性相關；非因果或預測能力，少量樣本不作判斷,描述性關係；尚未扣費用、檢查除權息或做樣本外驗證；不評分、不認定關鍵分點
6187,8880,8880,國泰證券,sell,5,1,1,19.6078431372549,1.0,19.6078431372549,0.0,6.2745098039215685,1,,量占比與後續報酬的描述性相關；非因果或預測能力，少量樣本不作判斷,描述性關係；尚未扣費用、檢查除權息或做樣本外驗證；不評分、不認定關鍵分點
6187,8888,8880,國泰-敦南,buy,5,1,1,19.6078431372549,1.0,19.6078431372549,0.0,6.2745098039215685,1,,量占比與後續報酬的描述性相關；非因果或預測能力，少量樣本不作判斷,描述性關係；尚未扣費用、檢查除權息或做樣本外驗證；不評分、不認定關鍵分點
6187,9100,9100,群益金鼎,sell,5,1,1,19.6078431372549,1.0,19.6078431372549,0.0,6.2745098039215685,1,,量占比與後續報酬的描述性相關；非因果或預測能力，少量樣本不作判斷,描述性關係；尚未扣費用、檢查除權息或做樣本外驗證；不評分、不認定關鍵分點
6187,9200,9200,凱基,buy,5,1,1,19.6078431372549,1.0,19.6078431372549,0.0,6.2745098039215685,1,,量占比與後續報酬的描述性相關；非因果或預測能力，少量樣本不作判斷,描述性關係；尚未扣費用、檢查除權息或做樣本外驗證；不評分、不認定關鍵分點
6187,9216,9200,凱基-信義,buy,5,1,1,19.6078431372549,1.0,19.6078431372549,0.0,6.2745098039215685,1,,量占比與後續報酬的描述性相關；非因果或預測能力，少量樣本不作判斷,描述性關係；尚未扣費用、檢查除權息或做樣本外驗證；不評分、不認定關鍵分點
6187,9268,9200,凱基-台北,sell,5,1,1,19.6078431372549,1.0,19.6078431372549,0.0,6.2745098039215685,1,,量占比與後續報酬的描述性相關；非因果或預測能力，少量樣本不作判斷,描述性關係；尚未扣費用、檢查除權息或做樣本外驗證；不評分、不認定關鍵分點
6187,9604,9600,富邦-陽明,sell,5,1,1,19.6078431372549,1.0,19.6078431372549,0.0,6.2745098039215685,1,,量占比與後續報酬的描述性相關；非因果或預測能力，少量樣本不作判斷,描述性關係；尚未扣費用、檢查除權息或做樣本外驗證；不評分、不認定關鍵分點
6187,9623,9600,富邦-台北,sell,5,1,1,19.6078431372549,1.0,19.6078431372549,0.0,6.2745098039215685,1,,量占比與後續報酬的描述性相關；非因果或預測能力，少量樣本不作判斷,描述性關係；尚未扣費用、檢查除權息或做樣本外驗證；不評分、不認定關鍵分點
6187,9800,9800,元大證券,buy,5,1,1,19.6078431372549,1.0,19.6078431372549,0.0,6.2745098039215685,1,,量占比與後續報酬的描述性相關；非因果或預測能力，少量樣本不作判斷,描述性關係；尚未扣費用、檢查除權息或做樣本外驗證；不評分、不認定關鍵分點
6191,0031003000340041,1040,臺銀-臺中,buy,5,1,1,4.270462633451966,1.0,4.270462633451966,0.0,0.47449584816132706,1,,量占比與後續報酬的描述性相關；非因果或預測能力，少量樣本不作判斷,描述性關係；尚未扣費用、檢查除權息或做樣本外驗證；不評分、不認定關鍵分點
6191,0031003000340043,1040,臺銀-高雄,buy,5,1,1,4.270462633451966,1.0,4.270462633451966,0.0,0.47449584816132706,1,,量占比與後續報酬的描述性相關；非因果或預測能力，少量樣本不作判斷,描述性關係；尚未扣費用、檢查除權息或做樣本外驗證；不評分、不認定關鍵分點
6191,0037003000300043,7000,兆豐-來福,sell,5,1,1,4.270462633451966,1.0,4.270462633451966,0.0,0.47449584816132706,1,,量占比與後續報酬的描述性相關；非因果或預測能力，少量樣本不作判斷,描述性關係；尚未扣費用、檢查除權息或做樣本外驗證；不評分、不認定關鍵分點
6191,0037003000300061,7000,兆豐-忠孝,sell,5,1,1,4.270462633451966,1.0,4.270462633451966,0.0,0.47449584816132706,1,,量占比與後續報酬的描述性相關；非因果或預測能力，少量樣本不作判斷,描述性關係；尚未扣費用、檢查除權息或做樣本外驗證；不評分、不認定關鍵分點
6191,0037003700390065,7790,國票-南科,sell,5,1,1,4.270462633451966,1.0,4.270462633451966,0.0,0.47449584816132706,1,,量占比與後續報酬的描述性相關；非因果或預測能力，少量樣本不作判斷,描述性關係；尚未扣費用、檢查除權息或做樣本外驗證；不評分、不認定關鍵分點
6191,0038003400350045,8450,康和-澎湖,sell,5,1,1,4.270462633451966,1.0,4.270462633451966,0.0,0.47449584816132706,1,,量占比與後續報酬的描述性相關；非因果或預測能力，少量樣本不作判斷,描述性關係；尚未扣費用、檢查除權息或做樣本外驗證；不評分、不認定關鍵分點
6191,0038003800340046,8840,玉山-桃園,buy,5,1,1,4.270462633451966,1.0,4.270462633451966,0.0,0.47449584816132706,1,,量占比與後續報酬的描述性相關；非因果或預測能力，少量樣本不作判斷,描述性關係；尚未扣費用、檢查除權息或做樣本外驗證；不評分、不認定關鍵分點
6191,0038003800340048,8840,玉山-新竹,sell,5,1,1,4.270462633451966,1.0,4.270462633451966,0.0,0.47449584816132706,1,,量占比與後續報酬的描述性相關；非因果或預測能力，少量樣本不作判斷,描述性關係；尚未扣費用、檢查除權息或做樣本外驗證；不評分、不認定關鍵分點
6191,003900310038004d,9100,群益金鼎-嘉義,buy,5,1,1,4.270462633451966,1.0,4.270462633451966,0.0,0.47449584816132706,1,,量占比與後續報酬的描述性相關；非因果或預測能力，少量樣本不作判斷,描述性關係；尚未扣費用、檢查除權息或做樣本外驗證；不評分、不認定關鍵分點
6191,0039003800300043,9800,元大-斗六,sell,5,1,1,4.270462633451966,1.0,4.270462633451966,0.0,0.47449584816132706,1,,量占比與後續報酬的描述性相關；非因果或預測能力，少量樣本不作判斷,描述性關係；尚未扣費用、檢查除權息或做樣本外驗證；不評分、不認定關鍵分點
6191,0039003800310070,9800,元大-松山,sell,5,1,1,4.270462633451966,1.0,4.270462633451966,0.0,0.47449584816132706,1,,量占比與後續報酬的描述性相關；非因果或預測能力，少量樣本不作判斷,描述性關係；尚未扣費用、檢查除權息或做樣本外驗證；不評分、不認定關鍵分點
6191,0039004100370039,9A00,永豐金-埔里,buy,5,1,1,4.270462633451966,1.0,4.270462633451966,0.0,0.47449584816132706,1,,量占比與後續報酬的描述性相關；非因果或預測能力，少量樣本不作判斷,描述性關係；尚未扣費用、檢查除權息或做樣本外驗證；不評分、不認定關鍵分點
6191,0039004200320037,9B00,台新-林園,sell,5,1,1,4.270462633451966,1.0,4.270462633451966,0.0,0.47449584816132706,1,,量占比與後續報酬的描述性相關；非因果或預測能力，少量樣本不作判斷,描述性關係；尚未扣費用、檢查除權息或做樣本外驗證；不評分、不認定關鍵分點
6191,1440,1440,美林,buy,5,1,1,4.270462633451966,1.0,4.270462633451966,0.0,0.47449584816132706,1,,量占比與後續報酬的描述性相關；非因果或預測能力，少量樣本不作判斷,描述性關係；尚未扣費用、檢查除權息或做樣本外驗證；不評分、不認定關鍵分點
6191,1470,1470,台灣摩根士丹利,buy,5,1,1,4.270462633451966,1.0,4.270462633451966,0.0,0.47449584816132706,1,,量占比與後續報酬的描述性相關；非因果或預測能力，少量樣本不作判斷,描述性關係；尚未扣費用、檢查除權息或做樣本外驗證；不評分、不認定關鍵分點
6191,1480,1480,美商高盛,buy,5,1,1,4.270462633451966,1.0,4.270462633451966,0.0,0.47449584816132706,1,,量占比與後續報酬的描述性相關；非因果或預測能力，少量樣本不作判斷,描述性關係；尚未扣費用、檢查除權息或做樣本外驗證；不評分、不認定關鍵分點
6191,1560,1560,港商野村,sell,5,1,1,4.270462633451966,1.0,4.270462633451966,0.0,0.47449584816132706,1,,量占比與後續報酬的描述性相關；非因果或預測能力，少量樣本不作判斷,描述性關係；尚未扣費用、檢查除權息或做樣本外驗證；不評分、不認定關鍵分點
6191,1590,1590,花旗環球,buy,5,1,1,4.270462633451966,1.0,4.270462633451966,0.0,0.47449584816132706,1,,量占比與後續報酬的描述性相關；非因果或預測能力，少量樣本不作判斷,描述性關係；尚未扣費用、檢查除權息或做樣本外驗證；不評分、不認定關鍵分點
6191,1650,1650,新加坡商瑞銀,buy,5,1,1,4.270462633451966,1.0,4.270462633451966,0.0,0.47449584816132706,1,,量占比與後續報酬的描述性相關；非因果或預測能力，少量樣本不作判斷,描述性關係；尚未扣費用、檢查除權息或做樣本外驗證；不評分、不認定關鍵分點
6191,8440,8440,摩根大通,buy,5,1,1,4.270462633451966,1.0,4.270462633451966,0.0,0.47449584816132706,1,,量占比與後續報酬的描述性相關；非因果或預測能力，少量樣本不作判斷,描述性關係；尚未扣費用、檢查除權息或做樣本外驗證；不評分、不認定關鍵分點
6191,8560,8560,新光,buy,5,1,1,4.270462633451966,1.0,4.270462633451966,0.0,0.47449584816132706,1,,量占比與後續報酬的描述性相關；非因果或預測能力，少量樣本不作判斷,描述性關係；尚未扣費用、檢查除權息或做樣本外驗證；不評分、不認定關鍵分點
6191,8885,8880,國泰-桃園,sell,5,1,1,4.270462633451966,1.0,4.270462633451966,0.0,0.47449584816132706,1,,量占比與後續報酬的描述性相關；非因果或預測能力，少量樣本不作判斷,描述性關係；尚未扣費用、檢查除權息或做樣本外驗證；不評分、不認定關鍵分點
6191,8888,8880,國泰-敦南,sell,5,1,1,4.270462633451966,1.0,4.270462633451966,0.0,0.47449584816132706,1,,量占比與後續報酬的描述性相關；非因果或預測能力，少量樣本不作判斷,描述性關係；尚未扣費用、檢查除權息或做樣本外驗證；不評分、不認定關鍵分點
6191,9205,9200,凱基-三重,sell,5,1,1,4.270462633451966,1.0,4.270462633451966,0.0,0.47449584816132706,1,,量占比與後續報酬的描述性相關；非因果或預測能力，少量樣本不作判斷,描述性關係；尚未扣費用、檢查除權息或做樣本外驗證；不評分、不認定關鍵分點
6191,9268,9200,凱基-台北,buy,5,1,1,4.270462633451966,1.0,4.270462633451966,0.0,0.47449584816132706,1,,量占比與後續報酬的描述性相關；非因果或預測能力，少量樣本不作判斷,描述性關係；尚未扣費用、檢查除權息或做樣本外驗證；不評分、不認定關鍵分點
6191,9297,9200,凱基-文心,sell,5,1,1,4.270462633451966,1.0,4.270462633451966,0.0,0.47449584816132706,1,,量占比與後續報酬的描述性相關；非因果或預測能力，少量樣本不作判斷,描述性關係；尚未扣費用、檢查除權息或做樣本外驗證；不評分、不認定關鍵分點
6191,9303,9300,華南永昌-高雄,sell,5,1,1,4.270462633451966,1.0,4.270462633451966,0.0,0.47449584816132706,1,,量占比與後續報酬的描述性相關；非因果或預測能力，少量樣本不作判斷,描述性關係；尚未扣費用、檢查除權息或做樣本外驗證；不評分、不認定關鍵分點
6191,9604,9600,富邦-陽明,sell,5,1,1,4.270462633451966,1.0,4.270462633451966,0.0,0.47449584816132706,1,,量占比與後續報酬的描述性相關；非因果或預測能力，少量樣本不作判斷,描述性關係；尚未扣費用、檢查除權息或做樣本外驗證；不評分、不認定關鍵分點
6191,9800,9800,元大證券,buy,5,1,1,4.270462633451966,1.0,4.270462633451966,0.0,0.47449584816132706,1,,量占比與後續報酬的描述性相關；非因果或預測能力，少量樣本不作判斷,描述性關係；尚未扣費用、檢查除權息或做樣本外驗證；不評分、不認定關鍵分點
6191,9834,9800,元大-中壢,buy,5,1,1,4.270462633451966,1.0,4.270462633451966,0.0,0.47449584816132706,1,,量占比與後續報酬的描述性相關；非因果或預測能力，少量樣本不作判斷,描述性關係；尚未扣費用、檢查除權息或做樣本外驗證；不評分、不認定關鍵分點
6196,0035003300380046,5380,第一金-大稻埕,sell,5,1,1,11.960132890365438,1.0,11.960132890365438,0.0,2.657807308970095,1,,量占比與後續報酬的描述性相關；非因果或預測能力，少量樣本不作判斷,描述性關係；尚未扣費用、檢查除權息或做樣本外驗證；不評分、不認定關鍵分點
6196,0035003800350055,5850,統一-南京,buy,5,1,1,11.960132890365438,1.0,11.960132890365438,0.0,2.657807308970095,1,,量占比與後續報酬的描述性相關；非因果或預測能力，少量樣本不作判斷,描述性關係；尚未扣費用、檢查除權息或做樣本外驗證；不評分、不認定關鍵分點
6196,0035003800350059,5850,統一-土城,buy,5,1,1,11.960132890365438,1.0,11.960132890365438,0.0,2.657807308970095,1,,量占比與後續報酬的描述性相關；非因果或預測能力，少量樣本不作判斷,描述性關係；尚未扣費用、檢查除權息或做樣本外驗證；不評分、不認定關鍵分點
6196,003800380038004b,8880,國泰-板橋,sell,5,1,1,11.960132890365438,1.0,11.960132890365438,0.0,2.657807308970095,1,,量占比與後續報酬的描述性相關；非因果或預測能力，少量樣本不作判斷,描述性關係；尚未扣費用、檢查除權息或做樣本外驗證；不評分、不認定關鍵分點
6196,003900380033004e,9800,元大-大安,buy,5,1,1,11.960132890365438,1.0,11.960132890365438,0.0,2.657807308970095,1,,量占比與後續報酬的描述性相關；非因果或預測能力，少量樣本不作判斷,描述性關係；尚未扣費用、檢查除權息或做樣本外驗證；不評分、不認定關鍵分點
6196,0039003800340048,9800,元大-景美,sell,5,1,1,11.960132890365438,1.0,11.960132890365438,0.0,2.657807308970095,1,,量占比與後續報酬的描述性相關；非因果或預測能力，少量樣本不作判斷,描述性關係；尚未扣費用、檢查除權息或做樣本外驗證；不評分、不認定關鍵分點
6196,0039003800390056,9800,元大-北三重,sell,5,1,1,11.960132890365438,1.0,11.960132890365438,0.0,2.657807308970095,1,,量占比與後續報酬的描述性相關；非因果或預測能力，少量樣本不作判斷,描述性關係；尚未扣費用、檢查除權息或做樣本外驗證；不評分、不認定關鍵分點
6196,0039004100300030,9A00,永豐金證券,buy,5,1,1,11.960132890365438,1.0,11.960132890365438,0.0,2.657807308970095,1,,量占比與後續報酬的描述性相關；非因果或預測能力，少量樣本不作判斷,描述性關係；尚未扣費用、檢查除權息或做樣本外驗證；不評分、不認定關鍵分點
6196,0039004100380031,9A00,永豐金-匯立,buy,5,1,1,11.960132890365438,1.0,11.960132890365438,0.0,2.657807308970095,1,,量占比與後續報酬的描述性相關；非因果或預測能力，少量樣本不作判斷,描述性關係；尚未扣費用、檢查除權息或做樣本外驗證；不評分、不認定關鍵分點
6196,0039004100390031,9A00,永豐金-松山,buy,5,1,1,11.960132890365438,1.0,11.960132890365438,0.0,2.657807308970095,1,,量占比與後續報酬的描述性相關；非因果或預測能力，少量樣本不作判斷,描述性關係；尚未扣費用、檢查除權息或做樣本外驗證；不評分、不認定關鍵分點
6196,0039004200320045,9B00,台新-城中,sell,5,1,1,11.960132890365438,1.0,11.960132890365438,0.0,2.657807308970095,1,,量占比與後續報酬的描述性相關；非因果或預測能力，少量樣本不作判斷,描述性關係；尚未扣費用、檢查除權息或做樣本外驗證；不評分、不認定關鍵分點
6196,0039004200320061,9B00,台新-松德,buy,5,1,1,11.960132890365438,1.0,11.960132890365438,0.0,2.657807308970095,1,,量占比與後續報酬的描述性相關；非因果或預測能力，少量樣本不作判斷,描述性關係；尚未扣費用、檢查除權息或做樣本外驗證；不評分、不認定關鍵分點
6196,1117,1110,台灣企銀-竹北,sell,5,1,1,11.960132890365438,1.0,11.960132890365438,0.0,2.657807308970095,1,,量占比與後續報酬的描述性相關；非因果或預測能力，少量樣本不作判斷,描述性關係；尚未扣費用、檢查除權息或做樣本外驗證；不評分、不認定關鍵分點
6196,1440,1440,美林,buy,5,1,1,11.960132890365438,1.0,11.960132890365438,0.0,2.657807308970095,1,,量占比與後續報酬的描述性相關；非因果或預測能力，少量樣本不作判斷,描述性關係；尚未扣費用、檢查除權息或做樣本外驗證；不評分、不認定關鍵分點
6196,1470,1470,台灣摩根士丹利,buy,5,1,1,11.960132890365438,1.0,11.960132890365438,0.0,2.657807308970095,1,,量占比與後續報酬的描述性相關；非因果或預測能力，少量樣本不作判斷,描述性關係；尚未扣費用、檢查除權息或做樣本外驗證；不評分、不認定關鍵分點
6196,1480,1480,美商高盛,buy,5,1,1,11.960132890365438,1.0,11.960132890365438,0.0,2.657807308970095,1,,量占比與後續報酬的描述性相關；非因果或預測能力，少量樣本不作判斷,描述性關係；尚未扣費用、檢查除權息或做樣本外驗證；不評分、不認定關鍵分點
6196,1590,1590,花旗環球,buy,5,1,1,11.960132890365438,1.0,11.960132890365438,0.0,2.657807308970095,1,,量占比與後續報酬的描述性相關；非因果或預測能力，少量樣本不作判斷,描述性關係；尚未扣費用、檢查除權息或做樣本外驗證；不評分、不認定關鍵分點
6196,1650,1650,新加坡商瑞銀,sell,5,1,1,11.960132890365438,1.0,11.960132890365438,0.0,2.657807308970095,1,,量占比與後續報酬的描述性相關；非因果或預測能力，少量樣本不作判斷,描述性關係；尚未扣費用、檢查除權息或做樣本外驗證；不評分、不認定關鍵分點
6196,8440,8440,摩根大通,sell,5,1,1,11.960132890365438,1.0,11.960132890365438,0.0,2.657807308970095,1,,量占比與後續報酬的描述性相關；非因果或預測能力，少量樣本不作判斷,描述性關係；尚未扣費用、檢查除權息或做樣本外驗證；不評分、不認定關鍵分點
6196,8451,8450,康和-延平,buy,5,1,1,11.960132890365438,1.0,11.960132890365438,0.0,2.657807308970095,1,,量占比與後續報酬的描述性相關；非因果或預測能力，少量樣本不作判斷,描述性關係；尚未扣費用、檢查除權息或做樣本外驗證；不評分、不認定關鍵分點
6196,8560,8560,新光,sell,5,1,1,11.960132890365438,1.0,11.960132890365438,0.0,2.657807308970095,1,,量占比與後續報酬的描述性相關；非因果或預測能力，少量樣本不作判斷,描述性關係；尚未扣費用、檢查除權息或做樣本外驗證；不評分、不認定關鍵分點
6196,8840,8840,玉山證券,sell,5,1,1,11.960132890365438,1.0,11.960132890365438,0.0,2.657807308970095,1,,量占比與後續報酬的描述性相關；非因果或預測能力，少量樣本不作判斷,描述性關係；尚未扣費用、檢查除權息或做樣本外驗證；不評分、不認定關鍵分點
6196,8885,8880,國泰-桃園,sell,5,1,1,11.960132890365438,1.0,11.960132890365438,0.0,2.657807308970095,1,,量占比與後續報酬的描述性相關；非因果或預測能力，少量樣本不作判斷,描述性關係；尚未扣費用、檢查除權息或做樣本外驗證；不評分、不認定關鍵分點
6196,8888,8880,國泰-敦南,sell,5,1,1,11.960132890365438,1.0,11.960132890365438,0.0,2.657807308970095,1,,量占比與後續報酬的描述性相關；非因果或預測能力，少量樣本不作判斷,描述性關係；尚未扣費用、檢查除權息或做樣本外驗證；不評分、不認定關鍵分點
6196,9200,9200,凱基,buy,5,1,1,11.960132890365438,1.0,11.960132890365438,0.0,2.657807308970095,1,,量占比與後續報酬的描述性相關；非因果或預測能力，少量樣本不作判斷,描述性關係；尚未扣費用、檢查除權息或做樣本外驗證；不評分、不認定關鍵分點
6196,9211,9200,凱基-台南,sell,5,1,1,11.960132890365438,1.0,11.960132890365438,0.0,2.657807308970095,1,,量占比與後續報酬的描述性相關；非因果或預測能力，少量樣本不作判斷,描述性關係；尚未扣費用、檢查除權息或做樣本外驗證；不評分、不認定關鍵分點
6196,9333,9300,華南永昌-長虹,sell,5,1,1,11.960132890365438,1.0,11.960132890365438,0.0,2.657807308970095,1,,量占比與後續報酬的描述性相關；非因果或預測能力，少量樣本不作判斷,描述性關係；尚未扣費用、檢查除權息或做樣本外驗證；不評分、不認定關鍵分點
6196,9600,9600,富邦證券,buy,5,1,1,11.960132890365438,1.0,11.960132890365438,0.0,2.657807308970095,1,,量占比與後續報酬的描述性相關；非因果或預測能力，少量樣本不作判斷,描述性關係；尚未扣費用、檢查除權息或做樣本外驗證；不評分、不認定關鍵分點
6196,9800,9800,元大證券,buy,5,1,1,11.960132890365438,1.0,11.960132890365438,0.0,2.657807308970095,1,,量占比與後續報酬的描述性相關；非因果或預測能力，少量樣本不作判斷,描述性關係；尚未扣費用、檢查除權息或做樣本外驗證；不評分、不認定關鍵分點
6196,9891,9800,元大-永和,sell,5,1,1,11.960132890365438,1.0,11.960132890365438,0.0,2.657807308970095,1,,量占比與後續報酬的描述性相關；非因果或預測能力，少量樣本不作判斷,描述性關係；尚未扣費用、檢查除權息或做樣本外驗證；不評分、不認定關鍵分點
6203,0035003300380044,5380,第一金-忠孝,sell,5,1,1,-0.6633499170812573,0.0,-0.6633499170812573,0.0,-0.8291873963515717,1,,量占比與後續報酬的描述性相關；非因果或預測能力，少量樣本不作判斷,描述性關係；尚未扣費用、檢查除權息或做樣本外驗證；不評分、不認定關鍵分點
6203,0037003000300046,7000,兆豐-虎尾,sell,5,1,1,-0.6633499170812573,0.0,-0.6633499170812573,0.0,-0.8291873963515717,1,,量占比與後續報酬的描述性相關；非因果或預測能力，少量樣本不作判斷,描述性關係；尚未扣費用、檢查除權息或做樣本外驗證；不評分、不認定關鍵分點
6203,0037003000300073,7000,兆豐-岡山,sell,5,1,1,-0.6633499170812573,0.0,-0.6633499170812573,0.0,-0.8291873963515717,1,,量占比與後續報酬的描述性相關；非因果或預測能力，少量樣本不作判斷,描述性關係；尚未扣費用、檢查除權息或做樣本外驗證；不評分、不認定關鍵分點
6203,003700370039006a,7790,國票-和平,sell,5,1,1,-0.6633499170812573,0.0,-0.6633499170812573,0.0,-0.8291873963515717,1,,量占比與後續報酬的描述性相關；非因果或預測能力，少量樣本不作判斷,描述性關係；尚未扣費用、檢查除權息或做樣本外驗證；不評分、不認定關鍵分點
6203,0039003200300044,9200,凱基-市府,sell,5,1,1,-0.6633499170812573,0.0,-0.6633499170812573,0.0,-0.8291873963515717,1,,量占比與後續報酬的描述性相關；非因果或預測能力，少量樣本不作判斷,描述性關係；尚未扣費用、檢查除權息或做樣本外驗證；不評分、不認定關鍵分點
6203,0039003200310045,9200,凱基-三峽,buy,5,1,1,-0.6633499170812573,0.0,-0.6633499170812573,0.0,-0.8291873963515717,1,,量占比與後續報酬的描述性相關；非因果或預測能力，少量樣本不作判斷,描述性關係；尚未扣費用、檢查除權息或做樣本外驗證；不評分、不認定關鍵分點
6203,0039003800310042,9800,元大-竹北,sell,5,1,1,-0.6633499170812573,0.0,-0.6633499170812573,0.0,-0.8291873963515717,1,,量占比與後續報酬的描述性相關；非因果或預測能力，少量樣本不作判斷,描述性關係；尚未扣費用、檢查除權息或做樣本外驗證；不評分、不認定關鍵分點
6203,003900380031006d,9800,元大-高雄,buy,5,1,1,-0.6633499170812573,0.0,-0.6633499170812573,0.0,-0.8291873963515717,1,,量占比與後續報酬的描述性相關；非因果或預測能力，少量樣本不作判斷,描述性關係；尚未扣費用、檢查除權息或做樣本外驗證；不評分、不認定關鍵分點
6203,0039003800330057,9800,元大-大里德芳,buy,5,1,1,-0.6633499170812573,0.0,-0.6633499170812573,0.0,-0.8291873963515717,1,,量占比與後續報酬的描述性相關；非因果或預測能力，少量樣本不作判斷,描述性關係；尚未扣費用、檢查除權息或做樣本外驗證；不評分、不認定關鍵分點
6203,003900380039004c,9800,元大-成功,sell,5,1,1,-0.6633499170812573,0.0,-0.6633499170812573,0.0,-0.8291873963515717,1,,量占比與後續報酬的描述性相關；非因果或預測能力，少量樣本不作判斷,描述性關係；尚未扣費用、檢查除權息或做樣本外驗證；不評分、不認定關鍵分點
6203,0039004100300030,9A00,永豐金證券,buy,5,1,1,-0.6633499170812573,0.0,-0.6633499170812573,0.0,-0.8291873963515717,1,,量占比與後續報酬的描述性相關；非因果或預測能力，少量樣本不作判斷,描述性關係；尚未扣費用、檢查除權息或做樣本外驗證；不評分、不認定關鍵分點
6203,0039004200320032,9B00,台新-新店,sell,5,1,1,-0.6633499170812573,0.0,-0.6633499170812573,0.0,-0.8291873963515717,1,,量占比與後續報酬的描述性相關；非因果或預測能力，少量樣本不作判斷,描述性關係；尚未扣費用、檢查除權息或做樣本外驗證；不評分、不認定關鍵分點
6203,1440,1440,美林,buy,5,1,1,-0.6633499170812573,0.0,-0.6633499170812573,0.0,-0.8291873963515717,1,,量占比與後續報酬的描述性相關；非因果或預測能力，少量樣本不作判斷,描述性關係；尚未扣費用、檢查除權息或做樣本外驗證；不評分、不認定關鍵分點
6203,1480,1480,美商高盛,buy,5,1,1,-0.6633499170812573,0.0,-0.6633499170812573,0.0,-0.8291873963515717,1,,量占比與後續報酬的描述性相關；非因果或預測能力，少量樣本不作判斷,描述性關係；尚未扣費用、檢查除權息或做樣本外驗證；不評分、不認定關鍵分點
6203,1650,1650,新加坡商瑞銀,buy,5,1,1,-0.6633499170812573,0.0,-0.6633499170812573,0.0,-0.8291873963515717,1,,量占比與後續報酬的描述性相關；非因果或預測能力，少量樣本不作判斷,描述性關係；尚未扣費用、檢查除權息或做樣本外驗證；不評分、不認定關鍵分點
6203,7001,7000,兆豐-嘉義,sell,5,1,1,-0.6633499170812573,0.0,-0.6633499170812573,0.0,-0.8291873963515717,1,,量占比與後續報酬的描述性相關；非因果或預測能力，少量樣本不作判斷,描述性關係；尚未扣費用、檢查除權息或做樣本外驗證；不評分、不認定關鍵分點
6203,7005,7000,兆豐-台中港,sell,5,1,1,-0.6633499170812573,0.0,-0.6633499170812573,0.0,-0.8291873963515717,1,,量占比與後續報酬的描述性相關；非因果或預測能力，少量樣本不作判斷,描述性關係；尚未扣費用、檢查除權息或做樣本外驗證；不評分、不認定關鍵分點
6203,7790,7790,國票證券,sell,5,1,1,-0.6633499170812573,0.0,-0.6633499170812573,0.0,-0.8291873963515717,1,,量占比與後續報酬的描述性相關；非因果或預測能力，少量樣本不作判斷,描述性關係；尚未扣費用、檢查除權息或做樣本外驗證；不評分、不認定關鍵分點
6203,8440,8440,摩根大通,buy,5,1,1,-0.6633499170812573,0.0,-0.6633499170812573,0.0,-0.8291873963515717,1,,量占比與後續報酬的描述性相關；非因果或預測能力，少量樣本不作判斷,描述性關係；尚未扣費用、檢查除權息或做樣本外驗證；不評分、不認定關鍵分點
6203,8562,8560,新光-高雄,buy,5,1,1,-0.6633499170812573,0.0,-0.6633499170812573,0.0,-0.8291873963515717,1,,量占比與後續報酬的描述性相關；非因果或預測能力，少量樣本不作判斷,描述性關係；尚未扣費用、檢查除權息或做樣本外驗證；不評分、不認定關鍵分點
6203,8843,8840,玉山-高雄,buy,5,1,1,-0.6633499170812573,0.0,-0.6633499170812573,0.0,-0.8291873963515717,1,,量占比與後續報酬的描述性相關；非因果或預測能力，少量樣本不作判斷,描述性關係；尚未扣費用、檢查除權息或做樣本外驗證；不評分、不認定關鍵分點
6203,8848,8840,玉山-嘉義,sell,5,1,1,-0.6633499170812573,0.0,-0.6633499170812573,0.0,-0.8291873963515717,1,,量占比與後續報酬的描述性相關；非因果或預測能力，少量樣本不作判斷,描述性關係；尚未扣費用、檢查除權息或做樣本外驗證；不評分、不認定關鍵分點
6203,8888,8880,國泰-敦南,buy,5,1,1,-0.6633499170812573,0.0,-0.6633499170812573,0.0,-0.8291873963515717,1,,量占比與後續報酬的描述性相關；非因果或預測能力，少量樣本不作判斷,描述性關係；尚未扣費用、檢查除權息或做樣本外驗證；不評分、不認定關鍵分點
6203,9231,9200,凱基-員林,buy,5,1,1,-0.6633499170812573,0.0,-0.6633499170812573,0.0,-0.8291873963515717,1,,量占比與後續報酬的描述性相關；非因果或預測能力，少量樣本不作判斷,描述性關係；尚未扣費用、檢查除權息或做樣本外驗證；不評分、不認定關鍵分點
6203,9268,9200,凱基-台北,buy,5,1,1,-0.6633499170812573,0.0,-0.6633499170812573,0.0,-0.8291873963515717,1,,量占比與後續報酬的描述性相關；非因果或預測能力，少量樣本不作判斷,描述性關係；尚未扣費用、檢查除權息或做樣本外驗證；不評分、不認定關鍵分點
6203,9314,9300,華南永昌-嘉義,sell,5,1,1,-0.6633499170812573,0.0,-0.6633499170812573,0.0,-0.8291873963515717,1,,量占比與後續報酬的描述性相關；非因果或預測能力，少量樣本不作判斷,描述性關係；尚未扣費用、檢查除權息或做樣本外驗證；不評分、不認定關鍵分點
6203,9326,9300,華南永昌-南京,buy,5,1,1,-0.6633499170812573,0.0,-0.6633499170812573,0.0,-0.8291873963515717,1,,量占比與後續報酬的描述性相關；非因果或預測能力，少量樣本不作判斷,描述性關係；尚未扣費用、檢查除權息或做樣本外驗證；不評分、不認定關鍵分點
6203,9666,9600,富邦-南屯,buy,5,1,1,-0.6633499170812573,0.0,-0.6633499170812573,0.0,-0.8291873963515717,1,,量占比與後續報酬的描述性相關；非因果或預測能力，少量樣本不作判斷,描述性關係；尚未扣費用、檢查除權息或做樣本外驗證；不評分、不認定關鍵分點
6203,9693,9600,富邦-新營,sell,5,1,1,-0.6633499170812573,0.0,-0.6633499170812573,0.0,-0.8291873963515717,1,,量占比與後續報酬的描述性相關；非因果或預測能力，少量樣本不作判斷,描述性關係；尚未扣費用、檢查除權息或做樣本外驗證；不評分、不認定關鍵分點
6203,9889,9800,元大-員林,sell,5,1,1,-0.6633499170812573,0.0,-0.6633499170812573,0.0,-0.8291873963515717,1,,量占比與後續報酬的描述性相關；非因果或預測能力，少量樣本不作判斷,描述性關係；尚未扣費用、檢查除權息或做樣本外驗證；不評分、不認定關鍵分點
6215,0035003800350045,5850,統一-新營,buy,5,1,1,-3.913491246138001,0.0,-3.913491246138001,0.0,-3.913491246138001,1,,量占比與後續報酬的描述性相關；非因果或預測能力，少量樣本不作判斷,描述性關係；尚未扣費用、檢查除權息或做樣本外驗證；不評分、不認定關鍵分點
6215,0037003000300049,7000,兆豐-北高雄,buy,5,1,1,-3.913491246138001,0.0,-3.913491246138001,0.0,-3.913491246138001,1,,量占比與後續報酬的描述性相關；非因果或預測能力，少量樣本不作判斷,描述性關係；尚未扣費用、檢查除權息或做樣本外驗證；不評分、不認定關鍵分點
6215,0038003800380041,8880,國泰-館前,buy,5,1,1,-3.913491246138001,0.0,-3.913491246138001,0.0,-3.913491246138001,1,,量占比與後續報酬的描述性相關；非因果或預測能力，少量樣本不作判斷,描述性關係；尚未扣費用、檢查除權息或做樣本外驗證；不評分、不認定關鍵分點
6215,0039003100330067,9100,群益金鼎-三重,buy,5,1,1,-3.913491246138001,0.0,-3.913491246138001,0.0,-3.913491246138001,1,,量占比與後續報酬的描述性相關；非因果或預測能力，少量樣本不作判斷,描述性關係；尚未扣費用、檢查除權息或做樣本外驗證；不評分、不認定關鍵分點
6215,0039003600330041,9600,富邦-八德,sell,5,1,1,-3.913491246138001,0.0,-3.913491246138001,0.0,-3.913491246138001,1,,量占比與後續報酬的描述性相關；非因果或預測能力，少量樣本不作判斷,描述性關係；尚未扣費用、檢查除權息或做樣本外驗證；不評分、不認定關鍵分點
6215,0039003800340048,9800,元大-景美,buy,5,1,1,-3.913491246138001,0.0,-3.913491246138001,0.0,-3.913491246138001,1,,量占比與後續報酬的描述性相關；非因果或預測能力，少量樣本不作判斷,描述性關係；尚未扣費用、檢查除權息或做樣本外驗證；不評分、不認定關鍵分點
6215,0039004100390044,9A00,永豐金-忠孝,sell,5,1,1,-3.913491246138001,0.0,-3.913491246138001,0.0,-3.913491246138001,1,,量占比與後續報酬的描述性相關；非因果或預測能力，少量樣本不作判斷,描述性關係；尚未扣費用、檢查除權息或做樣本外驗證；不評分、不認定關鍵分點
6215,0039004100390047,9A00,永豐金-天母,buy,5,1,1,-3.913491246138001,0.0,-3.913491246138001,0.0,-3.913491246138001,1,,量占比與後續報酬的描述性相關；非因果或預測能力，少量樣本不作判斷,描述性關係；尚未扣費用、檢查除權息或做樣本外驗證；不評分、不認定關鍵分點
6215,0039004100390051,9A00,永豐金-豐原,buy,5,1,1,-3.913491246138001,0.0,-3.913491246138001,0.0,-3.913491246138001,1,,量占比與後續報酬的描述性相關；非因果或預測能力，少量樣本不作判斷,描述性關係；尚未扣費用、檢查除權息或做樣本外驗證；不評分、不認定關鍵分點
6215,0039004100390053,9A00,永豐金-南京,sell,5,1,1,-3.913491246138001,0.0,-3.913491246138001,0.0,-3.913491246138001,1,,量占比與後續報酬的描述性相關；非因果或預測能力，少量樣本不作判斷,描述性關係；尚未扣費用、檢查除權息或做樣本外驗證；不評分、不認定關鍵分點
6215,0039004200320048,9B00,台新-信義,sell,5,1,1,-3.913491246138001,0.0,-3.913491246138001,0.0,-3.913491246138001,1,,量占比與後續報酬的描述性相關；非因果或預測能力，少量樣本不作判斷,描述性關係；尚未扣費用、檢查除權息或做樣本外驗證；不評分、不認定關鍵分點
6215,0039004200320062,9B00,台新-板橋,buy,5,1,1,-3.913491246138001,0.0,-3.913491246138001,0.0,-3.913491246138001,1,,量占比與後續報酬的描述性相關；非因果或預測能力，少量樣本不作判斷,描述性關係；尚未扣費用、檢查除權息或做樣本外驗證；不評分、不認定關鍵分點
6215,1470,1470,台灣摩根士丹利,sell,5,1,1,-3.913491246138001,0.0,-3.913491246138001,0.0,-3.913491246138001,1,,量占比與後續報酬的描述性相關；非因果或預測能力，少量樣本不作判斷,描述性關係；尚未扣費用、檢查除權息或做樣本外驗證；不評分、不認定關鍵分點
6215,1480,1480,美商高盛,buy,5,1,1,-3.913491246138001,0.0,-3.913491246138001,0.0,-3.913491246138001,1,,量占比與後續報酬的描述性相關；非因果或預測能力，少量樣本不作判斷,描述性關係；尚未扣費用、檢查除權息或做樣本外驗證；不評分、不認定關鍵分點
6215,1560,1560,港商野村,sell,5,1,1,-3.913491246138001,0.0,-3.913491246138001,0.0,-3.913491246138001,1,,量占比與後續報酬的描述性相關；非因果或預測能力，少量樣本不作判斷,描述性關係；尚未扣費用、檢查除權息或做樣本外驗證；不評分、不認定關鍵分點
6215,1590,1590,花旗環球,sell,5,1,1,-3.913491246138001,0.0,-3.913491246138001,0.0,-3.913491246138001,1,,量占比與後續報酬的描述性相關；非因果或預測能力，少量樣本不作判斷,描述性關係；尚未扣費用、檢查除權息或做樣本外驗證；不評分、不認定關鍵分點
6215,1650,1650,新加坡商瑞銀,sell,5,1,1,-3.913491246138001,0.0,-3.913491246138001,0.0,-3.913491246138001,1,,量占比與後續報酬的描述性相關；非因果或預測能力，少量樣本不作判斷,描述性關係；尚未扣費用、檢查除權息或做樣本外驗證；不評分、不認定關鍵分點
6215,5320,5320,高橋,sell,5,1,1,-3.913491246138001,0.0,-3.913491246138001,0.0,-3.913491246138001,1,,量占比與後續報酬的描述性相關；非因果或預測能力，少量樣本不作判斷,描述性關係；尚未扣費用、檢查除權息或做樣本外驗證；不評分、不認定關鍵分點
6215,6464,6460,大昌-新店,buy,5,1,1,-3.913491246138001,0.0,-3.913491246138001,0.0,-3.913491246138001,1,,量占比與後續報酬的描述性相關；非因果或預測能力，少量樣本不作判斷,描述性關係；尚未扣費用、檢查除權息或做樣本外驗證；不評分、不認定關鍵分點
6215,7038,7030,致和-南京,buy,5,1,1,-3.913491246138001,0.0,-3.913491246138001,0.0,-3.913491246138001,1,,量占比與後續報酬的描述性相關；非因果或預測能力，少量樣本不作判斷,描述性關係；尚未扣費用、檢查除權息或做樣本外驗證；不評分、不認定關鍵分點
6215,8440,8440,摩根大通,sell,5,1,1,-3.913491246138001,0.0,-3.913491246138001,0.0,-3.913491246138001,1,,量占比與後續報酬的描述性相關；非因果或預測能力，少量樣本不作判斷,描述性關係；尚未扣費用、檢查除權息或做樣本外驗證；不評分、不認定關鍵分點
6215,8560,8560,新光,sell,5,1,1,-3.913491246138001,0.0,-3.913491246138001,0.0,-3.913491246138001,1,,量占比與後續報酬的描述性相關；非因果或預測能力，少量樣本不作判斷,描述性關係；尚未扣費用、檢查除權息或做樣本外驗證；不評分、不認定關鍵分點
6215,8888,8880,國泰-敦南,buy,5,1,1,-3.913491246138001,0.0,-3.913491246138001,0.0,-3.913491246138001,1,,量占比與後續報酬的描述性相關；非因果或預測能力，少量樣本不作判斷,描述性關係；尚未扣費用、檢查除權息或做樣本外驗證；不評分、不認定關鍵分點
6215,9257,9200,凱基-林口,sell,5,1,1,-3.913491246138001,0.0,-3.913491246138001,0.0,-3.913491246138001,1,,量占比與後續報酬的描述性相關；非因果或預測能力，少量樣本不作判斷,描述性關係；尚未扣費用、檢查除權息或做樣本外驗證；不評分、不認定關鍵分點
6215,9268,9200,凱基-台北,sell,5,1,1,-3.913491246138001,0.0,-3.913491246138001,0.0,-3.913491246138001,1,,量占比與後續報酬的描述性相關；非因果或預測能力，少量樣本不作判斷,描述性關係；尚未扣費用、檢查除權息或做樣本外驗證；不評分、不認定關鍵分點
6215,9676,9600,富邦-仁愛,sell,5,1,1,-3.913491246138001,0.0,-3.913491246138001,0.0,-3.913491246138001,1,,量占比與後續報酬的描述性相關；非因果或預測能力，少量樣本不作判斷,描述性關係；尚未扣費用、檢查除權息或做樣本外驗證；不評分、不認定關鍵分點
6215,9800,9800,元大證券,sell,5,1,1,-3.913491246138001,0.0,-3.913491246138001,0.0,-3.913491246138001,1,,量占比與後續報酬的描述性相關；非因果或預測能力，少量樣本不作判斷,描述性關係；尚未扣費用、檢查除權息或做樣本外驗證；不評分、不認定關鍵分點
6215,9813,9800,元大-中崙,buy,5,1,1,-3.913491246138001,0.0,-3.913491246138001,0.0,-3.913491246138001,1,,量占比與後續報酬的描述性相關；非因果或預測能力，少量樣本不作判斷,描述性關係；尚未扣費用、檢查除權息或做樣本外驗證；不評分、不認定關鍵分點
6215,9859,9800,元大-新竹經國,buy,5,1,1,-3.913491246138001,0.0,-3.913491246138001,0.0,-3.913491246138001,1,,量占比與後續報酬的描述性相關；非因果或預測能力，少量樣本不作判斷,描述性關係；尚未扣費用、檢查除權息或做樣本外驗證；不評分、不認定關鍵分點
6215,9896,9800,元大-台南,buy,5,1,1,-3.913491246138001,0.0,-3.913491246138001,0.0,-3.913491246138001,1,,量占比與後續報酬的描述性相關；非因果或預測能力，少量樣本不作判斷,描述性關係；尚未扣費用、檢查除權息或做樣本外驗證；不評分、不認定關鍵分點
6223,0037003700390063,7790,國票-敦北法人,sell,5,1,1,10.834990059642147,1.0,10.834990059642147,0.0,5.566600397614319,1,,量占比與後續報酬的描述性相關；非因果或預測能力，少量樣本不作判斷,描述性關係；尚未扣費用、檢查除權息或做樣本外驗證；不評分、不認定關鍵分點
6223,0038003400350044,8450,康和-板橋,sell,5,1,1,10.834990059642147,1.0,10.834990059642147,0.0,5.566600397614319,1,,量占比與後續報酬的描述性相關；非因果或預測能力，少量樣本不作判斷,描述性關係；尚未扣費用、檢查除權息或做樣本外驗證；不評分、不認定關鍵分點
6223,0039003100380067,9100,群益金鼎-大甲,sell,5,1,1,10.834990059642147,1.0,10.834990059642147,0.0,5.566600397614319,1,,量占比與後續報酬的描述性相關；非因果或預測能力，少量樣本不作判斷,描述性關係；尚未扣費用、檢查除權息或做樣本外驗證；不評分、不認定關鍵分點
6223,0039003800310042,9800,元大-竹北,buy,5,1,1,10.834990059642147,1.0,10.834990059642147,0.0,5.566600397614319,1,,量占比與後續報酬的描述性相關；非因果或預測能力，少量樣本不作判斷,描述性關係；尚未扣費用、檢查除權息或做樣本外驗證；不評分、不認定關鍵分點
6223,0039003800390058,9800,元大-民生三民,buy,5,1,1,10.834990059642147,1.0,10.834990059642147,0.0,5.566600397614319,1,,量占比與後續報酬的描述性相關；非因果或預測能力，少量樣本不作判斷,描述性關係；尚未扣費用、檢查除權息或做樣本外驗證；不評分、不認定關鍵分點
6223,0039004100300030,9A00,永豐金證券,sell,5,1,1,10.834990059642147,1.0,10.834990059642147,0.0,5.566600397614319,1,,量占比與後續報酬的描述性相關；非因果或預測能力，少量樣本不作判斷,描述性關係；尚未扣費用、檢查除權息或做樣本外驗證；不評分、不認定關鍵分點
6223,0039004200310068,9B00,台新-台中,buy,5,1,1,10.834990059642147,1.0,10.834990059642147,0.0,5.566600397614319,1,,量占比與後續報酬的描述性相關；非因果或預測能力，少量樣本不作判斷,描述性關係；尚未扣費用、檢查除權息或做樣本外驗證；不評分、不認定關鍵分點
6223,1040,1040,臺銀,sell,5,1,1,10.834990059642147,1.0,10.834990059642147,0.0,5.566600397614319,1,,量占比與後續報酬的描述性相關；非因果或預測能力，少量樣本不作判斷,描述性關係；尚未扣費用、檢查除權息或做樣本外驗證；不評分、不認定關鍵分點
6223,1440,1440,美林,buy,5,1,1,10.834990059642147,1.0,10.834990059642147,0.0,5.566600397614319,1,,量占比與後續報酬的描述性相關；非因果或預測能力，少量樣本不作判斷,描述性關係；尚未扣費用、檢查除權息或做樣本外驗證；不評分、不認定關鍵分點
6223,1470,1470,台灣摩根士丹利,buy,5,1,1,10.834990059642147,1.0,10.834990059642147,0.0,5.566600397614319,1,,量占比與後續報酬的描述性相關；非因果或預測能力，少量樣本不作判斷,描述性關係；尚未扣費用、檢查除權息或做樣本外驗證；不評分、不認定關鍵分點
6223,1480,1480,美商高盛,buy,5,1,1,10.834990059642147,1.0,10.834990059642147,0.0,5.566600397614319,1,,量占比與後續報酬的描述性相關；非因果或預測能力，少量樣本不作判斷,描述性關係；尚未扣費用、檢查除權息或做樣本外驗證；不評分、不認定關鍵分點
6223,1560,1560,港商野村,buy,5,1,1,10.834990059642147,1.0,10.834990059642147,0.0,5.566600397614319,1,,量占比與後續報酬的描述性相關；非因果或預測能力，少量樣本不作判斷,描述性關係；尚未扣費用、檢查除權息或做樣本外驗證；不評分、不認定關鍵分點
6223,1590,1590,花旗環球,sell,5,1,1,10.834990059642147,1.0,10.834990059642147,0.0,5.566600397614319,1,,量占比與後續報酬的描述性相關；非因果或預測能力，少量樣本不作判斷,描述性關係；尚未扣費用、檢查除權息或做樣本外驗證；不評分、不認定關鍵分點
6223,1650,1650,新加坡商瑞銀,buy,5,1,1,10.834990059642147,1.0,10.834990059642147,0.0,5.566600397614319,1,,量占比與後續報酬的描述性相關；非因果或預測能力，少量樣本不作判斷,描述性關係；尚未扣費用、檢查除權息或做樣本外驗證；不評分、不認定關鍵分點
6223,5380,5380,第一金,sell,5,1,1,10.834990059642147,1.0,10.834990059642147,0.0,5.566600397614319,1,,量占比與後續報酬的描述性相關；非因果或預測能力，少量樣本不作判斷,描述性關係；尚未扣費用、檢查除權息或做樣本外驗證；不評分、不認定關鍵分點
6223,5850,5850,統一,sell,5,1,1,10.834990059642147,1.0,10.834990059642147,0.0,5.566600397614319,1,,量占比與後續報酬的描述性相關；非因果或預測能力，少量樣本不作判斷,描述性關係；尚未扣費用、檢查除權息或做樣本外驗證；不評分、不認定關鍵分點
6223,6160,6160,中國信託,buy,5,1,1,10.834990059642147,1.0,10.834990059642147,0.0,5.566600397614319,1,,量占比與後續報酬的描述性相關；非因果或預測能力，少量樣本不作判斷,描述性關係；尚未扣費用、檢查除權息或做樣本外驗證；不評分、不認定關鍵分點
6223,7000,7000,兆豐證券,sell,5,1,1,10.834990059642147,1.0,10.834990059642147,0.0,5.566600397614319,1,,量占比與後續報酬的描述性相關；非因果或預測能力，少量樣本不作判斷,描述性關係；尚未扣費用、檢查除權息或做樣本外驗證；不評分、不認定關鍵分點
6223,8440,8440,摩根大通,buy,5,1,1,10.834990059642147,1.0,10.834990059642147,0.0,5.566600397614319,1,,量占比與後續報酬的描述性相關；非因果或預測能力，少量樣本不作判斷,描述性關係；尚未扣費用、檢查除權息或做樣本外驗證；不評分、不認定關鍵分點
6223,8450,8450,康和,sell,5,1,1,10.834990059642147,1.0,10.834990059642147,0.0,5.566600397614319,1,,量占比與後續報酬的描述性相關；非因果或預測能力，少量樣本不作判斷,描述性關係；尚未扣費用、檢查除權息或做樣本外驗證；不評分、不認定關鍵分點
6223,8560,8560,新光,buy,5,1,1,10.834990059642147,1.0,10.834990059642147,0.0,5.566600397614319,1,,量占比與後續報酬的描述性相關；非因果或預測能力，少量樣本不作判斷,描述性關係；尚未扣費用、檢查除權息或做樣本外驗證；不評分、不認定關鍵分點
6223,8880,8880,國泰證券,sell,5,1,1,10.834990059642147,1.0,10.834990059642147,0.0,5.566600397614319,1,,量占比與後續報酬的描述性相關；非因果或預測能力，少量樣本不作判斷,描述性關係；尚未扣費用、檢查除權息或做樣本外驗證；不評分、不認定關鍵分點
6223,8888,8880,國泰-敦南,buy,5,1,1,10.834990059642147,1.0,10.834990059642147,0.0,5.566600397614319,1,,量占比與後續報酬的描述性相關；非因果或預測能力，少量樣本不作判斷,描述性關係；尚未扣費用、檢查除權息或做樣本外驗證；不評分、不認定關鍵分點
6223,9100,9100,群益金鼎,sell,5,1,1,10.834990059642147,1.0,10.834990059642147,0.0,5.566600397614319,1,,量占比與後續報酬的描述性相關；非因果或預測能力，少量樣本不作判斷,描述性關係；尚未扣費用、檢查除權息或做樣本外驗證；不評分、不認定關鍵分點
6223,9200,9200,凱基,sell,5,1,1,10.834990059642147,1.0,10.834990059642147,0.0,5.566600397614319,1,,量占比與後續報酬的描述性相關；非因果或預測能力，少量樣本不作判斷,描述性關係；尚未扣費用、檢查除權息或做樣本外驗證；不評分、不認定關鍵分點
6223,9268,9200,凱基-台北,buy,5,1,1,10.834990059642147,1.0,10.834990059642147,0.0,5.566600397614319,1,,量占比與後續報酬的描述性相關；非因果或預測能力，少量樣本不作判斷,描述性關係；尚未扣費用、檢查除權息或做樣本外驗證；不評分、不認定關鍵分點
6223,9624,9600,富邦-竹北,buy,5,1,1,10.834990059642147,1.0,10.834990059642147,0.0,5.566600397614319,1,,量占比與後續報酬的描述性相關；非因果或預測能力，少量樣本不作判斷,描述性關係；尚未扣費用、檢查除權息或做樣本外驗證；不評分、不認定關鍵分點
6223,9663,9600,富邦-敦南,buy,5,1,1,10.834990059642147,1.0,10.834990059642147,0.0,5.566600397614319,1,,量占比與後續報酬的描述性相關；非因果或預測能力，少量樣本不作判斷,描述性關係；尚未扣費用、檢查除權息或做樣本外驗證；不評分、不認定關鍵分點
6223,9800,9800,元大證券,sell,5,1,1,10.834990059642147,1.0,10.834990059642147,0.0,5.566600397614319,1,,量占比與後續報酬的描述性相關；非因果或預測能力，少量樣本不作判斷,描述性關係；尚未扣費用、檢查除權息或做樣本外驗證；不評分、不認定關鍵分點
6223,9862,9800,元大-南京,sell,5,1,1,10.834990059642147,1.0,10.834990059642147,0.0,5.566600397614319,1,,量占比與後續報酬的描述性相關；非因果或預測能力，少量樣本不作判斷,描述性關係；尚未扣費用、檢查除權息或做樣本外驗證；不評分、不認定關鍵分點
6230,0031003000320046,1020,合庫-西台中,sell,5,1,1,4.054054054054057,1.0,4.054054054054057,0.0,0.45045045045044585,1,,量占比與後續報酬的描述性相關；非因果或預測能力，少量樣本不作判斷,描述性關係；尚未扣費用、檢查除權息或做樣本外驗證；不評分、不認定關鍵分點
6230,0031003200360044,1260,宏遠-台南,sell,5,1,1,4.054054054054057,1.0,4.054054054054057,0.0,0.45045045045044585,1,,量占比與後續報酬的描述性相關；非因果或預測能力，少量樣本不作判斷,描述性關係；尚未扣費用、檢查除權息或做樣本外驗證；不評分、不認定關鍵分點
6230,0031003200360048,1260,宏遠-中和,buy,5,1,1,4.054054054054057,1.0,4.054054054054057,0.0,0.45045045045044585,1,,量占比與後續報酬的描述性相關；非因果或預測能力，少量樣本不作判斷,描述性關係；尚未扣費用、檢查除權息或做樣本外驗證；不評分、不認定關鍵分點
6230,0031003200360058,1260,宏遠-新化,sell,5,1,1,4.054054054054057,1.0,4.054054054054057,0.0,0.45045045045044585,1,,量占比與後續報酬的描述性相關；非因果或預測能力，少量樣本不作判斷,描述性關係；尚未扣費用、檢查除權息或做樣本外驗證；不評分、不認定關鍵分點
6230,0035003300380050,5380,第一金-路竹,buy,5,1,1,4.054054054054057,1.0,4.054054054054057,0.0,0.45045045045044585,1,,量占比與後續報酬的描述性相關；非因果或預測能力，少量樣本不作判斷,描述性關係；尚未扣費用、檢查除權息或做樣本外驗證；不評分、不認定關鍵分點
6230,0035003800350055,5850,統一-南京,buy,5,1,1,4.054054054054057,1.0,4.054054054054057,0.0,0.45045045045044585,1,,量占比與後續報酬的描述性相關；非因果或預測能力，少量樣本不作判斷,描述性關係；尚未扣費用、檢查除權息或做樣本外驗證；不評分、不認定關鍵分點
6230,003600310036004b,6160,中國信託-高雄,sell,5,1,1,4.054054054054057,1.0,4.054054054054057,0.0,0.45045045045044585,1,,量占比與後續報酬的描述性相關；非因果或預測能力，少量樣本不作判斷,描述性關係；尚未扣費用、檢查除權息或做樣本外驗證；不評分、不認定關鍵分點
6230,0036003300380044,6380,光和-高雄,sell,5,1,1,4.054054054054057,1.0,4.054054054054057,0.0,0.45045045045044585,1,,量占比與後續報酬的描述性相關；非因果或預測能力，少量樣本不作判斷,描述性關係；尚未扣費用、檢查除權息或做樣本外驗證；不評分、不認定關鍵分點
6230,003700370039005a,7790,國票-安和,buy,5,1,1,4.054054054054057,1.0,4.054054054054057,0.0,0.45045045045044585,1,,量占比與後續報酬的描述性相關；非因果或預測能力，少量樣本不作判斷,描述性關係；尚未扣費用、檢查除權息或做樣本外驗證；不評分、不認定關鍵分點
6230,0038003400350044,8450,康和-板橋,sell,5,1,1,4.054054054054057,1.0,4.054054054054057,0.0,0.45045045045044585,1,,量占比與後續報酬的描述性相關；非因果或預測能力，少量樣本不作判斷,描述性關係；尚未扣費用、檢查除權息或做樣本外驗證；不評分、不認定關鍵分點
6230,0039003200320043,9200,凱基-屏東,sell,5,1,1,4.054054054054057,1.0,4.054054054054057,0.0,0.45045045045044585,1,,量占比與後續報酬的描述性相關；非因果或預測能力，少量樣本不作判斷,描述性關係；尚未扣費用、檢查除權息或做樣本外驗證；不評分、不認定關鍵分點
6230,0039003600360046,9600,富邦-左營,buy,5,1,1,4.054054054054057,1.0,4.054054054054057,0.0,0.45045045045044585,1,,量占比與後續報酬的描述性相關；非因果或預測能力，少量樣本不作判斷,描述性關係；尚未扣費用、檢查除權息或做樣本外驗證；不評分、不認定關鍵分點
6230,0039004200320059,9B00,台新-埔里,sell,5,1,1,4.054054054054057,1.0,4.054054054054057,0.0,0.45045045045044585,1,,量占比與後續報酬的描述性相關；非因果或預測能力，少量樣本不作判斷,描述性關係；尚未扣費用、檢查除權息或做樣本外驗證；不評分、不認定關鍵分點
6230,1030,1030,土銀,buy,5,1,1,4.054054054054057,1.0,4.054054054054057,0.0,0.45045045045044585,1,,量占比與後續報酬的描述性相關；非因果或預測能力，少量樣本不作判斷,描述性關係；尚未扣費用、檢查除權息或做樣本外驗證；不評分、不認定關鍵分點
6230,1470,1470,台灣摩根士丹利,buy,5,1,1,4.054054054054057,1.0,4.054054054054057,0.0,0.45045045045044585,1,,量占比與後續報酬的描述性相關；非因果或預測能力，少量樣本不作判斷,描述性關係；尚未扣費用、檢查除權息或做樣本外驗證；不評分、不認定關鍵分點
6230,1480,1480,美商高盛,buy,5,1,1,4.054054054054057,1.0,4.054054054054057,0.0,0.45045045045044585,1,,量占比與後續報酬的描述性相關；非因果或預測能力，少量樣本不作判斷,描述性關係；尚未扣費用、檢查除權息或做樣本外驗證；不評分、不認定關鍵分點
6230,1590,1590,花旗環球,buy,5,1,1,4.054054054054057,1.0,4.054054054054057,0.0,0.45045045045044585,1,,量占比與後續報酬的描述性相關；非因果或預測能力，少量樣本不作判斷,描述性關係；尚未扣費用、檢查除權息或做樣本外驗證；不評分、不認定關鍵分點
6230,6465,6460,大昌-桃園,sell,5,1,1,4.054054054054057,1.0,4.054054054054057,0.0,0.45045045045044585,1,,量占比與後續報酬的描述性相關；非因果或預測能力，少量樣本不作判斷,描述性關係；尚未扣費用、檢查除權息或做樣本外驗證；不評分、不認定關鍵分點
6230,7790,7790,國票證券,sell,5,1,1,4.054054054054057,1.0,4.054054054054057,0.0,0.45045045045044585,1,,量占比與後續報酬的描述性相關；非因果或預測能力，少量樣本不作判斷,描述性關係；尚未扣費用、檢查除權息或做樣本外驗證；不評分、不認定關鍵分點
6230,8440,8440,摩根大通,buy,5,1,1,4.054054054054057,1.0,4.054054054054057,0.0,0.45045045045044585,1,,量占比與後續報酬的描述性相關；非因果或預測能力，少量樣本不作判斷,描述性關係；尚未扣費用、檢查除權息或做樣本外驗證；不評分、不認定關鍵分點
6230,8562,8560,新光-高雄,buy,5,1,1,4.054054054054057,1.0,4.054054054054057,0.0,0.45045045045044585,1,,量占比與後續報酬的描述性相關；非因果或預測能力，少量樣本不作判斷,描述性關係；尚未扣費用、檢查除權息或做樣本外驗證；不評分、不認定關鍵分點
6230,8888,8880,國泰-敦南,sell,5,1,1,4.054054054054057,1.0,4.054054054054057,0.0,0.45045045045044585,1,,量占比與後續報酬的描述性相關；非因果或預測能力，少量樣本不作判斷,描述性關係；尚未扣費用、檢查除權息或做樣本外驗證；不評分、不認定關鍵分點
6230,9103,9100,群益金鼎-松山,sell,5,1,1,4.054054054054057,1.0,4.054054054054057,0.0,0.45045045045044585,1,,量占比與後續報酬的描述性相關；非因果或預測能力，少量樣本不作判斷,描述性關係；尚未扣費用、檢查除權息或做樣本外驗證；不評分、不認定關鍵分點
6230,9131,9100,群益金鼎-民權,buy,5,1,1,4.054054054054057,1.0,4.054054054054057,0.0,0.45045045045044585,1,,量占比與後續報酬的描述性相關；非因果或預測能力，少量樣本不作判斷,描述性關係；尚未扣費用、檢查除權息或做樣本外驗證；不評分、不認定關鍵分點
6230,9211,9200,凱基-台南,sell,5,1,1,4.054054054054057,1.0,4.054054054054057,0.0,0.45045045045044585,1,,量占比與後續報酬的描述性相關；非因果或預測能力，少量樣本不作判斷,描述性關係；尚未扣費用、檢查除權息或做樣本外驗證；不評分、不認定關鍵分點
6230,9268,9200,凱基-台北,buy,5,1,1,4.054054054054057,1.0,4.054054054054057,0.0,0.45045045045044585,1,,量占比與後續報酬的描述性相關；非因果或預測能力，少量樣本不作判斷,描述性關係；尚未扣費用、檢查除權息或做樣本外驗證；不評分、不認定關鍵分點
6230,9302,9300,華南永昌-台中,sell,5,1,1,4.054054054054057,1.0,4.054054054054057,0.0,0.45045045045044585,1,,量占比與後續報酬的描述性相關；非因果或預測能力，少量樣本不作判斷,描述性關係；尚未扣費用、檢查除權息或做樣本外驗證；不評分、不認定關鍵分點
6230,9332,9300,華南永昌-楠梓,buy,5,1,1,4.054054054054057,1.0,4.054054054054057,0.0,0.45045045045044585,1,,量占比與後續報酬的描述性相關；非因果或預測能力，少量樣本不作判斷,描述性關係；尚未扣費用、檢查除權息或做樣本外驗證；不評分、不認定關鍵分點
6230,9334,9300,華南永昌-世貿,sell,5,1,1,4.054054054054057,1.0,4.054054054054057,0.0,0.45045045045044585,1,,量占比與後續報酬的描述性相關；非因果或預測能力，少量樣本不作判斷,描述性關係；尚未扣費用、檢查除權息或做樣本外驗證；不評分、不認定關鍵分點
6230,9898,9800,元大-新莊,buy,5,1,1,4.054054054054057,1.0,4.054054054054057,0.0,0.45045045045044585,1,,量占比與後續報酬的描述性相關；非因果或預測能力，少量樣本不作判斷,描述性關係；尚未扣費用、檢查除權息或做樣本外驗證；不評分、不認定關鍵分點
6239,0039003200300044,9200,凱基-市府,buy,5,1,1,5.2991452991453025,1.0,5.2991452991453025,0.0,1.7094017094017033,1,,量占比與後續報酬的描述性相關；非因果或預測能力，少量樣本不作判斷,描述性關係；尚未扣費用、檢查除權息或做樣本外驗證；不評分、不認定關鍵分點
6239,0039003600310043,9600,富邦-南京,buy,5,1,1,5.2991452991453025,1.0,5.2991452991453025,0.0,1.7094017094017033,1,,量占比與後續報酬的描述性相關；非因果或預測能力，少量樣本不作判斷,描述性關係；尚未扣費用、檢查除權息或做樣本外驗證；不評分、不認定關鍵分點
6239,0039003800310058,9800,元大-新生,sell,5,1,1,5.2991452991453025,1.0,5.2991452991453025,0.0,1.7094017094017033,1,,量占比與後續報酬的描述性相關；非因果或預測能力，少量樣本不作判斷,描述性關係；尚未扣費用、檢查除權息或做樣本外驗證；不評分、不認定關鍵分點
6239,003900380031006d,9800,元大-高雄,buy,5,1,1,5.2991452991453025,1.0,5.2991452991453025,0.0,1.7094017094017033,1,,量占比與後續報酬的描述性相關；非因果或預測能力，少量樣本不作判斷,描述性關係；尚未扣費用、檢查除權息或做樣本外驗證；不評分、不認定關鍵分點
6239,003900380039006a,9800,元大-樹林,buy,5,1,1,5.2991452991453025,1.0,5.2991452991453025,0.0,1.7094017094017033,1,,量占比與後續報酬的描述性相關；非因果或預測能力，少量樣本不作判斷,描述性關係；尚未扣費用、檢查除權息或做樣本外驗證；不評分、不認定關鍵分點
6239,0039004100300030,9A00,永豐金證券,sell,5,1,1,5.2991452991453025,1.0,5.2991452991453025,0.0,1.7094017094017033,1,,量占比與後續報酬的描述性相關；非因果或預測能力，少量樣本不作判斷,描述性關係；尚未扣費用、檢查除權息或做樣本外驗證；不評分、不認定關鍵分點
6239,0039004100390050,9A00,永豐金-竹北,sell,5,1,1,5.2991452991453025,1.0,5.2991452991453025,0.0,1.7094017094017033,1,,量占比與後續報酬的描述性相關；非因果或預測能力，少量樣本不作判斷,描述性關係；尚未扣費用、檢查除權息或做樣本外驗證；不評分、不認定關鍵分點
6239,0039004100390053,9A00,永豐金-南京,buy,5,1,1,5.2991452991453025,1.0,5.2991452991453025,0.0,1.7094017094017033,1,,量占比與後續報酬的描述性相關；非因果或預測能力，少量樣本不作判斷,描述性關係；尚未扣費用、檢查除權息或做樣本外驗證；不評分、不認定關鍵分點
6239,0039004200300030,9B00,台新,buy,5,1,1,5.2991452991453025,1.0,5.2991452991453025,0.0,1.7094017094017033,1,,量占比與後續報酬的描述性相關；非因果或預測能力，少量樣本不作判斷,描述性關係；尚未扣費用、檢查除權息或做樣本外驗證；不評分、不認定關鍵分點
6239,1440,1440,美林,sell,5,1,1,5.2991452991453025,1.0,5.2991452991453025,0.0,1.7094017094017033,1,,量占比與後續報酬的描述性相關；非因果或預測能力，少量樣本不作判斷,描述性關係；尚未扣費用、檢查除權息或做樣本外驗證；不評分、不認定關鍵分點
6239,1470,1470,台灣摩根士丹利,buy,5,1,1,5.2991452991453025,1.0,5.2991452991453025,0.0,1.7094017094017033,1,,量占比與後續報酬的描述性相關；非因果或預測能力，少量樣本不作判斷,描述性關係；尚未扣費用、檢查除權息或做樣本外驗證；不評分、不認定關鍵分點
6239,1480,1480,美商高盛,buy,5,1,1,5.2991452991453025,1.0,5.2991452991453025,0.0,1.7094017094017033,1,,量占比與後續報酬的描述性相關；非因果或預測能力，少量樣本不作判斷,描述性關係；尚未扣費用、檢查除權息或做樣本外驗證；不評分、不認定關鍵分點
6239,1650,1650,新加坡商瑞銀,sell,5,1,1,5.2991452991453025,1.0,5.2991452991453025,0.0,1.7094017094017033,1,,量占比與後續報酬的描述性相關；非因果或預測能力，少量樣本不作判斷,描述性關係；尚未扣費用、檢查除權息或做樣本外驗證；不評分、不認定關鍵分點
6239,5852,5850,統一-敦南,buy,5,1,1,5.2991452991453025,1.0,5.2991452991453025,0.0,1.7094017094017033,1,,量占比與後續報酬的描述性相關；非因果或預測能力，少量樣本不作判斷,描述性關係；尚未扣費用、檢查除權息或做樣本外驗證；不評分、不認定關鍵分點
6239,8440,8440,摩根大通,sell,5,1,1,5.2991452991453025,1.0,5.2991452991453025,0.0,1.7094017094017033,1,,量占比與後續報酬的描述性相關；非因果或預測能力，少量樣本不作判斷,描述性關係；尚未扣費用、檢查除權息或做樣本外驗證；不評分、不認定關鍵分點
6239,8562,8560,新光-高雄,sell,5,1,1,5.2991452991453025,1.0,5.2991452991453025,0.0,1.7094017094017033,1,,量占比與後續報酬的描述性相關；非因果或預測能力，少量樣本不作判斷,描述性關係；尚未扣費用、檢查除權息或做樣本外驗證；不評分、不認定關鍵分點
6239,8880,8880,國泰證券,sell,5,1,1,5.2991452991453025,1.0,5.2991452991453025,0.0,1.7094017094017033,1,,量占比與後續報酬的描述性相關；非因果或預測能力，少量樣本不作判斷,描述性關係；尚未扣費用、檢查除權息或做樣本外驗證；不評分、不認定關鍵分點
6239,8890,8890,大和國泰,sell,5,1,1,5.2991452991453025,1.0,5.2991452991453025,0.0,1.7094017094017033,1,,量占比與後續報酬的描述性相關；非因果或預測能力，少量樣本不作判斷,描述性關係；尚未扣費用、檢查除權息或做樣本外驗證；不評分、不認定關鍵分點
6239,8900,8900,法銀巴黎,buy,5,1,1,5.2991452991453025,1.0,5.2991452991453025,0.0,1.7094017094017033,1,,量占比與後續報酬的描述性相關；非因果或預測能力，少量樣本不作判斷,描述性關係；尚未扣費用、檢查除權息或做樣本外驗證；不評分、不認定關鍵分點
6239,9100,9100,群益金鼎,buy,5,1,1,5.2991452991453025,1.0,5.2991452991453025,0.0,1.7094017094017033,1,,量占比與後續報酬的描述性相關；非因果或預測能力，少量樣本不作判斷,描述性關係；尚未扣費用、檢查除權息或做樣本外驗證；不評分、不認定關鍵分點
6239,9200,9200,凱基,sell,5,1,1,5.2991452991453025,1.0,5.2991452991453025,0.0,1.7094017094017033,1,,量占比與後續報酬的描述性相關；非因果或預測能力，少量樣本不作判斷,描述性關係；尚未扣費用、檢查除權息或做樣本外驗證；不評分、不認定關鍵分點
6239,9216,9200,凱基-信義,sell,5,1,1,5.2991452991453025,1.0,5.2991452991453025,0.0,1.7094017094017033,1,,量占比與後續報酬的描述性相關；非因果或預測能力，少量樣本不作判斷,描述性關係；尚未扣費用、檢查除權息或做樣本外驗證；不評分、不認定關鍵分點
6239,9268,9200,凱基-台北,sell,5,1,1,5.2991452991453025,1.0,5.2991452991453025,0.0,1.7094017094017033,1,,量占比與後續報酬的描述性相關；非因果或預測能力，少量樣本不作判斷,描述性關係；尚未扣費用、檢查除權息或做樣本外驗證；不評分、不認定關鍵分點
6239,9600,9600,富邦證券,buy,5,1,1,5.2991452991453025,1.0,5.2991452991453025,0.0,1.7094017094017033,1,,量占比與後續報酬的描述性相關；非因果或預測能力，少量樣本不作判斷,描述性關係；尚未扣費用、檢查除權息或做樣本外驗證；不評分、不認定關鍵分點
6239,9623,9600,富邦-台北,sell,5,1,1,5.2991452991453025,1.0,5.2991452991453025,0.0,1.7094017094017033,1,,量占比與後續報酬的描述性相關；非因果或預測能力，少量樣本不作判斷,描述性關係；尚未扣費用、檢查除權息或做樣本外驗證；不評分、不認定關鍵分點
6239,9676,9600,富邦-仁愛,buy,5,1,1,5.2991452991453025,1.0,5.2991452991453025,0.0,1.7094017094017033,1,,量占比與後續報酬的描述性相關；非因果或預測能力，少量樣本不作判斷,描述性關係；尚未扣費用、檢查除權息或做樣本外驗證；不評分、不認定關鍵分點
6239,9800,9800,元大證券,buy,5,1,1,5.2991452991453025,1.0,5.2991452991453025,0.0,1.7094017094017033,1,,量占比與後續報酬的描述性相關；非因果或預測能力，少量樣本不作判斷,描述性關係；尚未扣費用、檢查除權息或做樣本外驗證；不評分、不認定關鍵分點
6239,9812,9800,元大-台中,buy,5,1,1,5.2991452991453025,1.0,5.2991452991453025,0.0,1.7094017094017033,1,,量占比與後續報酬的描述性相關；非因果或預測能力，少量樣本不作判斷,描述性關係；尚未扣費用、檢查除權息或做樣本外驗證；不評分、不認定關鍵分點
6239,9854,9800,元大-文心興安,sell,5,1,1,5.2991452991453025,1.0,5.2991452991453025,0.0,1.7094017094017033,1,,量占比與後續報酬的描述性相關；非因果或預測能力，少量樣本不作判斷,描述性關係；尚未扣費用、檢查除權息或做樣本外驗證；不評分、不認定關鍵分點
6239,9898,9800,元大-新莊,sell,5,1,1,5.2991452991453025,1.0,5.2991452991453025,0.0,1.7094017094017033,1,,量占比與後續報酬的描述性相關；非因果或預測能力，少量樣本不作判斷,描述性關係；尚未扣費用、檢查除權息或做樣本外驗證；不評分、不認定關鍵分點
6257,0035003800350048,5850,統一-桃園,sell,5,1,1,10.331384015594548,1.0,10.331384015594548,0.0,0.3898635477582957,1,,量占比與後續報酬的描述性相關；非因果或預測能力，少量樣本不作判斷,描述性關係；尚未扣費用、檢查除權息或做樣本外驗證；不評分、不認定關鍵分點
6257,0035003800350049,5850,統一-員林,sell,5,1,1,10.331384015594548,1.0,10.331384015594548,0.0,0.3898635477582957,1,,量占比與後續報酬的描述性相關；非因果或預測能力，少量樣本不作判斷,描述性關係；尚未扣費用、檢查除權息或做樣本外驗證；不評分、不認定關鍵分點
6257,0036003100360041,6160,中國信託-中壢,buy,5,1,1,10.331384015594548,1.0,10.331384015594548,0.0,0.3898635477582957,1,,量占比與後續報酬的描述性相關；非因果或預測能力，少量樣本不作判斷,描述性關係；尚未扣費用、檢查除權息或做樣本外驗證；不評分、不認定關鍵分點
6257,0037003700390063,7790,國票-敦北法人,buy,5,1,1,10.331384015594548,1.0,10.331384015594548,0.0,0.3898635477582957,1,,量占比與後續報酬的描述性相關；非因果或預測能力，少量樣本不作判斷,描述性關係；尚未扣費用、檢查除權息或做樣本外驗證；不評分、不認定關鍵分點
6257,003700370039006a,7790,國票-和平,buy,5,1,1,10.331384015594548,1.0,10.331384015594548,0.0,0.3898635477582957,1,,量占比與後續報酬的描述性相關；非因果或預測能力，少量樣本不作判斷,描述性關係；尚未扣費用、檢查除權息或做樣本外驗證；不評分、不認定關鍵分點
6257,0038003400350055,8450,康和-台北,buy,5,1,1,10.331384015594548,1.0,10.331384015594548,0.0,0.3898635477582957,1,,量占比與後續報酬的描述性相關；非因果或預測能力，少量樣本不作判斷,描述性關係；尚未扣費用、檢查除權息或做樣本外驗證；不評分、不認定關鍵分點
6257,0039003200300046,9200,凱基-站前,buy,5,1,1,10.331384015594548,1.0,10.331384015594548,0.0,0.3898635477582957,1,,量占比與後續報酬的描述性相關；非因果或預測能力，少量樣本不作判斷,描述性關係；尚未扣費用、檢查除權息或做樣本外驗證；不評分、不認定關鍵分點
6257,0039003800310065,9800,元大-佳里,buy,5,1,1,10.331384015594548,1.0,10.331384015594548,0.0,0.3898635477582957,1,,量占比與後續報酬的描述性相關；非因果或預測能力，少量樣本不作判斷,描述性關係；尚未扣費用、檢查除權息或做樣本外驗證；不評分、不認定關鍵分點
6257,003900380034004b,9800,元大-館前,buy,5,1,1,10.331384015594548,1.0,10.331384015594548,0.0,0.3898635477582957,1,,量占比與後續報酬的描述性相關；非因果或預測能力，少量樣本不作判斷,描述性關係；尚未扣費用、檢查除權息或做樣本外驗證；不評分、不認定關鍵分點
6257,003900380039006d,9800,元大-信義,buy,5,1,1,10.331384015594548,1.0,10.331384015594548,0.0,0.3898635477582957,1,,量占比與後續報酬的描述性相關；非因果或預測能力，少量樣本不作判斷,描述性關係；尚未扣費用、檢查除權息或做樣本外驗證；不評分、不認定關鍵分點
6257,0039004100300030,9A00,永豐金證券,buy,5,1,1,10.331384015594548,1.0,10.331384015594548,0.0,0.3898635477582957,1,,量占比與後續報酬的描述性相關；非因果或預測能力，少量樣本不作判斷,描述性關係；尚未扣費用、檢查除權息或做樣本外驗證；不評分、不認定關鍵分點
6257,0039004100380031,9A00,永豐金-匯立,sell,5,1,1,10.331384015594548,1.0,10.331384015594548,0.0,0.3898635477582957,1,,量占比與後續報酬的描述性相關；非因果或預測能力，少量樣本不作判斷,描述性關係；尚未扣費用、檢查除權息或做樣本外驗證；不評分、不認定關鍵分點
6257,0039004200300030,9B00,台新,sell,5,1,1,10.331384015594548,1.0,10.331384015594548,0.0,0.3898635477582957,1,,量占比與後續報酬的描述性相關；非因果或預測能力，少量樣本不作判斷,描述性關係；尚未扣費用、檢查除權息或做樣本外驗證；不評分、不認定關鍵分點
6257,0039004200320061,9B00,台新-松德,sell,5,1,1,10.331384015594548,1.0,10.331384015594548,0.0,0.3898635477582957,1,,量占比與後續報酬的描述性相關；非因果或預測能力，少量樣本不作判斷,描述性關係；尚未扣費用、檢查除權息或做樣本外驗證；不評分、不認定關鍵分點
6257,1440,1440,美林,sell,5,1,1,10.331384015594548,1.0,10.331384015594548,0.0,0.3898635477582957,1,,量占比與後續報酬的描述性相關；非因果或預測能力，少量樣本不作判斷,描述性關係；尚未扣費用、檢查除權息或做樣本外驗證；不評分、不認定關鍵分點
6257,1470,1470,台灣摩根士丹利,sell,5,1,1,10.331384015594548,1.0,10.331384015594548,0.0,0.3898635477582957,1,,量占比與後續報酬的描述性相關；非因果或預測能力，少量樣本不作判斷,描述性關係；尚未扣費用、檢查除權息或做樣本外驗證；不評分、不認定關鍵分點
6257,1480,1480,美商高盛,buy,5,1,1,10.331384015594548,1.0,10.331384015594548,0.0,0.3898635477582957,1,,量占比與後續報酬的描述性相關；非因果或預測能力，少量樣本不作判斷,描述性關係；尚未扣費用、檢查除權息或做樣本外驗證；不評分、不認定關鍵分點
6257,5850,5850,統一,sell,5,1,1,10.331384015594548,1.0,10.331384015594548,0.0,0.3898635477582957,1,,量占比與後續報酬的描述性相關；非因果或預測能力，少量樣本不作判斷,描述性關係；尚未扣費用、檢查除權息或做樣本外驗證；不評分、不認定關鍵分點
6257,5856,5850,統一-台中,sell,5,1,1,10.331384015594548,1.0,10.331384015594548,0.0,0.3898635477582957,1,,量占比與後續報酬的描述性相關；非因果或預測能力，少量樣本不作判斷,描述性關係；尚未扣費用、檢查除權息或做樣本外驗證；不評分、不認定關鍵分點
6257,7790,7790,國票證券,buy,5,1,1,10.331384015594548,1.0,10.331384015594548,0.0,0.3898635477582957,1,,量占比與後續報酬的描述性相關；非因果或預測能力，少量樣本不作判斷,描述性關係；尚未扣費用、檢查除權息或做樣本外驗證；不評分、不認定關鍵分點
6257,8440,8440,摩根大通,sell,5,1,1,10.331384015594548,1.0,10.331384015594548,0.0,0.3898635477582957,1,,量占比與後續報酬的描述性相關；非因果或預測能力，少量樣本不作判斷,描述性關係；尚未扣費用、檢查除權息或做樣本外驗證；不評分、不認定關鍵分點
6257,8888,8880,國泰-敦南,buy,5,1,1,10.331384015594548,1.0,10.331384015594548,0.0,0.3898635477582957,1,,量占比與後續報酬的描述性相關；非因果或預測能力，少量樣本不作判斷,描述性關係；尚未扣費用、檢查除權息或做樣本外驗證；不評分、不認定關鍵分點
6257,9223,9200,凱基-豐中,sell,5,1,1,10.331384015594548,1.0,10.331384015594548,0.0,0.3898635477582957,1,,量占比與後續報酬的描述性相關；非因果或預測能力，少量樣本不作判斷,描述性關係；尚未扣費用、檢查除權息或做樣本外驗證；不評分、不認定關鍵分點
6257,9268,9200,凱基-台北,sell,5,1,1,10.331384015594548,1.0,10.331384015594548,0.0,0.3898635477582957,1,,量占比與後續報酬的描述性相關；非因果或預測能力，少量樣本不作判斷,描述性關係；尚未扣費用、檢查除權息或做樣本外驗證；不評分、不認定關鍵分點
6257,9600,9600,富邦證券,buy,5,1,1,10.331384015594548,1.0,10.331384015594548,0.0,0.3898635477582957,1,,量占比與後續報酬的描述性相關；非因果或預測能力，少量樣本不作判斷,描述性關係；尚未扣費用、檢查除權息或做樣本外驗證；不評分、不認定關鍵分點
6257,9627,9600,富邦-內湖,buy,5,1,1,10.331384015594548,1.0,10.331384015594548,0.0,0.3898635477582957,1,,量占比與後續報酬的描述性相關；非因果或預測能力，少量樣本不作判斷,描述性關係；尚未扣費用、檢查除權息或做樣本外驗證；不評分、不認定關鍵分點
6257,9659,9600,富邦-高雄,sell,5,1,1,10.331384015594548,1.0,10.331384015594548,0.0,0.3898635477582957,1,,量占比與後續報酬的描述性相關；非因果或預測能力，少量樣本不作判斷,描述性關係；尚未扣費用、檢查除權息或做樣本外驗證；不評分、不認定關鍵分點
6257,9800,9800,元大證券,buy,5,1,1,10.331384015594548,1.0,10.331384015594548,0.0,0.3898635477582957,1,,量占比與後續報酬的描述性相關；非因果或預測能力，少量樣本不作判斷,描述性關係；尚未扣費用、檢查除權息或做樣本外驗證；不評分、不認定關鍵分點
6257,9801,9800,元大-松江,sell,5,1,1,10.331384015594548,1.0,10.331384015594548,0.0,0.3898635477582957,1,,量占比與後續報酬的描述性相關；非因果或預測能力，少量樣本不作判斷,描述性關係；尚未扣費用、檢查除權息或做樣本外驗證；不評分、不認定關鍵分點
6257,9857,9800,元大-蘆洲,sell,5,1,1,10.331384015594548,1.0,10.331384015594548,0.0,0.3898635477582957,1,,量占比與後續報酬的描述性相關；非因果或預測能力，少量樣本不作判斷,描述性關係；尚未扣費用、檢查除權息或做樣本外驗證；不評分、不認定關鍵分點
6269,0031003000340043,1040,臺銀-高雄,buy,5,1,1,-2.1538461538461506,0.0,-2.1538461538461506,0.0,-2.1538461538461506,1,,量占比與後續報酬的描述性相關；非因果或預測能力，少量樣本不作判斷,描述性關係；尚未扣費用、檢查除權息或做樣本外驗證；不評分、不認定關鍵分點
6269,0035003800350052,5850,統一-東湖,buy,5,1,1,-2.1538461538461506,0.0,-2.1538461538461506,0.0,-2.1538461538461506,1,,量占比與後續報酬的描述性相關；非因果或預測能力，少量樣本不作判斷,描述性關係；尚未扣費用、檢查除權息或做樣本外驗證；不評分、不認定關鍵分點
6269,003700300030005a,7000,兆豐-高雄,sell,5,1,1,-2.1538461538461506,0.0,-2.1538461538461506,0.0,-2.1538461538461506,1,,量占比與後續報酬的描述性相關；非因果或預測能力，少量樣本不作判斷,描述性關係；尚未扣費用、檢查除權息或做樣本外驗證；不評分、不認定關鍵分點
6269,0039003200300048,9200,凱基-基隆,buy,5,1,1,-2.1538461538461506,0.0,-2.1538461538461506,0.0,-2.1538461538461506,1,,量占比與後續報酬的描述性相關；非因果或預測能力，少量樣本不作判斷,描述性關係；尚未扣費用、檢查除權息或做樣本外驗證；不評分、不認定關鍵分點
6269,0039003800330057,9800,元大-大里德芳,buy,5,1,1,-2.1538461538461506,0.0,-2.1538461538461506,0.0,-2.1538461538461506,1,,量占比與後續報酬的描述性相關；非因果或預測能力，少量樣本不作判斷,描述性關係；尚未扣費用、檢查除權息或做樣本外驗證；不評分、不認定關鍵分點
6269,0039003800390044,9800,元大-左營,buy,5,1,1,-2.1538461538461506,0.0,-2.1538461538461506,0.0,-2.1538461538461506,1,,量占比與後續報酬的描述性相關；非因果或預測能力，少量樣本不作判斷,描述性關係；尚未扣費用、檢查除權息或做樣本外驗證；不評分、不認定關鍵分點
6269,0039003800390046,9800,元大-三民,sell,5,1,1,-2.1538461538461506,0.0,-2.1538461538461506,0.0,-2.1538461538461506,1,,量占比與後續報酬的描述性相關；非因果或預測能力，少量樣本不作判斷,描述性關係；尚未扣費用、檢查除權息或做樣本外驗證；不評分、不認定關鍵分點
6269,003900380039005a,9800,元大-小港,buy,5,1,1,-2.1538461538461506,0.0,-2.1538461538461506,0.0,-2.1538461538461506,1,,量占比與後續報酬的描述性相關；非因果或預測能力，少量樣本不作判斷,描述性關係；尚未扣費用、檢查除權息或做樣本外驗證；不評分、不認定關鍵分點
6269,0039004100390058,9A00,永豐金-竹科,sell,5,1,1,-2.1538461538461506,0.0,-2.1538461538461506,0.0,-2.1538461538461506,1,,量占比與後續報酬的描述性相關；非因果或預測能力，少量樣本不作判斷,描述性關係；尚未扣費用、檢查除權息或做樣本外驗證；不評分、不認定關鍵分點
6269,0039004200310064,9B00,台新-左楠,buy,5,1,1,-2.1538461538461506,0.0,-2.1538461538461506,0.0,-2.1538461538461506,1,,量占比與後續報酬的描述性相關；非因果或預測能力，少量樣本不作判斷,描述性關係；尚未扣費用、檢查除權息或做樣本外驗證；不評分、不認定關鍵分點
6269,0039004200320041,9B00,台新-緯城,sell,5,1,1,-2.1538461538461506,0.0,-2.1538461538461506,0.0,-2.1538461538461506,1,,量占比與後續報酬的描述性相關；非因果或預測能力，少量樣本不作判斷,描述性關係；尚未扣費用、檢查除權息或做樣本外驗證；不評分、不認定關鍵分點
6269,1440,1440,美林,buy,5,1,1,-2.1538461538461506,0.0,-2.1538461538461506,0.0,-2.1538461538461506,1,,量占比與後續報酬的描述性相關；非因果或預測能力，少量樣本不作判斷,描述性關係；尚未扣費用、檢查除權息或做樣本外驗證；不評分、不認定關鍵分點
6269,1470,1470,台灣摩根士丹利,sell,5,1,1,-2.1538461538461506,0.0,-2.1538461538461506,0.0,-2.1538461538461506,1,,量占比與後續報酬的描述性相關；非因果或預測能力，少量樣本不作判斷,描述性關係；尚未扣費用、檢查除權息或做樣本外驗證；不評分、不認定關鍵分點
6269,1480,1480,美商高盛,sell,5,1,1,-2.1538461538461506,0.0,-2.1538461538461506,0.0,-2.1538461538461506,1,,量占比與後續報酬的描述性相關；非因果或預測能力，少量樣本不作判斷,描述性關係；尚未扣費用、檢查除權息或做樣本外驗證；不評分、不認定關鍵分點
6269,1560,1560,港商野村,sell,5,1,1,-2.1538461538461506,0.0,-2.1538461538461506,0.0,-2.1538461538461506,1,,量占比與後續報酬的描述性相關；非因果或預測能力，少量樣本不作判斷,描述性關係；尚未扣費用、檢查除權息或做樣本外驗證；不評分、不認定關鍵分點
6269,1650,1650,新加坡商瑞銀,sell,5,1,1,-2.1538461538461506,0.0,-2.1538461538461506,0.0,-2.1538461538461506,1,,量占比與後續報酬的描述性相關；非因果或預測能力，少量樣本不作判斷,描述性關係；尚未扣費用、檢查除權息或做樣本外驗證；不評分、不認定關鍵分點
6269,6381,6380,光和-溪湖,buy,5,1,1,-2.1538461538461506,0.0,-2.1538461538461506,0.0,-2.1538461538461506,1,,量占比與後續報酬的描述性相關；非因果或預測能力，少量樣本不作判斷,描述性關係；尚未扣費用、檢查除權息或做樣本外驗證；不評分、不認定關鍵分點
6269,7007,7000,兆豐-竹北,sell,5,1,1,-2.1538461538461506,0.0,-2.1538461538461506,0.0,-2.1538461538461506,1,,量占比與後續報酬的描述性相關；非因果或預測能力，少量樣本不作判斷,描述性關係；尚未扣費用、檢查除權息或做樣本外驗證；不評分、不認定關鍵分點
6269,8440,8440,摩根大通,buy,5,1,1,-2.1538461538461506,0.0,-2.1538461538461506,0.0,-2.1538461538461506,1,,量占比與後續報酬的描述性相關；非因果或預測能力，少量樣本不作判斷,描述性關係；尚未扣費用、檢查除權息或做樣本外驗證；不評分、不認定關鍵分點
6269,8881,8880,國泰-高雄,sell,5,1,1,-2.1538461538461506,0.0,-2.1538461538461506,0.0,-2.1538461538461506,1,,量占比與後續報酬的描述性相關；非因果或預測能力，少量樣本不作判斷,描述性關係；尚未扣費用、檢查除權息或做樣本外驗證；不評分、不認定關鍵分點
6269,8885,8880,國泰-桃園,buy,5,1,1,-2.1538461538461506,0.0,-2.1538461538461506,0.0,-2.1538461538461506,1,,量占比與後續報酬的描述性相關；非因果或預測能力，少量樣本不作判斷,描述性關係；尚未扣費用、檢查除權息或做樣本外驗證；不評分、不認定關鍵分點
6269,8887,8880,國泰-忠孝,sell,5,1,1,-2.1538461538461506,0.0,-2.1538461538461506,0.0,-2.1538461538461506,1,,量占比與後續報酬的描述性相關；非因果或預測能力，少量樣本不作判斷,描述性關係；尚未扣費用、檢查除權息或做樣本外驗證；不評分、不認定關鍵分點
6269,9204,9200,凱基-台中,buy,5,1,1,-2.1538461538461506,0.0,-2.1538461538461506,0.0,-2.1538461538461506,1,,量占比與後續報酬的描述性相關；非因果或預測能力，少量樣本不作判斷,描述性關係；尚未扣費用、檢查除權息或做樣本外驗證；不評分、不認定關鍵分點
6269,9235,9200,凱基-永華,buy,5,1,1,-2.1538461538461506,0.0,-2.1538461538461506,0.0,-2.1538461538461506,1,,量占比與後續報酬的描述性相關；非因果或預測能力，少量樣本不作判斷,描述性關係；尚未扣費用、檢查除權息或做樣本外驗證；不評分、不認定關鍵分點
6269,9268,9200,凱基-台北,sell,5,1,1,-2.1538461538461506,0.0,-2.1538461538461506,0.0,-2.1538461538461506,1,,量占比與後續報酬的描述性相關；非因果或預測能力，少量樣本不作判斷,描述性關係；尚未扣費用、檢查除權息或做樣本外驗證；不評分、不認定關鍵分點
6269,9647,9600,富邦-新竹,buy,5,1,1,-2.1538461538461506,0.0,-2.1538461538461506,0.0,-2.1538461538461506,1,,量占比與後續報酬的描述性相關；非因果或預測能力，少量樣本不作判斷,描述性關係；尚未扣費用、檢查除權息或做樣本外驗證；不評分、不認定關鍵分點
6269,9654,9600,富邦-永和,buy,5,1,1,-2.1538461538461506,0.0,-2.1538461538461506,0.0,-2.1538461538461506,1,,量占比與後續報酬的描述性相關；非因果或預測能力，少量樣本不作判斷,描述性關係；尚未扣費用、檢查除權息或做樣本外驗證；不評分、不認定關鍵分點
6269,9672,9600,富邦-員林,sell,5,1,1,-2.1538461538461506,0.0,-2.1538461538461506,0.0,-2.1538461538461506,1,,量占比與後續報酬的描述性相關；非因果或預測能力，少量樣本不作判斷,描述性關係；尚未扣費用、檢查除權息或做樣本外驗證；不評分、不認定關鍵分點
6269,9800,9800,元大證券,sell,5,1,1,-2.1538461538461506,0.0,-2.1538461538461506,0.0,-2.1538461538461506,1,,量占比與後續報酬的描述性相關；非因果或預測能力，少量樣本不作判斷,描述性關係；尚未扣費用、檢查除權息或做樣本外驗證；不評分、不認定關鍵分點
6269,9817,9800,元大-東泰,sell,5,1,1,-2.1538461538461506,0.0,-2.1538461538461506,0.0,-2.1538461538461506,1,,量占比與後續報酬的描述性相關；非因果或預測能力，少量樣本不作判斷,描述性關係；尚未扣費用、檢查除權息或做樣本外驗證；不評分、不認定關鍵分點
6274,0037003000300053,7000,兆豐-大同,sell,5,1,1,13.35504885993486,1.0,13.35504885993486,0.0,5.537459283387625,1,,量占比與後續報酬的描述性相關；非因果或預測能力，少量樣本不作判斷,描述性關係；尚未扣費用、檢查除權息或做樣本外驗證；不評分、不認定關鍵分點
6274,0039003100300044,9100,群益金鼎-市府,sell,5,1,1,13.35504885993486,1.0,13.35504885993486,0.0,5.537459283387625,1,,量占比與後續報酬的描述性相關；非因果或預測能力，少量樣本不作判斷,描述性關係；尚未扣費用、檢查除權息或做樣本外驗證；不評分、不認定關鍵分點
6274,003900310033004e,9100,群益金鼎-土城,buy,5,1,1,13.35504885993486,1.0,13.35504885993486,0.0,5.537459283387625,1,,量占比與後續報酬的描述性相關；非因果或預測能力，少量樣本不作判斷,描述性關係；尚未扣費用、檢查除權息或做樣本外驗證；不評分、不認定關鍵分點
6274,0039003100380057,9100,群益金鼎-忠孝,sell,5,1,1,13.35504885993486,1.0,13.35504885993486,0.0,5.537459283387625,1,,量占比與後續報酬的描述性相關；非因果或預測能力，少量樣本不作判斷,描述性關係；尚未扣費用、檢查除權息或做樣本外驗證；不評分、不認定關鍵分點
6274,0039003600310048,9600,富邦-新板,sell,5,1,1,13.35504885993486,1.0,13.35504885993486,0.0,5.537459283387625,1,,量占比與後續報酬的描述性相關；非因果或預測能力，少量樣本不作判斷,描述性關係；尚未扣費用、檢查除權息或做樣本外驗證；不評分、不認定關鍵分點
6274,0039003800390064,9800,元大-北屯,buy,5,1,1,13.35504885993486,1.0,13.35504885993486,0.0,5.537459283387625,1,,量占比與後續報酬的描述性相關；非因果或預測能力，少量樣本不作判斷,描述性關係；尚未扣費用、檢查除權息或做樣本外驗證；不評分、不認定關鍵分點
6274,0039004100390038,9A00,永豐金-大園,sell,5,1,1,13.35504885993486,1.0,13.35504885993486,0.0,5.537459283387625,1,,量占比與後續報酬的描述性相關；非因果或預測能力，少量樣本不作判斷,描述性關係；尚未扣費用、檢查除權息或做樣本外驗證；不評分、不認定關鍵分點
6274,0039004100390059,9A00,永豐金-板盛,buy,5,1,1,13.35504885993486,1.0,13.35504885993486,0.0,5.537459283387625,1,,量占比與後續報酬的描述性相關；非因果或預測能力，少量樣本不作判斷,描述性關係；尚未扣費用、檢查除權息或做樣本外驗證；不評分、不認定關鍵分點
6274,0039004200300030,9B00,台新,buy,5,1,1,13.35504885993486,1.0,13.35504885993486,0.0,5.537459283387625,1,,量占比與後續報酬的描述性相關；非因果或預測能力，少量樣本不作判斷,描述性關係；尚未扣費用、檢查除權息或做樣本外驗證；不評分、不認定關鍵分點
6274,0039004200320030,9B00,台新-台北,buy,5,1,1,13.35504885993486,1.0,13.35504885993486,0.0,5.537459283387625,1,,量占比與後續報酬的描述性相關；非因果或預測能力，少量樣本不作判斷,描述性關係；尚未扣費用、檢查除權息或做樣本外驗證；不評分、不認定關鍵分點
6274,1440,1440,美林,buy,5,1,1,13.35504885993486,1.0,13.35504885993486,0.0,5.537459283387625,1,,量占比與後續報酬的描述性相關；非因果或預測能力，少量樣本不作判斷,描述性關係；尚未扣費用、檢查除權息或做樣本外驗證；不評分、不認定關鍵分點
6274,1470,1470,台灣摩根士丹利,buy,5,1,1,13.35504885993486,1.0,13.35504885993486,0.0,5.537459283387625,1,,量占比與後續報酬的描述性相關；非因果或預測能力，少量樣本不作判斷,描述性關係；尚未扣費用、檢查除權息或做樣本外驗證；不評分、不認定關鍵分點
6274,1480,1480,美商高盛,sell,5,1,1,13.35504885993486,1.0,13.35504885993486,0.0,5.537459283387625,1,,量占比與後續報酬的描述性相關；非因果或預測能力，少量樣本不作判斷,描述性關係；尚未扣費用、檢查除權息或做樣本外驗證；不評分、不認定關鍵分點
6274,1650,1650,新加坡商瑞銀,sell,5,1,1,13.35504885993486,1.0,13.35504885993486,0.0,5.537459283387625,1,,量占比與後續報酬的描述性相關；非因果或預測能力，少量樣本不作判斷,描述性關係；尚未扣費用、檢查除權息或做樣本外驗證；不評分、不認定關鍵分點
6274,5850,5850,統一,sell,5,1,1,13.35504885993486,1.0,13.35504885993486,0.0,5.537459283387625,1,,量占比與後續報酬的描述性相關；非因果或預測能力，少量樣本不作判斷,描述性關係；尚未扣費用、檢查除權息或做樣本外驗證；不評分、不認定關鍵分點
6274,6160,6160,中國信託,buy,5,1,1,13.35504885993486,1.0,13.35504885993486,0.0,5.537459283387625,1,,量占比與後續報酬的描述性相關；非因果或預測能力，少量樣本不作判斷,描述性關係；尚未扣費用、檢查除權息或做樣本外驗證；不評分、不認定關鍵分點
6274,6162,6160,中國信託-忠孝,sell,5,1,1,13.35504885993486,1.0,13.35504885993486,0.0,5.537459283387625,1,,量占比與後續報酬的描述性相關；非因果或預測能力，少量樣本不作判斷,描述性關係；尚未扣費用、檢查除權息或做樣本外驗證；不評分、不認定關鍵分點
6274,8440,8440,摩根大通,buy,5,1,1,13.35504885993486,1.0,13.35504885993486,0.0,5.537459283387625,1,,量占比與後續報酬的描述性相關；非因果或預測能力，少量樣本不作判斷,描述性關係；尚未扣費用、檢查除權息或做樣本外驗證；不評分、不認定關鍵分點
6274,8450,8450,康和,buy,5,1,1,13.35504885993486,1.0,13.35504885993486,0.0,5.537459283387625,1,,量占比與後續報酬的描述性相關；非因果或預測能力，少量樣本不作判斷,描述性關係；尚未扣費用、檢查除權息或做樣本外驗證；不評分、不認定關鍵分點
6274,8560,8560,新光,buy,5,1,1,13.35504885993486,1.0,13.35504885993486,0.0,5.537459283387625,1,,量占比與後續報酬的描述性相關；非因果或預測能力，少量樣本不作判斷,描述性關係；尚未扣費用、檢查除權息或做樣本外驗證；不評分、不認定關鍵分點
6274,8890,8890,大和國泰,sell,5,1,1,13.35504885993486,1.0,13.35504885993486,0.0,5.537459283387625,1,,量占比與後續報酬的描述性相關；非因果或預測能力，少量樣本不作判斷,描述性關係；尚未扣費用、檢查除權息或做樣本外驗證；不評分、不認定關鍵分點
6274,9200,9200,凱基,sell,5,1,1,13.35504885993486,1.0,13.35504885993486,0.0,5.537459283387625,1,,量占比與後續報酬的描述性相關；非因果或預測能力，少量樣本不作判斷,描述性關係；尚未扣費用、檢查除權息或做樣本外驗證；不評分、不認定關鍵分點
6274,9211,9200,凱基-台南,sell,5,1,1,13.35504885993486,1.0,13.35504885993486,0.0,5.537459283387625,1,,量占比與後續報酬的描述性相關；非因果或預測能力，少量樣本不作判斷,描述性關係；尚未扣費用、檢查除權息或做樣本外驗證；不評分、不認定關鍵分點
6274,9216,9200,凱基-信義,buy,5,1,1,13.35504885993486,1.0,13.35504885993486,0.0,5.537459283387625,1,,量占比與後續報酬的描述性相關；非因果或預測能力，少量樣本不作判斷,描述性關係；尚未扣費用、檢查除權息或做樣本外驗證；不評分、不認定關鍵分點
6274,9255,9200,凱基-和平,buy,5,1,1,13.35504885993486,1.0,13.35504885993486,0.0,5.537459283387625,1,,量占比與後續報酬的描述性相關；非因果或預測能力，少量樣本不作判斷,描述性關係；尚未扣費用、檢查除權息或做樣本外驗證；不評分、不認定關鍵分點
6274,9268,9200,凱基-台北,sell,5,1,1,13.35504885993486,1.0,13.35504885993486,0.0,5.537459283387625,1,,量占比與後續報酬的描述性相關；非因果或預測能力，少量樣本不作判斷,描述性關係；尚未扣費用、檢查除權息或做樣本外驗證；不評分、不認定關鍵分點
6274,9600,9600,富邦證券,buy,5,1,1,13.35504885993486,1.0,13.35504885993486,0.0,5.537459283387625,1,,量占比與後續報酬的描述性相關；非因果或預測能力，少量樣本不作判斷,描述性關係；尚未扣費用、檢查除權息或做樣本外驗證；不評分、不認定關鍵分點
6274,9623,9600,富邦-台北,sell,5,1,1,13.35504885993486,1.0,13.35504885993486,0.0,5.537459283387625,1,,量占比與後續報酬的描述性相關；非因果或預測能力，少量樣本不作判斷,描述性關係；尚未扣費用、檢查除權息或做樣本外驗證；不評分、不認定關鍵分點
6274,9800,9800,元大證券,buy,5,1,1,13.35504885993486,1.0,13.35504885993486,0.0,5.537459283387625,1,,量占比與後續報酬的描述性相關；非因果或預測能力，少量樣本不作判斷,描述性關係；尚未扣費用、檢查除權息或做樣本外驗證；不評分、不認定關鍵分點
6274,9856,9800,元大-花蓮,sell,5,1,1,13.35504885993486,1.0,13.35504885993486,0.0,5.537459283387625,1,,量占比與後續報酬的描述性相關；非因果或預測能力，少量樣本不作判斷,描述性關係；尚未扣費用、檢查除權息或做樣本外驗證；不評分、不認定關鍵分點
6275,0035003300380050,5380,第一金-路竹,sell,5,1,1,-1.2644889357218192,0.0,-1.2644889357218192,0.0,-1.2644889357218192,1,,量占比與後續報酬的描述性相關；非因果或預測能力，少量樣本不作判斷,描述性關係；尚未扣費用、檢查除權息或做樣本外驗證；不評分、不認定關鍵分點
6275,0036003000310064,6010,(牛牛牛)亞-鑫豐,sell,5,1,1,-1.2644889357218192,0.0,-1.2644889357218192,0.0,-1.2644889357218192,1,,量占比與後續報酬的描述性相關；非因果或預測能力，少量樣本不作判斷,描述性關係；尚未扣費用、檢查除權息或做樣本外驗證；不評分、不認定關鍵分點
6275,0037003000300042,7000,兆豐-板橋,sell,5,1,1,-1.2644889357218192,0.0,-1.2644889357218192,0.0,-1.2644889357218192,1,,量占比與後續報酬的描述性相關；非因果或預測能力，少量樣本不作判斷,描述性關係；尚未扣費用、檢查除權息或做樣本外驗證；不評分、不認定關鍵分點
6275,0037003000300070,7000,兆豐-復興,buy,5,1,1,-1.2644889357218192,0.0,-1.2644889357218192,0.0,-1.2644889357218192,1,,量占比與後續報酬的描述性相關；非因果或預測能力，少量樣本不作判斷,描述性關係；尚未扣費用、檢查除權息或做樣本外驗證；不評分、不認定關鍵分點
6275,003900310038004d,9100,群益金鼎-嘉義,sell,5,1,1,-1.2644889357218192,0.0,-1.2644889357218192,0.0,-1.2644889357218192,1,,量占比與後續報酬的描述性相關；非因果或預測能力，少量樣本不作判斷,描述性關係；尚未扣費用、檢查除權息或做樣本外驗證；不評分、不認定關鍵分點
6275,0039003600320042,9600,富邦-二林,sell,5,1,1,-1.2644889357218192,0.0,-1.2644889357218192,0.0,-1.2644889357218192,1,,量占比與後續報酬的描述性相關；非因果或預測能力，少量樣本不作判斷,描述性關係；尚未扣費用、檢查除權息或做樣本外驗證；不評分、不認定關鍵分點
6275,0039003800310046,9800,元大-福營,sell,5,1,1,-1.2644889357218192,0.0,-1.2644889357218192,0.0,-1.2644889357218192,1,,量占比與後續報酬的描述性相關；非因果或預測能力，少量樣本不作判斷,描述性關係；尚未扣費用、檢查除權息或做樣本外驗證；不評分、不認定關鍵分點
6275,003900380031006d,9800,元大-高雄,sell,5,1,1,-1.2644889357218192,0.0,-1.2644889357218192,0.0,-1.2644889357218192,1,,量占比與後續報酬的描述性相關；非因果或預測能力，少量樣本不作判斷,描述性關係；尚未扣費用、檢查除權息或做樣本外驗證；不評分、不認定關鍵分點
6275,0039003800390045,9800,元大-草屯,buy,5,1,1,-1.2644889357218192,0.0,-1.2644889357218192,0.0,-1.2644889357218192,1,,量占比與後續報酬的描述性相關；非因果或預測能力，少量樣本不作判斷,描述性關係；尚未扣費用、檢查除權息或做樣本外驗證；不評分、不認定關鍵分點
6275,0039004200320031,9B00,台新-九如,sell,5,1,1,-1.2644889357218192,0.0,-1.2644889357218192,0.0,-1.2644889357218192,1,,量占比與後續報酬的描述性相關；非因果或預測能力，少量樣本不作判斷,描述性關係；尚未扣費用、檢查除權息或做樣本外驗證；不評分、不認定關鍵分點
6275,0039004200320045,9B00,台新-城中,sell,5,1,1,-1.2644889357218192,0.0,-1.2644889357218192,0.0,-1.2644889357218192,1,,量占比與後續報酬的描述性相關；非因果或預測能力，少量樣本不作判斷,描述性關係；尚未扣費用、檢查除權息或做樣本外驗證；不評分、不認定關鍵分點
6275,003900420032006d,9B00,台新-成功,sell,5,1,1,-1.2644889357218192,0.0,-1.2644889357218192,0.0,-1.2644889357218192,1,,量占比與後續報酬的描述性相關；非因果或預測能力，少量樣本不作判斷,描述性關係；尚未扣費用、檢查除權息或做樣本外驗證；不評分、不認定關鍵分點
6275,1025,1020,合庫-基隆,sell,5,1,1,-1.2644889357218192,0.0,-1.2644889357218192,0.0,-1.2644889357218192,1,,量占比與後續報酬的描述性相關；非因果或預測能力，少量樣本不作判斷,描述性關係；尚未扣費用、檢查除權息或做樣本外驗證；不評分、不認定關鍵分點
6275,1440,1440,美林,buy,5,1,1,-1.2644889357218192,0.0,-1.2644889357218192,0.0,-1.2644889357218192,1,,量占比與後續報酬的描述性相關；非因果或預測能力，少量樣本不作判斷,描述性關係；尚未扣費用、檢查除權息或做樣本外驗證；不評分、不認定關鍵分點
6275,1470,1470,台灣摩根士丹利,buy,5,1,1,-1.2644889357218192,0.0,-1.2644889357218192,0.0,-1.2644889357218192,1,,量占比與後續報酬的描述性相關；非因果或預測能力，少量樣本不作判斷,描述性關係；尚未扣費用、檢查除權息或做樣本外驗證；不評分、不認定關鍵分點
6275,1480,1480,美商高盛,buy,5,1,1,-1.2644889357218192,0.0,-1.2644889357218192,0.0,-1.2644889357218192,1,,量占比與後續報酬的描述性相關；非因果或預測能力，少量樣本不作判斷,描述性關係；尚未扣費用、檢查除權息或做樣本外驗證；不評分、不認定關鍵分點
6275,1650,1650,新加坡商瑞銀,buy,5,1,1,-1.2644889357218192,0.0,-1.2644889357218192,0.0,-1.2644889357218192,1,,量占比與後續報酬的描述性相關；非因果或預測能力，少量樣本不作判斷,描述性關係；尚未扣費用、檢查除權息或做樣本外驗證；不評分、不認定關鍵分點
6275,5262,5260,美好-楊梅,buy,5,1,1,-1.2644889357218192,0.0,-1.2644889357218192,0.0,-1.2644889357218192,1,,量占比與後續報酬的描述性相關；非因果或預測能力，少量樣本不作判斷,描述性關係；尚未扣費用、檢查除權息或做樣本外驗證；不評分、不認定關鍵分點
6275,5382,5380,第一金-台中,buy,5,1,1,-1.2644889357218192,0.0,-1.2644889357218192,0.0,-1.2644889357218192,1,,量占比與後續報酬的描述性相關；非因果或預測能力，少量樣本不作判斷,描述性關係；尚未扣費用、檢查除權息或做樣本外驗證；不評分、不認定關鍵分點
6275,8846,8840,玉山-板橋,sell,5,1,1,-1.2644889357218192,0.0,-1.2644889357218192,0.0,-1.2644889357218192,1,,量占比與後續報酬的描述性相關；非因果或預測能力，少量樣本不作判斷,描述性關係；尚未扣費用、檢查除權息或做樣本外驗證；不評分、不認定關鍵分點
6275,8882,8880,國泰-台中,sell,5,1,1,-1.2644889357218192,0.0,-1.2644889357218192,0.0,-1.2644889357218192,1,,量占比與後續報酬的描述性相關；非因果或預測能力，少量樣本不作判斷,描述性關係；尚未扣費用、檢查除權息或做樣本外驗證；不評分、不認定關鍵分點
6275,8884,8880,國泰-台南,buy,5,1,1,-1.2644889357218192,0.0,-1.2644889357218192,0.0,-1.2644889357218192,1,,量占比與後續報酬的描述性相關；非因果或預測能力，少量樣本不作判斷,描述性關係；尚未扣費用、檢查除權息或做樣本外驗證；不評分、不認定關鍵分點
6275,9268,9200,凱基-台北,buy,5,1,1,-1.2644889357218192,0.0,-1.2644889357218192,0.0,-1.2644889357218192,1,,量占比與後續報酬的描述性相關；非因果或預測能力，少量樣本不作判斷,描述性關係；尚未扣費用、檢查除權息或做樣本外驗證；不評分、不認定關鍵分點
6275,9300,9300,華南永昌,buy,5,1,1,-1.2644889357218192,0.0,-1.2644889357218192,0.0,-1.2644889357218192,1,,量占比與後續報酬的描述性相關；非因果或預測能力，少量樣本不作判斷,描述性關係；尚未扣費用、檢查除權息或做樣本外驗證；不評分、不認定關鍵分點
6275,9647,9600,富邦-新竹,buy,5,1,1,-1.2644889357218192,0.0,-1.2644889357218192,0.0,-1.2644889357218192,1,,量占比與後續報酬的描述性相關；非因果或預測能力，少量樣本不作判斷,描述性關係；尚未扣費用、檢查除權息或做樣本外驗證；不評分、不認定關鍵分點
6275,9659,9600,富邦-高雄,buy,5,1,1,-1.2644889357218192,0.0,-1.2644889357218192,0.0,-1.2644889357218192,1,,量占比與後續報酬的描述性相關；非因果或預測能力，少量樣本不作判斷,描述性關係；尚未扣費用、檢查除權息或做樣本外驗證；不評分、不認定關鍵分點
6275,9665,9600,富邦-桃園,sell,5,1,1,-1.2644889357218192,0.0,-1.2644889357218192,0.0,-1.2644889357218192,1,,量占比與後續報酬的描述性相關；非因果或預測能力，少量樣本不作判斷,描述性關係；尚未扣費用、檢查除權息或做樣本外驗證；不評分、不認定關鍵分點
6275,9829,9800,元大-永康,buy,5,1,1,-1.2644889357218192,0.0,-1.2644889357218192,0.0,-1.2644889357218192,1,,量占比與後續報酬的描述性相關；非因果或預測能力，少量樣本不作判斷,描述性關係；尚未扣費用、檢查除權息或做樣本外驗證；不評分、不認定關鍵分點
6275,9898,9800,元大-新莊,sell,5,1,1,-1.2644889357218192,0.0,-1.2644889357218192,0.0,-1.2644889357218192,1,,量占比與後續報酬的描述性相關；非因果或預測能力，少量樣本不作判斷,描述性關係；尚未扣費用、檢查除權息或做樣本外驗證；不評分、不認定關鍵分點
6275,9899,9800,元大-淡水,buy,5,1,1,-1.2644889357218192,0.0,-1.2644889357218192,0.0,-1.2644889357218192,1,,量占比與後續報酬的描述性相關；非因果或預測能力，少量樣本不作判斷,描述性關係；尚未扣費用、檢查除權息或做樣本外驗證；不評分、不認定關鍵分點
6282,0035003300380050,5380,第一金-路竹,sell,5,1,1,-0.2309468822170757,0.0,-0.2309468822170757,0.0,-0.2309468822170757,1,,量占比與後續報酬的描述性相關；非因果或預測能力，少量樣本不作判斷,描述性關係；尚未扣費用、檢查除權息或做樣本外驗證；不評分、不認定關鍵分點
6282,0035003800350045,5850,統一-新營,buy,5,1,1,-0.2309468822170757,0.0,-0.2309468822170757,0.0,-0.2309468822170757,1,,量占比與後續報酬的描述性相關；非因果或預測能力，少量樣本不作判斷,描述性關係；尚未扣費用、檢查除權息或做樣本外驗證；不評分、不認定關鍵分點
6282,0035003800350052,5850,統一-東湖,sell,5,1,1,-0.2309468822170757,0.0,-0.2309468822170757,0.0,-0.2309468822170757,1,,量占比與後續報酬的描述性相關；非因果或預測能力，少量樣本不作判斷,描述性關係；尚未扣費用、檢查除權息或做樣本外驗證；不評分、不認定關鍵分點
6282,0037003000300043,7000,兆豐-來福,buy,5,1,1,-0.2309468822170757,0.0,-0.2309468822170757,0.0,-0.2309468822170757,1,,量占比與後續報酬的描述性相關；非因果或預測能力，少量樣本不作判斷,描述性關係；尚未扣費用、檢查除權息或做樣本外驗證；不評分、不認定關鍵分點
6282,0037003000300049,7000,兆豐-北高雄,sell,5,1,1,-0.2309468822170757,0.0,-0.2309468822170757,0.0,-0.2309468822170757,1,,量占比與後續報酬的描述性相關；非因果或預測能力，少量樣本不作判斷,描述性關係；尚未扣費用、檢查除權息或做樣本外驗證；不評分、不認定關鍵分點
6282,0039003100380041,9100,群益金鼎-中壢,buy,5,1,1,-0.2309468822170757,0.0,-0.2309468822170757,0.0,-0.2309468822170757,1,,量占比與後續報酬的描述性相關；非因果或預測能力，少量樣本不作判斷,描述性關係；尚未扣費用、檢查除權息或做樣本外驗證；不評分、不認定關鍵分點
6282,0039003100380043,9100,群益金鼎-古亭,sell,5,1,1,-0.2309468822170757,0.0,-0.2309468822170757,0.0,-0.2309468822170757,1,,量占比與後續報酬的描述性相關；非因果或預測能力，少量樣本不作判斷,描述性關係；尚未扣費用、檢查除權息或做樣本外驗證；不評分、不認定關鍵分點
6282,0039003100380047,9100,群益金鼎-新莊,sell,5,1,1,-0.2309468822170757,0.0,-0.2309468822170757,0.0,-0.2309468822170757,1,,量占比與後續報酬的描述性相關；非因果或預測能力，少量樣本不作判斷,描述性關係；尚未扣費用、檢查除權息或做樣本外驗證；不評分、不認定關鍵分點
6282,0039003800310061,9800,元大-歸仁,buy,5,1,1,-0.2309468822170757,0.0,-0.2309468822170757,0.0,-0.2309468822170757,1,,量占比與後續報酬的描述性相關；非因果或預測能力，少量樣本不作判斷,描述性關係；尚未扣費用、檢查除權息或做樣本外驗證；不評分、不認定關鍵分點
6282,0039004100300030,9A00,永豐金證券,buy,5,1,1,-0.2309468822170757,0.0,-0.2309468822170757,0.0,-0.2309468822170757,1,,量占比與後續報酬的描述性相關；非因果或預測能力，少量樣本不作判斷,描述性關係；尚未扣費用、檢查除權息或做樣本外驗證；不評分、不認定關鍵分點
6282,0039004100390058,9A00,永豐金-竹科,sell,5,1,1,-0.2309468822170757,0.0,-0.2309468822170757,0.0,-0.2309468822170757,1,,量占比與後續報酬的描述性相關；非因果或預測能力，少量樣本不作判斷,描述性關係；尚未扣費用、檢查除權息或做樣本外驗證；不評分、不認定關鍵分點
6282,0039004200300030,9B00,台新,sell,5,1,1,-0.2309468822170757,0.0,-0.2309468822170757,0.0,-0.2309468822170757,1,,量占比與後續報酬的描述性相關；非因果或預測能力，少量樣本不作判斷,描述性關係；尚未扣費用、檢查除權息或做樣本外驗證；不評分、不認定關鍵分點
6282,0039004200320041,9B00,台新-緯城,sell,5,1,1,-0.2309468822170757,0.0,-0.2309468822170757,0.0,-0.2309468822170757,1,,量占比與後續報酬的描述性相關；非因果或預測能力，少量樣本不作判斷,描述性關係；尚未扣費用、檢查除權息或做樣本外驗證；不評分、不認定關鍵分點
6282,0039004200320075,9B00,台新-世貿,buy,5,1,1,-0.2309468822170757,0.0,-0.2309468822170757,0.0,-0.2309468822170757,1,,量占比與後續報酬的描述性相關；非因果或預測能力，少量樣本不作判斷,描述性關係；尚未扣費用、檢查除權息或做樣本外驗證；不評分、不認定關鍵分點
6282,1440,1440,美林,buy,5,1,1,-0.2309468822170757,0.0,-0.2309468822170757,0.0,-0.2309468822170757,1,,量占比與後續報酬的描述性相關；非因果或預測能力，少量樣本不作判斷,描述性關係；尚未扣費用、檢查除權息或做樣本外驗證；不評分、不認定關鍵分點
6282,1470,1470,台灣摩根士丹利,sell,5,1,1,-0.2309468822170757,0.0,-0.2309468822170757,0.0,-0.2309468822170757,1,,量占比與後續報酬的描述性相關；非因果或預測能力，少量樣本不作判斷,描述性關係；尚未扣費用、檢查除權息或做樣本外驗證；不評分、不認定關鍵分點
6282,1480,1480,美商高盛,buy,5,1,1,-0.2309468822170757,0.0,-0.2309468822170757,0.0,-0.2309468822170757,1,,量占比與後續報酬的描述性相關；非因果或預測能力，少量樣本不作判斷,描述性關係；尚未扣費用、檢查除權息或做樣本外驗證；不評分、不認定關鍵分點
6282,1560,1560,港商野村,buy,5,1,1,-0.2309468822170757,0.0,-0.2309468822170757,0.0,-0.2309468822170757,1,,量占比與後續報酬的描述性相關；非因果或預測能力，少量樣本不作判斷,描述性關係；尚未扣費用、檢查除權息或做樣本外驗證；不評分、不認定關鍵分點
6282,5261,5260,美好-蘆洲,sell,5,1,1,-0.2309468822170757,0.0,-0.2309468822170757,0.0,-0.2309468822170757,1,,量占比與後續報酬的描述性相關；非因果或預測能力，少量樣本不作判斷,描述性關係；尚未扣費用、檢查除權息或做樣本外驗證；不評分、不認定關鍵分點
6282,8440,8440,摩根大通,buy,5,1,1,-0.2309468822170757,0.0,-0.2309468822170757,0.0,-0.2309468822170757,1,,量占比與後續報酬的描述性相關；非因果或預測能力，少量樣本不作判斷,描述性關係；尚未扣費用、檢查除權息或做樣本外驗證；不評分、不認定關鍵分點
6282,8560,8560,新光,sell,5,1,1,-0.2309468822170757,0.0,-0.2309468822170757,0.0,-0.2309468822170757,1,,量占比與後續報酬的描述性相關；非因果或預測能力，少量樣本不作判斷,描述性關係；尚未扣費用、檢查除權息或做樣本外驗證；不評分、不認定關鍵分點
6282,8561,8560,新光-台中,buy,5,1,1,-0.2309468822170757,0.0,-0.2309468822170757,0.0,-0.2309468822170757,1,,量占比與後續報酬的描述性相關；非因果或預測能力，少量樣本不作判斷,描述性關係；尚未扣費用、檢查除權息或做樣本外驗證；不評分、不認定關鍵分點
6282,8881,8880,國泰-高雄,buy,5,1,1,-0.2309468822170757,0.0,-0.2309468822170757,0.0,-0.2309468822170757,1,,量占比與後續報酬的描述性相關；非因果或預測能力，少量樣本不作判斷,描述性關係；尚未扣費用、檢查除權息或做樣本外驗證；不評分、不認定關鍵分點
6282,8883,8880,國泰-松江,sell,5,1,1,-0.2309468822170757,0.0,-0.2309468822170757,0.0,-0.2309468822170757,1,,量占比與後續報酬的描述性相關；非因果或預測能力，少量樣本不作判斷,描述性關係；尚未扣費用、檢查除權息或做樣本外驗證；不評分、不認定關鍵分點
6282,8888,8880,國泰-敦南,buy,5,1,1,-0.2309468822170757,0.0,-0.2309468822170757,0.0,-0.2309468822170757,1,,量占比與後續報酬的描述性相關；非因果或預測能力，少量樣本不作判斷,描述性關係；尚未扣費用、檢查除權息或做樣本外驗證；不評分、不認定關鍵分點
6282,9268,9200,凱基-台北,sell,5,1,1,-0.2309468822170757,0.0,-0.2309468822170757,0.0,-0.2309468822170757,1,,量占比與後續報酬的描述性相關；非因果或預測能力，少量樣本不作判斷,描述性關係；尚未扣費用、檢查除權息或做樣本外驗證；不評分、不認定關鍵分點
6282,9666,9600,富邦-南屯,sell,5,1,1,-0.2309468822170757,0.0,-0.2309468822170757,0.0,-0.2309468822170757,1,,量占比與後續報酬的描述性相關；非因果或預測能力，少量樣本不作判斷,描述性關係；尚未扣費用、檢查除權息或做樣本外驗證；不評分、不認定關鍵分點
6282,9692,9600,富邦-嘉義,buy,5,1,1,-0.2309468822170757,0.0,-0.2309468822170757,0.0,-0.2309468822170757,1,,量占比與後續報酬的描述性相關；非因果或預測能力，少量樣本不作判斷,描述性關係；尚未扣費用、檢查除權息或做樣本外驗證；不評分、不認定關鍵分點
6282,9800,9800,元大證券,sell,5,1,1,-0.2309468822170757,0.0,-0.2309468822170757,0.0,-0.2309468822170757,1,,量占比與後續報酬的描述性相關；非因果或預測能力，少量樣本不作判斷,描述性關係；尚未扣費用、檢查除權息或做樣本外驗證；不評分、不認定關鍵分點
6282,9858,9800,元大-龍潭,buy,5,1,1,-0.2309468822170757,0.0,-0.2309468822170757,0.0,-0.2309468822170757,1,,量占比與後續報酬的描述性相關；非因果或預測能力，少量樣本不作判斷,描述性關係；尚未扣費用、檢查除權息或做樣本外驗證；不評分、不認定關鍵分點
6290,003500380035005a,5850,統一-松江,buy,5,1,1,1.08108108108107,1.0,1.08108108108107,0.0,-0.18018018018017834,1,,量占比與後續報酬的描述性相關；非因果或預測能力，少量樣本不作判斷,描述性關係；尚未扣費用、檢查除權息或做樣本外驗證；不評分、不認定關鍵分點
6290,0035003800350062,5850,統一-內湖,sell,5,1,1,1.08108108108107,1.0,1.08108108108107,0.0,-0.18018018018017834,1,,量占比與後續報酬的描述性相關；非因果或預測能力，少量樣本不作判斷,描述性關係；尚未扣費用、檢查除權息或做樣本外驗證；不評分、不認定關鍵分點
6290,0037003000300056,7000,兆豐-新竹,sell,5,1,1,1.08108108108107,1.0,1.08108108108107,0.0,-0.18018018018017834,1,,量占比與後續報酬的描述性相關；非因果或預測能力，少量樣本不作判斷,描述性關係；尚未扣費用、檢查除權息或做樣本外驗證；不評分、不認定關鍵分點
6290,0039003600310043,9600,富邦-南京,buy,5,1,1,1.08108108108107,1.0,1.08108108108107,0.0,-0.18018018018017834,1,,量占比與後續報酬的描述性相關；非因果或預測能力，少量樣本不作判斷,描述性關係；尚未扣費用、檢查除權息或做樣本外驗證；不評分、不認定關鍵分點
6290,003900360031004d,9600,富邦-木柵,buy,5,1,1,1.08108108108107,1.0,1.08108108108107,0.0,-0.18018018018017834,1,,量占比與後續報酬的描述性相關；非因果或預測能力，少量樣本不作判斷,描述性關係；尚未扣費用、檢查除權息或做樣本外驗證；不評分、不認定關鍵分點
6290,003900380031006a,9800,元大-士林,sell,5,1,1,1.08108108108107,1.0,1.08108108108107,0.0,-0.18018018018017834,1,,量占比與後續報酬的描述性相關；非因果或預測能力，少量樣本不作判斷,描述性關係；尚未扣費用、檢查除權息或做樣本外驗證；不評分、不認定關鍵分點
6290,0039004100390053,9A00,永豐金-南京,buy,5,1,1,1.08108108108107,1.0,1.08108108108107,0.0,-0.18018018018017834,1,,量占比與後續報酬的描述性相關；非因果或預測能力，少量樣本不作判斷,描述性關係；尚未扣費用、檢查除權息或做樣本外驗證；不評分、不認定關鍵分點
6290,0039004200320055,9B00,台新-宜蘭,sell,5,1,1,1.08108108108107,1.0,1.08108108108107,0.0,-0.18018018018017834,1,,量占比與後續報酬的描述性相關；非因果或預測能力，少量樣本不作判斷,描述性關係；尚未扣費用、檢查除權息或做樣本外驗證；不評分、不認定關鍵分點
6290,1440,1440,美林,sell,5,1,1,1.08108108108107,1.0,1.08108108108107,0.0,-0.18018018018017834,1,,量占比與後續報酬的描述性相關；非因果或預測能力，少量樣本不作判斷,描述性關係；尚未扣費用、檢查除權息或做樣本外驗證；不評分、不認定關鍵分點
6290,1470,1470,台灣摩根士丹利,sell,5,1,1,1.08108108108107,1.0,1.08108108108107,0.0,-0.18018018018017834,1,,量占比與後續報酬的描述性相關；非因果或預測能力，少量樣本不作判斷,描述性關係；尚未扣費用、檢查除權息或做樣本外驗證；不評分、不認定關鍵分點
6290,1480,1480,美商高盛,sell,5,1,1,1.08108108108107,1.0,1.08108108108107,0.0,-0.18018018018017834,1,,量占比與後續報酬的描述性相關；非因果或預測能力，少量樣本不作判斷,描述性關係；尚未扣費用、檢查除權息或做樣本外驗證；不評分、不認定關鍵分點
6290,1650,1650,新加坡商瑞銀,sell,5,1,1,1.08108108108107,1.0,1.08108108108107,0.0,-0.18018018018017834,1,,量占比與後續報酬的描述性相關；非因果或預測能力，少量樣本不作判斷,描述性關係；尚未扣費用、檢查除權息或做樣本外驗證；不評分、不認定關鍵分點
6290,5850,5850,統一,sell,5,1,1,1.08108108108107,1.0,1.08108108108107,0.0,-0.18018018018017834,1,,量占比與後續報酬的描述性相關；非因果或預測能力，少量樣本不作判斷,描述性關係；尚未扣費用、檢查除權息或做樣本外驗證；不評分、不認定關鍵分點
6290,5852,5850,統一-敦南,sell,5,1,1,1.08108108108107,1.0,1.08108108108107,0.0,-0.18018018018017834,1,,量占比與後續報酬的描述性相關；非因果或預測能力，少量樣本不作判斷,描述性關係；尚未扣費用、檢查除權息或做樣本外驗證；不評分、不認定關鍵分點
6290,8560,8560,新光,buy,5,1,1,1.08108108108107,1.0,1.08108108108107,0.0,-0.18018018018017834,1,,量占比與後續報酬的描述性相關；非因果或預測能力，少量樣本不作判斷,描述性關係；尚未扣費用、檢查除權息或做樣本外驗證；不評分、不認定關鍵分點
6290,8882,8880,國泰-台中,buy,5,1,1,1.08108108108107,1.0,1.08108108108107,0.0,-0.18018018018017834,1,,量占比與後續報酬的描述性相關；非因果或預測能力，少量樣本不作判斷,描述性關係；尚未扣費用、檢查除權息或做樣本外驗證；不評分、不認定關鍵分點
6290,8888,8880,國泰-敦南,buy,5,1,1,1.08108108108107,1.0,1.08108108108107,0.0,-0.18018018018017834,1,,量占比與後續報酬的描述性相關；非因果或預測能力，少量樣本不作判斷,描述性關係；尚未扣費用、檢查除權息或做樣本外驗證；不評分、不認定關鍵分點
6290,9200,9200,凱基,sell,5,1,1,1.08108108108107,1.0,1.08108108108107,0.0,-0.18018018018017834,1,,量占比與後續報酬的描述性相關；非因果或預測能力，少量樣本不作判斷,描述性關係；尚未扣費用、檢查除權息或做樣本外驗證；不評分、不認定關鍵分點
6290,9216,9200,凱基-信義,buy,5,1,1,1.08108108108107,1.0,1.08108108108107,0.0,-0.18018018018017834,1,,量占比與後續報酬的描述性相關；非因果或預測能力，少量樣本不作判斷,描述性關係；尚未扣費用、檢查除權息或做樣本外驗證；不評分、不認定關鍵分點
6290,9239,9200,凱基-市政,buy,5,1,1,1.08108108108107,1.0,1.08108108108107,0.0,-0.18018018018017834,1,,量占比與後續報酬的描述性相關；非因果或預測能力，少量樣本不作判斷,描述性關係；尚未扣費用、檢查除權息或做樣本外驗證；不評分、不認定關鍵分點
6290,9268,9200,凱基-台北,sell,5,1,1,1.08108108108107,1.0,1.08108108108107,0.0,-0.18018018018017834,1,,量占比與後續報酬的描述性相關；非因果或預測能力，少量樣本不作判斷,描述性關係；尚未扣費用、檢查除權息或做樣本外驗證；不評分、不認定關鍵分點
6290,9300,9300,華南永昌,buy,5,1,1,1.08108108108107,1.0,1.08108108108107,0.0,-0.18018018018017834,1,,量占比與後續報酬的描述性相關；非因果或預測能力，少量樣本不作判斷,描述性關係；尚未扣費用、檢查除權息或做樣本外驗證；不評分、不認定關鍵分點
6290,9302,9300,華南永昌-台中,buy,5,1,1,1.08108108108107,1.0,1.08108108108107,0.0,-0.18018018018017834,1,,量占比與後續報酬的描述性相關；非因果或預測能力，少量樣本不作判斷,描述性關係；尚未扣費用、檢查除權息或做樣本外驗證；不評分、不認定關鍵分點
6290,9359,9300,華南永昌-中正,buy,5,1,1,1.08108108108107,1.0,1.08108108108107,0.0,-0.18018018018017834,1,,量占比與後續報酬的描述性相關；非因果或預測能力，少量樣本不作判斷,描述性關係；尚未扣費用、檢查除權息或做樣本外驗證；不評分、不認定關鍵分點
6290,9600,9600,富邦證券,sell,5,1,1,1.08108108108107,1.0,1.08108108108107,0.0,-0.18018018018017834,1,,量占比與後續報酬的描述性相關；非因果或預測能力，少量樣本不作判斷,描述性關係；尚未扣費用、檢查除權息或做樣本外驗證；不評分、不認定關鍵分點
6290,9604,9600,富邦-陽明,buy,5,1,1,1.08108108108107,1.0,1.08108108108107,0.0,-0.18018018018017834,1,,量占比與後續報酬的描述性相關；非因果或預測能力，少量樣本不作判斷,描述性關係；尚未扣費用、檢查除權息或做樣本外驗證；不評分、不認定關鍵分點
6290,9623,9600,富邦-台北,buy,5,1,1,1.08108108108107,1.0,1.08108108108107,0.0,-0.18018018018017834,1,,量占比與後續報酬的描述性相關；非因果或預測能力，少量樣本不作判斷,描述性關係；尚未扣費用、檢查除權息或做樣本外驗證；不評分、不認定關鍵分點
6290,9627,9600,富邦-內湖,sell,5,1,1,1.08108108108107,1.0,1.08108108108107,0.0,-0.18018018018017834,1,,量占比與後續報酬的描述性相關；非因果或預測能力，少量樣本不作判斷,描述性關係；尚未扣費用、檢查除權息或做樣本外驗證；不評分、不認定關鍵分點
6290,9800,9800,元大證券,sell,5,1,1,1.08108108108107,1.0,1.08108108108107,0.0,-0.18018018018017834,1,,量占比與後續報酬的描述性相關；非因果或預測能力，少量樣本不作判斷,描述性關係；尚未扣費用、檢查除權息或做樣本外驗證；不評分、不認定關鍵分點
6290,9867,9800,元大-內湖民權,buy,5,1,1,1.08108108108107,1.0,1.08108108108107,0.0,-0.18018018018017834,1,,量占比與後續報酬的描述性相關；非因果或預測能力，少量樣本不作判斷,描述性關係；尚未扣費用、檢查除權息或做樣本外驗證；不評分、不認定關鍵分點
6412,003600310036004b,6160,中國信託-高雄,sell,5,1,1,-2.144772117962457,0.0,-2.144772117962457,0.0,-2.144772117962457,1,,量占比與後續報酬的描述性相關；非因果或預測能力，少量樣本不作判斷,描述性關係；尚未扣費用、檢查除權息或做樣本外驗證；不評分、不認定關鍵分點
6412,0037003700390050,7790,國票-九鼎,sell,5,1,1,-2.144772117962457,0.0,-2.144772117962457,0.0,-2.144772117962457,1,,量占比與後續報酬的描述性相關；非因果或預測能力，少量樣本不作判斷,描述性關係；尚未扣費用、檢查除權息或做樣本外驗證；不評分、不認定關鍵分點
6412,0039003100380063,9100,群益金鼎-鳳山,buy,5,1,1,-2.144772117962457,0.0,-2.144772117962457,0.0,-2.144772117962457,1,,量占比與後續報酬的描述性相關；非因果或預測能力，少量樣本不作判斷,描述性關係；尚未扣費用、檢查除權息或做樣本外驗證；不評分、不認定關鍵分點
6412,0039003200310053,9200,凱基-新莊,sell,5,1,1,-2.144772117962457,0.0,-2.144772117962457,0.0,-2.144772117962457,1,,量占比與後續報酬的描述性相關；非因果或預測能力，少量樣本不作判斷,描述性關係；尚未扣費用、檢查除權息或做樣本外驗證；不評分、不認定關鍵分點
6412,003900360031004e,9600,富邦-青埔,sell,5,1,1,-2.144772117962457,0.0,-2.144772117962457,0.0,-2.144772117962457,1,,量占比與後續報酬的描述性相關；非因果或預測能力，少量樣本不作判斷,描述性關係；尚未扣費用、檢查除權息或做樣本外驗證；不評分、不認定關鍵分點
6412,0039003800300064,9800,元大-沙鹿,sell,5,1,1,-2.144772117962457,0.0,-2.144772117962457,0.0,-2.144772117962457,1,,量占比與後續報酬的描述性相關；非因果或預測能力，少量樣本不作判斷,描述性關係；尚未扣費用、檢查除權息或做樣本外驗證；不評分、不認定關鍵分點
6412,0039003800310045,9800,元大-發財,buy,5,1,1,-2.144772117962457,0.0,-2.144772117962457,0.0,-2.144772117962457,1,,量占比與後續報酬的描述性相關；非因果或預測能力，少量樣本不作判斷,描述性關係；尚未扣費用、檢查除權息或做樣本外驗證；不評分、不認定關鍵分點
6412,0039003800310046,9800,元大-福營,buy,5,1,1,-2.144772117962457,0.0,-2.144772117962457,0.0,-2.144772117962457,1,,量占比與後續報酬的描述性相關；非因果或預測能力，少量樣本不作判斷,描述性關係；尚未扣費用、檢查除權息或做樣本外驗證；不評分、不認定關鍵分點
6412,0039004200300030,9B00,台新,sell,5,1,1,-2.144772117962457,0.0,-2.144772117962457,0.0,-2.144772117962457,1,,量占比與後續報酬的描述性相關；非因果或預測能力，少量樣本不作判斷,描述性關係；尚未扣費用、檢查除權息或做樣本外驗證；不評分、不認定關鍵分點
6412,0039004200310067,9B00,台新-高雄,buy,5,1,1,-2.144772117962457,0.0,-2.144772117962457,0.0,-2.144772117962457,1,,量占比與後續報酬的描述性相關；非因果或預測能力，少量樣本不作判斷,描述性關係；尚未扣費用、檢查除權息或做樣本外驗證；不評分、不認定關鍵分點
6412,0039004200320051,9B00,台新-敦南,buy,5,1,1,-2.144772117962457,0.0,-2.144772117962457,0.0,-2.144772117962457,1,,量占比與後續報酬的描述性相關；非因果或預測能力，少量樣本不作判斷,描述性關係；尚未扣費用、檢查除權息或做樣本外驗證；不評分、不認定關鍵分點
6412,1021,1020,合庫-台中,buy,5,1,1,-2.144772117962457,0.0,-2.144772117962457,0.0,-2.144772117962457,1,,量占比與後續報酬的描述性相關；非因果或預測能力，少量樣本不作判斷,描述性關係；尚未扣費用、檢查除權息或做樣本外驗證；不評分、不認定關鍵分點
6412,1045,1040,臺銀-新竹,sell,5,1,1,-2.144772117962457,0.0,-2.144772117962457,0.0,-2.144772117962457,1,,量占比與後續報酬的描述性相關；非因果或預測能力，少量樣本不作判斷,描述性關係；尚未扣費用、檢查除權息或做樣本外驗證；不評分、不認定關鍵分點
6412,1470,1470,台灣摩根士丹利,sell,5,1,1,-2.144772117962457,0.0,-2.144772117962457,0.0,-2.144772117962457,1,,量占比與後續報酬的描述性相關；非因果或預測能力，少量樣本不作判斷,描述性關係；尚未扣費用、檢查除權息或做樣本外驗證；不評分、不認定關鍵分點
6412,1560,1560,港商野村,sell,5,1,1,-2.144772117962457,0.0,-2.144772117962457,0.0,-2.144772117962457,1,,量占比與後續報酬的描述性相關；非因果或預測能力，少量樣本不作判斷,描述性關係；尚未扣費用、檢查除權息或做樣本外驗證；不評分、不認定關鍵分點
6412,1650,1650,新加坡商瑞銀,sell,5,1,1,-2.144772117962457,0.0,-2.144772117962457,0.0,-2.144772117962457,1,,量占比與後續報酬的描述性相關；非因果或預測能力，少量樣本不作判斷,描述性關係；尚未扣費用、檢查除權息或做樣本外驗證；不評分、不認定關鍵分點
6412,6210,6210,新百王,buy,5,1,1,-2.144772117962457,0.0,-2.144772117962457,0.0,-2.144772117962457,1,,量占比與後續報酬的描述性相關；非因果或預測能力，少量樣本不作判斷,描述性關係；尚未扣費用、檢查除權息或做樣本外驗證；不評分、不認定關鍵分點
6412,6464,6460,大昌-新店,buy,5,1,1,-2.144772117962457,0.0,-2.144772117962457,0.0,-2.144772117962457,1,,量占比與後續報酬的描述性相關；非因果或預測能力，少量樣本不作判斷,描述性關係；尚未扣費用、檢查除權息或做樣本外驗證；不評分、不認定關鍵分點
6412,8440,8440,摩根大通,sell,5,1,1,-2.144772117962457,0.0,-2.144772117962457,0.0,-2.144772117962457,1,,量占比與後續報酬的描述性相關；非因果或預測能力，少量樣本不作判斷,描述性關係；尚未扣費用、檢查除權息或做樣本外驗證；不評分、不認定關鍵分點
6412,8840,8840,玉山證券,sell,5,1,1,-2.144772117962457,0.0,-2.144772117962457,0.0,-2.144772117962457,1,,量占比與後續報酬的描述性相關；非因果或預測能力，少量樣本不作判斷,描述性關係；尚未扣費用、檢查除權息或做樣本外驗證；不評分、不認定關鍵分點
6412,8842,8840,玉山-新莊,buy,5,1,1,-2.144772117962457,0.0,-2.144772117962457,0.0,-2.144772117962457,1,,量占比與後續報酬的描述性相關；非因果或預測能力，少量樣本不作判斷,描述性關係；尚未扣費用、檢查除權息或做樣本外驗證；不評分、不認定關鍵分點
6412,8843,8840,玉山-高雄,buy,5,1,1,-2.144772117962457,0.0,-2.144772117962457,0.0,-2.144772117962457,1,,量占比與後續報酬的描述性相關；非因果或預測能力，少量樣本不作判斷,描述性關係；尚未扣費用、檢查除權息或做樣本外驗證；不評分、不認定關鍵分點
6412,9215,9200,凱基-高美館,buy,5,1,1,-2.144772117962457,0.0,-2.144772117962457,0.0,-2.144772117962457,1,,量占比與後續報酬的描述性相關；非因果或預測能力，少量樣本不作判斷,描述性關係；尚未扣費用、檢查除權息或做樣本外驗證；不評分、不認定關鍵分點
6412,9268,9200,凱基-台北,sell,5,1,1,-2.144772117962457,0.0,-2.144772117962457,0.0,-2.144772117962457,1,,量占比與後續報酬的描述性相關；非因果或預測能力，少量樣本不作判斷,描述性關係；尚未扣費用、檢查除權息或做樣本外驗證；不評分、不認定關鍵分點
6412,9302,9300,華南永昌-台中,buy,5,1,1,-2.144772117962457,0.0,-2.144772117962457,0.0,-2.144772117962457,1,,量占比與後續報酬的描述性相關；非因果或預測能力，少量樣本不作判斷,描述性關係；尚未扣費用、檢查除權息或做樣本外驗證；不評分、不認定關鍵分點
6412,9329,9300,華南永昌-朴子,buy,5,1,1,-2.144772117962457,0.0,-2.144772117962457,0.0,-2.144772117962457,1,,量占比與後續報酬的描述性相關；非因果或預測能力，少量樣本不作判斷,描述性關係；尚未扣費用、檢查除權息或做樣本外驗證；不評分、不認定關鍵分點
6412,9623,9600,富邦-台北,buy,5,1,1,-2.144772117962457,0.0,-2.144772117962457,0.0,-2.144772117962457,1,,量占比與後續報酬的描述性相關；非因果或預測能力，少量樣本不作判斷,描述性關係；尚未扣費用、檢查除權息或做樣本外驗證；不評分、不認定關鍵分點
6412,9655,9600,富邦-板橋,buy,5,1,1,-2.144772117962457,0.0,-2.144772117962457,0.0,-2.144772117962457,1,,量占比與後續報酬的描述性相關；非因果或預測能力，少量樣本不作判斷,描述性關係；尚未扣費用、檢查除權息或做樣本外驗證；不評分、不認定關鍵分點
6412,9822,9800,元大-土城學府,sell,5,1,1,-2.144772117962457,0.0,-2.144772117962457,0.0,-2.144772117962457,1,,量占比與後續報酬的描述性相關；非因果或預測能力，少量樣本不作判斷,描述性關係；尚未扣費用、檢查除權息或做樣本外驗證；不評分、不認定關鍵分點
6412,9834,9800,元大-中壢,sell,5,1,1,-2.144772117962457,0.0,-2.144772117962457,0.0,-2.144772117962457,1,,量占比與後續報酬的描述性相關；非因果或預測能力，少量樣本不作判斷,描述性關係；尚未扣費用、檢查除權息或做樣本外驗證；不評分、不認定關鍵分點
6414,0031003200360055,1260,宏遠-館前,sell,5,1,1,-0.8695652173912993,0.0,-0.8695652173912993,0.0,-1.8633540372670843,1,,量占比與後續報酬的描述性相關；非因果或預測能力，少量樣本不作判斷,描述性關係；尚未扣費用、檢查除權息或做樣本外驗證；不評分、不認定關鍵分點
6414,0035003300380050,5380,第一金-路竹,buy,5,1,1,-0.8695652173912993,0.0,-0.8695652173912993,0.0,-1.8633540372670843,1,,量占比與後續報酬的描述性相關；非因果或預測能力，少量樣本不作判斷,描述性關係；尚未扣費用、檢查除權息或做樣本外驗證；不評分、不認定關鍵分點
6414,0038003400350046,8450,康和-仁愛,buy,5,1,1,-0.8695652173912993,0.0,-0.8695652173912993,0.0,-1.8633540372670843,1,,量占比與後續報酬的描述性相關；非因果或預測能力，少量樣本不作判斷,描述性關係；尚未扣費用、檢查除權息或做樣本外驗證；不評分、不認定關鍵分點
6414,003800340035004a,8450,康和-高雄,sell,5,1,1,-0.8695652173912993,0.0,-0.8695652173912993,0.0,-1.8633540372670843,1,,量占比與後續報酬的描述性相關；非因果或預測能力，少量樣本不作判斷,描述性關係；尚未扣費用、檢查除權息或做樣本外驗證；不評分、不認定關鍵分點
6414,0039003100380063,9100,群益金鼎-鳳山,sell,5,1,1,-0.8695652173912993,0.0,-0.8695652173912993,0.0,-1.8633540372670843,1,,量占比與後續報酬的描述性相關；非因果或預測能力，少量樣本不作判斷,描述性關係；尚未扣費用、檢查除權息或做樣本外驗證；不評分、不認定關鍵分點
6414,0039003200300048,9200,凱基-基隆,sell,5,1,1,-0.8695652173912993,0.0,-0.8695652173912993,0.0,-1.8633540372670843,1,,量占比與後續報酬的描述性相關；非因果或預測能力，少量樣本不作判斷,描述性關係；尚未扣費用、檢查除權息或做樣本外驗證；不評分、不認定關鍵分點
6414,0039003600310043,9600,富邦-南京,sell,5,1,1,-0.8695652173912993,0.0,-0.8695652173912993,0.0,-1.8633540372670843,1,,量占比與後續報酬的描述性相關；非因果或預測能力，少量樣本不作判斷,描述性關係；尚未扣費用、檢查除權息或做樣本外驗證；不評分、不認定關鍵分點
6414,0039003600310052,9600,富邦-南員林,buy,5,1,1,-0.8695652173912993,0.0,-0.8695652173912993,0.0,-1.8633540372670843,1,,量占比與後續報酬的描述性相關；非因果或預測能力，少量樣本不作判斷,描述性關係；尚未扣費用、檢查除權息或做樣本外驗證；不評分、不認定關鍵分點
6414,003900360032004a,9600,富邦-三峽,buy,5,1,1,-0.8695652173912993,0.0,-0.8695652173912993,0.0,-1.8633540372670843,1,,量占比與後續報酬的描述性相關；非因果或預測能力，少量樣本不作判斷,描述性關係；尚未扣費用、檢查除權息或做樣本外驗證；不評分、不認定關鍵分點
6414,0039003800300043,9800,元大-斗六,buy,5,1,1,-0.8695652173912993,0.0,-0.8695652173912993,0.0,-1.8633540372670843,1,,量占比與後續報酬的描述性相關；非因果或預測能力，少量樣本不作判斷,描述性關係；尚未扣費用、檢查除權息或做樣本外驗證；不評分、不認定關鍵分點
6414,0039003800310069,9800,元大-西螺,sell,5,1,1,-0.8695652173912993,0.0,-0.8695652173912993,0.0,-1.8633540372670843,1,,量占比與後續報酬的描述性相關；非因果或預測能力，少量樣本不作判斷,描述性關係；尚未扣費用、檢查除權息或做樣本外驗證；不評分、不認定關鍵分點
6414,003900380033006a,9800,元大-仁愛,buy,5,1,1,-0.8695652173912993,0.0,-0.8695652173912993,0.0,-1.8633540372670843,1,,量占比與後續報酬的描述性相關；非因果或預測能力，少量樣本不作判斷,描述性關係；尚未扣費用、檢查除權息或做樣本外驗證；不評分、不認定關鍵分點
6414,0039004100300030,9A00,永豐金證券,buy,5,1,1,-0.8695652173912993,0.0,-0.8695652173912993,0.0,-1.8633540372670843,1,,量占比與後續報酬的描述性相關；非因果或預測能力，少量樣本不作判斷,描述性關係；尚未扣費用、檢查除權息或做樣本外驗證；不評分、不認定關鍵分點
6414,0039004100380031,9A00,永豐金-匯立,sell,5,1,1,-0.8695652173912993,0.0,-0.8695652173912993,0.0,-1.8633540372670843,1,,量占比與後續報酬的描述性相關；非因果或預測能力，少量樣本不作判斷,描述性關係；尚未扣費用、檢查除權息或做樣本外驗證；不評分、不認定關鍵分點
6414,0039004100390031,9A00,永豐金-松山,sell,5,1,1,-0.8695652173912993,0.0,-0.8695652173912993,0.0,-1.8633540372670843,1,,量占比與後續報酬的描述性相關；非因果或預測能力，少量樣本不作判斷,描述性關係；尚未扣費用、檢查除權息或做樣本外驗證；不評分、不認定關鍵分點
6414,0039004100390072,9A00,永豐金-北高雄,sell,5,1,1,-0.8695652173912993,0.0,-0.8695652173912993,0.0,-1.8633540372670843,1,,量占比與後續報酬的描述性相關；非因果或預測能力，少量樣本不作判斷,描述性關係；尚未扣費用、檢查除權息或做樣本外驗證；不評分、不認定關鍵分點
6414,1440,1440,美林,buy,5,1,1,-0.8695652173912993,0.0,-0.8695652173912993,0.0,-1.8633540372670843,1,,量占比與後續報酬的描述性相關；非因果或預測能力，少量樣本不作判斷,描述性關係；尚未扣費用、檢查除權息或做樣本外驗證；不評分、不認定關鍵分點
6414,1470,1470,台灣摩根士丹利,sell,5,1,1,-0.8695652173912993,0.0,-0.8695652173912993,0.0,-1.8633540372670843,1,,量占比與後續報酬的描述性相關；非因果或預測能力，少量樣本不作判斷,描述性關係；尚未扣費用、檢查除權息或做樣本外驗證；不評分、不認定關鍵分點
6414,1480,1480,美商高盛,buy,5,1,1,-0.8695652173912993,0.0,-0.8695652173912993,0.0,-1.8633540372670843,1,,量占比與後續報酬的描述性相關；非因果或預測能力，少量樣本不作判斷,描述性關係；尚未扣費用、檢查除權息或做樣本外驗證；不評分、不認定關鍵分點
6414,1560,1560,港商野村,buy,5,1,1,-0.8695652173912993,0.0,-0.8695652173912993,0.0,-1.8633540372670843,1,,量占比與後續報酬的描述性相關；非因果或預測能力，少量樣本不作判斷,描述性關係；尚未扣費用、檢查除權息或做樣本外驗證；不評分、不認定關鍵分點
6414,6160,6160,中國信託,buy,5,1,1,-0.8695652173912993,0.0,-0.8695652173912993,0.0,-1.8633540372670843,1,,量占比與後續報酬的描述性相關；非因果或預測能力，少量樣本不作判斷,描述性關係；尚未扣費用、檢查除權息或做樣本外驗證；不評分、不認定關鍵分點
6414,8440,8440,摩根大通,buy,5,1,1,-0.8695652173912993,0.0,-0.8695652173912993,0.0,-1.8633540372670843,1,,量占比與後續報酬的描述性相關；非因果或預測能力，少量樣本不作判斷,描述性關係；尚未扣費用、檢查除權息或做樣本外驗證；不評分、不認定關鍵分點
6414,8560,8560,新光,sell,5,1,1,-0.8695652173912993,0.0,-0.8695652173912993,0.0,-1.8633540372670843,1,,量占比與後續報酬的描述性相關；非因果或預測能力，少量樣本不作判斷,描述性關係；尚未扣費用、檢查除權息或做樣本外驗證；不評分、不認定關鍵分點
6414,9136,9100,群益金鼎-西松,sell,5,1,1,-0.8695652173912993,0.0,-0.8695652173912993,0.0,-1.8633540372670843,1,,量占比與後續報酬的描述性相關；非因果或預測能力，少量樣本不作判斷,描述性關係；尚未扣費用、檢查除權息或做樣本外驗證；不評分、不認定關鍵分點
6414,9257,9200,凱基-林口,buy,5,1,1,-0.8695652173912993,0.0,-0.8695652173912993,0.0,-1.8633540372670843,1,,量占比與後續報酬的描述性相關；非因果或預測能力，少量樣本不作判斷,描述性關係；尚未扣費用、檢查除權息或做樣本外驗證；不評分、不認定關鍵分點
6414,9268,9200,凱基-台北,sell,5,1,1,-0.8695652173912993,0.0,-0.8695652173912993,0.0,-1.8633540372670843,1,,量占比與後續報酬的描述性相關；非因果或預測能力，少量樣本不作判斷,描述性關係；尚未扣費用、檢查除權息或做樣本外驗證；不評分、不認定關鍵分點
6414,9319,9300,華南永昌-鶯歌,sell,5,1,1,-0.8695652173912993,0.0,-0.8695652173912993,0.0,-1.8633540372670843,1,,量占比與後續報酬的描述性相關；非因果或預測能力，少量樣本不作判斷,描述性關係；尚未扣費用、檢查除權息或做樣本外驗證；不評分、不認定關鍵分點
6414,9623,9600,富邦-台北,sell,5,1,1,-0.8695652173912993,0.0,-0.8695652173912993,0.0,-1.8633540372670843,1,,量占比與後續報酬的描述性相關；非因果或預測能力，少量樣本不作判斷,描述性關係；尚未扣費用、檢查除權息或做樣本外驗證；不評分、不認定關鍵分點
6414,9800,9800,元大證券,buy,5,1,1,-0.8695652173912993,0.0,-0.8695652173912993,0.0,-1.8633540372670843,1,,量占比與後續報酬的描述性相關；非因果或預測能力，少量樣本不作判斷,描述性關係；尚未扣費用、檢查除權息或做樣本外驗證；不評分、不認定關鍵分點
6414,9891,9800,元大-永和,buy,5,1,1,-0.8695652173912993,0.0,-0.8695652173912993,0.0,-1.8633540372670843,1,,量占比與後續報酬的描述性相關；非因果或預測能力，少量樣本不作判斷,描述性關係；尚未扣費用、檢查除權息或做樣本外驗證；不評分、不認定關鍵分點
6426,0035003800350055,5850,統一-南京,sell,5,1,1,0.44182621502208974,1.0,0.44182621502208974,0.0,0.44182621502208974,1,,量占比與後續報酬的描述性相關；非因果或預測能力，少量樣本不作判斷,描述性關係；尚未扣費用、檢查除權息或做樣本外驗證；不評分、不認定關鍵分點
6426,0037003000300048,7000,兆豐-東門,buy,5,1,1,0.44182621502208974,1.0,0.44182621502208974,0.0,0.44182621502208974,1,,量占比與後續報酬的描述性相關；非因果或預測能力，少量樣本不作判斷,描述性關係；尚未扣費用、檢查除權息或做樣本外驗證；不評分、不認定關鍵分點
6426,0037003700390063,7790,國票-敦北法人,sell,5,1,1,0.44182621502208974,1.0,0.44182621502208974,0.0,0.44182621502208974,1,,量占比與後續報酬的描述性相關；非因果或預測能力，少量樣本不作判斷,描述性關係；尚未扣費用、檢查除權息或做樣本外驗證；不評分、不認定關鍵分點
6426,0039003100380042,9100,群益金鼎-板橋,buy,5,1,1,0.44182621502208974,1.0,0.44182621502208974,0.0,0.44182621502208974,1,,量占比與後續報酬的描述性相關；非因果或預測能力，少量樣本不作判斷,描述性關係；尚未扣費用、檢查除權息或做樣本外驗證；不評分、不認定關鍵分點
6426,0039003600320045,9600,富邦-樹林,buy,5,1,1,0.44182621502208974,1.0,0.44182621502208974,0.0,0.44182621502208974,1,,量占比與後續報酬的描述性相關；非因果或預測能力，少量樣本不作判斷,描述性關係；尚未扣費用、檢查除權息或做樣本外驗證；不評分、不認定關鍵分點
6426,0039003800310079,9800,元大-善化,sell,5,1,1,0.44182621502208974,1.0,0.44182621502208974,0.0,0.44182621502208974,1,,量占比與後續報酬的描述性相關；非因果或預測能力，少量樣本不作判斷,描述性關係；尚未扣費用、檢查除權息或做樣本外驗證；不評分、不認定關鍵分點
6426,0039004100390037,9A00,永豐金-新竹,buy,5,1,1,0.44182621502208974,1.0,0.44182621502208974,0.0,0.44182621502208974,1,,量占比與後續報酬的描述性相關；非因果或預測能力，少量樣本不作判斷,描述性關係；尚未扣費用、檢查除權息或做樣本外驗證；不評分、不認定關鍵分點
6426,0039004100390044,9A00,永豐金-忠孝,sell,5,1,1,0.44182621502208974,1.0,0.44182621502208974,0.0,0.44182621502208974,1,,量占比與後續報酬的描述性相關；非因果或預測能力，少量樣本不作判斷,描述性關係；尚未扣費用、檢查除權息或做樣本外驗證；不評分、不認定關鍵分點
6426,0039004100390071,9A00,永豐金-潮州,buy,5,1,1,0.44182621502208974,1.0,0.44182621502208974,0.0,0.44182621502208974,1,,量占比與後續報酬的描述性相關；非因果或預測能力，少量樣本不作判斷,描述性關係；尚未扣費用、檢查除權息或做樣本外驗證；不評分、不認定關鍵分點
6426,1440,1440,美林,sell,5,1,1,0.44182621502208974,1.0,0.44182621502208974,0.0,0.44182621502208974,1,,量占比與後續報酬的描述性相關；非因果或預測能力，少量樣本不作判斷,描述性關係；尚未扣費用、檢查除權息或做樣本外驗證；不評分、不認定關鍵分點
6426,1470,1470,台灣摩根士丹利,sell,5,1,1,0.44182621502208974,1.0,0.44182621502208974,0.0,0.44182621502208974,1,,量占比與後續報酬的描述性相關；非因果或預測能力，少量樣本不作判斷,描述性關係；尚未扣費用、檢查除權息或做樣本外驗證；不評分、不認定關鍵分點
6426,1480,1480,美商高盛,sell,5,1,1,0.44182621502208974,1.0,0.44182621502208974,0.0,0.44182621502208974,1,,量占比與後續報酬的描述性相關；非因果或預測能力，少量樣本不作判斷,描述性關係；尚未扣費用、檢查除權息或做樣本外驗證；不評分、不認定關鍵分點
6426,5850,5850,統一,buy,5,1,1,0.44182621502208974,1.0,0.44182621502208974,0.0,0.44182621502208974,1,,量占比與後續報酬的描述性相關；非因果或預測能力，少量樣本不作判斷,描述性關係；尚未扣費用、檢查除權息或做樣本外驗證；不評分、不認定關鍵分點
6426,6167,6160,中國信託-松江,buy,5,1,1,0.44182621502208974,1.0,0.44182621502208974,0.0,0.44182621502208974,1,,量占比與後續報酬的描述性相關；非因果或預測能力，少量樣本不作判斷,描述性關係；尚未扣費用、檢查除權息或做樣本外驗證；不評分、不認定關鍵分點
6426,8440,8440,摩根大通,sell,5,1,1,0.44182621502208974,1.0,0.44182621502208974,0.0,0.44182621502208974,1,,量占比與後續報酬的描述性相關；非因果或預測能力，少量樣本不作判斷,描述性關係；尚未扣費用、檢查除權息或做樣本外驗證；不評分、不認定關鍵分點
6426,8560,8560,新光,sell,5,1,1,0.44182621502208974,1.0,0.44182621502208974,0.0,0.44182621502208974,1,,量占比與後續報酬的描述性相關；非因果或預測能力，少量樣本不作判斷,描述性關係；尚未扣費用、檢查除權息或做樣本外驗證；不評分、不認定關鍵分點
6426,8846,8840,玉山-板橋,sell,5,1,1,0.44182621502208974,1.0,0.44182621502208974,0.0,0.44182621502208974,1,,量占比與後續報酬的描述性相關；非因果或預測能力，少量樣本不作判斷,描述性關係；尚未扣費用、檢查除權息或做樣本外驗證；不評分、不認定關鍵分點
6426,8848,8840,玉山-嘉義,buy,5,1,1,0.44182621502208974,1.0,0.44182621502208974,0.0,0.44182621502208974,1,,量占比與後續報酬的描述性相關；非因果或預測能力，少量樣本不作判斷,描述性關係；尚未扣費用、檢查除權息或做樣本外驗證；不評分、不認定關鍵分點
6426,8886,8880,國泰-新莊,buy,5,1,1,0.44182621502208974,1.0,0.44182621502208974,0.0,0.44182621502208974,1,,量占比與後續報酬的描述性相關；非因果或預測能力，少量樣本不作判斷,描述性關係；尚未扣費用、檢查除權息或做樣本外驗證；不評分、不認定關鍵分點
6426,8888,8880,國泰-敦南,buy,5,1,1,0.44182621502208974,1.0,0.44182621502208974,0.0,0.44182621502208974,1,,量占比與後續報酬的描述性相關；非因果或預測能力，少量樣本不作判斷,描述性關係；尚未扣費用、檢查除權息或做樣本外驗證；不評分、不認定關鍵分點
6426,9100,9100,群益金鼎,buy,5,1,1,0.44182621502208974,1.0,0.44182621502208974,0.0,0.44182621502208974,1,,量占比與後續報酬的描述性相關；非因果或預測能力，少量樣本不作判斷,描述性關係；尚未扣費用、檢查除權息或做樣本外驗證；不評分、不認定關鍵分點
6426,9200,9200,凱基,sell,5,1,1,0.44182621502208974,1.0,0.44182621502208974,0.0,0.44182621502208974,1,,量占比與後續報酬的描述性相關；非因果或預測能力，少量樣本不作判斷,描述性關係；尚未扣費用、檢查除權息或做樣本外驗證；不評分、不認定關鍵分點
6426,9215,9200,凱基-高美館,buy,5,1,1,0.44182621502208974,1.0,0.44182621502208974,0.0,0.44182621502208974,1,,量占比與後續報酬的描述性相關；非因果或預測能力，少量樣本不作判斷,描述性關係；尚未扣費用、檢查除權息或做樣本外驗證；不評分、不認定關鍵分點
6426,9216,9200,凱基-信義,sell,5,1,1,0.44182621502208974,1.0,0.44182621502208974,0.0,0.44182621502208974,1,,量占比與後續報酬的描述性相關；非因果或預測能力，少量樣本不作判斷,描述性關係；尚未扣費用、檢查除權息或做樣本外驗證；不評分、不認定關鍵分點
6426,9268,9200,凱基-台北,buy,5,1,1,0.44182621502208974,1.0,0.44182621502208974,0.0,0.44182621502208974,1,,量占比與後續報酬的描述性相關；非因果或預測能力，少量樣本不作判斷,描述性關係；尚未扣費用、檢查除權息或做樣本外驗證；不評分、不認定關鍵分點
6426,9302,9300,華南永昌-台中,buy,5,1,1,0.44182621502208974,1.0,0.44182621502208974,0.0,0.44182621502208974,1,,量占比與後續報酬的描述性相關；非因果或預測能力，少量樣本不作判斷,描述性關係；尚未扣費用、檢查除權息或做樣本外驗證；不評分、不認定關鍵分點
6426,9308,9300,華南永昌-麻豆,sell,5,1,1,0.44182621502208974,1.0,0.44182621502208974,0.0,0.44182621502208974,1,,量占比與後續報酬的描述性相關；非因果或預測能力，少量樣本不作判斷,描述性關係；尚未扣費用、檢查除權息或做樣本外驗證；不評分、不認定關鍵分點
6426,9326,9300,華南永昌-南京,buy,5,1,1,0.44182621502208974,1.0,0.44182621502208974,0.0,0.44182621502208974,1,,量占比與後續報酬的描述性相關；非因果或預測能力，少量樣本不作判斷,描述性關係；尚未扣費用、檢查除權息或做樣本外驗證；不評分、不認定關鍵分點
6426,9386,9300,華南永昌-東昇,sell,5,1,1,0.44182621502208974,1.0,0.44182621502208974,0.0,0.44182621502208974,1,,量占比與後續報酬的描述性相關；非因果或預測能力，少量樣本不作判斷,描述性關係；尚未扣費用、檢查除權息或做樣本外驗證；不評分、不認定關鍵分點
6426,9800,9800,元大證券,sell,5,1,1,0.44182621502208974,1.0,0.44182621502208974,0.0,0.44182621502208974,1,,量占比與後續報酬的描述性相關；非因果或預測能力，少量樣本不作判斷,描述性關係；尚未扣費用、檢查除權息或做樣本外驗證；不評分、不認定關鍵分點
6442,0031003000320046,1020,合庫-西台中,sell,5,1,1,20.608108108108112,1.0,20.608108108108112,0.0,9.797297297297302,1,,量占比與後續報酬的描述性相關；非因果或預測能力，少量樣本不作判斷,描述性關係；尚未扣費用、檢查除權息或做樣本外驗證；不評分、不認定關鍵分點
6442,0035003300380042,5380,第一金-新竹,sell,5,1,1,20.608108108108112,1.0,20.608108108108112,0.0,9.797297297297302,1,,量占比與後續報酬的描述性相關；非因果或預測能力，少量樣本不作判斷,描述性關係；尚未扣費用、檢查除權息或做樣本外驗證；不評分、不認定關鍵分點
6442,0038003800340048,8840,玉山-新竹,sell,5,1,1,20.608108108108112,1.0,20.608108108108112,0.0,9.797297297297302,1,,量占比與後續報酬的描述性相關；非因果或預測能力，少量樣本不作判斷,描述性關係；尚未扣費用、檢查除權息或做樣本外驗證；不評分、不認定關鍵分點
6442,0039003200300046,9200,凱基-站前,buy,5,1,1,20.608108108108112,1.0,20.608108108108112,0.0,9.797297297297302,1,,量占比與後續報酬的描述性相關；非因果或預測能力，少量樣本不作判斷,描述性關係；尚未扣費用、檢查除權息或做樣本外驗證；不評分、不認定關鍵分點
6442,0039003800330042,9800,元大-林森,sell,5,1,1,20.608108108108112,1.0,20.608108108108112,0.0,9.797297297297302,1,,量占比與後續報酬的描述性相關；非因果或預測能力，少量樣本不作判斷,描述性關係；尚未扣費用、檢查除權息或做樣本外驗證；不評分、不認定關鍵分點
6442,0039004100300030,9A00,永豐金證券,buy,5,1,1,20.608108108108112,1.0,20.608108108108112,0.0,9.797297297297302,1,,量占比與後續報酬的描述性相關；非因果或預測能力，少量樣本不作判斷,描述性關係；尚未扣費用、檢查除權息或做樣本外驗證；不評分、不認定關鍵分點
6442,003900410039004c,9A00,永豐金-台中,buy,5,1,1,20.608108108108112,1.0,20.608108108108112,0.0,9.797297297297302,1,,量占比與後續報酬的描述性相關；非因果或預測能力，少量樣本不作判斷,描述性關係；尚未扣費用、檢查除權息或做樣本外驗證；不評分、不認定關鍵分點
6442,0039004200310068,9B00,台新-台中,sell,5,1,1,20.608108108108112,1.0,20.608108108108112,0.0,9.797297297297302,1,,量占比與後續報酬的描述性相關；非因果或預測能力，少量樣本不作判斷,描述性關係；尚未扣費用、檢查除權息或做樣本外驗證；不評分、不認定關鍵分點
6442,0039004200320030,9B00,台新-台北,sell,5,1,1,20.608108108108112,1.0,20.608108108108112,0.0,9.797297297297302,1,,量占比與後續報酬的描述性相關；非因果或預測能力，少量樣本不作判斷,描述性關係；尚未扣費用、檢查除權息或做樣本外驗證；不評分、不認定關鍵分點
6442,003900420032005a,9B00,台新-安南,buy,5,1,1,20.608108108108112,1.0,20.608108108108112,0.0,9.797297297297302,1,,量占比與後續報酬的描述性相關；非因果或預測能力，少量樣本不作判斷,描述性關係；尚未扣費用、檢查除權息或做樣本外驗證；不評分、不認定關鍵分點
6442,1360,1360,港商麥格理,sell,5,1,1,20.608108108108112,1.0,20.608108108108112,0.0,9.797297297297302,1,,量占比與後續報酬的描述性相關；非因果或預測能力，少量樣本不作判斷,描述性關係；尚未扣費用、檢查除權息或做樣本外驗證；不評分、不認定關鍵分點
6442,1440,1440,美林,buy,5,1,1,20.608108108108112,1.0,20.608108108108112,0.0,9.797297297297302,1,,量占比與後續報酬的描述性相關；非因果或預測能力，少量樣本不作判斷,描述性關係；尚未扣費用、檢查除權息或做樣本外驗證；不評分、不認定關鍵分點
6442,1470,1470,台灣摩根士丹利,sell,5,1,1,20.608108108108112,1.0,20.608108108108112,0.0,9.797297297297302,1,,量占比與後續報酬的描述性相關；非因果或預測能力，少量樣本不作判斷,描述性關係；尚未扣費用、檢查除權息或做樣本外驗證；不評分、不認定關鍵分點
6442,1480,1480,美商高盛,sell,5,1,1,20.608108108108112,1.0,20.608108108108112,0.0,9.797297297297302,1,,量占比與後續報酬的描述性相關；非因果或預測能力，少量樣本不作判斷,描述性關係；尚未扣費用、檢查除權息或做樣本外驗證；不評分、不認定關鍵分點
6442,1650,1650,新加坡商瑞銀,sell,5,1,1,20.608108108108112,1.0,20.608108108108112,0.0,9.797297297297302,1,,量占比與後續報酬的描述性相關；非因果或預測能力，少量樣本不作判斷,描述性關係；尚未扣費用、檢查除權息或做樣本外驗證；不評分、不認定關鍵分點
6442,5385,5380,第一金-桃園,buy,5,1,1,20.608108108108112,1.0,20.608108108108112,0.0,9.797297297297302,1,,量占比與後續報酬的描述性相關；非因果或預測能力，少量樣本不作判斷,描述性關係；尚未扣費用、檢查除權息或做樣本外驗證；不評分、不認定關鍵分點
6442,5852,5850,統一-敦南,buy,5,1,1,20.608108108108112,1.0,20.608108108108112,0.0,9.797297297297302,1,,量占比與後續報酬的描述性相關；非因果或預測能力，少量樣本不作判斷,描述性關係；尚未扣費用、檢查除權息或做樣本外驗證；不評分、不認定關鍵分點
6442,6160,6160,中國信託,buy,5,1,1,20.608108108108112,1.0,20.608108108108112,0.0,9.797297297297302,1,,量占比與後續報酬的描述性相關；非因果或預測能力，少量樣本不作判斷,描述性關係；尚未扣費用、檢查除權息或做樣本外驗證；不評分、不認定關鍵分點
6442,8440,8440,摩根大通,sell,5,1,1,20.608108108108112,1.0,20.608108108108112,0.0,9.797297297297302,1,,量占比與後續報酬的描述性相關；非因果或預測能力，少量樣本不作判斷,描述性關係；尚未扣費用、檢查除權息或做樣本外驗證；不評分、不認定關鍵分點
6442,8560,8560,新光,buy,5,1,1,20.608108108108112,1.0,20.608108108108112,0.0,9.797297297297302,1,,量占比與後續報酬的描述性相關；非因果或預測能力，少量樣本不作判斷,描述性關係；尚未扣費用、檢查除權息或做樣本外驗證；不評分、不認定關鍵分點
6442,9100,9100,群益金鼎,buy,5,1,1,20.608108108108112,1.0,20.608108108108112,0.0,9.797297297297302,1,,量占比與後續報酬的描述性相關；非因果或預測能力，少量樣本不作判斷,描述性關係；尚未扣費用、檢查除權息或做樣本外驗證；不評分、不認定關鍵分點
6442,9134,9100,群益金鼎-開元,buy,5,1,1,20.608108108108112,1.0,20.608108108108112,0.0,9.797297297297302,1,,量占比與後續報酬的描述性相關；非因果或預測能力，少量樣本不作判斷,描述性關係；尚未扣費用、檢查除權息或做樣本外驗證；不評分、不認定關鍵分點
6442,9200,9200,凱基,sell,5,1,1,20.608108108108112,1.0,20.608108108108112,0.0,9.797297297297302,1,,量占比與後續報酬的描述性相關；非因果或預測能力，少量樣本不作判斷,描述性關係；尚未扣費用、檢查除權息或做樣本外驗證；不評分、不認定關鍵分點
6442,9239,9200,凱基-市政,buy,5,1,1,20.608108108108112,1.0,20.608108108108112,0.0,9.797297297297302,1,,量占比與後續報酬的描述性相關；非因果或預測能力，少量樣本不作判斷,描述性關係；尚未扣費用、檢查除權息或做樣本外驗證；不評分、不認定關鍵分點
6442,9252,9200,凱基-嘉義,sell,5,1,1,20.608108108108112,1.0,20.608108108108112,0.0,9.797297297297302,1,,量占比與後續報酬的描述性相關；非因果或預測能力，少量樣本不作判斷,描述性關係；尚未扣費用、檢查除權息或做樣本外驗證；不評分、不認定關鍵分點
6442,9268,9200,凱基-台北,sell,5,1,1,20.608108108108112,1.0,20.608108108108112,0.0,9.797297297297302,1,,量占比與後續報酬的描述性相關；非因果或預測能力，少量樣本不作判斷,描述性關係；尚未扣費用、檢查除權息或做樣本外驗證；不評分、不認定關鍵分點
6442,9600,9600,富邦證券,buy,5,1,1,20.608108108108112,1.0,20.608108108108112,0.0,9.797297297297302,1,,量占比與後續報酬的描述性相關；非因果或預測能力，少量樣本不作判斷,描述性關係；尚未扣費用、檢查除權息或做樣本外驗證；不評分、不認定關鍵分點
6442,9604,9600,富邦-陽明,buy,5,1,1,20.608108108108112,1.0,20.608108108108112,0.0,9.797297297297302,1,,量占比與後續報酬的描述性相關；非因果或預測能力，少量樣本不作判斷,描述性關係；尚未扣費用、檢查除權息或做樣本外驗證；不評分、不認定關鍵分點
6442,9676,9600,富邦-仁愛,buy,5,1,1,20.608108108108112,1.0,20.608108108108112,0.0,9.797297297297302,1,,量占比與後續報酬的描述性相關；非因果或預測能力，少量樣本不作判斷,描述性關係；尚未扣費用、檢查除權息或做樣本外驗證；不評分、不認定關鍵分點
6442,9800,9800,元大證券,sell,5,1,1,20.608108108108112,1.0,20.608108108108112,0.0,9.797297297297302,1,,量占比與後續報酬的描述性相關；非因果或預測能力，少量樣本不作判斷,描述性關係；尚未扣費用、檢查除權息或做樣本外驗證；不評分、不認定關鍵分點
6462,003800380038004b,8880,國泰-板橋,buy,5,1,1,-6.0747663551401825,0.0,-6.0747663551401825,0.0,-6.0747663551401825,1,,量占比與後續報酬的描述性相關；非因果或預測能力，少量樣本不作判斷,描述性關係；尚未扣費用、檢查除權息或做樣本外驗證；不評分、不認定關鍵分點
6462,0039003200300041,9200,凱基-板橋,sell,5,1,1,-6.0747663551401825,0.0,-6.0747663551401825,0.0,-6.0747663551401825,1,,量占比與後續報酬的描述性相關；非因果或預測能力，少量樣本不作判斷,描述性關係；尚未扣費用、檢查除權息或做樣本外驗證；不評分、不認定關鍵分點
6462,0039003600320043,9600,富邦-竹科,sell,5,1,1,-6.0747663551401825,0.0,-6.0747663551401825,0.0,-6.0747663551401825,1,,量占比與後續報酬的描述性相關；非因果或預測能力，少量樣本不作判斷,描述性關係；尚未扣費用、檢查除權息或做樣本外驗證；不評分、不認定關鍵分點
6462,0039003800330042,9800,元大-林森,buy,5,1,1,-6.0747663551401825,0.0,-6.0747663551401825,0.0,-6.0747663551401825,1,,量占比與後續報酬的描述性相關；非因果或預測能力，少量樣本不作判斷,描述性關係；尚未扣費用、檢查除權息或做樣本外驗證；不評分、不認定關鍵分點
6462,0039003800390046,9800,元大-三民,buy,5,1,1,-6.0747663551401825,0.0,-6.0747663551401825,0.0,-6.0747663551401825,1,,量占比與後續報酬的描述性相關；非因果或預測能力，少量樣本不作判斷,描述性關係；尚未扣費用、檢查除權息或做樣本外驗證；不評分、不認定關鍵分點
6462,0039004100390032,9A00,永豐金-萬盛,sell,5,1,1,-6.0747663551401825,0.0,-6.0747663551401825,0.0,-6.0747663551401825,1,,量占比與後續報酬的描述性相關；非因果或預測能力，少量樣本不作判斷,描述性關係；尚未扣費用、檢查除權息或做樣本外驗證；不評分、不認定關鍵分點
6462,0039004100390038,9A00,永豐金-大園,buy,5,1,1,-6.0747663551401825,0.0,-6.0747663551401825,0.0,-6.0747663551401825,1,,量占比與後續報酬的描述性相關；非因果或預測能力，少量樣本不作判斷,描述性關係；尚未扣費用、檢查除權息或做樣本外驗證；不評分、不認定關鍵分點
6462,0039004200300030,9B00,台新,buy,5,1,1,-6.0747663551401825,0.0,-6.0747663551401825,0.0,-6.0747663551401825,1,,量占比與後續報酬的描述性相關；非因果或預測能力，少量樣本不作判斷,描述性關係；尚未扣費用、檢查除權息或做樣本外驗證；不評分、不認定關鍵分點
6462,1440,1440,美林,sell,5,1,1,-6.0747663551401825,0.0,-6.0747663551401825,0.0,-6.0747663551401825,1,,量占比與後續報酬的描述性相關；非因果或預測能力，少量樣本不作判斷,描述性關係；尚未扣費用、檢查除權息或做樣本外驗證；不評分、不認定關鍵分點
6462,1470,1470,台灣摩根士丹利,sell,5,1,1,-6.0747663551401825,0.0,-6.0747663551401825,0.0,-6.0747663551401825,1,,量占比與後續報酬的描述性相關；非因果或預測能力，少量樣本不作判斷,描述性關係；尚未扣費用、檢查除權息或做樣本外驗證；不評分、不認定關鍵分點
6462,1480,1480,美商高盛,sell,5,1,1,-6.0747663551401825,0.0,-6.0747663551401825,0.0,-6.0747663551401825,1,,量占比與後續報酬的描述性相關；非因果或預測能力，少量樣本不作判斷,描述性關係；尚未扣費用、檢查除權息或做樣本外驗證；不評分、不認定關鍵分點
6462,1650,1650,新加坡商瑞銀,sell,5,1,1,-6.0747663551401825,0.0,-6.0747663551401825,0.0,-6.0747663551401825,1,,量占比與後續報酬的描述性相關；非因果或預測能力，少量樣本不作判斷,描述性關係；尚未扣費用、檢查除權息或做樣本外驗證；不評分、不認定關鍵分點
6462,5852,5850,統一-敦南,sell,5,1,1,-6.0747663551401825,0.0,-6.0747663551401825,0.0,-6.0747663551401825,1,,量占比與後續報酬的描述性相關；非因果或預測能力，少量樣本不作判斷,描述性關係；尚未扣費用、檢查除權息或做樣本外驗證；不評分、不認定關鍵分點
6462,7005,7000,兆豐-台中港,sell,5,1,1,-6.0747663551401825,0.0,-6.0747663551401825,0.0,-6.0747663551401825,1,,量占比與後續報酬的描述性相關；非因果或預測能力，少量樣本不作判斷,描述性關係；尚未扣費用、檢查除權息或做樣本外驗證；不評分、不認定關鍵分點
6462,8440,8440,摩根大通,buy,5,1,1,-6.0747663551401825,0.0,-6.0747663551401825,0.0,-6.0747663551401825,1,,量占比與後續報酬的描述性相關；非因果或預測能力，少量樣本不作判斷,描述性關係；尚未扣費用、檢查除權息或做樣本外驗證；不評分、不認定關鍵分點
6462,8450,8450,康和,sell,5,1,1,-6.0747663551401825,0.0,-6.0747663551401825,0.0,-6.0747663551401825,1,,量占比與後續報酬的描述性相關；非因果或預測能力，少量樣本不作判斷,描述性關係；尚未扣費用、檢查除權息或做樣本外驗證；不評分、不認定關鍵分點
6462,8564,8560,新光-台南,buy,5,1,1,-6.0747663551401825,0.0,-6.0747663551401825,0.0,-6.0747663551401825,1,,量占比與後續報酬的描述性相關；非因果或預測能力，少量樣本不作判斷,描述性關係；尚未扣費用、檢查除權息或做樣本外驗證；不評分、不認定關鍵分點
6462,8841,8840,玉山-雙和,buy,5,1,1,-6.0747663551401825,0.0,-6.0747663551401825,0.0,-6.0747663551401825,1,,量占比與後續報酬的描述性相關；非因果或預測能力，少量樣本不作判斷,描述性關係；尚未扣費用、檢查除權息或做樣本外驗證；不評分、不認定關鍵分點
6462,8842,8840,玉山-新莊,buy,5,1,1,-6.0747663551401825,0.0,-6.0747663551401825,0.0,-6.0747663551401825,1,,量占比與後續報酬的描述性相關；非因果或預測能力，少量樣本不作判斷,描述性關係；尚未扣費用、檢查除權息或做樣本外驗證；不評分、不認定關鍵分點
6462,8843,8840,玉山-高雄,sell,5,1,1,-6.0747663551401825,0.0,-6.0747663551401825,0.0,-6.0747663551401825,1,,量占比與後續報酬的描述性相關；非因果或預測能力，少量樣本不作判斷,描述性關係；尚未扣費用、檢查除權息或做樣本外驗證；不評分、不認定關鍵分點
6462,8848,8840,玉山-嘉義,buy,5,1,1,-6.0747663551401825,0.0,-6.0747663551401825,0.0,-6.0747663551401825,1,,量占比與後續報酬的描述性相關；非因果或預測能力，少量樣本不作判斷,描述性關係；尚未扣費用、檢查除權息或做樣本外驗證；不評分、不認定關鍵分點
6462,9185,9100,群益金鼎-台南,buy,5,1,1,-6.0747663551401825,0.0,-6.0747663551401825,0.0,-6.0747663551401825,1,,量占比與後續報酬的描述性相關；非因果或預測能力，少量樣本不作判斷,描述性關係；尚未扣費用、檢查除權息或做樣本外驗證；不評分、不認定關鍵分點
6462,9187,9100,群益金鼎-彰化,buy,5,1,1,-6.0747663551401825,0.0,-6.0747663551401825,0.0,-6.0747663551401825,1,,量占比與後續報酬的描述性相關；非因果或預測能力，少量樣本不作判斷,描述性關係；尚未扣費用、檢查除權息或做樣本外驗證；不評分、不認定關鍵分點
6462,9268,9200,凱基-台北,sell,5,1,1,-6.0747663551401825,0.0,-6.0747663551401825,0.0,-6.0747663551401825,1,,量占比與後續報酬的描述性相關；非因果或預測能力，少量樣本不作判斷,描述性關係；尚未扣費用、檢查除權息或做樣本外驗證；不評分、不認定關鍵分點
6462,9302,9300,華南永昌-台中,sell,5,1,1,-6.0747663551401825,0.0,-6.0747663551401825,0.0,-6.0747663551401825,1,,量占比與後續報酬的描述性相關；非因果或預測能力，少量樣本不作判斷,描述性關係；尚未扣費用、檢查除權息或做樣本外驗證；不評分、不認定關鍵分點
6462,9319,9300,華南永昌-鶯歌,sell,5,1,1,-6.0747663551401825,0.0,-6.0747663551401825,0.0,-6.0747663551401825,1,,量占比與後續報酬的描述性相關；非因果或預測能力，少量樣本不作判斷,描述性關係；尚未扣費用、檢查除權息或做樣本外驗證；不評分、不認定關鍵分點
6462,9386,9300,華南永昌-東昇,buy,5,1,1,-6.0747663551401825,0.0,-6.0747663551401825,0.0,-6.0747663551401825,1,,量占比與後續報酬的描述性相關；非因果或預測能力，少量樣本不作判斷,描述性關係；尚未扣費用、檢查除權息或做樣本外驗證；不評分、不認定關鍵分點
6462,9676,9600,富邦-仁愛,buy,5,1,1,-6.0747663551401825,0.0,-6.0747663551401825,0.0,-6.0747663551401825,1,,量占比與後續報酬的描述性相關；非因果或預測能力，少量樣本不作判斷,描述性關係；尚未扣費用、檢查除權息或做樣本外驗證；不評分、不認定關鍵分點
6462,9692,9600,富邦-嘉義,buy,5,1,1,-6.0747663551401825,0.0,-6.0747663551401825,0.0,-6.0747663551401825,1,,量占比與後續報酬的描述性相關；非因果或預測能力，少量樣本不作判斷,描述性關係；尚未扣費用、檢查除權息或做樣本外驗證；不評分、不認定關鍵分點
6462,9825,9800,元大-新營,sell,5,1,1,-6.0747663551401825,0.0,-6.0747663551401825,0.0,-6.0747663551401825,1,,量占比與後續報酬的描述性相關；非因果或預測能力，少量樣本不作判斷,描述性關係；尚未扣費用、檢查除權息或做樣本外驗證；不評分、不認定關鍵分點
6485,0035003300380042,5380,第一金-新竹,sell,5,1,1,-4.1322314049586755,0.0,-4.1322314049586755,0.0,-8.028335301062572,1,,量占比與後續報酬的描述性相關；非因果或預測能力，少量樣本不作判斷,描述性關係；尚未扣費用、檢查除權息或做樣本外驗證；不評分、不認定關鍵分點
6485,0039003100380043,9100,群益金鼎-古亭,sell,5,1,1,-4.1322314049586755,0.0,-4.1322314049586755,0.0,-8.028335301062572,1,,量占比與後續報酬的描述性相關；非因果或預測能力，少量樣本不作判斷,描述性關係；尚未扣費用、檢查除權息或做樣本外驗證；不評分、不認定關鍵分點
6485,0039003100380065,9100,群益金鼎-大安,sell,5,1,1,-4.1322314049586755,0.0,-4.1322314049586755,0.0,-8.028335301062572,1,,量占比與後續報酬的描述性相關；非因果或預測能力，少量樣本不作判斷,描述性關係；尚未扣費用、檢查除權息或做樣本外驗證；不評分、不認定關鍵分點
6485,0039003200310053,9200,凱基-新莊,sell,5,1,1,-4.1322314049586755,0.0,-4.1322314049586755,0.0,-8.028335301062572,1,,量占比與後續報酬的描述性相關；非因果或預測能力，少量樣本不作判斷,描述性關係；尚未扣費用、檢查除權息或做樣本外驗證；不評分、不認定關鍵分點
6485,003900360033004c,9600,富邦-豐原,sell,5,1,1,-4.1322314049586755,0.0,-4.1322314049586755,0.0,-8.028335301062572,1,,量占比與後續報酬的描述性相關；非因果或預測能力，少量樣本不作判斷,描述性關係；尚未扣費用、檢查除權息或做樣本外驗證；不評分、不認定關鍵分點
6485,003900380030004b,9800,元大-竹科,sell,5,1,1,-4.1322314049586755,0.0,-4.1322314049586755,0.0,-8.028335301062572,1,,量占比與後續報酬的描述性相關；非因果或預測能力，少量樣本不作判斷,描述性關係；尚未扣費用、檢查除權息或做樣本外驗證；不評分、不認定關鍵分點
6485,0039003800390041,9800,元大-北投,sell,5,1,1,-4.1322314049586755,0.0,-4.1322314049586755,0.0,-8.028335301062572,1,,量占比與後續報酬的描述性相關；非因果或預測能力，少量樣本不作判斷,描述性關係；尚未扣費用、檢查除權息或做樣本外驗證；不評分、不認定關鍵分點
6485,0039003800390057,9800,元大-豐原站前,sell,5,1,1,-4.1322314049586755,0.0,-4.1322314049586755,0.0,-8.028335301062572,1,,量占比與後續報酬的描述性相關；非因果或預測能力，少量樣本不作判斷,描述性關係；尚未扣費用、檢查除權息或做樣本外驗證；不評分、不認定關鍵分點
6485,0039004100300030,9A00,永豐金證券,buy,5,1,1,-4.1322314049586755,0.0,-4.1322314049586755,0.0,-8.028335301062572,1,,量占比與後續報酬的描述性相關；非因果或預測能力，少量樣本不作判斷,描述性關係；尚未扣費用、檢查除權息或做樣本外驗證；不評分、不認定關鍵分點
6485,0039004100390058,9A00,永豐金-竹科,buy,5,1,1,-4.1322314049586755,0.0,-4.1322314049586755,0.0,-8.028335301062572,1,,量占比與後續報酬的描述性相關；非因果或預測能力，少量樣本不作判斷,描述性關係；尚未扣費用、檢查除權息或做樣本外驗證；不評分、不認定關鍵分點
6485,0039004200310039,9B00,台新-新莊,buy,5,1,1,-4.1322314049586755,0.0,-4.1322314049586755,0.0,-8.028335301062572,1,,量占比與後續報酬的描述性相關；非因果或預測能力，少量樣本不作判斷,描述性關係；尚未扣費用、檢查除權息或做樣本外驗證；不評分、不認定關鍵分點
6485,1440,1440,美林,buy,5,1,1,-4.1322314049586755,0.0,-4.1322314049586755,0.0,-8.028335301062572,1,,量占比與後續報酬的描述性相關；非因果或預測能力，少量樣本不作判斷,描述性關係；尚未扣費用、檢查除權息或做樣本外驗證；不評分、不認定關鍵分點
6485,1470,1470,台灣摩根士丹利,sell,5,1,1,-4.1322314049586755,0.0,-4.1322314049586755,0.0,-8.028335301062572,1,,量占比與後續報酬的描述性相關；非因果或預測能力，少量樣本不作判斷,描述性關係；尚未扣費用、檢查除權息或做樣本外驗證；不評分、不認定關鍵分點
6485,1480,1480,美商高盛,buy,5,1,1,-4.1322314049586755,0.0,-4.1322314049586755,0.0,-8.028335301062572,1,,量占比與後續報酬的描述性相關；非因果或預測能力，少量樣本不作判斷,描述性關係；尚未扣費用、檢查除權息或做樣本外驗證；不評分、不認定關鍵分點
6485,1560,1560,港商野村,buy,5,1,1,-4.1322314049586755,0.0,-4.1322314049586755,0.0,-8.028335301062572,1,,量占比與後續報酬的描述性相關；非因果或預測能力，少量樣本不作判斷,描述性關係；尚未扣費用、檢查除權息或做樣本外驗證；不評分、不認定關鍵分點
6485,5850,5850,統一,buy,5,1,1,-4.1322314049586755,0.0,-4.1322314049586755,0.0,-8.028335301062572,1,,量占比與後續報酬的描述性相關；非因果或預測能力，少量樣本不作判斷,描述性關係；尚未扣費用、檢查除權息或做樣本外驗證；不評分、不認定關鍵分點
6485,5856,5850,統一-台中,buy,5,1,1,-4.1322314049586755,0.0,-4.1322314049586755,0.0,-8.028335301062572,1,,量占比與後續報酬的描述性相關；非因果或預測能力，少量樣本不作判斷,描述性關係；尚未扣費用、檢查除權息或做樣本外驗證；不評分、不認定關鍵分點
6485,6160,6160,中國信託,buy,5,1,1,-4.1322314049586755,0.0,-4.1322314049586755,0.0,-8.028335301062572,1,,量占比與後續報酬的描述性相關；非因果或預測能力，少量樣本不作判斷,描述性關係；尚未扣費用、檢查除權息或做樣本外驗證；不評分、不認定關鍵分點
6485,6162,6160,中國信託-忠孝,buy,5,1,1,-4.1322314049586755,0.0,-4.1322314049586755,0.0,-8.028335301062572,1,,量占比與後續報酬的描述性相關；非因果或預測能力，少量樣本不作判斷,描述性關係；尚未扣費用、檢查除權息或做樣本外驗證；不評分、不認定關鍵分點
6485,6382,6380,光和-田中,sell,5,1,1,-4.1322314049586755,0.0,-4.1322314049586755,0.0,-8.028335301062572,1,,量占比與後續報酬的描述性相關；非因果或預測能力，少量樣本不作判斷,描述性關係；尚未扣費用、檢查除權息或做樣本外驗證；不評分、不認定關鍵分點
6485,7791,7790,國票-台東,sell,5,1,1,-4.1322314049586755,0.0,-4.1322314049586755,0.0,-8.028335301062572,1,,量占比與後續報酬的描述性相關；非因果或預測能力，少量樣本不作判斷,描述性關係；尚未扣費用、檢查除權息或做樣本外驗證；不評分、不認定關鍵分點
6485,9134,9100,群益金鼎-開元,sell,5,1,1,-4.1322314049586755,0.0,-4.1322314049586755,0.0,-8.028335301062572,1,,量占比與後續報酬的描述性相關；非因果或預測能力，少量樣本不作判斷,描述性關係；尚未扣費用、檢查除權息或做樣本外驗證；不評分、不認定關鍵分點
6485,9137,9100,群益金鼎-士林,buy,5,1,1,-4.1322314049586755,0.0,-4.1322314049586755,0.0,-8.028335301062572,1,,量占比與後續報酬的描述性相關；非因果或預測能力，少量樣本不作判斷,描述性關係；尚未扣費用、檢查除權息或做樣本外驗證；不評分、不認定關鍵分點
6485,9268,9200,凱基-台北,sell,5,1,1,-4.1322314049586755,0.0,-4.1322314049586755,0.0,-8.028335301062572,1,,量占比與後續報酬的描述性相關；非因果或預測能力，少量樣本不作判斷,描述性關係；尚未扣費用、檢查除權息或做樣本外驗證；不評分、不認定關鍵分點
6485,9287,9200,凱基-內湖,buy,5,1,1,-4.1322314049586755,0.0,-4.1322314049586755,0.0,-8.028335301062572,1,,量占比與後續報酬的描述性相關；非因果或預測能力，少量樣本不作判斷,描述性關係；尚未扣費用、檢查除權息或做樣本外驗證；不評分、不認定關鍵分點
6485,9326,9300,華南永昌-南京,buy,5,1,1,-4.1322314049586755,0.0,-4.1322314049586755,0.0,-8.028335301062572,1,,量占比與後續報酬的描述性相關；非因果或預測能力，少量樣本不作判斷,描述性關係；尚未扣費用、檢查除權息或做樣本外驗證；不評分、不認定關鍵分點
6485,9328,9300,華南永昌-潮州,sell,5,1,1,-4.1322314049586755,0.0,-4.1322314049586755,0.0,-8.028335301062572,1,,量占比與後續報酬的描述性相關；非因果或預測能力，少量樣本不作判斷,描述性關係；尚未扣費用、檢查除權息或做樣本外驗證；不評分、不認定關鍵分點
6485,9600,9600,富邦證券,buy,5,1,1,-4.1322314049586755,0.0,-4.1322314049586755,0.0,-8.028335301062572,1,,量占比與後續報酬的描述性相關；非因果或預測能力，少量樣本不作判斷,描述性關係；尚未扣費用、檢查除權息或做樣本外驗證；不評分、不認定關鍵分點
6485,9665,9600,富邦-桃園,sell,5,1,1,-4.1322314049586755,0.0,-4.1322314049586755,0.0,-8.028335301062572,1,,量占比與後續報酬的描述性相關；非因果或預測能力，少量樣本不作判斷,描述性關係；尚未扣費用、檢查除權息或做樣本外驗證；不評分、不認定關鍵分點
6485,9676,9600,富邦-仁愛,buy,5,1,1,-4.1322314049586755,0.0,-4.1322314049586755,0.0,-8.028335301062572,1,,量占比與後續報酬的描述性相關；非因果或預測能力，少量樣本不作判斷,描述性關係；尚未扣費用、檢查除權息或做樣本外驗證；不評分、不認定關鍵分點
6488,0037003700390063,7790,國票-敦北法人,sell,5,1,1,4.147465437788012,1.0,4.147465437788012,0.0,4.147465437788012,1,,量占比與後續報酬的描述性相關；非因果或預測能力，少量樣本不作判斷,描述性關係；尚未扣費用、檢查除權息或做樣本外驗證；不評分、不認定關鍵分點
6488,0037003700390076,7790,國票-台中,buy,5,1,1,4.147465437788012,1.0,4.147465437788012,0.0,4.147465437788012,1,,量占比與後續報酬的描述性相關；非因果或預測能力，少量樣本不作判斷,描述性關係；尚未扣費用、檢查除權息或做樣本外驗證；不評分、不認定關鍵分點
6488,003900310038004a,9100,群益金鼎-永和,sell,5,1,1,4.147465437788012,1.0,4.147465437788012,0.0,4.147465437788012,1,,量占比與後續報酬的描述性相關；非因果或預測能力，少量樣本不作判斷,描述性關係；尚未扣費用、檢查除權息或做樣本外驗證；不評分、不認定關鍵分點
6488,0039003200300046,9200,凱基-站前,sell,5,1,1,4.147465437788012,1.0,4.147465437788012,0.0,4.147465437788012,1,,量占比與後續報酬的描述性相關；非因果或預測能力，少量樣本不作判斷,描述性關係；尚未扣費用、檢查除權息或做樣本外驗證；不評分、不認定關鍵分點
6488,003900380034004b,9800,元大-館前,buy,5,1,1,4.147465437788012,1.0,4.147465437788012,0.0,4.147465437788012,1,,量占比與後續報酬的描述性相關；非因果或預測能力，少量樣本不作判斷,描述性關係；尚未扣費用、檢查除權息或做樣本外驗證；不評分、不認定關鍵分點
6488,0039004100300030,9A00,永豐金證券,buy,5,1,1,4.147465437788012,1.0,4.147465437788012,0.0,4.147465437788012,1,,量占比與後續報酬的描述性相關；非因果或預測能力，少量樣本不作判斷,描述性關係；尚未扣費用、檢查除權息或做樣本外驗證；不評分、不認定關鍵分點
6488,0039004100380039,9A00,永豐金-敦北,sell,5,1,1,4.147465437788012,1.0,4.147465437788012,0.0,4.147465437788012,1,,量占比與後續報酬的描述性相關；非因果或預測能力，少量樣本不作判斷,描述性關係；尚未扣費用、檢查除權息或做樣本外驗證；不評分、不認定關鍵分點
6488,0039004100390044,9A00,永豐金-忠孝,buy,5,1,1,4.147465437788012,1.0,4.147465437788012,0.0,4.147465437788012,1,,量占比與後續報酬的描述性相關；非因果或預測能力，少量樣本不作判斷,描述性關係；尚未扣費用、檢查除權息或做樣本外驗證；不評分、不認定關鍵分點
6488,0039004100390064,9A00,永豐金-古亭,buy,5,1,1,4.147465437788012,1.0,4.147465437788012,0.0,4.147465437788012,1,,量占比與後續報酬的描述性相關；非因果或預測能力，少量樣本不作判斷,描述性關係；尚未扣費用、檢查除權息或做樣本外驗證；不評分、不認定關鍵分點
6488,0039004200300030,9B00,台新,buy,5,1,1,4.147465437788012,1.0,4.147465437788012,0.0,4.147465437788012,1,,量占比與後續報酬的描述性相關；非因果或預測能力，少量樣本不作判斷,描述性關係；尚未扣費用、檢查除權息或做樣本外驗證；不評分、不認定關鍵分點
6488,0039004200320072,9B00,台新-城東,buy,5,1,1,4.147465437788012,1.0,4.147465437788012,0.0,4.147465437788012,1,,量占比與後續報酬的描述性相關；非因果或預測能力，少量樣本不作判斷,描述性關係；尚未扣費用、檢查除權息或做樣本外驗證；不評分、不認定關鍵分點
6488,1260,1260,宏遠證券,sell,5,1,1,4.147465437788012,1.0,4.147465437788012,0.0,4.147465437788012,1,,量占比與後續報酬的描述性相關；非因果或預測能力，少量樣本不作判斷,描述性關係；尚未扣費用、檢查除權息或做樣本外驗證；不評分、不認定關鍵分點
6488,1440,1440,美林,sell,5,1,1,4.147465437788012,1.0,4.147465437788012,0.0,4.147465437788012,1,,量占比與後續報酬的描述性相關；非因果或預測能力，少量樣本不作判斷,描述性關係；尚未扣費用、檢查除權息或做樣本外驗證；不評分、不認定關鍵分點
6488,1470,1470,台灣摩根士丹利,sell,5,1,1,4.147465437788012,1.0,4.147465437788012,0.0,4.147465437788012,1,,量占比與後續報酬的描述性相關；非因果或預測能力，少量樣本不作判斷,描述性關係；尚未扣費用、檢查除權息或做樣本外驗證；不評分、不認定關鍵分點
6488,1480,1480,美商高盛,sell,5,1,1,4.147465437788012,1.0,4.147465437788012,0.0,4.147465437788012,1,,量占比與後續報酬的描述性相關；非因果或預測能力，少量樣本不作判斷,描述性關係；尚未扣費用、檢查除權息或做樣本外驗證；不評分、不認定關鍵分點
6488,1560,1560,港商野村,sell,5,1,1,4.147465437788012,1.0,4.147465437788012,0.0,4.147465437788012,1,,量占比與後續報酬的描述性相關；非因果或預測能力，少量樣本不作判斷,描述性關係；尚未扣費用、檢查除權息或做樣本外驗證；不評分、不認定關鍵分點
6488,1650,1650,新加坡商瑞銀,sell,5,1,1,4.147465437788012,1.0,4.147465437788012,0.0,4.147465437788012,1,,量占比與後續報酬的描述性相關；非因果或預測能力，少量樣本不作判斷,描述性關係；尚未扣費用、檢查除權息或做樣本外驗證；不評分、不認定關鍵分點
6488,5385,5380,第一金-桃園,sell,5,1,1,4.147465437788012,1.0,4.147465437788012,0.0,4.147465437788012,1,,量占比與後續報酬的描述性相關；非因果或預測能力，少量樣本不作判斷,描述性關係；尚未扣費用、檢查除權息或做樣本外驗證；不評分、不認定關鍵分點
6488,6160,6160,中國信託,buy,5,1,1,4.147465437788012,1.0,4.147465437788012,0.0,4.147465437788012,1,,量占比與後續報酬的描述性相關；非因果或預測能力，少量樣本不作判斷,描述性關係；尚未扣費用、檢查除權息或做樣本外驗證；不評分、不認定關鍵分點
6488,6210,6210,新百王,sell,5,1,1,4.147465437788012,1.0,4.147465437788012,0.0,4.147465437788012,1,,量占比與後續報酬的描述性相關；非因果或預測能力，少量樣本不作判斷,描述性關係；尚未扣費用、檢查除權息或做樣本外驗證；不評分、不認定關鍵分點
6488,8440,8440,摩根大通,buy,5,1,1,4.147465437788012,1.0,4.147465437788012,0.0,4.147465437788012,1,,量占比與後續報酬的描述性相關；非因果或預測能力，少量樣本不作判斷,描述性關係；尚未扣費用、檢查除權息或做樣本外驗證；不評分、不認定關鍵分點
6488,8450,8450,康和,buy,5,1,1,4.147465437788012,1.0,4.147465437788012,0.0,4.147465437788012,1,,量占比與後續報酬的描述性相關；非因果或預測能力，少量樣本不作判斷,描述性關係；尚未扣費用、檢查除權息或做樣本外驗證；不評分、不認定關鍵分點
6488,8880,8880,國泰證券,buy,5,1,1,4.147465437788012,1.0,4.147465437788012,0.0,4.147465437788012,1,,量占比與後續報酬的描述性相關；非因果或預測能力，少量樣本不作判斷,描述性關係；尚未扣費用、檢查除權息或做樣本外驗證；不評分、不認定關鍵分點
6488,9100,9100,群益金鼎,buy,5,1,1,4.147465437788012,1.0,4.147465437788012,0.0,4.147465437788012,1,,量占比與後續報酬的描述性相關；非因果或預測能力，少量樣本不作判斷,描述性關係；尚未扣費用、檢查除權息或做樣本外驗證；不評分、不認定關鍵分點
6488,9103,9100,群益金鼎-松山,buy,5,1,1,4.147465437788012,1.0,4.147465437788012,0.0,4.147465437788012,1,,量占比與後續報酬的描述性相關；非因果或預測能力，少量樣本不作判斷,描述性關係；尚未扣費用、檢查除權息或做樣本外驗證；不評分、不認定關鍵分點
6488,9216,9200,凱基-信義,buy,5,1,1,4.147465437788012,1.0,4.147465437788012,0.0,4.147465437788012,1,,量占比與後續報酬的描述性相關；非因果或預測能力，少量樣本不作判斷,描述性關係；尚未扣費用、檢查除權息或做樣本外驗證；不評分、不認定關鍵分點
6488,9223,9200,凱基-豐中,sell,5,1,1,4.147465437788012,1.0,4.147465437788012,0.0,4.147465437788012,1,,量占比與後續報酬的描述性相關；非因果或預測能力，少量樣本不作判斷,描述性關係；尚未扣費用、檢查除權息或做樣本外驗證；不評分、不認定關鍵分點
6488,9268,9200,凱基-台北,sell,5,1,1,4.147465437788012,1.0,4.147465437788012,0.0,4.147465437788012,1,,量占比與後續報酬的描述性相關；非因果或預測能力，少量樣本不作判斷,描述性關係；尚未扣費用、檢查除權息或做樣本外驗證；不評分、不認定關鍵分點
6488,9600,9600,富邦證券,buy,5,1,1,4.147465437788012,1.0,4.147465437788012,0.0,4.147465437788012,1,,量占比與後續報酬的描述性相關；非因果或預測能力，少量樣本不作判斷,描述性關係；尚未扣費用、檢查除權息或做樣本外驗證；不評分、不認定關鍵分點
6488,9800,9800,元大證券,sell,5,1,1,4.147465437788012,1.0,4.147465437788012,0.0,4.147465437788012,1,,量占比與後續報酬的描述性相關；非因果或預測能力，少量樣本不作判斷,描述性關係；尚未扣費用、檢查除權息或做樣本外驗證；不評分、不認定關鍵分點
6510,003700370039005a,7790,國票-安和,sell,5,1,1,10.666666666666668,1.0,10.666666666666668,0.0,0.6666666666666599,1,,量占比與後續報酬的描述性相關；非因果或預測能力，少量樣本不作判斷,描述性關係；尚未扣費用、檢查除權息或做樣本外驗證；不評分、不認定關鍵分點
6510,003800380034004a,8840,玉山-大里,buy,5,1,1,10.666666666666668,1.0,10.666666666666668,0.0,0.6666666666666599,1,,量占比與後續報酬的描述性相關；非因果或預測能力，少量樣本不作判斷,描述性關係；尚未扣費用、檢查除權息或做樣本外驗證；不評分、不認定關鍵分點
6510,0039003100380065,9100,群益金鼎-大安,sell,5,1,1,10.666666666666668,1.0,10.666666666666668,0.0,0.6666666666666599,1,,量占比與後續報酬的描述性相關；非因果或預測能力，少量樣本不作判斷,描述性關係；尚未扣費用、檢查除權息或做樣本外驗證；不評分、不認定關鍵分點
6510,003900360031004e,9600,富邦-青埔,buy,5,1,1,10.666666666666668,1.0,10.666666666666668,0.0,0.6666666666666599,1,,量占比與後續報酬的描述性相關；非因果或預測能力，少量樣本不作判斷,描述性關係；尚未扣費用、檢查除權息或做樣本外驗證；不評分、不認定關鍵分點
6510,0039004100300030,9A00,永豐金證券,sell,5,1,1,10.666666666666668,1.0,10.666666666666668,0.0,0.6666666666666599,1,,量占比與後續報酬的描述性相關；非因果或預測能力，少量樣本不作判斷,描述性關係；尚未扣費用、檢查除權息或做樣本外驗證；不評分、不認定關鍵分點
6510,0039004100380031,9A00,永豐金-匯立,sell,5,1,1,10.666666666666668,1.0,10.666666666666668,0.0,0.6666666666666599,1,,量占比與後續報酬的描述性相關；非因果或預測能力，少量樣本不作判斷,描述性關係；尚未扣費用、檢查除權息或做樣本外驗證；不評分、不認定關鍵分點
6510,0039004100380046,9A00,永豐金-敦南,buy,5,1,1,10.666666666666668,1.0,10.666666666666668,0.0,0.6666666666666599,1,,量占比與後續報酬的描述性相關；非因果或預測能力，少量樣本不作判斷,描述性關係；尚未扣費用、檢查除權息或做樣本外驗證；不評分、不認定關鍵分點
6510,0039004100390050,9A00,永豐金-竹北,buy,5,1,1,10.666666666666668,1.0,10.666666666666668,0.0,0.6666666666666599,1,,量占比與後續報酬的描述性相關；非因果或預測能力，少量樣本不作判斷,描述性關係；尚未扣費用、檢查除權息或做樣本外驗證；不評分、不認定關鍵分點
6510,0039004100390053,9A00,永豐金-南京,buy,5,1,1,10.666666666666668,1.0,10.666666666666668,0.0,0.6666666666666599,1,,量占比與後續報酬的描述性相關；非因果或預測能力，少量樣本不作判斷,描述性關係；尚未扣費用、檢查除權息或做樣本外驗證；不評分、不認定關鍵分點
6510,0039004200300030,9B00,台新,buy,5,1,1,10.666666666666668,1.0,10.666666666666668,0.0,0.6666666666666599,1,,量占比與後續報酬的描述性相關；非因果或預測能力，少量樣本不作判斷,描述性關係；尚未扣費用、檢查除權息或做樣本外驗證；不評分、不認定關鍵分點
6510,0039004200320030,9B00,台新-台北,sell,5,1,1,10.666666666666668,1.0,10.666666666666668,0.0,0.6666666666666599,1,,量占比與後續報酬的描述性相關；非因果或預測能力，少量樣本不作判斷,描述性關係；尚未扣費用、檢查除權息或做樣本外驗證；不評分、不認定關鍵分點
6510,1440,1440,美林,sell,5,1,1,10.666666666666668,1.0,10.666666666666668,0.0,0.6666666666666599,1,,量占比與後續報酬的描述性相關；非因果或預測能力，少量樣本不作判斷,描述性關係；尚未扣費用、檢查除權息或做樣本外驗證；不評分、不認定關鍵分點
6510,1560,1560,港商野村,sell,5,1,1,10.666666666666668,1.0,10.666666666666668,0.0,0.6666666666666599,1,,量占比與後續報酬的描述性相關；非因果或預測能力，少量樣本不作判斷,描述性關係；尚未扣費用、檢查除權息或做樣本外驗證；不評分、不認定關鍵分點
6510,5850,5850,統一,buy,5,1,1,10.666666666666668,1.0,10.666666666666668,0.0,0.6666666666666599,1,,量占比與後續報酬的描述性相關；非因果或預測能力，少量樣本不作判斷,描述性關係；尚未扣費用、檢查除權息或做樣本外驗證；不評分、不認定關鍵分點
6510,5854,5850,統一-城中,sell,5,1,1,10.666666666666668,1.0,10.666666666666668,0.0,0.6666666666666599,1,,量占比與後續報酬的描述性相關；非因果或預測能力，少量樣本不作判斷,描述性關係；尚未扣費用、檢查除權息或做樣本外驗證；不評分、不認定關鍵分點
6510,5857,5850,統一-新竹,buy,5,1,1,10.666666666666668,1.0,10.666666666666668,0.0,0.6666666666666599,1,,量占比與後續報酬的描述性相關；非因果或預測能力，少量樣本不作判斷,描述性關係；尚未扣費用、檢查除權息或做樣本外驗證；不評分、不認定關鍵分點
6510,6160,6160,中國信託,sell,5,1,1,10.666666666666668,1.0,10.666666666666668,0.0,0.6666666666666599,1,,量占比與後續報酬的描述性相關；非因果或預測能力，少量樣本不作判斷,描述性關係；尚未扣費用、檢查除權息或做樣本外驗證；不評分、不認定關鍵分點
6510,7000,7000,兆豐證券,sell,5,1,1,10.666666666666668,1.0,10.666666666666668,0.0,0.6666666666666599,1,,量占比與後續報酬的描述性相關；非因果或預測能力，少量樣本不作判斷,描述性關係；尚未扣費用、檢查除權息或做樣本外驗證；不評分、不認定關鍵分點
6510,8440,8440,摩根大通,sell,5,1,1,10.666666666666668,1.0,10.666666666666668,0.0,0.6666666666666599,1,,量占比與後續報酬的描述性相關；非因果或預測能力，少量樣本不作判斷,描述性關係；尚未扣費用、檢查除權息或做樣本外驗證；不評分、不認定關鍵分點
6510,8560,8560,新光,buy,5,1,1,10.666666666666668,1.0,10.666666666666668,0.0,0.6666666666666599,1,,量占比與後續報酬的描述性相關；非因果或預測能力，少量樣本不作判斷,描述性關係；尚未扣費用、檢查除權息或做樣本外驗證；不評分、不認定關鍵分點
6510,8880,8880,國泰證券,buy,5,1,1,10.666666666666668,1.0,10.666666666666668,0.0,0.6666666666666599,1,,量占比與後續報酬的描述性相關；非因果或預測能力，少量樣本不作判斷,描述性關係；尚未扣費用、檢查除權息或做樣本外驗證；不評分、不認定關鍵分點
6510,8882,8880,國泰-台中,buy,5,1,1,10.666666666666668,1.0,10.666666666666668,0.0,0.6666666666666599,1,,量占比與後續報酬的描述性相關；非因果或預測能力，少量樣本不作判斷,描述性關係；尚未扣費用、檢查除權息或做樣本外驗證；不評分、不認定關鍵分點
6510,8888,8880,國泰-敦南,buy,5,1,1,10.666666666666668,1.0,10.666666666666668,0.0,0.6666666666666599,1,,量占比與後續報酬的描述性相關；非因果或預測能力，少量樣本不作判斷,描述性關係；尚未扣費用、檢查除權息或做樣本外驗證；不評分、不認定關鍵分點
6510,9100,9100,群益金鼎,sell,5,1,1,10.666666666666668,1.0,10.666666666666668,0.0,0.6666666666666599,1,,量占比與後續報酬的描述性相關；非因果或預測能力，少量樣本不作判斷,描述性關係；尚未扣費用、檢查除權息或做樣本外驗證；不評分、不認定關鍵分點
6510,9200,9200,凱基,sell,5,1,1,10.666666666666668,1.0,10.666666666666668,0.0,0.6666666666666599,1,,量占比與後續報酬的描述性相關；非因果或預測能力，少量樣本不作判斷,描述性關係；尚未扣費用、檢查除權息或做樣本外驗證；不評分、不認定關鍵分點
6510,9254,9200,凱基-科園,buy,5,1,1,10.666666666666668,1.0,10.666666666666668,0.0,0.6666666666666599,1,,量占比與後續報酬的描述性相關；非因果或預測能力，少量樣本不作判斷,描述性關係；尚未扣費用、檢查除權息或做樣本外驗證；不評分、不認定關鍵分點
6510,9600,9600,富邦證券,sell,5,1,1,10.666666666666668,1.0,10.666666666666668,0.0,0.6666666666666599,1,,量占比與後續報酬的描述性相關；非因果或預測能力，少量樣本不作判斷,描述性關係；尚未扣費用、檢查除權息或做樣本外驗證；不評分、不認定關鍵分點
6510,9665,9600,富邦-桃園,sell,5,1,1,10.666666666666668,1.0,10.666666666666668,0.0,0.6666666666666599,1,,量占比與後續報酬的描述性相關；非因果或預測能力，少量樣本不作判斷,描述性關係；尚未扣費用、檢查除權息或做樣本外驗證；不評分、不認定關鍵分點
6510,9800,9800,元大證券,buy,5,1,1,10.666666666666668,1.0,10.666666666666668,0.0,0.6666666666666599,1,,量占比與後續報酬的描述性相關；非因果或預測能力，少量樣本不作判斷,描述性關係；尚未扣費用、檢查除權息或做樣本外驗證；不評分、不認定關鍵分點
6510,9854,9800,元大-文心興安,buy,5,1,1,10.666666666666668,1.0,10.666666666666668,0.0,0.6666666666666599,1,,量占比與後續報酬的描述性相關；非因果或預測能力，少量樣本不作判斷,描述性關係；尚未扣費用、檢查除權息或做樣本外驗證；不評分、不認定關鍵分點
6515,0031003000320043,1020,合庫-自強,sell,5,1,1,-2.6863084922010394,0.0,-2.6863084922010394,0.0,-4.3327556325823195,1,,量占比與後續報酬的描述性相關；非因果或預測能力，少量樣本不作判斷,描述性關係；尚未扣費用、檢查除權息或做樣本外驗證；不評分、不認定關鍵分點
6515,003700300030006a,7000,兆豐-大安,sell,5,1,1,-2.6863084922010394,0.0,-2.6863084922010394,0.0,-4.3327556325823195,1,,量占比與後續報酬的描述性相關；非因果或預測能力，少量樣本不作判斷,描述性關係；尚未扣費用、檢查除權息或做樣本外驗證；不評分、不認定關鍵分點
6515,0039003800310053,9800,元大-崇德,buy,5,1,1,-2.6863084922010394,0.0,-2.6863084922010394,0.0,-4.3327556325823195,1,,量占比與後續報酬的描述性相關；非因果或預測能力，少量樣本不作判斷,描述性關係；尚未扣費用、檢查除權息或做樣本外驗證；不評分、不認定關鍵分點
6515,0039003800390041,9800,元大-北投,buy,5,1,1,-2.6863084922010394,0.0,-2.6863084922010394,0.0,-4.3327556325823195,1,,量占比與後續報酬的描述性相關；非因果或預測能力，少量樣本不作判斷,描述性關係；尚未扣費用、檢查除權息或做樣本外驗證；不評分、不認定關鍵分點
6515,0039003800390043,9800,元大-板橋,sell,5,1,1,-2.6863084922010394,0.0,-2.6863084922010394,0.0,-4.3327556325823195,1,,量占比與後續報酬的描述性相關；非因果或預測能力，少量樣本不作判斷,描述性關係；尚未扣費用、檢查除權息或做樣本外驗證；不評分、不認定關鍵分點
6515,0039003800390045,9800,元大-草屯,buy,5,1,1,-2.6863084922010394,0.0,-2.6863084922010394,0.0,-4.3327556325823195,1,,量占比與後續報酬的描述性相關；非因果或預測能力，少量樣本不作判斷,描述性關係；尚未扣費用、檢查除權息或做樣本外驗證；不評分、不認定關鍵分點
6515,0039003800390065,9800,元大-中和,buy,5,1,1,-2.6863084922010394,0.0,-2.6863084922010394,0.0,-4.3327556325823195,1,,量占比與後續報酬的描述性相關；非因果或預測能力，少量樣本不作判斷,描述性關係；尚未扣費用、檢查除權息或做樣本外驗證；不評分、不認定關鍵分點
6515,0039004100300030,9A00,永豐金證券,buy,5,1,1,-2.6863084922010394,0.0,-2.6863084922010394,0.0,-4.3327556325823195,1,,量占比與後續報酬的描述性相關；非因果或預測能力，少量樣本不作判斷,描述性關係；尚未扣費用、檢查除權息或做樣本外驗證；不評分、不認定關鍵分點
6515,0039004100380031,9A00,永豐金-匯立,sell,5,1,1,-2.6863084922010394,0.0,-2.6863084922010394,0.0,-4.3327556325823195,1,,量占比與後續報酬的描述性相關；非因果或預測能力，少量樣本不作判斷,描述性關係；尚未扣費用、檢查除權息或做樣本外驗證；不評分、不認定關鍵分點
6515,0039004200300030,9B00,台新,buy,5,1,1,-2.6863084922010394,0.0,-2.6863084922010394,0.0,-4.3327556325823195,1,,量占比與後續報酬的描述性相關；非因果或預測能力，少量樣本不作判斷,描述性關係；尚未扣費用、檢查除權息或做樣本外驗證；不評分、不認定關鍵分點
6515,0039004200320061,9B00,台新-松德,sell,5,1,1,-2.6863084922010394,0.0,-2.6863084922010394,0.0,-4.3327556325823195,1,,量占比與後續報酬的描述性相關；非因果或預測能力，少量樣本不作判斷,描述性關係；尚未扣費用、檢查除權息或做樣本外驗證；不評分、不認定關鍵分點
6515,0039004200320062,9B00,台新-板橋,buy,5,1,1,-2.6863084922010394,0.0,-2.6863084922010394,0.0,-4.3327556325823195,1,,量占比與後續報酬的描述性相關；非因果或預測能力，少量樣本不作判斷,描述性關係；尚未扣費用、檢查除權息或做樣本外驗證；不評分、不認定關鍵分點
6515,1470,1470,台灣摩根士丹利,sell,5,1,1,-2.6863084922010394,0.0,-2.6863084922010394,0.0,-4.3327556325823195,1,,量占比與後續報酬的描述性相關；非因果或預測能力，少量樣本不作判斷,描述性關係；尚未扣費用、檢查除權息或做樣本外驗證；不評分、不認定關鍵分點
6515,1480,1480,美商高盛,sell,5,1,1,-2.6863084922010394,0.0,-2.6863084922010394,0.0,-4.3327556325823195,1,,量占比與後續報酬的描述性相關；非因果或預測能力，少量樣本不作判斷,描述性關係；尚未扣費用、檢查除權息或做樣本外驗證；不評分、不認定關鍵分點
6515,1590,1590,花旗環球,buy,5,1,1,-2.6863084922010394,0.0,-2.6863084922010394,0.0,-4.3327556325823195,1,,量占比與後續報酬的描述性相關；非因果或預測能力，少量樣本不作判斷,描述性關係；尚未扣費用、檢查除權息或做樣本外驗證；不評分、不認定關鍵分點
6515,1650,1650,新加坡商瑞銀,sell,5,1,1,-2.6863084922010394,0.0,-2.6863084922010394,0.0,-4.3327556325823195,1,,量占比與後續報酬的描述性相關；非因果或預測能力，少量樣本不作判斷,描述性關係；尚未扣費用、檢查除權息或做樣本外驗證；不評分、不認定關鍵分點
6515,5384,5380,第一金-台南,buy,5,1,1,-2.6863084922010394,0.0,-2.6863084922010394,0.0,-4.3327556325823195,1,,量占比與後續報酬的描述性相關；非因果或預測能力，少量樣本不作判斷,描述性關係；尚未扣費用、檢查除權息或做樣本外驗證；不評分、不認定關鍵分點
6515,5850,5850,統一,sell,5,1,1,-2.6863084922010394,0.0,-2.6863084922010394,0.0,-4.3327556325823195,1,,量占比與後續報酬的描述性相關；非因果或預測能力，少量樣本不作判斷,描述性關係；尚未扣費用、檢查除權息或做樣本外驗證；不評分、不認定關鍵分點
6515,6162,6160,中國信託-忠孝,buy,5,1,1,-2.6863084922010394,0.0,-2.6863084922010394,0.0,-4.3327556325823195,1,,量占比與後續報酬的描述性相關；非因果或預測能力，少量樣本不作判斷,描述性關係；尚未扣費用、檢查除權息或做樣本外驗證；不評分、不認定關鍵分點
6515,7000,7000,兆豐證券,sell,5,1,1,-2.6863084922010394,0.0,-2.6863084922010394,0.0,-4.3327556325823195,1,,量占比與後續報酬的描述性相關；非因果或預測能力，少量樣本不作判斷,描述性關係；尚未扣費用、檢查除權息或做樣本外驗證；不評分、不認定關鍵分點
6515,8440,8440,摩根大通,sell,5,1,1,-2.6863084922010394,0.0,-2.6863084922010394,0.0,-4.3327556325823195,1,,量占比與後續報酬的描述性相關；非因果或預測能力，少量樣本不作判斷,描述性關係；尚未扣費用、檢查除權息或做樣本外驗證；不評分、不認定關鍵分點
6515,8888,8880,國泰-敦南,buy,5,1,1,-2.6863084922010394,0.0,-2.6863084922010394,0.0,-4.3327556325823195,1,,量占比與後續報酬的描述性相關；非因果或預測能力，少量樣本不作判斷,描述性關係；尚未扣費用、檢查除權息或做樣本外驗證；不評分、不認定關鍵分點
6515,8890,8890,大和國泰,buy,5,1,1,-2.6863084922010394,0.0,-2.6863084922010394,0.0,-4.3327556325823195,1,,量占比與後續報酬的描述性相關；非因果或預測能力，少量樣本不作判斷,描述性關係；尚未扣費用、檢查除權息或做樣本外驗證；不評分、不認定關鍵分點
6515,9200,9200,凱基,sell,5,1,1,-2.6863084922010394,0.0,-2.6863084922010394,0.0,-4.3327556325823195,1,,量占比與後續報酬的描述性相關；非因果或預測能力，少量樣本不作判斷,描述性關係；尚未扣費用、檢查除權息或做樣本外驗證；不評分、不認定關鍵分點
6515,9268,9200,凱基-台北,sell,5,1,1,-2.6863084922010394,0.0,-2.6863084922010394,0.0,-4.3327556325823195,1,,量占比與後續報酬的描述性相關；非因果或預測能力，少量樣本不作判斷,描述性關係；尚未扣費用、檢查除權息或做樣本外驗證；不評分、不認定關鍵分點
6515,9297,9200,凱基-文心,sell,5,1,1,-2.6863084922010394,0.0,-2.6863084922010394,0.0,-4.3327556325823195,1,,量占比與後續報酬的描述性相關；非因果或預測能力，少量樣本不作判斷,描述性關係；尚未扣費用、檢查除權息或做樣本外驗證；不評分、不認定關鍵分點
6515,9315,9300,華南永昌-大甲,buy,5,1,1,-2.6863084922010394,0.0,-2.6863084922010394,0.0,-4.3327556325823195,1,,量占比與後續報酬的描述性相關；非因果或預測能力，少量樣本不作判斷,描述性關係；尚未扣費用、檢查除權息或做樣本外驗證；不評分、不認定關鍵分點
6515,9600,9600,富邦證券,sell,5,1,1,-2.6863084922010394,0.0,-2.6863084922010394,0.0,-4.3327556325823195,1,,量占比與後續報酬的描述性相關；非因果或預測能力，少量樣本不作判斷,描述性關係；尚未扣費用、檢查除權息或做樣本外驗證；不評分、不認定關鍵分點
6515,9623,9600,富邦-台北,buy,5,1,1,-2.6863084922010394,0.0,-2.6863084922010394,0.0,-4.3327556325823195,1,,量占比與後續報酬的描述性相關；非因果或預測能力，少量樣本不作判斷,描述性關係；尚未扣費用、檢查除權息或做樣本外驗證；不評分、不認定關鍵分點
6515,9891,9800,元大-永和,buy,5,1,1,-2.6863084922010394,0.0,-2.6863084922010394,0.0,-4.3327556325823195,1,,量占比與後續報酬的描述性相關；非因果或預測能力，少量樣本不作判斷,描述性關係；尚未扣費用、檢查除權息或做樣本外驗證；不評分、不認定關鍵分點
6530,003500380035004d,5850,統一-士林,sell,5,1,1,-5.784313725490198,0.0,-5.784313725490198,0.0,-6.470588235294117,1,,量占比與後續報酬的描述性相關；非因果或預測能力，少量樣本不作判斷,描述性關係；尚未扣費用、檢查除權息或做樣本外驗證；不評分、不認定關鍵分點
6530,0037003000300064,7000,兆豐-彰化,buy,5,1,1,-5.784313725490198,0.0,-5.784313725490198,0.0,-6.470588235294117,1,,量占比與後續報酬的描述性相關；非因果或預測能力，少量樣本不作判斷,描述性關係；尚未扣費用、檢查除權息或做樣本外驗證；不評分、不認定關鍵分點
6530,0037003000300069,7000,兆豐-松德,buy,5,1,1,-5.784313725490198,0.0,-5.784313725490198,0.0,-6.470588235294117,1,,量占比與後續報酬的描述性相關；非因果或預測能力，少量樣本不作判斷,描述性關係；尚未扣費用、檢查除權息或做樣本外驗證；不評分、不認定關鍵分點
6530,0037003000300072,7000,兆豐-寶成,sell,5,1,1,-5.784313725490198,0.0,-5.784313725490198,0.0,-6.470588235294117,1,,量占比與後續報酬的描述性相關；非因果或預測能力，少量樣本不作判斷,描述性關係；尚未扣費用、檢查除權息或做樣本外驗證；不評分、不認定關鍵分點
6530,0039003100330055,9100,群益金鼎-崇德,buy,5,1,1,-5.784313725490198,0.0,-5.784313725490198,0.0,-6.470588235294117,1,,量占比與後續報酬的描述性相關；非因果或預測能力，少量樣本不作判斷,描述性關係；尚未扣費用、檢查除權息或做樣本外驗證；不評分、不認定關鍵分點
6530,0039003800300044,9800,元大-北府,buy,5,1,1,-5.784313725490198,0.0,-5.784313725490198,0.0,-6.470588235294117,1,,量占比與後續報酬的描述性相關；非因果或預測能力，少量樣本不作判斷,描述性關係；尚未扣費用、檢查除權息或做樣本外驗證；不評分、不認定關鍵分點
6530,0039003800310067,9800,元大-大里,sell,5,1,1,-5.784313725490198,0.0,-5.784313725490198,0.0,-6.470588235294117,1,,量占比與後續報酬的描述性相關；非因果或預測能力，少量樣本不作判斷,描述性關係；尚未扣費用、檢查除權息或做樣本外驗證；不評分、不認定關鍵分點
6530,003900380031006d,9800,元大-高雄,buy,5,1,1,-5.784313725490198,0.0,-5.784313725490198,0.0,-6.470588235294117,1,,量占比與後續報酬的描述性相關；非因果或預測能力，少量樣本不作判斷,描述性關係；尚未扣費用、檢查除權息或做樣本外驗證；不評分、不認定關鍵分點
6530,003900380034004b,9800,元大-館前,sell,5,1,1,-5.784313725490198,0.0,-5.784313725490198,0.0,-6.470588235294117,1,,量占比與後續報酬的描述性相關；非因果或預測能力，少量樣本不作判斷,描述性關係；尚未扣費用、檢查除權息或做樣本外驗證；不評分、不認定關鍵分點
6530,0039003800390067,9800,元大-嘉義,sell,5,1,1,-5.784313725490198,0.0,-5.784313725490198,0.0,-6.470588235294117,1,,量占比與後續報酬的描述性相關；非因果或預測能力，少量樣本不作判斷,描述性關係；尚未扣費用、檢查除權息或做樣本外驗證；不評分、不認定關鍵分點
6530,1470,1470,台灣摩根士丹利,sell,5,1,1,-5.784313725490198,0.0,-5.784313725490198,0.0,-6.470588235294117,1,,量占比與後續報酬的描述性相關；非因果或預測能力，少量樣本不作判斷,描述性關係；尚未扣費用、檢查除權息或做樣本外驗證；不評分、不認定關鍵分點
6530,1650,1650,新加坡商瑞銀,sell,5,1,1,-5.784313725490198,0.0,-5.784313725490198,0.0,-6.470588235294117,1,,量占比與後續報酬的描述性相關；非因果或預測能力，少量樣本不作判斷,描述性關係；尚未扣費用、檢查除權息或做樣本外驗證；不評分、不認定關鍵分點
6530,6464,6460,大昌-新店,buy,5,1,1,-5.784313725490198,0.0,-5.784313725490198,0.0,-6.470588235294117,1,,量占比與後續報酬的描述性相關；非因果或預測能力，少量樣本不作判斷,描述性關係；尚未扣費用、檢查除權息或做樣本外驗證；不評分、不認定關鍵分點
6530,8560,8560,新光,sell,5,1,1,-5.784313725490198,0.0,-5.784313725490198,0.0,-6.470588235294117,1,,量占比與後續報酬的描述性相關；非因果或預測能力，少量樣本不作判斷,描述性關係；尚未扣費用、檢查除權息或做樣本外驗證；不評分、不認定關鍵分點
6530,8561,8560,新光-台中,buy,5,1,1,-5.784313725490198,0.0,-5.784313725490198,0.0,-6.470588235294117,1,,量占比與後續報酬的描述性相關；非因果或預測能力，少量樣本不作判斷,描述性關係；尚未扣費用、檢查除權息或做樣本外驗證；不評分、不認定關鍵分點
6530,8840,8840,玉山證券,sell,5,1,1,-5.784313725490198,0.0,-5.784313725490198,0.0,-6.470588235294117,1,,量占比與後續報酬的描述性相關；非因果或預測能力，少量樣本不作判斷,描述性關係；尚未扣費用、檢查除權息或做樣本外驗證；不評分、不認定關鍵分點
6530,8888,8880,國泰-敦南,buy,5,1,1,-5.784313725490198,0.0,-5.784313725490198,0.0,-6.470588235294117,1,,量占比與後續報酬的描述性相關；非因果或預測能力，少量樣本不作判斷,描述性關係；尚未扣費用、檢查除權息或做樣本外驗證；不評分、不認定關鍵分點
6530,9103,9100,群益金鼎-松山,sell,5,1,1,-5.784313725490198,0.0,-5.784313725490198,0.0,-6.470588235294117,1,,量占比與後續報酬的描述性相關；非因果或預測能力，少量樣本不作判斷,描述性關係；尚未扣費用、檢查除權息或做樣本外驗證；不評分、不認定關鍵分點
6530,9188,9100,群益金鼎-三民,sell,5,1,1,-5.784313725490198,0.0,-5.784313725490198,0.0,-6.470588235294117,1,,量占比與後續報酬的描述性相關；非因果或預測能力，少量樣本不作判斷,描述性關係；尚未扣費用、檢查除權息或做樣本外驗證；不評分、不認定關鍵分點
6530,9205,9200,凱基-三重,buy,5,1,1,-5.784313725490198,0.0,-5.784313725490198,0.0,-6.470588235294117,1,,量占比與後續報酬的描述性相關；非因果或預測能力，少量樣本不作判斷,描述性關係；尚未扣費用、檢查除權息或做樣本外驗證；不評分、不認定關鍵分點
6530,9217,9200,凱基-松山,buy,5,1,1,-5.784313725490198,0.0,-5.784313725490198,0.0,-6.470588235294117,1,,量占比與後續報酬的描述性相關；非因果或預測能力，少量樣本不作判斷,描述性關係；尚未扣費用、檢查除權息或做樣本外驗證；不評分、不認定關鍵分點
6530,9223,9200,凱基-豐中,buy,5,1,1,-5.784313725490198,0.0,-5.784313725490198,0.0,-6.470588235294117,1,,量占比與後續報酬的描述性相關；非因果或預測能力，少量樣本不作判斷,描述性關係；尚未扣費用、檢查除權息或做樣本外驗證；不評分、不認定關鍵分點
6530,9266,9200,凱基-新豐,sell,5,1,1,-5.784313725490198,0.0,-5.784313725490198,0.0,-6.470588235294117,1,,量占比與後續報酬的描述性相關；非因果或預測能力，少量樣本不作判斷,描述性關係；尚未扣費用、檢查除權息或做樣本外驗證；不評分、不認定關鍵分點
6530,9268,9200,凱基-台北,sell,5,1,1,-5.784313725490198,0.0,-5.784313725490198,0.0,-6.470588235294117,1,,量占比與後續報酬的描述性相關；非因果或預測能力，少量樣本不作判斷,描述性關係；尚未扣費用、檢查除權息或做樣本外驗證；不評分、不認定關鍵分點
6530,9283,9200,凱基-北門,sell,5,1,1,-5.784313725490198,0.0,-5.784313725490198,0.0,-6.470588235294117,1,,量占比與後續報酬的描述性相關；非因果或預測能力，少量樣本不作判斷,描述性關係；尚未扣費用、檢查除權息或做樣本外驗證；不評分、不認定關鍵分點
6530,9296,9200,凱基-頭份,sell,5,1,1,-5.784313725490198,0.0,-5.784313725490198,0.0,-6.470588235294117,1,,量占比與後續報酬的描述性相關；非因果或預測能力，少量樣本不作判斷,描述性關係；尚未扣費用、檢查除權息或做樣本外驗證；不評分、不認定關鍵分點
6530,9322,9300,華南永昌-基隆,buy,5,1,1,-5.784313725490198,0.0,-5.784313725490198,0.0,-6.470588235294117,1,,量占比與後續報酬的描述性相關；非因果或預測能力，少量樣本不作判斷,描述性關係；尚未扣費用、檢查除權息或做樣本外驗證；不評分、不認定關鍵分點
6530,9655,9600,富邦-板橋,buy,5,1,1,-5.784313725490198,0.0,-5.784313725490198,0.0,-6.470588235294117,1,,量占比與後續報酬的描述性相關；非因果或預測能力，少量樣本不作判斷,描述性關係；尚未扣費用、檢查除權息或做樣本外驗證；不評分、不認定關鍵分點
6530,9834,9800,元大-中壢,buy,5,1,1,-5.784313725490198,0.0,-5.784313725490198,0.0,-6.470588235294117,1,,量占比與後續報酬的描述性相關；非因果或預測能力，少量樣本不作判斷,描述性關係；尚未扣費用、檢查除權息或做樣本外驗證；不評分、不認定關鍵分點
6530,9898,9800,元大-新莊,buy,5,1,1,-5.784313725490198,0.0,-5.784313725490198,0.0,-6.470588235294117,1,,量占比與後續報酬的描述性相關；非因果或預測能力，少量樣本不作判斷,描述性關係；尚未扣費用、檢查除權息或做樣本外驗證；不評分、不認定關鍵分點
6531,003500380035005a,5850,統一-松江,sell,5,1,1,5.037513397642024,1.0,5.037513397642024,0.0,5.037513397642024,1,,量占比與後續報酬的描述性相關；非因果或預測能力，少量樣本不作判斷,描述性關係；尚未扣費用、檢查除權息或做樣本外驗證；不評分、不認定關鍵分點
6531,0038003800340048,8840,玉山-新竹,sell,5,1,1,5.037513397642024,1.0,5.037513397642024,0.0,5.037513397642024,1,,量占比與後續報酬的描述性相關；非因果或預測能力，少量樣本不作判斷,描述性關係；尚未扣費用、檢查除權息或做樣本外驗證；不評分、不認定關鍵分點
6531,0039003200310053,9200,凱基-新莊,buy,5,1,1,5.037513397642024,1.0,5.037513397642024,0.0,5.037513397642024,1,,量占比與後續報酬的描述性相關；非因果或預測能力，少量樣本不作判斷,描述性關係；尚未扣費用、檢查除權息或做樣本外驗證；不評分、不認定關鍵分點
6531,0039003800300068,9800,元大-台北,sell,5,1,1,5.037513397642024,1.0,5.037513397642024,0.0,5.037513397642024,1,,量占比與後續報酬的描述性相關；非因果或預測能力，少量樣本不作判斷,描述性關係；尚未扣費用、檢查除權息或做樣本外驗證；不評分、不認定關鍵分點
6531,0039004100380031,9A00,永豐金-匯立,sell,5,1,1,5.037513397642024,1.0,5.037513397642024,0.0,5.037513397642024,1,,量占比與後續報酬的描述性相關；非因果或預測能力，少量樣本不作判斷,描述性關係；尚未扣費用、檢查除權息或做樣本外驗證；不評分、不認定關鍵分點
6531,0039004200310038,9B00,台新-建北,buy,5,1,1,5.037513397642024,1.0,5.037513397642024,0.0,5.037513397642024,1,,量占比與後續報酬的描述性相關；非因果或預測能力，少量樣本不作判斷,描述性關係；尚未扣費用、檢查除權息或做樣本外驗證；不評分、不認定關鍵分點
6531,0039004200310067,9B00,台新-高雄,sell,5,1,1,5.037513397642024,1.0,5.037513397642024,0.0,5.037513397642024,1,,量占比與後續報酬的描述性相關；非因果或預測能力，少量樣本不作判斷,描述性關係；尚未扣費用、檢查除權息或做樣本外驗證；不評分、不認定關鍵分點
6531,0039004200320072,9B00,台新-城東,buy,5,1,1,5.037513397642024,1.0,5.037513397642024,0.0,5.037513397642024,1,,量占比與後續報酬的描述性相關；非因果或預測能力，少量樣本不作判斷,描述性關係；尚未扣費用、檢查除權息或做樣本外驗證；不評分、不認定關鍵分點
6531,1260,1260,宏遠證券,buy,5,1,1,5.037513397642024,1.0,5.037513397642024,0.0,5.037513397642024,1,,量占比與後續報酬的描述性相關；非因果或預測能力，少量樣本不作判斷,描述性關係；尚未扣費用、檢查除權息或做樣本外驗證；不評分、不認定關鍵分點
6531,1470,1470,台灣摩根士丹利,sell,5,1,1,5.037513397642024,1.0,5.037513397642024,0.0,5.037513397642024,1,,量占比與後續報酬的描述性相關；非因果或預測能力，少量樣本不作判斷,描述性關係；尚未扣費用、檢查除權息或做樣本外驗證；不評分、不認定關鍵分點
6531,1480,1480,美商高盛,buy,5,1,1,5.037513397642024,1.0,5.037513397642024,0.0,5.037513397642024,1,,量占比與後續報酬的描述性相關；非因果或預測能力，少量樣本不作判斷,描述性關係；尚未扣費用、檢查除權息或做樣本外驗證；不評分、不認定關鍵分點
6531,1560,1560,港商野村,buy,5,1,1,5.037513397642024,1.0,5.037513397642024,0.0,5.037513397642024,1,,量占比與後續報酬的描述性相關；非因果或預測能力，少量樣本不作判斷,描述性關係；尚未扣費用、檢查除權息或做樣本外驗證；不評分、不認定關鍵分點
6531,1650,1650,新加坡商瑞銀,sell,5,1,1,5.037513397642024,1.0,5.037513397642024,0.0,5.037513397642024,1,,量占比與後續報酬的描述性相關；非因果或預測能力，少量樣本不作判斷,描述性關係；尚未扣費用、檢查除權息或做樣本外驗證；不評分、不認定關鍵分點
6531,5855,5850,統一-台南,sell,5,1,1,5.037513397642024,1.0,5.037513397642024,0.0,5.037513397642024,1,,量占比與後續報酬的描述性相關；非因果或預測能力，少量樣本不作判斷,描述性關係；尚未扣費用、檢查除權息或做樣本外驗證；不評分、不認定關鍵分點
6531,7000,7000,兆豐證券,buy,5,1,1,5.037513397642024,1.0,5.037513397642024,0.0,5.037513397642024,1,,量占比與後續報酬的描述性相關；非因果或預測能力，少量樣本不作判斷,描述性關係；尚未扣費用、檢查除權息或做樣本外驗證；不評分、不認定關鍵分點
6531,8440,8440,摩根大通,sell,5,1,1,5.037513397642024,1.0,5.037513397642024,0.0,5.037513397642024,1,,量占比與後續報酬的描述性相關；非因果或預測能力，少量樣本不作判斷,描述性關係；尚未扣費用、檢查除權息或做樣本外驗證；不評分、不認定關鍵分點
6531,8450,8450,康和,buy,5,1,1,5.037513397642024,1.0,5.037513397642024,0.0,5.037513397642024,1,,量占比與後續報酬的描述性相關；非因果或預測能力，少量樣本不作判斷,描述性關係；尚未扣費用、檢查除權息或做樣本外驗證；不評分、不認定關鍵分點
6531,8561,8560,新光-台中,sell,5,1,1,5.037513397642024,1.0,5.037513397642024,0.0,5.037513397642024,1,,量占比與後續報酬的描述性相關；非因果或預測能力，少量樣本不作判斷,描述性關係；尚未扣費用、檢查除權息或做樣本外驗證；不評分、不認定關鍵分點
6531,8849,8840,玉山-景美,sell,5,1,1,5.037513397642024,1.0,5.037513397642024,0.0,5.037513397642024,1,,量占比與後續報酬的描述性相關；非因果或預測能力，少量樣本不作判斷,描述性關係；尚未扣費用、檢查除權息或做樣本外驗證；不評分、不認定關鍵分點
6531,8888,8880,國泰-敦南,sell,5,1,1,5.037513397642024,1.0,5.037513397642024,0.0,5.037513397642024,1,,量占比與後續報酬的描述性相關；非因果或預測能力，少量樣本不作判斷,描述性關係；尚未扣費用、檢查除權息或做樣本外驗證；不評分、不認定關鍵分點
6531,9100,9100,群益金鼎,buy,5,1,1,5.037513397642024,1.0,5.037513397642024,0.0,5.037513397642024,1,,量占比與後續報酬的描述性相關；非因果或預測能力，少量樣本不作判斷,描述性關係；尚未扣費用、檢查除權息或做樣本外驗證；不評分、不認定關鍵分點
6531,9200,9200,凱基,buy,5,1,1,5.037513397642024,1.0,5.037513397642024,0.0,5.037513397642024,1,,量占比與後續報酬的描述性相關；非因果或預測能力，少量樣本不作判斷,描述性關係；尚未扣費用、檢查除權息或做樣本外驗證；不評分、不認定關鍵分點
6531,9268,9200,凱基-台北,sell,5,1,1,5.037513397642024,1.0,5.037513397642024,0.0,5.037513397642024,1,,量占比與後續報酬的描述性相關；非因果或預測能力，少量樣本不作判斷,描述性關係；尚未扣費用、檢查除權息或做樣本外驗證；不評分、不認定關鍵分點
6531,9300,9300,華南永昌,sell,5,1,1,5.037513397642024,1.0,5.037513397642024,0.0,5.037513397642024,1,,量占比與後續報酬的描述性相關；非因果或預測能力，少量樣本不作判斷,描述性關係；尚未扣費用、檢查除權息或做樣本外驗證；不評分、不認定關鍵分點
6531,9352,9300,華南永昌-桃園,buy,5,1,1,5.037513397642024,1.0,5.037513397642024,0.0,5.037513397642024,1,,量占比與後續報酬的描述性相關；非因果或預測能力，少量樣本不作判斷,描述性關係；尚未扣費用、檢查除權息或做樣本外驗證；不評分、不認定關鍵分點
6531,9654,9600,富邦-永和,buy,5,1,1,5.037513397642024,1.0,5.037513397642024,0.0,5.037513397642024,1,,量占比與後續報酬的描述性相關；非因果或預測能力，少量樣本不作判斷,描述性關係；尚未扣費用、檢查除權息或做樣本外驗證；不評分、不認定關鍵分點
6531,9663,9600,富邦-敦南,buy,5,1,1,5.037513397642024,1.0,5.037513397642024,0.0,5.037513397642024,1,,量占比與後續報酬的描述性相關；非因果或預測能力，少量樣本不作判斷,描述性關係；尚未扣費用、檢查除權息或做樣本外驗證；不評分、不認定關鍵分點
6531,9800,9800,元大證券,buy,5,1,1,5.037513397642024,1.0,5.037513397642024,0.0,5.037513397642024,1,,量占比與後續報酬的描述性相關；非因果或預測能力，少量樣本不作判斷,描述性關係；尚未扣費用、檢查除權息或做樣本外驗證；不評分、不認定關鍵分點
6531,9846,9800,元大-大直,sell,5,1,1,5.037513397642024,1.0,5.037513397642024,0.0,5.037513397642024,1,,量占比與後續報酬的描述性相關；非因果或預測能力，少量樣本不作判斷,描述性關係；尚未扣費用、檢查除權息或做樣本外驗證；不評分、不認定關鍵分點
6531,9898,9800,元大-新莊,buy,5,1,1,5.037513397642024,1.0,5.037513397642024,0.0,5.037513397642024,1,,量占比與後續報酬的描述性相關；非因果或預測能力，少量樣本不作判斷,描述性關係；尚未扣費用、檢查除權息或做樣本外驗證；不評分、不認定關鍵分點
6533,003700370039005a,7790,國票-安和,sell,5,1,1,-3.8199181446111896,0.0,-3.8199181446111896,0.0,-8.321964529331517,1,,量占比與後續報酬的描述性相關；非因果或預測能力，少量樣本不作判斷,描述性關係；尚未扣費用、檢查除權息或做樣本外驗證；不評分、不認定關鍵分點
6533,0037003700390063,7790,國票-敦北法人,sell,5,1,1,-3.8199181446111896,0.0,-3.8199181446111896,0.0,-8.321964529331517,1,,量占比與後續報酬的描述性相關；非因果或預測能力，少量樣本不作判斷,描述性關係；尚未扣費用、檢查除權息或做樣本外驗證；不評分、不認定關鍵分點
6533,0038003800340042,8840,玉山-台中,sell,5,1,1,-3.8199181446111896,0.0,-3.8199181446111896,0.0,-8.321964529331517,1,,量占比與後續報酬的描述性相關；非因果或預測能力，少量樣本不作判斷,描述性關係；尚未扣費用、檢查除權息或做樣本外驗證；不評分、不認定關鍵分點
6533,0039003100330059,9100,群益金鼎-館前,buy,5,1,1,-3.8199181446111896,0.0,-3.8199181446111896,0.0,-8.321964529331517,1,,量占比與後續報酬的描述性相關；非因果或預測能力，少量樣本不作判斷,描述性關係；尚未扣費用、檢查除權息或做樣本外驗證；不評分、不認定關鍵分點
6533,0039003200300041,9200,凱基-板橋,sell,5,1,1,-3.8199181446111896,0.0,-3.8199181446111896,0.0,-8.321964529331517,1,,量占比與後續報酬的描述性相關；非因果或預測能力，少量樣本不作判斷,描述性關係；尚未扣費用、檢查除權息或做樣本外驗證；不評分、不認定關鍵分點
6533,0039003800390049,9800,元大-長榮,sell,5,1,1,-3.8199181446111896,0.0,-3.8199181446111896,0.0,-8.321964529331517,1,,量占比與後續報酬的描述性相關；非因果或預測能力，少量樣本不作判斷,描述性關係；尚未扣費用、檢查除權息或做樣本外驗證；不評分、不認定關鍵分點
6533,0039004100300030,9A00,永豐金證券,buy,5,1,1,-3.8199181446111896,0.0,-3.8199181446111896,0.0,-8.321964529331517,1,,量占比與後續報酬的描述性相關；非因果或預測能力，少量樣本不作判斷,描述性關係；尚未扣費用、檢查除權息或做樣本外驗證；不評分、不認定關鍵分點
6533,0039004100390067,9A00,永豐金-內湖,sell,5,1,1,-3.8199181446111896,0.0,-3.8199181446111896,0.0,-8.321964529331517,1,,量占比與後續報酬的描述性相關；非因果或預測能力，少量樣本不作判斷,描述性關係；尚未扣費用、檢查除權息或做樣本外驗證；不評分、不認定關鍵分點
6533,1440,1440,美林,buy,5,1,1,-3.8199181446111896,0.0,-3.8199181446111896,0.0,-8.321964529331517,1,,量占比與後續報酬的描述性相關；非因果或預測能力，少量樣本不作判斷,描述性關係；尚未扣費用、檢查除權息或做樣本外驗證；不評分、不認定關鍵分點
6533,1470,1470,台灣摩根士丹利,buy,5,1,1,-3.8199181446111896,0.0,-3.8199181446111896,0.0,-8.321964529331517,1,,量占比與後續報酬的描述性相關；非因果或預測能力，少量樣本不作判斷,描述性關係；尚未扣費用、檢查除權息或做樣本外驗證；不評分、不認定關鍵分點
6533,1480,1480,美商高盛,buy,5,1,1,-3.8199181446111896,0.0,-3.8199181446111896,0.0,-8.321964529331517,1,,量占比與後續報酬的描述性相關；非因果或預測能力，少量樣本不作判斷,描述性關係；尚未扣費用、檢查除權息或做樣本外驗證；不評分、不認定關鍵分點
6533,1560,1560,港商野村,buy,5,1,1,-3.8199181446111896,0.0,-3.8199181446111896,0.0,-8.321964529331517,1,,量占比與後續報酬的描述性相關；非因果或預測能力，少量樣本不作判斷,描述性關係；尚未扣費用、檢查除權息或做樣本外驗證；不評分、不認定關鍵分點
6533,1650,1650,新加坡商瑞銀,buy,5,1,1,-3.8199181446111896,0.0,-3.8199181446111896,0.0,-8.321964529331517,1,,量占比與後續報酬的描述性相關；非因果或預測能力，少量樣本不作判斷,描述性關係；尚未扣費用、檢查除權息或做樣本外驗證；不評分、不認定關鍵分點
6533,5850,5850,統一,sell,5,1,1,-3.8199181446111896,0.0,-3.8199181446111896,0.0,-8.321964529331517,1,,量占比與後續報酬的描述性相關；非因果或預測能力，少量樣本不作判斷,描述性關係；尚未扣費用、檢查除權息或做樣本外驗證；不評分、不認定關鍵分點
6533,5854,5850,統一-城中,sell,5,1,1,-3.8199181446111896,0.0,-3.8199181446111896,0.0,-8.321964529331517,1,,量占比與後續報酬的描述性相關；非因果或預測能力，少量樣本不作判斷,描述性關係；尚未扣費用、檢查除權息或做樣本外驗證；不評分、不認定關鍵分點
6533,5857,5850,統一-新竹,sell,5,1,1,-3.8199181446111896,0.0,-3.8199181446111896,0.0,-8.321964529331517,1,,量占比與後續報酬的描述性相關；非因果或預測能力，少量樣本不作判斷,描述性關係；尚未扣費用、檢查除權息或做樣本外驗證；不評分、不認定關鍵分點
6533,8440,8440,摩根大通,buy,5,1,1,-3.8199181446111896,0.0,-3.8199181446111896,0.0,-8.321964529331517,1,,量占比與後續報酬的描述性相關；非因果或預測能力，少量樣本不作判斷,描述性關係；尚未扣費用、檢查除權息或做樣本外驗證；不評分、不認定關鍵分點
6533,8881,8880,國泰-高雄,sell,5,1,1,-3.8199181446111896,0.0,-3.8199181446111896,0.0,-8.321964529331517,1,,量占比與後續報酬的描述性相關；非因果或預測能力，少量樣本不作判斷,描述性關係；尚未扣費用、檢查除權息或做樣本外驗證；不評分、不認定關鍵分點
6533,8888,8880,國泰-敦南,buy,5,1,1,-3.8199181446111896,0.0,-3.8199181446111896,0.0,-8.321964529331517,1,,量占比與後續報酬的描述性相關；非因果或預測能力，少量樣本不作判斷,描述性關係；尚未扣費用、檢查除權息或做樣本外驗證；不評分、不認定關鍵分點
6533,9134,9100,群益金鼎-開元,buy,5,1,1,-3.8199181446111896,0.0,-3.8199181446111896,0.0,-8.321964529331517,1,,量占比與後續報酬的描述性相關；非因果或預測能力，少量樣本不作判斷,描述性關係；尚未扣費用、檢查除權息或做樣本外驗證；不評分、不認定關鍵分點
6533,9216,9200,凱基-信義,buy,5,1,1,-3.8199181446111896,0.0,-3.8199181446111896,0.0,-8.321964529331517,1,,量占比與後續報酬的描述性相關；非因果或預測能力，少量樣本不作判斷,描述性關係；尚未扣費用、檢查除權息或做樣本外驗證；不評分、不認定關鍵分點
6533,9227,9200,凱基-城中,sell,5,1,1,-3.8199181446111896,0.0,-3.8199181446111896,0.0,-8.321964529331517,1,,量占比與後續報酬的描述性相關；非因果或預測能力，少量樣本不作判斷,描述性關係；尚未扣費用、檢查除權息或做樣本外驗證；不評分、不認定關鍵分點
6533,9235,9200,凱基-永華,sell,5,1,1,-3.8199181446111896,0.0,-3.8199181446111896,0.0,-8.321964529331517,1,,量占比與後續報酬的描述性相關；非因果或預測能力，少量樣本不作判斷,描述性關係；尚未扣費用、檢查除權息或做樣本外驗證；不評分、不認定關鍵分點
6533,9268,9200,凱基-台北,buy,5,1,1,-3.8199181446111896,0.0,-3.8199181446111896,0.0,-8.321964529331517,1,,量占比與後續報酬的描述性相關；非因果或預測能力，少量樣本不作判斷,描述性關係；尚未扣費用、檢查除權息或做樣本外驗證；不評分、不認定關鍵分點
6533,9327,9300,華南永昌-斗六,sell,5,1,1,-3.8199181446111896,0.0,-3.8199181446111896,0.0,-8.321964529331517,1,,量占比與後續報酬的描述性相關；非因果或預測能力，少量樣本不作判斷,描述性關係；尚未扣費用、檢查除權息或做樣本外驗證；不評分、不認定關鍵分點
6533,9600,9600,富邦證券,buy,5,1,1,-3.8199181446111896,0.0,-3.8199181446111896,0.0,-8.321964529331517,1,,量占比與後續報酬的描述性相關；非因果或預測能力，少量樣本不作判斷,描述性關係；尚未扣費用、檢查除權息或做樣本外驗證；不評分、不認定關鍵分點
6533,9661,9600,富邦-新店,sell,5,1,1,-3.8199181446111896,0.0,-3.8199181446111896,0.0,-8.321964529331517,1,,量占比與後續報酬的描述性相關；非因果或預測能力，少量樣本不作判斷,描述性關係；尚未扣費用、檢查除權息或做樣本外驗證；不評分、不認定關鍵分點
6533,9800,9800,元大證券,buy,5,1,1,-3.8199181446111896,0.0,-3.8199181446111896,0.0,-8.321964529331517,1,,量占比與後續報酬的描述性相關；非因果或預測能力，少量樣本不作判斷,描述性關係；尚未扣費用、檢查除權息或做樣本外驗證；不評分、不認定關鍵分點
6533,9801,9800,元大-松江,sell,5,1,1,-3.8199181446111896,0.0,-3.8199181446111896,0.0,-8.321964529331517,1,,量占比與後續報酬的描述性相關；非因果或預測能力，少量樣本不作判斷,描述性關係；尚未扣費用、檢查除權息或做樣本外驗證；不評分、不認定關鍵分點
6533,9857,9800,元大-蘆洲,buy,5,1,1,-3.8199181446111896,0.0,-3.8199181446111896,0.0,-8.321964529331517,1,,量占比與後續報酬的描述性相關；非因果或預測能力，少量樣本不作判斷,描述性關係；尚未扣費用、檢查除權息或做樣本外驗證；不評分、不認定關鍵分點
6584,0031003100310045,1110,台灣企銀-桃園,sell,5,1,1,0.0,0.0,0.0,0.0,0.0,1,,量占比與後續報酬的描述性相關；非因果或預測能力，少量樣本不作判斷,描述性關係；尚未扣費用、檢查除權息或做樣本外驗證；不評分、不認定關鍵分點
6584,0035003800350048,5850,統一-桃園,sell,5,1,1,0.0,0.0,0.0,0.0,0.0,1,,量占比與後續報酬的描述性相關；非因果或預測能力，少量樣本不作判斷,描述性關係；尚未扣費用、檢查除權息或做樣本外驗證；不評分、不認定關鍵分點
6584,0035003800350055,5850,統一-南京,buy,5,1,1,0.0,0.0,0.0,0.0,0.0,1,,量占比與後續報酬的描述性相關；非因果或預測能力，少量樣本不作判斷,描述性關係；尚未扣費用、檢查除權息或做樣本外驗證；不評分、不認定關鍵分點
6584,003700370039005a,7790,國票-安和,sell,5,1,1,0.0,0.0,0.0,0.0,0.0,1,,量占比與後續報酬的描述性相關；非因果或預測能力，少量樣本不作判斷,描述性關係；尚未扣費用、檢查除權息或做樣本外驗證；不評分、不認定關鍵分點
6584,0037003700390063,7790,國票-敦北法人,sell,5,1,1,0.0,0.0,0.0,0.0,0.0,1,,量占比與後續報酬的描述性相關；非因果或預測能力，少量樣本不作判斷,描述性關係；尚未扣費用、檢查除權息或做樣本外驗證；不評分、不認定關鍵分點
6584,0039003100330045,9100,群益金鼎-基隆,sell,5,1,1,0.0,0.0,0.0,0.0,0.0,1,,量占比與後續報酬的描述性相關；非因果或預測能力，少量樣本不作判斷,描述性關係；尚未扣費用、檢查除權息或做樣本外驗證；不評分、不認定關鍵分點
6584,0039003600320043,9600,富邦-竹科,buy,5,1,1,0.0,0.0,0.0,0.0,0.0,1,,量占比與後續報酬的描述性相關；非因果或預測能力，少量樣本不作判斷,描述性關係；尚未扣費用、檢查除權息或做樣本外驗證；不評分、不認定關鍵分點
6584,003900380030006c,9800,元大-虎尾,buy,5,1,1,0.0,0.0,0.0,0.0,0.0,1,,量占比與後續報酬的描述性相關；非因果或預測能力，少量樣本不作判斷,描述性關係；尚未扣費用、檢查除權息或做樣本外驗證；不評分、不認定關鍵分點
6584,003900420032006c,9B00,台新-大裕,buy,5,1,1,0.0,0.0,0.0,0.0,0.0,1,,量占比與後續報酬的描述性相關；非因果或預測能力，少量樣本不作判斷,描述性關係；尚未扣費用、檢查除權息或做樣本外驗證；不評分、不認定關鍵分點
6584,1233,1230,彰銀-台中,buy,5,1,1,0.0,0.0,0.0,0.0,0.0,1,,量占比與後續報酬的描述性相關；非因果或預測能力，少量樣本不作判斷,描述性關係；尚未扣費用、檢查除權息或做樣本外驗證；不評分、不認定關鍵分點
6584,1440,1440,美林,buy,5,1,1,0.0,0.0,0.0,0.0,0.0,1,,量占比與後續報酬的描述性相關；非因果或預測能力，少量樣本不作判斷,描述性關係；尚未扣費用、檢查除權息或做樣本外驗證；不評分、不認定關鍵分點
6584,1560,1560,港商野村,sell,5,1,1,0.0,0.0,0.0,0.0,0.0,1,,量占比與後續報酬的描述性相關；非因果或預測能力，少量樣本不作判斷,描述性關係；尚未扣費用、檢查除權息或做樣本外驗證；不評分、不認定關鍵分點
6584,1650,1650,新加坡商瑞銀,sell,5,1,1,0.0,0.0,0.0,0.0,0.0,1,,量占比與後續報酬的描述性相關；非因果或預測能力，少量樣本不作判斷,描述性關係；尚未扣費用、檢查除權息或做樣本外驗證；不評分、不認定關鍵分點
6584,5859,5850,統一-屏東,sell,5,1,1,0.0,0.0,0.0,0.0,0.0,1,,量占比與後續報酬的描述性相關；非因果或預測能力，少量樣本不作判斷,描述性關係；尚未扣費用、檢查除權息或做樣本外驗證；不評分、不認定關鍵分點
6584,6162,6160,中國信託-忠孝,buy,5,1,1,0.0,0.0,0.0,0.0,0.0,1,,量占比與後續報酬的描述性相關；非因果或預測能力，少量樣本不作判斷,描述性關係；尚未扣費用、檢查除權息或做樣本外驗證；不評分、不認定關鍵分點
6584,7035,7030,致和-東門,buy,5,1,1,0.0,0.0,0.0,0.0,0.0,1,,量占比與後續報酬的描述性相關；非因果或預測能力，少量樣本不作判斷,描述性關係；尚未扣費用、檢查除權息或做樣本外驗證；不評分、不認定關鍵分點
6584,8440,8440,摩根大通,sell,5,1,1,0.0,0.0,0.0,0.0,0.0,1,,量占比與後續報酬的描述性相關；非因果或預測能力，少量樣本不作判斷,描述性關係；尚未扣費用、檢查除權息或做樣本外驗證；不評分、不認定關鍵分點
6584,8455,8450,康和-台中,buy,5,1,1,0.0,0.0,0.0,0.0,0.0,1,,量占比與後續報酬的描述性相關；非因果或預測能力，少量樣本不作判斷,描述性關係；尚未扣費用、檢查除權息或做樣本外驗證；不評分、不認定關鍵分點
6584,8560,8560,新光,buy,5,1,1,0.0,0.0,0.0,0.0,0.0,1,,量占比與後續報酬的描述性相關；非因果或預測能力，少量樣本不作判斷,描述性關係；尚未扣費用、檢查除權息或做樣本外驗證；不評分、不認定關鍵分點
6584,8562,8560,新光-高雄,sell,5,1,1,0.0,0.0,0.0,0.0,0.0,1,,量占比與後續報酬的描述性相關；非因果或預測能力，少量樣本不作判斷,描述性關係；尚未扣費用、檢查除權息或做樣本外驗證；不評分、不認定關鍵分點
6584,8711,8710,陽信-石牌,buy,5,1,1,0.0,0.0,0.0,0.0,0.0,1,,量占比與後續報酬的描述性相關；非因果或預測能力，少量樣本不作判斷,描述性關係；尚未扣費用、檢查除權息或做樣本外驗證；不評分、不認定關鍵分點
6584,8885,8880,國泰-桃園,buy,5,1,1,0.0,0.0,0.0,0.0,0.0,1,,量占比與後續報酬的描述性相關；非因果或預測能力，少量樣本不作判斷,描述性關係；尚未扣費用、檢查除權息或做樣本外驗證；不評分、不認定關鍵分點
6584,8888,8880,國泰-敦南,buy,5,1,1,0.0,0.0,0.0,0.0,0.0,1,,量占比與後續報酬的描述性相關；非因果或預測能力，少量樣本不作判斷,描述性關係；尚未扣費用、檢查除權息或做樣本外驗證；不評分、不認定關鍵分點
6584,9275,9200,凱基-三多,sell,5,1,1,0.0,0.0,0.0,0.0,0.0,1,,量占比與後續報酬的描述性相關；非因果或預測能力，少量樣本不作判斷,描述性關係；尚未扣費用、檢查除權息或做樣本外驗證；不評分、不認定關鍵分點
6584,9285,9200,凱基-中壢,sell,5,1,1,0.0,0.0,0.0,0.0,0.0,1,,量占比與後續報酬的描述性相關；非因果或預測能力，少量樣本不作判斷,描述性關係；尚未扣費用、檢查除權息或做樣本外驗證；不評分、不認定關鍵分點
6584,9600,9600,富邦證券,sell,5,1,1,0.0,0.0,0.0,0.0,0.0,1,,量占比與後續報酬的描述性相關；非因果或預測能力，少量樣本不作判斷,描述性關係；尚未扣費用、檢查除權息或做樣本外驗證；不評分、不認定關鍵分點
6584,9658,9600,富邦-建國,buy,5,1,1,0.0,0.0,0.0,0.0,0.0,1,,量占比與後續報酬的描述性相關；非因果或預測能力，少量樣本不作判斷,描述性關係；尚未扣費用、檢查除權息或做樣本外驗證；不評分、不認定關鍵分點
6584,9676,9600,富邦-仁愛,buy,5,1,1,0.0,0.0,0.0,0.0,0.0,1,,量占比與後續報酬的描述性相關；非因果或預測能力，少量樣本不作判斷,描述性關係；尚未扣費用、檢查除權息或做樣本外驗證；不評分、不認定關鍵分點
6584,9833,9800,元大-敦化,sell,5,1,1,0.0,0.0,0.0,0.0,0.0,1,,量占比與後續報酬的描述性相關；非因果或預測能力，少量樣本不作判斷,描述性關係；尚未扣費用、檢查除權息或做樣本外驗證；不評分、不認定關鍵分點
6584,9858,9800,元大-龍潭,sell,5,1,1,0.0,0.0,0.0,0.0,0.0,1,,量占比與後續報酬的描述性相關；非因果或預測能力，少量樣本不作判斷,描述性關係；尚未扣費用、檢查除權息或做樣本外驗證；不評分、不認定關鍵分點
6640,0031003200360058,1260,宏遠-新化,sell,5,1,1,-5.405405405405405,0.0,-5.405405405405405,0.0,-5.405405405405405,1,,量占比與後續報酬的描述性相關；非因果或預測能力，少量樣本不作判斷,描述性關係；尚未扣費用、檢查除權息或做樣本外驗證；不評分、不認定關鍵分點
6640,0035003300380043,5380,第一金-光復,sell,5,1,1,-5.405405405405405,0.0,-5.405405405405405,0.0,-5.405405405405405,1,,量占比與後續報酬的描述性相關；非因果或預測能力，少量樣本不作判斷,描述性關係；尚未扣費用、檢查除權息或做樣本外驗證；不評分、不認定關鍵分點
6640,0035003300380044,5380,第一金-忠孝,buy,5,1,1,-5.405405405405405,0.0,-5.405405405405405,0.0,-5.405405405405405,1,,量占比與後續報酬的描述性相關；非因果或預測能力，少量樣本不作判斷,描述性關係；尚未扣費用、檢查除權息或做樣本外驗證；不評分、不認定關鍵分點
6640,0035003800350062,5850,統一-內湖,buy,5,1,1,-5.405405405405405,0.0,-5.405405405405405,0.0,-5.405405405405405,1,,量占比與後續報酬的描述性相關；非因果或預測能力，少量樣本不作判斷,描述性關係；尚未扣費用、檢查除權息或做樣本外驗證；不評分、不認定關鍵分點
6640,0038003800340045,8840,玉山-城中,buy,5,1,1,-5.405405405405405,0.0,-5.405405405405405,0.0,-5.405405405405405,1,,量占比與後續報酬的描述性相關；非因果或預測能力，少量樣本不作判斷,描述性關係；尚未扣費用、檢查除權息或做樣本外驗證；不評分、不認定關鍵分點
6640,0039003100330059,9100,群益金鼎-館前,sell,5,1,1,-5.405405405405405,0.0,-5.405405405405405,0.0,-5.405405405405405,1,,量占比與後續報酬的描述性相關；非因果或預測能力，少量樣本不作判斷,描述性關係；尚未扣費用、檢查除權息或做樣本外驗證；不評分、不認定關鍵分點
6640,0039003800390049,9800,元大-長榮,sell,5,1,1,-5.405405405405405,0.0,-5.405405405405405,0.0,-5.405405405405405,1,,量占比與後續報酬的描述性相關；非因果或預測能力，少量樣本不作判斷,描述性關係；尚未扣費用、檢查除權息或做樣本外驗證；不評分、不認定關鍵分點
6640,003900380039006d,9800,元大-信義,sell,5,1,1,-5.405405405405405,0.0,-5.405405405405405,0.0,-5.405405405405405,1,,量占比與後續報酬的描述性相關；非因果或預測能力，少量樣本不作判斷,描述性關係；尚未扣費用、檢查除權息或做樣本外驗證；不評分、不認定關鍵分點
6640,0039004100300030,9A00,永豐金證券,sell,5,1,1,-5.405405405405405,0.0,-5.405405405405405,0.0,-5.405405405405405,1,,量占比與後續報酬的描述性相關；非因果或預測能力，少量樣本不作判斷,描述性關係；尚未扣費用、檢查除權息或做樣本外驗證；不評分、不認定關鍵分點
6640,0039004100390031,9A00,永豐金-松山,sell,5,1,1,-5.405405405405405,0.0,-5.405405405405405,0.0,-5.405405405405405,1,,量占比與後續報酬的描述性相關；非因果或預測能力，少量樣本不作判斷,描述性關係；尚未扣費用、檢查除權息或做樣本外驗證；不評分、不認定關鍵分點
6640,1480,1480,美商高盛,buy,5,1,1,-5.405405405405405,0.0,-5.405405405405405,0.0,-5.405405405405405,1,,量占比與後續報酬的描述性相關；非因果或預測能力，少量樣本不作判斷,描述性關係；尚未扣費用、檢查除權息或做樣本外驗證；不評分、不認定關鍵分點
6640,1560,1560,港商野村,sell,5,1,1,-5.405405405405405,0.0,-5.405405405405405,0.0,-5.405405405405405,1,,量占比與後續報酬的描述性相關；非因果或預測能力，少量樣本不作判斷,描述性關係；尚未扣費用、檢查除權息或做樣本外驗證；不評分、不認定關鍵分點
6640,1650,1650,新加坡商瑞銀,buy,5,1,1,-5.405405405405405,0.0,-5.405405405405405,0.0,-5.405405405405405,1,,量占比與後續報酬的描述性相關；非因果或預測能力，少量樣本不作判斷,描述性關係；尚未扣費用、檢查除權息或做樣本外驗證；不評分、不認定關鍵分點
6640,5850,5850,統一,buy,5,1,1,-5.405405405405405,0.0,-5.405405405405405,0.0,-5.405405405405405,1,,量占比與後續報酬的描述性相關；非因果或預測能力，少量樣本不作判斷,描述性關係；尚未扣費用、檢查除權息或做樣本外驗證；不評分、不認定關鍵分點
6640,6162,6160,中國信託-忠孝,sell,5,1,1,-5.405405405405405,0.0,-5.405405405405405,0.0,-5.405405405405405,1,,量占比與後續報酬的描述性相關；非因果或預測能力，少量樣本不作判斷,描述性關係；尚未扣費用、檢查除權息或做樣本外驗證；不評分、不認定關鍵分點
6640,6164,6160,中國信託-文心,sell,5,1,1,-5.405405405405405,0.0,-5.405405405405405,0.0,-5.405405405405405,1,,量占比與後續報酬的描述性相關；非因果或預測能力，少量樣本不作判斷,描述性關係；尚未扣費用、檢查除權息或做樣本外驗證；不評分、不認定關鍵分點
6640,6464,6460,大昌-新店,sell,5,1,1,-5.405405405405405,0.0,-5.405405405405405,0.0,-5.405405405405405,1,,量占比與後續報酬的描述性相關；非因果或預測能力，少量樣本不作判斷,描述性關係；尚未扣費用、檢查除權息或做樣本外驗證；不評分、不認定關鍵分點
6640,8560,8560,新光,sell,5,1,1,-5.405405405405405,0.0,-5.405405405405405,0.0,-5.405405405405405,1,,量占比與後續報酬的描述性相關；非因果或預測能力，少量樣本不作判斷,描述性關係；尚未扣費用、檢查除權息或做樣本外驗證；不評分、不認定關鍵分點
6640,8840,8840,玉山證券,sell,5,1,1,-5.405405405405405,0.0,-5.405405405405405,0.0,-5.405405405405405,1,,量占比與後續報酬的描述性相關；非因果或預測能力，少量樣本不作判斷,描述性關係；尚未扣費用、檢查除權息或做樣本外驗證；不評分、不認定關鍵分點
6640,8849,8840,玉山-景美,buy,5,1,1,-5.405405405405405,0.0,-5.405405405405405,0.0,-5.405405405405405,1,,量占比與後續報酬的描述性相關；非因果或預測能力，少量樣本不作判斷,描述性關係；尚未扣費用、檢查除權息或做樣本外驗證；不評分、不認定關鍵分點
6640,8880,8880,國泰證券,buy,5,1,1,-5.405405405405405,0.0,-5.405405405405405,0.0,-5.405405405405405,1,,量占比與後續報酬的描述性相關；非因果或預測能力，少量樣本不作判斷,描述性關係；尚未扣費用、檢查除權息或做樣本外驗證；不評分、不認定關鍵分點
6640,8888,8880,國泰-敦南,buy,5,1,1,-5.405405405405405,0.0,-5.405405405405405,0.0,-5.405405405405405,1,,量占比與後續報酬的描述性相關；非因果或預測能力，少量樣本不作判斷,描述性關係；尚未扣費用、檢查除權息或做樣本外驗證；不評分、不認定關鍵分點
6640,9108,9100,群益金鼎-海山,buy,5,1,1,-5.405405405405405,0.0,-5.405405405405405,0.0,-5.405405405405405,1,,量占比與後續報酬的描述性相關；非因果或預測能力，少量樣本不作判斷,描述性關係；尚未扣費用、檢查除權息或做樣本外驗證；不評分、不認定關鍵分點
6640,9200,9200,凱基,buy,5,1,1,-5.405405405405405,0.0,-5.405405405405405,0.0,-5.405405405405405,1,,量占比與後續報酬的描述性相關；非因果或預測能力，少量樣本不作判斷,描述性關係；尚未扣費用、檢查除權息或做樣本外驗證；不評分、不認定關鍵分點
6640,9237,9200,凱基-敦北,buy,5,1,1,-5.405405405405405,0.0,-5.405405405405405,0.0,-5.405405405405405,1,,量占比與後續報酬的描述性相關；非因果或預測能力，少量樣本不作判斷,描述性關係；尚未扣費用、檢查除權息或做樣本外驗證；不評分、不認定關鍵分點
6640,9257,9200,凱基-林口,buy,5,1,1,-5.405405405405405,0.0,-5.405405405405405,0.0,-5.405405405405405,1,,量占比與後續報酬的描述性相關；非因果或預測能力，少量樣本不作判斷,描述性關係；尚未扣費用、檢查除權息或做樣本外驗證；不評分、不認定關鍵分點
6640,9268,9200,凱基-台北,buy,5,1,1,-5.405405405405405,0.0,-5.405405405405405,0.0,-5.405405405405405,1,,量占比與後續報酬的描述性相關；非因果或預測能力，少量樣本不作判斷,描述性關係；尚未扣費用、檢查除權息或做樣本外驗證；不評分、不認定關鍵分點
6640,9665,9600,富邦-桃園,sell,5,1,1,-5.405405405405405,0.0,-5.405405405405405,0.0,-5.405405405405405,1,,量占比與後續報酬的描述性相關；非因果或預測能力，少量樣本不作判斷,描述性關係；尚未扣費用、檢查除權息或做樣本外驗證；不評分、不認定關鍵分點
6640,9800,9800,元大證券,buy,5,1,1,-5.405405405405405,0.0,-5.405405405405405,0.0,-5.405405405405405,1,,量占比與後續報酬的描述性相關；非因果或預測能力，少量樣本不作判斷,描述性關係；尚未扣費用、檢查除權息或做樣本外驗證；不評分、不認定關鍵分點
6640,9893,9800,元大-大天母,sell,5,1,1,-5.405405405405405,0.0,-5.405405405405405,0.0,-5.405405405405405,1,,量占比與後續報酬的描述性相關；非因果或預測能力，少量樣本不作判斷,描述性關係；尚未扣費用、檢查除權息或做樣本外驗證；不評分、不認定關鍵分點
6643,0035003800350048,5850,統一-桃園,buy,5,1,1,-6.142034548944341,0.0,-6.142034548944341,0.0,-6.142034548944341,1,,量占比與後續報酬的描述性相關；非因果或預測能力，少量樣本不作判斷,描述性關係；尚未扣費用、檢查除權息或做樣本外驗證；不評分、不認定關鍵分點
6643,0035003800350052,5850,統一-東湖,buy,5,1,1,-6.142034548944341,0.0,-6.142034548944341,0.0,-6.142034548944341,1,,量占比與後續報酬的描述性相關；非因果或預測能力，少量樣本不作判斷,描述性關係；尚未扣費用、檢查除權息或做樣本外驗證；不評分、不認定關鍵分點
6643,003700370039005a,7790,國票-安和,sell,5,1,1,-6.142034548944341,0.0,-6.142034548944341,0.0,-6.142034548944341,1,,量占比與後續報酬的描述性相關；非因果或預測能力，少量樣本不作判斷,描述性關係；尚未扣費用、檢查除權息或做樣本外驗證；不評分、不認定關鍵分點
6643,0037003700390063,7790,國票-敦北法人,sell,5,1,1,-6.142034548944341,0.0,-6.142034548944341,0.0,-6.142034548944341,1,,量占比與後續報酬的描述性相關；非因果或預測能力，少量樣本不作判斷,描述性關係；尚未扣費用、檢查除權息或做樣本外驗證；不評分、不認定關鍵分點
6643,0039003100380064,9100,群益金鼎-內湖,sell,5,1,1,-6.142034548944341,0.0,-6.142034548944341,0.0,-6.142034548944341,1,,量占比與後續報酬的描述性相關；非因果或預測能力，少量樣本不作判斷,描述性關係；尚未扣費用、檢查除權息或做樣本外驗證；不評分、不認定關鍵分點
6643,003900380031004e,9800,元大-金門,buy,5,1,1,-6.142034548944341,0.0,-6.142034548944341,0.0,-6.142034548944341,1,,量占比與後續報酬的描述性相關；非因果或預測能力，少量樣本不作判斷,描述性關係；尚未扣費用、檢查除權息或做樣本外驗證；不評分、不認定關鍵分點
6643,0039003800390047,9800,元大-大同,buy,5,1,1,-6.142034548944341,0.0,-6.142034548944341,0.0,-6.142034548944341,1,,量占比與後續報酬的描述性相關；非因果或預測能力，少量樣本不作判斷,描述性關係；尚未扣費用、檢查除權息或做樣本外驗證；不評分、不認定關鍵分點
6643,0039004100300030,9A00,永豐金證券,buy,5,1,1,-6.142034548944341,0.0,-6.142034548944341,0.0,-6.142034548944341,1,,量占比與後續報酬的描述性相關；非因果或預測能力，少量樣本不作判斷,描述性關係；尚未扣費用、檢查除權息或做樣本外驗證；不評分、不認定關鍵分點
6643,0039004100390038,9A00,永豐金-大園,buy,5,1,1,-6.142034548944341,0.0,-6.142034548944341,0.0,-6.142034548944341,1,,量占比與後續報酬的描述性相關；非因果或預測能力，少量樣本不作判斷,描述性關係；尚未扣費用、檢查除權息或做樣本外驗證；不評分、不認定關鍵分點
6643,0039004100390067,9A00,永豐金-內湖,buy,5,1,1,-6.142034548944341,0.0,-6.142034548944341,0.0,-6.142034548944341,1,,量占比與後續報酬的描述性相關；非因果或預測能力，少量樣本不作判斷,描述性關係；尚未扣費用、檢查除權息或做樣本外驗證；不評分、不認定關鍵分點
6643,003900420032007a,9B00,台新-文心,buy,5,1,1,-6.142034548944341,0.0,-6.142034548944341,0.0,-6.142034548944341,1,,量占比與後續報酬的描述性相關；非因果或預測能力，少量樣本不作判斷,描述性關係；尚未扣費用、檢查除權息或做樣本外驗證；不評分、不認定關鍵分點
6643,1440,1440,美林,sell,5,1,1,-6.142034548944341,0.0,-6.142034548944341,0.0,-6.142034548944341,1,,量占比與後續報酬的描述性相關；非因果或預測能力，少量樣本不作判斷,描述性關係；尚未扣費用、檢查除權息或做樣本外驗證；不評分、不認定關鍵分點
6643,1470,1470,台灣摩根士丹利,sell,5,1,1,-6.142034548944341,0.0,-6.142034548944341,0.0,-6.142034548944341,1,,量占比與後續報酬的描述性相關；非因果或預測能力，少量樣本不作判斷,描述性關係；尚未扣費用、檢查除權息或做樣本外驗證；不評分、不認定關鍵分點
6643,1480,1480,美商高盛,sell,5,1,1,-6.142034548944341,0.0,-6.142034548944341,0.0,-6.142034548944341,1,,量占比與後續報酬的描述性相關；非因果或預測能力，少量樣本不作判斷,描述性關係；尚未扣費用、檢查除權息或做樣本外驗證；不評分、不認定關鍵分點
6643,1560,1560,港商野村,sell,5,1,1,-6.142034548944341,0.0,-6.142034548944341,0.0,-6.142034548944341,1,,量占比與後續報酬的描述性相關；非因果或預測能力，少量樣本不作判斷,描述性關係；尚未扣費用、檢查除權息或做樣本外驗證；不評分、不認定關鍵分點
6643,1650,1650,新加坡商瑞銀,sell,5,1,1,-6.142034548944341,0.0,-6.142034548944341,0.0,-6.142034548944341,1,,量占比與後續報酬的描述性相關；非因果或預測能力，少量樣本不作判斷,描述性關係；尚未扣費用、檢查除權息或做樣本外驗證；不評分、不認定關鍵分點
6643,5850,5850,統一,sell,5,1,1,-6.142034548944341,0.0,-6.142034548944341,0.0,-6.142034548944341,1,,量占比與後續報酬的描述性相關；非因果或預測能力，少量樣本不作判斷,描述性關係；尚未扣費用、檢查除權息或做樣本外驗證；不評分、不認定關鍵分點
6643,5854,5850,統一-城中,sell,5,1,1,-6.142034548944341,0.0,-6.142034548944341,0.0,-6.142034548944341,1,,量占比與後續報酬的描述性相關；非因果或預測能力，少量樣本不作判斷,描述性關係；尚未扣費用、檢查除權息或做樣本外驗證；不評分、不認定關鍵分點
6643,6165,6160,中國信託-新竹,buy,5,1,1,-6.142034548944341,0.0,-6.142034548944341,0.0,-6.142034548944341,1,,量占比與後續報酬的描述性相關；非因果或預測能力，少量樣本不作判斷,描述性關係；尚未扣費用、檢查除權息或做樣本外驗證；不評分、不認定關鍵分點
6643,6451,6450,永全-南崁,sell,5,1,1,-6.142034548944341,0.0,-6.142034548944341,0.0,-6.142034548944341,1,,量占比與後續報酬的描述性相關；非因果或預測能力，少量樣本不作判斷,描述性關係；尚未扣費用、檢查除權息或做樣本外驗證；不評分、不認定關鍵分點
6643,7036,7030,致和-高雄,buy,5,1,1,-6.142034548944341,0.0,-6.142034548944341,0.0,-6.142034548944341,1,,量占比與後續報酬的描述性相關；非因果或預測能力，少量樣本不作判斷,描述性關係；尚未扣費用、檢查除權息或做樣本外驗證；不評分、不認定關鍵分點
6643,8440,8440,摩根大通,sell,5,1,1,-6.142034548944341,0.0,-6.142034548944341,0.0,-6.142034548944341,1,,量占比與後續報酬的描述性相關；非因果或預測能力，少量樣本不作判斷,描述性關係；尚未扣費用、檢查除權息或做樣本外驗證；不評分、不認定關鍵分點
6643,8560,8560,新光,buy,5,1,1,-6.142034548944341,0.0,-6.142034548944341,0.0,-6.142034548944341,1,,量占比與後續報酬的描述性相關；非因果或預測能力，少量樣本不作判斷,描述性關係；尚未扣費用、檢查除權息或做樣本外驗證；不評分、不認定關鍵分點
6643,8561,8560,新光-台中,buy,5,1,1,-6.142034548944341,0.0,-6.142034548944341,0.0,-6.142034548944341,1,,量占比與後續報酬的描述性相關；非因果或預測能力，少量樣本不作判斷,描述性關係；尚未扣費用、檢查除權息或做樣本外驗證；不評分、不認定關鍵分點
6643,8842,8840,玉山-新莊,buy,5,1,1,-6.142034548944341,0.0,-6.142034548944341,0.0,-6.142034548944341,1,,量占比與後續報酬的描述性相關；非因果或預測能力，少量樣本不作判斷,描述性關係；尚未扣費用、檢查除權息或做樣本外驗證；不評分、不認定關鍵分點
6643,8888,8880,國泰-敦南,buy,5,1,1,-6.142034548944341,0.0,-6.142034548944341,0.0,-6.142034548944341,1,,量占比與後續報酬的描述性相關；非因果或預測能力，少量樣本不作判斷,描述性關係；尚未扣費用、檢查除權息或做樣本外驗證；不評分、不認定關鍵分點
6643,9268,9200,凱基-台北,sell,5,1,1,-6.142034548944341,0.0,-6.142034548944341,0.0,-6.142034548944341,1,,量占比與後續報酬的描述性相關；非因果或預測能力，少量樣本不作判斷,描述性關係；尚未扣費用、檢查除權息或做樣本外驗證；不評分、不認定關鍵分點
6643,9600,9600,富邦證券,sell,5,1,1,-6.142034548944341,0.0,-6.142034548944341,0.0,-6.142034548944341,1,,量占比與後續報酬的描述性相關；非因果或預測能力，少量樣本不作判斷,描述性關係；尚未扣費用、檢查除權息或做樣本外驗證；不評分、不認定關鍵分點
6643,9658,9600,富邦-建國,buy,5,1,1,-6.142034548944341,0.0,-6.142034548944341,0.0,-6.142034548944341,1,,量占比與後續報酬的描述性相關；非因果或預測能力，少量樣本不作判斷,描述性關係；尚未扣費用、檢查除權息或做樣本外驗證；不評分、不認定關鍵分點
6643,9800,9800,元大證券,sell,5,1,1,-6.142034548944341,0.0,-6.142034548944341,0.0,-6.142034548944341,1,,量占比與後續報酬的描述性相關；非因果或預測能力，少量樣本不作判斷,描述性關係；尚未扣費用、檢查除權息或做樣本外驗證；不評分、不認定關鍵分點
6667,0035003300380042,5380,第一金-新竹,sell,5,1,1,8.429118773946364,1.0,8.429118773946364,0.0,-0.3831417624521105,1,,量占比與後續報酬的描述性相關；非因果或預測能力，少量樣本不作判斷,描述性關係；尚未扣費用、檢查除權息或做樣本外驗證；不評分、不認定關鍵分點
6667,0035003800350046,5850,統一-彰化,sell,5,1,1,8.429118773946364,1.0,8.429118773946364,0.0,-0.3831417624521105,1,,量占比與後續報酬的描述性相關；非因果或預測能力，少量樣本不作判斷,描述性關係；尚未扣費用、檢查除權息或做樣本外驗證；不評分、不認定關鍵分點
6667,003700370039005a,7790,國票-安和,sell,5,1,1,8.429118773946364,1.0,8.429118773946364,0.0,-0.3831417624521105,1,,量占比與後續報酬的描述性相關；非因果或預測能力，少量樣本不作判斷,描述性關係；尚未扣費用、檢查除權息或做樣本外驗證；不評分、不認定關鍵分點
6667,0039003100380046,9100,群益金鼎-新店,buy,5,1,1,8.429118773946364,1.0,8.429118773946364,0.0,-0.3831417624521105,1,,量占比與後續報酬的描述性相關；非因果或預測能力，少量樣本不作判斷,描述性關係；尚未扣費用、檢查除權息或做樣本外驗證；不評分、不認定關鍵分點
6667,0039003100380048,9100,群益金鼎-中山,buy,5,1,1,8.429118773946364,1.0,8.429118773946364,0.0,-0.3831417624521105,1,,量占比與後續報酬的描述性相關；非因果或預測能力，少量樣本不作判斷,描述性關係；尚未扣費用、檢查除權息或做樣本外驗證；不評分、不認定關鍵分點
6667,0039003800300061,9800,元大-中山北路,sell,5,1,1,8.429118773946364,1.0,8.429118773946364,0.0,-0.3831417624521105,1,,量占比與後續報酬的描述性相關；非因果或預測能力，少量樣本不作判斷,描述性關係；尚未扣費用、檢查除權息或做樣本外驗證；不評分、不認定關鍵分點
6667,0039003800380042,9800,元大-桃園,buy,5,1,1,8.429118773946364,1.0,8.429118773946364,0.0,-0.3831417624521105,1,,量占比與後續報酬的描述性相關；非因果或預測能力，少量樣本不作判斷,描述性關係；尚未扣費用、檢查除權息或做樣本外驗證；不評分、不認定關鍵分點
6667,0039004100300030,9A00,永豐金證券,buy,5,1,1,8.429118773946364,1.0,8.429118773946364,0.0,-0.3831417624521105,1,,量占比與後續報酬的描述性相關；非因果或預測能力，少量樣本不作判斷,描述性關係；尚未扣費用、檢查除權息或做樣本外驗證；不評分、不認定關鍵分點
6667,0039004100380046,9A00,永豐金-敦南,buy,5,1,1,8.429118773946364,1.0,8.429118773946364,0.0,-0.3831417624521105,1,,量占比與後續報酬的描述性相關；非因果或預測能力，少量樣本不作判斷,描述性關係；尚未扣費用、檢查除權息或做樣本外驗證；不評分、不認定關鍵分點
6667,0039004100390037,9A00,永豐金-新竹,buy,5,1,1,8.429118773946364,1.0,8.429118773946364,0.0,-0.3831417624521105,1,,量占比與後續報酬的描述性相關；非因果或預測能力，少量樣本不作判斷,描述性關係；尚未扣費用、檢查除權息或做樣本外驗證；不評分、不認定關鍵分點
6667,003900410039004a,9A00,永豐金-板新,buy,5,1,1,8.429118773946364,1.0,8.429118773946364,0.0,-0.3831417624521105,1,,量占比與後續報酬的描述性相關；非因果或預測能力，少量樣本不作判斷,描述性關係；尚未扣費用、檢查除權息或做樣本外驗證；不評分、不認定關鍵分點
6667,0039004100390063,9A00,永豐金-永康,sell,5,1,1,8.429118773946364,1.0,8.429118773946364,0.0,-0.3831417624521105,1,,量占比與後續報酬的描述性相關；非因果或預測能力，少量樣本不作判斷,描述性關係；尚未扣費用、檢查除權息或做樣本外驗證；不評分、不認定關鍵分點
6667,1029,1020,合庫-鳳山,sell,5,1,1,8.429118773946364,1.0,8.429118773946364,0.0,-0.3831417624521105,1,,量占比與後續報酬的描述性相關；非因果或預測能力，少量樣本不作判斷,描述性關係；尚未扣費用、檢查除權息或做樣本外驗證；不評分、不認定關鍵分點
6667,1262,1260,宏遠-桃園,sell,5,1,1,8.429118773946364,1.0,8.429118773946364,0.0,-0.3831417624521105,1,,量占比與後續報酬的描述性相關；非因果或預測能力，少量樣本不作判斷,描述性關係；尚未扣費用、檢查除權息或做樣本外驗證；不評分、不認定關鍵分點
6667,1440,1440,美林,sell,5,1,1,8.429118773946364,1.0,8.429118773946364,0.0,-0.3831417624521105,1,,量占比與後續報酬的描述性相關；非因果或預測能力，少量樣本不作判斷,描述性關係；尚未扣費用、檢查除權息或做樣本外驗證；不評分、不認定關鍵分點
6667,1470,1470,台灣摩根士丹利,buy,5,1,1,8.429118773946364,1.0,8.429118773946364,0.0,-0.3831417624521105,1,,量占比與後續報酬的描述性相關；非因果或預測能力，少量樣本不作判斷,描述性關係；尚未扣費用、檢查除權息或做樣本外驗證；不評分、不認定關鍵分點
6667,1480,1480,美商高盛,buy,5,1,1,8.429118773946364,1.0,8.429118773946364,0.0,-0.3831417624521105,1,,量占比與後續報酬的描述性相關；非因果或預測能力，少量樣本不作判斷,描述性關係；尚未扣費用、檢查除權息或做樣本外驗證；不評分、不認定關鍵分點
6667,1560,1560,港商野村,sell,5,1,1,8.429118773946364,1.0,8.429118773946364,0.0,-0.3831417624521105,1,,量占比與後續報酬的描述性相關；非因果或預測能力，少量樣本不作判斷,描述性關係；尚未扣費用、檢查除權息或做樣本外驗證；不評分、不認定關鍵分點
6667,1650,1650,新加坡商瑞銀,sell,5,1,1,8.429118773946364,1.0,8.429118773946364,0.0,-0.3831417624521105,1,,量占比與後續報酬的描述性相關；非因果或預測能力，少量樣本不作判斷,描述性關係；尚未扣費用、檢查除權息或做樣本外驗證；不評分、不認定關鍵分點
6667,5850,5850,統一,buy,5,1,1,8.429118773946364,1.0,8.429118773946364,0.0,-0.3831417624521105,1,,量占比與後續報酬的描述性相關；非因果或預測能力，少量樣本不作判斷,描述性關係；尚未扣費用、檢查除權息或做樣本外驗證；不評分、不認定關鍵分點
6667,6110,6110,台中銀,sell,5,1,1,8.429118773946364,1.0,8.429118773946364,0.0,-0.3831417624521105,1,,量占比與後續報酬的描述性相關；非因果或預測能力，少量樣本不作判斷,描述性關係；尚未扣費用、檢查除權息或做樣本外驗證；不評分、不認定關鍵分點
6667,6163,6160,中國信託-永康,sell,5,1,1,8.429118773946364,1.0,8.429118773946364,0.0,-0.3831417624521105,1,,量占比與後續報酬的描述性相關；非因果或預測能力，少量樣本不作判斷,描述性關係；尚未扣費用、檢查除權息或做樣本外驗證；不評分、不認定關鍵分點
6667,7790,7790,國票證券,sell,5,1,1,8.429118773946364,1.0,8.429118773946364,0.0,-0.3831417624521105,1,,量占比與後續報酬的描述性相關；非因果或預測能力，少量樣本不作判斷,描述性關係；尚未扣費用、檢查除權息或做樣本外驗證；不評分、不認定關鍵分點
6667,8440,8440,摩根大通,buy,5,1,1,8.429118773946364,1.0,8.429118773946364,0.0,-0.3831417624521105,1,,量占比與後續報酬的描述性相關；非因果或預測能力，少量樣本不作判斷,描述性關係；尚未扣費用、檢查除權息或做樣本外驗證；不評分、不認定關鍵分點
6667,8455,8450,康和-台中,buy,5,1,1,8.429118773946364,1.0,8.429118773946364,0.0,-0.3831417624521105,1,,量占比與後續報酬的描述性相關；非因果或預測能力，少量樣本不作判斷,描述性關係；尚未扣費用、檢查除權息或做樣本外驗證；不評分、不認定關鍵分點
6667,8560,8560,新光,sell,5,1,1,8.429118773946364,1.0,8.429118773946364,0.0,-0.3831417624521105,1,,量占比與後續報酬的描述性相關；非因果或預測能力，少量樣本不作判斷,描述性關係；尚未扣費用、檢查除權息或做樣本外驗證；不評分、不認定關鍵分點
6667,8843,8840,玉山-高雄,buy,5,1,1,8.429118773946364,1.0,8.429118773946364,0.0,-0.3831417624521105,1,,量占比與後續報酬的描述性相關；非因果或預測能力，少量樣本不作判斷,描述性關係；尚未扣費用、檢查除權息或做樣本外驗證；不評分、不認定關鍵分點
6667,9268,9200,凱基-台北,sell,5,1,1,8.429118773946364,1.0,8.429118773946364,0.0,-0.3831417624521105,1,,量占比與後續報酬的描述性相關；非因果或預測能力，少量樣本不作判斷,描述性關係；尚未扣費用、檢查除權息或做樣本外驗證；不評分、不認定關鍵分點
6667,9655,9600,富邦-板橋,buy,5,1,1,8.429118773946364,1.0,8.429118773946364,0.0,-0.3831417624521105,1,,量占比與後續報酬的描述性相關；非因果或預測能力，少量樣本不作判斷,描述性關係；尚未扣費用、檢查除權息或做樣本外驗證；不評分、不認定關鍵分點
6667,9824,9800,元大-向上,buy,5,1,1,8.429118773946364,1.0,8.429118773946364,0.0,-0.3831417624521105,1,,量占比與後續報酬的描述性相關；非因果或預測能力，少量樣本不作判斷,描述性關係；尚未扣費用、檢查除權息或做樣本外驗證；不評分、不認定關鍵分點
6669,0036003100310041,6110,台中銀-豐原,buy,5,1,1,6.161137440758302,1.0,6.161137440758302,0.0,-1.1848341232227444,1,,量占比與後續報酬的描述性相關；非因果或預測能力，少量樣本不作判斷,描述性關係；尚未扣費用、檢查除權息或做樣本外驗證；不評分、不認定關鍵分點
6669,003700370039005a,7790,國票-安和,sell,5,1,1,6.161137440758302,1.0,6.161137440758302,0.0,-1.1848341232227444,1,,量占比與後續報酬的描述性相關；非因果或預測能力，少量樣本不作判斷,描述性關係；尚未扣費用、檢查除權息或做樣本外驗證；不評分、不認定關鍵分點
6669,0037003700390063,7790,國票-敦北法人,sell,5,1,1,6.161137440758302,1.0,6.161137440758302,0.0,-1.1848341232227444,1,,量占比與後續報酬的描述性相關；非因果或預測能力，少量樣本不作判斷,描述性關係；尚未扣費用、檢查除權息或做樣本外驗證；不評分、不認定關鍵分點
6669,0038003800380041,8880,國泰-館前,buy,5,1,1,6.161137440758302,1.0,6.161137440758302,0.0,-1.1848341232227444,1,,量占比與後續報酬的描述性相關；非因果或預測能力，少量樣本不作判斷,描述性關係；尚未扣費用、檢查除權息或做樣本外驗證；不評分、不認定關鍵分點
6669,0039003200300046,9200,凱基-站前,sell,5,1,1,6.161137440758302,1.0,6.161137440758302,0.0,-1.1848341232227444,1,,量占比與後續報酬的描述性相關；非因果或預測能力，少量樣本不作判斷,描述性關係；尚未扣費用、檢查除權息或做樣本外驗證；不評分、不認定關鍵分點
6669,0039003800310058,9800,元大-新生,sell,5,1,1,6.161137440758302,1.0,6.161137440758302,0.0,-1.1848341232227444,1,,量占比與後續報酬的描述性相關；非因果或預測能力，少量樣本不作判斷,描述性關係；尚未扣費用、檢查除權息或做樣本外驗證；不評分、不認定關鍵分點
6669,0039004100300030,9A00,永豐金證券,sell,5,1,1,6.161137440758302,1.0,6.161137440758302,0.0,-1.1848341232227444,1,,量占比與後續報酬的描述性相關；非因果或預測能力，少量樣本不作判斷,描述性關係；尚未扣費用、檢查除權息或做樣本外驗證；不評分、不認定關鍵分點
6669,0039004100380031,9A00,永豐金-匯立,buy,5,1,1,6.161137440758302,1.0,6.161137440758302,0.0,-1.1848341232227444,1,,量占比與後續報酬的描述性相關；非因果或預測能力，少量樣本不作判斷,描述性關係；尚未扣費用、檢查除權息或做樣本外驗證；不評分、不認定關鍵分點
6669,0039004100390069,9A00,永豐金-新店,buy,5,1,1,6.161137440758302,1.0,6.161137440758302,0.0,-1.1848341232227444,1,,量占比與後續報酬的描述性相關；非因果或預測能力，少量樣本不作判斷,描述性關係；尚未扣費用、檢查除權息或做樣本外驗證；不評分、不認定關鍵分點
6669,0039004200300030,9B00,台新,sell,5,1,1,6.161137440758302,1.0,6.161137440758302,0.0,-1.1848341232227444,1,,量占比與後續報酬的描述性相關；非因果或預測能力，少量樣本不作判斷,描述性關係；尚未扣費用、檢查除權息或做樣本外驗證；不評分、不認定關鍵分點
6669,0039004200310064,9B00,台新-左楠,buy,5,1,1,6.161137440758302,1.0,6.161137440758302,0.0,-1.1848341232227444,1,,量占比與後續報酬的描述性相關；非因果或預測能力，少量樣本不作判斷,描述性關係；尚未扣費用、檢查除權息或做樣本外驗證；不評分、不認定關鍵分點
6669,1440,1440,美林,buy,5,1,1,6.161137440758302,1.0,6.161137440758302,0.0,-1.1848341232227444,1,,量占比與後續報酬的描述性相關；非因果或預測能力，少量樣本不作判斷,描述性關係；尚未扣費用、檢查除權息或做樣本外驗證；不評分、不認定關鍵分點
6669,1470,1470,台灣摩根士丹利,buy,5,1,1,6.161137440758302,1.0,6.161137440758302,0.0,-1.1848341232227444,1,,量占比與後續報酬的描述性相關；非因果或預測能力，少量樣本不作判斷,描述性關係；尚未扣費用、檢查除權息或做樣本外驗證；不評分、不認定關鍵分點
6669,1480,1480,美商高盛,sell,5,1,1,6.161137440758302,1.0,6.161137440758302,0.0,-1.1848341232227444,1,,量占比與後續報酬的描述性相關；非因果或預測能力，少量樣本不作判斷,描述性關係；尚未扣費用、檢查除權息或做樣本外驗證；不評分、不認定關鍵分點
6669,1590,1590,花旗環球,buy,5,1,1,6.161137440758302,1.0,6.161137440758302,0.0,-1.1848341232227444,1,,量占比與後續報酬的描述性相關；非因果或預測能力，少量樣本不作判斷,描述性關係；尚未扣費用、檢查除權息或做樣本外驗證；不評分、不認定關鍵分點
6669,1650,1650,新加坡商瑞銀,sell,5,1,1,6.161137440758302,1.0,6.161137440758302,0.0,-1.1848341232227444,1,,量占比與後續報酬的描述性相關；非因果或預測能力，少量樣本不作判斷,描述性關係；尚未扣費用、檢查除權息或做樣本外驗證；不評分、不認定關鍵分點
6669,5850,5850,統一,sell,5,1,1,6.161137440758302,1.0,6.161137440758302,0.0,-1.1848341232227444,1,,量占比與後續報酬的描述性相關；非因果或預測能力，少量樣本不作判斷,描述性關係；尚未扣費用、檢查除權息或做樣本外驗證；不評分、不認定關鍵分點
6669,5854,5850,統一-城中,buy,5,1,1,6.161137440758302,1.0,6.161137440758302,0.0,-1.1848341232227444,1,,量占比與後續報酬的描述性相關；非因果或預測能力，少量樣本不作判斷,描述性關係；尚未扣費用、檢查除權息或做樣本外驗證；不評分、不認定關鍵分點
6669,6160,6160,中國信託,buy,5,1,1,6.161137440758302,1.0,6.161137440758302,0.0,-1.1848341232227444,1,,量占比與後續報酬的描述性相關；非因果或預測能力，少量樣本不作判斷,描述性關係；尚未扣費用、檢查除權息或做樣本外驗證；不評分、不認定關鍵分點
6669,6162,6160,中國信託-忠孝,buy,5,1,1,6.161137440758302,1.0,6.161137440758302,0.0,-1.1848341232227444,1,,量占比與後續報酬的描述性相關；非因果或預測能力，少量樣本不作判斷,描述性關係；尚未扣費用、檢查除權息或做樣本外驗證；不評分、不認定關鍵分點
6669,8440,8440,摩根大通,buy,5,1,1,6.161137440758302,1.0,6.161137440758302,0.0,-1.1848341232227444,1,,量占比與後續報酬的描述性相關；非因果或預測能力，少量樣本不作判斷,描述性關係；尚未扣費用、檢查除權息或做樣本外驗證；不評分、不認定關鍵分點
6669,8880,8880,國泰證券,sell,5,1,1,6.161137440758302,1.0,6.161137440758302,0.0,-1.1848341232227444,1,,量占比與後續報酬的描述性相關；非因果或預測能力，少量樣本不作判斷,描述性關係；尚未扣費用、檢查除權息或做樣本外驗證；不評分、不認定關鍵分點
6669,8888,8880,國泰-敦南,buy,5,1,1,6.161137440758302,1.0,6.161137440758302,0.0,-1.1848341232227444,1,,量占比與後續報酬的描述性相關；非因果或預測能力，少量樣本不作判斷,描述性關係；尚未扣費用、檢查除權息或做樣本外驗證；不評分、不認定關鍵分點
6669,8900,8900,法銀巴黎,sell,5,1,1,6.161137440758302,1.0,6.161137440758302,0.0,-1.1848341232227444,1,,量占比與後續報酬的描述性相關；非因果或預測能力，少量樣本不作判斷,描述性關係；尚未扣費用、檢查除權息或做樣本外驗證；不評分、不認定關鍵分點
6669,9188,9100,群益金鼎-三民,sell,5,1,1,6.161137440758302,1.0,6.161137440758302,0.0,-1.1848341232227444,1,,量占比與後續報酬的描述性相關；非因果或預測能力，少量樣本不作判斷,描述性關係；尚未扣費用、檢查除權息或做樣本外驗證；不評分、不認定關鍵分點
6669,9200,9200,凱基,sell,5,1,1,6.161137440758302,1.0,6.161137440758302,0.0,-1.1848341232227444,1,,量占比與後續報酬的描述性相關；非因果或預測能力，少量樣本不作判斷,描述性關係；尚未扣費用、檢查除權息或做樣本外驗證；不評分、不認定關鍵分點
6669,9268,9200,凱基-台北,buy,5,1,1,6.161137440758302,1.0,6.161137440758302,0.0,-1.1848341232227444,1,,量占比與後續報酬的描述性相關；非因果或預測能力，少量樣本不作判斷,描述性關係；尚未扣費用、檢查除權息或做樣本外驗證；不評分、不認定關鍵分點
6669,9297,9200,凱基-文心,sell,5,1,1,6.161137440758302,1.0,6.161137440758302,0.0,-1.1848341232227444,1,,量占比與後續報酬的描述性相關；非因果或預測能力，少量樣本不作判斷,描述性關係；尚未扣費用、檢查除權息或做樣本外驗證；不評分、不認定關鍵分點
6669,9658,9600,富邦-建國,buy,5,1,1,6.161137440758302,1.0,6.161137440758302,0.0,-1.1848341232227444,1,,量占比與後續報酬的描述性相關；非因果或預測能力，少量樣本不作判斷,描述性關係；尚未扣費用、檢查除權息或做樣本外驗證；不評分、不認定關鍵分點
6669,9800,9800,元大證券,sell,5,1,1,6.161137440758302,1.0,6.161137440758302,0.0,-1.1848341232227444,1,,量占比與後續報酬的描述性相關；非因果或預測能力，少量樣本不作判斷,描述性關係；尚未扣費用、檢查除權息或做樣本外驗證；不評分、不認定關鍵分點
6684,0031003000340041,1040,臺銀-臺中,buy,5,1,1,-4.091816367265477,0.0,-4.091816367265477,0.0,-4.091816367265477,1,,量占比與後續報酬的描述性相關；非因果或預測能力，少量樣本不作判斷,描述性關係；尚未扣費用、檢查除權息或做樣本外驗證；不評分、不認定關鍵分點
6684,003800380034004d,8840,玉山-數位,sell,5,1,1,-4.091816367265477,0.0,-4.091816367265477,0.0,-4.091816367265477,1,,量占比與後續報酬的描述性相關；非因果或預測能力，少量樣本不作判斷,描述性關係；尚未扣費用、檢查除權息或做樣本外驗證；不評分、不認定關鍵分點
6684,003900310038004a,9100,群益金鼎-永和,buy,5,1,1,-4.091816367265477,0.0,-4.091816367265477,0.0,-4.091816367265477,1,,量占比與後續報酬的描述性相關；非因果或預測能力，少量樣本不作判斷,描述性關係；尚未扣費用、檢查除權息或做樣本外驗證；不評分、不認定關鍵分點
6684,0039003200300046,9200,凱基-站前,buy,5,1,1,-4.091816367265477,0.0,-4.091816367265477,0.0,-4.091816367265477,1,,量占比與後續報酬的描述性相關；非因果或預測能力，少量樣本不作判斷,描述性關係；尚未扣費用、檢查除權息或做樣本外驗證；不評分、不認定關鍵分點
6684,0039003600310046,9600,富邦-公益,sell,5,1,1,-4.091816367265477,0.0,-4.091816367265477,0.0,-4.091816367265477,1,,量占比與後續報酬的描述性相關；非因果或預測能力，少量樣本不作判斷,描述性關係；尚未扣費用、檢查除權息或做樣本外驗證；不評分、不認定關鍵分點
6684,0039003600320044,9600,富邦-新莊,buy,5,1,1,-4.091816367265477,0.0,-4.091816367265477,0.0,-4.091816367265477,1,,量占比與後續報酬的描述性相關；非因果或預測能力，少量樣本不作判斷,描述性關係；尚未扣費用、檢查除權息或做樣本外驗證；不評分、不認定關鍵分點
6684,0039003800300051,9800,元大-南崁,buy,5,1,1,-4.091816367265477,0.0,-4.091816367265477,0.0,-4.091816367265477,1,,量占比與後續報酬的描述性相關；非因果或預測能力，少量樣本不作判斷,描述性關係；尚未扣費用、檢查除權息或做樣本外驗證；不評分、不認定關鍵分點
6684,0039003800390045,9800,元大-草屯,sell,5,1,1,-4.091816367265477,0.0,-4.091816367265477,0.0,-4.091816367265477,1,,量占比與後續報酬的描述性相關；非因果或預測能力，少量樣本不作判斷,描述性關係；尚未扣費用、檢查除權息或做樣本外驗證；不評分、不認定關鍵分點
6684,0039004100390038,9A00,永豐金-大園,buy,5,1,1,-4.091816367265477,0.0,-4.091816367265477,0.0,-4.091816367265477,1,,量占比與後續報酬的描述性相關；非因果或預測能力，少量樣本不作判斷,描述性關係；尚未扣費用、檢查除權息或做樣本外驗證；不評分、不認定關鍵分點
6684,003900410039004a,9A00,永豐金-板新,sell,5,1,1,-4.091816367265477,0.0,-4.091816367265477,0.0,-4.091816367265477,1,,量占比與後續報酬的描述性相關；非因果或預測能力，少量樣本不作判斷,描述性關係；尚未扣費用、檢查除權息或做樣本外驗證；不評分、不認定關鍵分點
6684,0039004100390058,9A00,永豐金-竹科,sell,5,1,1,-4.091816367265477,0.0,-4.091816367265477,0.0,-4.091816367265477,1,,量占比與後續報酬的描述性相關；非因果或預測能力，少量樣本不作判斷,描述性關係；尚未扣費用、檢查除權息或做樣本外驗證；不評分、不認定關鍵分點
6684,1440,1440,美林,buy,5,1,1,-4.091816367265477,0.0,-4.091816367265477,0.0,-4.091816367265477,1,,量占比與後續報酬的描述性相關；非因果或預測能力，少量樣本不作判斷,描述性關係；尚未扣費用、檢查除權息或做樣本外驗證；不評分、不認定關鍵分點
6684,1480,1480,美商高盛,buy,5,1,1,-4.091816367265477,0.0,-4.091816367265477,0.0,-4.091816367265477,1,,量占比與後續報酬的描述性相關；非因果或預測能力，少量樣本不作判斷,描述性關係；尚未扣費用、檢查除權息或做樣本外驗證；不評分、不認定關鍵分點
6684,1560,1560,港商野村,sell,5,1,1,-4.091816367265477,0.0,-4.091816367265477,0.0,-4.091816367265477,1,,量占比與後續報酬的描述性相關；非因果或預測能力，少量樣本不作判斷,描述性關係；尚未扣費用、檢查除權息或做樣本外驗證；不評分、不認定關鍵分點
6684,1650,1650,新加坡商瑞銀,buy,5,1,1,-4.091816367265477,0.0,-4.091816367265477,0.0,-4.091816367265477,1,,量占比與後續報酬的描述性相關；非因果或預測能力，少量樣本不作判斷,描述性關係；尚未扣費用、檢查除權息或做樣本外驗證；不評分、不認定關鍵分點
6684,5854,5850,統一-城中,sell,5,1,1,-4.091816367265477,0.0,-4.091816367265477,0.0,-4.091816367265477,1,,量占比與後續報酬的描述性相關；非因果或預測能力，少量樣本不作判斷,描述性關係；尚未扣費用、檢查除權息或做樣本外驗證；不評分、不認定關鍵分點
6684,6114,6110,台中銀-員林,sell,5,1,1,-4.091816367265477,0.0,-4.091816367265477,0.0,-4.091816367265477,1,,量占比與後續報酬的描述性相關；非因果或預測能力，少量樣本不作判斷,描述性關係；尚未扣費用、檢查除權息或做樣本外驗證；不評分、不認定關鍵分點
6684,8520,8520,中農,sell,5,1,1,-4.091816367265477,0.0,-4.091816367265477,0.0,-4.091816367265477,1,,量占比與後續報酬的描述性相關；非因果或預測能力，少量樣本不作判斷,描述性關係；尚未扣費用、檢查除權息或做樣本外驗證；不評分、不認定關鍵分點
6684,8560,8560,新光,buy,5,1,1,-4.091816367265477,0.0,-4.091816367265477,0.0,-4.091816367265477,1,,量占比與後續報酬的描述性相關；非因果或預測能力，少量樣本不作判斷,描述性關係；尚未扣費用、檢查除權息或做樣本外驗證；不評分、不認定關鍵分點
6684,8561,8560,新光-台中,sell,5,1,1,-4.091816367265477,0.0,-4.091816367265477,0.0,-4.091816367265477,1,,量占比與後續報酬的描述性相關；非因果或預測能力，少量樣本不作判斷,描述性關係；尚未扣費用、檢查除權息或做樣本外驗證；不評分、不認定關鍵分點
6684,8880,8880,國泰證券,sell,5,1,1,-4.091816367265477,0.0,-4.091816367265477,0.0,-4.091816367265477,1,,量占比與後續報酬的描述性相關；非因果或預測能力，少量樣本不作判斷,描述性關係；尚未扣費用、檢查除權息或做樣本外驗證；不評分、不認定關鍵分點
6684,8888,8880,國泰-敦南,buy,5,1,1,-4.091816367265477,0.0,-4.091816367265477,0.0,-4.091816367265477,1,,量占比與後續報酬的描述性相關；非因果或預測能力，少量樣本不作判斷,描述性關係；尚未扣費用、檢查除權息或做樣本外驗證；不評分、不認定關鍵分點
6684,9100,9100,群益金鼎,buy,5,1,1,-4.091816367265477,0.0,-4.091816367265477,0.0,-4.091816367265477,1,,量占比與後續報酬的描述性相關；非因果或預測能力，少量樣本不作判斷,描述性關係；尚未扣費用、檢查除權息或做樣本外驗證；不評分、不認定關鍵分點
6684,9200,9200,凱基,buy,5,1,1,-4.091816367265477,0.0,-4.091816367265477,0.0,-4.091816367265477,1,,量占比與後續報酬的描述性相關；非因果或預測能力，少量樣本不作判斷,描述性關係；尚未扣費用、檢查除權息或做樣本外驗證；不評分、不認定關鍵分點
6684,9268,9200,凱基-台北,buy,5,1,1,-4.091816367265477,0.0,-4.091816367265477,0.0,-4.091816367265477,1,,量占比與後續報酬的描述性相關；非因果或預測能力，少量樣本不作判斷,描述性關係；尚未扣費用、檢查除權息或做樣本外驗證；不評分、不認定關鍵分點
6684,9300,9300,華南永昌,sell,5,1,1,-4.091816367265477,0.0,-4.091816367265477,0.0,-4.091816367265477,1,,量占比與後續報酬的描述性相關；非因果或預測能力，少量樣本不作判斷,描述性關係；尚未扣費用、檢查除權息或做樣本外驗證；不評分、不認定關鍵分點
6684,9657,9600,富邦-苗栗,sell,5,1,1,-4.091816367265477,0.0,-4.091816367265477,0.0,-4.091816367265477,1,,量占比與後續報酬的描述性相關；非因果或預測能力，少量樣本不作判斷,描述性關係；尚未扣費用、檢查除權息或做樣本外驗證；不評分、不認定關鍵分點
6684,9658,9600,富邦-建國,sell,5,1,1,-4.091816367265477,0.0,-4.091816367265477,0.0,-4.091816367265477,1,,量占比與後續報酬的描述性相關；非因果或預測能力，少量樣本不作判斷,描述性關係；尚未扣費用、檢查除權息或做樣本外驗證；不評分、不認定關鍵分點
6684,9672,9600,富邦-員林,buy,5,1,1,-4.091816367265477,0.0,-4.091816367265477,0.0,-4.091816367265477,1,,量占比與後續報酬的描述性相關；非因果或預測能力，少量樣本不作判斷,描述性關係；尚未扣費用、檢查除權息或做樣本外驗證；不評分、不認定關鍵分點
6684,9816,9800,元大-新竹,sell,5,1,1,-4.091816367265477,0.0,-4.091816367265477,0.0,-4.091816367265477,1,,量占比與後續報酬的描述性相關；非因果或預測能力，少量樣本不作判斷,描述性關係；尚未扣費用、檢查除權息或做樣本外驗證；不評分、不認定關鍵分點
6770,0037003000300063,7000,兆豐-民生,sell,5,1,1,-3.087248322147651,0.0,-3.087248322147651,0.0,-3.087248322147651,1,,量占比與後續報酬的描述性相關；非因果或預測能力，少量樣本不作判斷,描述性關係；尚未扣費用、檢查除權息或做樣本外驗證；不評分、不認定關鍵分點
6770,0037003700390063,7790,國票-敦北法人,sell,5,1,1,-3.087248322147651,0.0,-3.087248322147651,0.0,-3.087248322147651,1,,量占比與後續報酬的描述性相關；非因果或預測能力，少量樣本不作判斷,描述性關係；尚未扣費用、檢查除權息或做樣本外驗證；不評分、不認定關鍵分點
6770,0038003800340048,8840,玉山-新竹,sell,5,1,1,-3.087248322147651,0.0,-3.087248322147651,0.0,-3.087248322147651,1,,量占比與後續報酬的描述性相關；非因果或預測能力，少量樣本不作判斷,描述性關係；尚未扣費用、檢查除權息或做樣本外驗證；不評分、不認定關鍵分點
6770,0039003100330045,9100,群益金鼎-基隆,buy,5,1,1,-3.087248322147651,0.0,-3.087248322147651,0.0,-3.087248322147651,1,,量占比與後續報酬的描述性相關；非因果或預測能力，少量樣本不作判斷,描述性關係；尚未扣費用、檢查除權息或做樣本外驗證；不評分、不認定關鍵分點
6770,0039003100380058,9100,群益金鼎-台北,buy,5,1,1,-3.087248322147651,0.0,-3.087248322147651,0.0,-3.087248322147651,1,,量占比與後續報酬的描述性相關；非因果或預測能力，少量樣本不作判斷,描述性關係；尚未扣費用、檢查除權息或做樣本外驗證；不評分、不認定關鍵分點
6770,0039003100380065,9100,群益金鼎-大安,buy,5,1,1,-3.087248322147651,0.0,-3.087248322147651,0.0,-3.087248322147651,1,,量占比與後續報酬的描述性相關；非因果或預測能力，少量樣本不作判斷,描述性關係；尚未扣費用、檢查除權息或做樣本外驗證；不評分、不認定關鍵分點
6770,0039003800330069,9800,元大-大雅,buy,5,1,1,-3.087248322147651,0.0,-3.087248322147651,0.0,-3.087248322147651,1,,量占比與後續報酬的描述性相關；非因果或預測能力，少量樣本不作判斷,描述性關係；尚未扣費用、檢查除權息或做樣本外驗證；不評分、不認定關鍵分點
6770,003900380034004b,9800,元大-館前,sell,5,1,1,-3.087248322147651,0.0,-3.087248322147651,0.0,-3.087248322147651,1,,量占比與後續報酬的描述性相關；非因果或預測能力，少量樣本不作判斷,描述性關係；尚未扣費用、檢查除權息或做樣本外驗證；不評分、不認定關鍵分點
6770,0039003800350046,9800,元大-岡山,sell,5,1,1,-3.087248322147651,0.0,-3.087248322147651,0.0,-3.087248322147651,1,,量占比與後續報酬的描述性相關；非因果或預測能力，少量樣本不作判斷,描述性關係；尚未扣費用、檢查除權息或做樣本外驗證；不評分、不認定關鍵分點
6770,0039004100300030,9A00,永豐金證券,buy,5,1,1,-3.087248322147651,0.0,-3.087248322147651,0.0,-3.087248322147651,1,,量占比與後續報酬的描述性相關；非因果或預測能力，少量樣本不作判斷,描述性關係；尚未扣費用、檢查除權息或做樣本外驗證；不評分、不認定關鍵分點
6770,0039004100390052,9A00,永豐金-信義,sell,5,1,1,-3.087248322147651,0.0,-3.087248322147651,0.0,-3.087248322147651,1,,量占比與後續報酬的描述性相關；非因果或預測能力，少量樣本不作判斷,描述性關係；尚未扣費用、檢查除權息或做樣本外驗證；不評分、不認定關鍵分點
6770,0039004200320042,9B00,台新-永和,sell,5,1,1,-3.087248322147651,0.0,-3.087248322147651,0.0,-3.087248322147651,1,,量占比與後續報酬的描述性相關；非因果或預測能力，少量樣本不作判斷,描述性關係；尚未扣費用、檢查除權息或做樣本外驗證；不評分、不認定關鍵分點
6770,003900420032004e,9B00,台新-虎尾,buy,5,1,1,-3.087248322147651,0.0,-3.087248322147651,0.0,-3.087248322147651,1,,量占比與後續報酬的描述性相關；非因果或預測能力，少量樣本不作判斷,描述性關係；尚未扣費用、檢查除權息或做樣本外驗證；不評分、不認定關鍵分點
6770,1470,1470,台灣摩根士丹利,sell,5,1,1,-3.087248322147651,0.0,-3.087248322147651,0.0,-3.087248322147651,1,,量占比與後續報酬的描述性相關；非因果或預測能力，少量樣本不作判斷,描述性關係；尚未扣費用、檢查除權息或做樣本外驗證；不評分、不認定關鍵分點
6770,1480,1480,美商高盛,sell,5,1,1,-3.087248322147651,0.0,-3.087248322147651,0.0,-3.087248322147651,1,,量占比與後續報酬的描述性相關；非因果或預測能力，少量樣本不作判斷,描述性關係；尚未扣費用、檢查除權息或做樣本外驗證；不評分、不認定關鍵分點
6770,1650,1650,新加坡商瑞銀,sell,5,1,1,-3.087248322147651,0.0,-3.087248322147651,0.0,-3.087248322147651,1,,量占比與後續報酬的描述性相關；非因果或預測能力，少量樣本不作判斷,描述性關係；尚未扣費用、檢查除權息或做樣本外驗證；不評分、不認定關鍵分點
6770,5385,5380,第一金-桃園,buy,5,1,1,-3.087248322147651,0.0,-3.087248322147651,0.0,-3.087248322147651,1,,量占比與後續報酬的描述性相關；非因果或預測能力，少量樣本不作判斷,描述性關係；尚未扣費用、檢查除權息或做樣本外驗證；不評分、不認定關鍵分點
6770,5850,5850,統一,sell,5,1,1,-3.087248322147651,0.0,-3.087248322147651,0.0,-3.087248322147651,1,,量占比與後續報酬的描述性相關；非因果或預測能力，少量樣本不作判斷,描述性關係；尚未扣費用、檢查除權息或做樣本外驗證；不評分、不認定關鍵分點
6770,5857,5850,統一-新竹,buy,5,1,1,-3.087248322147651,0.0,-3.087248322147651,0.0,-3.087248322147651,1,,量占比與後續報酬的描述性相關；非因果或預測能力，少量樣本不作判斷,描述性關係；尚未扣費用、檢查除權息或做樣本外驗證；不評分、不認定關鍵分點
6770,8440,8440,摩根大通,sell,5,1,1,-3.087248322147651,0.0,-3.087248322147651,0.0,-3.087248322147651,1,,量占比與後續報酬的描述性相關；非因果或預測能力，少量樣本不作判斷,描述性關係；尚未扣費用、檢查除權息或做樣本外驗證；不評分、不認定關鍵分點
6770,8560,8560,新光,buy,5,1,1,-3.087248322147651,0.0,-3.087248322147651,0.0,-3.087248322147651,1,,量占比與後續報酬的描述性相關；非因果或預測能力，少量樣本不作判斷,描述性關係；尚未扣費用、檢查除權息或做樣本外驗證；不評分、不認定關鍵分點
6770,8888,8880,國泰-敦南,buy,5,1,1,-3.087248322147651,0.0,-3.087248322147651,0.0,-3.087248322147651,1,,量占比與後續報酬的描述性相關；非因果或預測能力，少量樣本不作判斷,描述性關係；尚未扣費用、檢查除權息或做樣本外驗證；不評分、不認定關鍵分點
6770,9212,9200,凱基-東港,buy,5,1,1,-3.087248322147651,0.0,-3.087248322147651,0.0,-3.087248322147651,1,,量占比與後續報酬的描述性相關；非因果或預測能力，少量樣本不作判斷,描述性關係；尚未扣費用、檢查除權息或做樣本外驗證；不評分、不認定關鍵分點
6770,9216,9200,凱基-信義,buy,5,1,1,-3.087248322147651,0.0,-3.087248322147651,0.0,-3.087248322147651,1,,量占比與後續報酬的描述性相關；非因果或預測能力，少量樣本不作判斷,描述性關係；尚未扣費用、檢查除權息或做樣本外驗證；不評分、不認定關鍵分點
6770,9268,9200,凱基-台北,sell,5,1,1,-3.087248322147651,0.0,-3.087248322147651,0.0,-3.087248322147651,1,,量占比與後續報酬的描述性相關；非因果或預測能力，少量樣本不作判斷,描述性關係；尚未扣費用、檢查除權息或做樣本外驗證；不評分、不認定關鍵分點
6770,9314,9300,華南永昌-嘉義,buy,5,1,1,-3.087248322147651,0.0,-3.087248322147651,0.0,-3.087248322147651,1,,量占比與後續報酬的描述性相關；非因果或預測能力，少量樣本不作判斷,描述性關係；尚未扣費用、檢查除權息或做樣本外驗證；不評分、不認定關鍵分點
6770,9339,9300,華南永昌-竹北,buy,5,1,1,-3.087248322147651,0.0,-3.087248322147651,0.0,-3.087248322147651,1,,量占比與後續報酬的描述性相關；非因果或預測能力，少量樣本不作判斷,描述性關係；尚未扣費用、檢查除權息或做樣本外驗證；不評分、不認定關鍵分點
6770,9623,9600,富邦-台北,buy,5,1,1,-3.087248322147651,0.0,-3.087248322147651,0.0,-3.087248322147651,1,,量占比與後續報酬的描述性相關；非因果或預測能力，少量樣本不作判斷,描述性關係；尚未扣費用、檢查除權息或做樣本外驗證；不評分、不認定關鍵分點
6770,9666,9600,富邦-南屯,sell,5,1,1,-3.087248322147651,0.0,-3.087248322147651,0.0,-3.087248322147651,1,,量占比與後續報酬的描述性相關；非因果或預測能力，少量樣本不作判斷,描述性關係；尚未扣費用、檢查除權息或做樣本外驗證；不評分、不認定關鍵分點
6770,9800,9800,元大證券,sell,5,1,1,-3.087248322147651,0.0,-3.087248322147651,0.0,-3.087248322147651,1,,量占比與後續報酬的描述性相關；非因果或預測能力，少量樣本不作判斷,描述性關係；尚未扣費用、檢查除權息或做樣本外驗證；不評分、不認定關鍵分點
6788,0035003300380049,5380,第一金-頭份,sell,5,1,1,8.36940836940836,1.0,8.36940836940836,0.0,3.8961038961038863,1,,量占比與後續報酬的描述性相關；非因果或預測能力，少量樣本不作判斷,描述性關係；尚未扣費用、檢查除權息或做樣本外驗證；不評分、不認定關鍵分點
6788,003600310036004b,6160,中國信託-高雄,sell,5,1,1,8.36940836940836,1.0,8.36940836940836,0.0,3.8961038961038863,1,,量占比與後續報酬的描述性相關；非因果或預測能力，少量樣本不作判斷,描述性關係；尚未扣費用、檢查除權息或做樣本外驗證；不評分、不認定關鍵分點
6788,0037003000300055,7000,兆豐-桃鶯,buy,5,1,1,8.36940836940836,1.0,8.36940836940836,0.0,3.8961038961038863,1,,量占比與後續報酬的描述性相關；非因果或預測能力，少量樣本不作判斷,描述性關係；尚未扣費用、檢查除權息或做樣本外驗證；不評分、不認定關鍵分點
6788,0037003700390063,7790,國票-敦北法人,sell,5,1,1,8.36940836940836,1.0,8.36940836940836,0.0,3.8961038961038863,1,,量占比與後續報酬的描述性相關；非因果或預測能力，少量樣本不作判斷,描述性關係；尚未扣費用、檢查除權息或做樣本外驗證；不評分、不認定關鍵分點
6788,0038003800340041,8840,玉山-士林,sell,5,1,1,8.36940836940836,1.0,8.36940836940836,0.0,3.8961038961038863,1,,量占比與後續報酬的描述性相關；非因果或預測能力，少量樣本不作判斷,描述性關係；尚未扣費用、檢查除權息或做樣本外驗證；不評分、不認定關鍵分點
6788,0038003800340046,8840,玉山-桃園,buy,5,1,1,8.36940836940836,1.0,8.36940836940836,0.0,3.8961038961038863,1,,量占比與後續報酬的描述性相關；非因果或預測能力，少量樣本不作判斷,描述性關係；尚未扣費用、檢查除權息或做樣本外驗證；不評分、不認定關鍵分點
6788,003800380034004a,8840,玉山-大里,sell,5,1,1,8.36940836940836,1.0,8.36940836940836,0.0,3.8961038961038863,1,,量占比與後續報酬的描述性相關；非因果或預測能力，少量樣本不作判斷,描述性關係；尚未扣費用、檢查除權息或做樣本外驗證；不評分、不認定關鍵分點
6788,0039003200300044,9200,凱基-市府,sell,5,1,1,8.36940836940836,1.0,8.36940836940836,0.0,3.8961038961038863,1,,量占比與後續報酬的描述性相關；非因果或預測能力，少量樣本不作判斷,描述性關係；尚未扣費用、檢查除權息或做樣本外驗證；不評分、不認定關鍵分點
6788,0039003800300061,9800,元大-中山北路,sell,5,1,1,8.36940836940836,1.0,8.36940836940836,0.0,3.8961038961038863,1,,量占比與後續報酬的描述性相關；非因果或預測能力，少量樣本不作判斷,描述性關係；尚未扣費用、檢查除權息或做樣本外驗證；不評分、不認定關鍵分點
6788,0039003800390067,9800,元大-嘉義,buy,5,1,1,8.36940836940836,1.0,8.36940836940836,0.0,3.8961038961038863,1,,量占比與後續報酬的描述性相關；非因果或預測能力，少量樣本不作判斷,描述性關係；尚未扣費用、檢查除權息或做樣本外驗證；不評分、不認定關鍵分點
6788,0039004100390032,9A00,永豐金-萬盛,buy,5,1,1,8.36940836940836,1.0,8.36940836940836,0.0,3.8961038961038863,1,,量占比與後續報酬的描述性相關；非因果或預測能力，少量樣本不作判斷,描述性關係；尚未扣費用、檢查除權息或做樣本外驗證；不評分、不認定關鍵分點
6788,0039004100390044,9A00,永豐金-忠孝,buy,5,1,1,8.36940836940836,1.0,8.36940836940836,0.0,3.8961038961038863,1,,量占比與後續報酬的描述性相關；非因果或預測能力，少量樣本不作判斷,描述性關係；尚未扣費用、檢查除權息或做樣本外驗證；不評分、不認定關鍵分點
6788,0039004100390058,9A00,永豐金-竹科,sell,5,1,1,8.36940836940836,1.0,8.36940836940836,0.0,3.8961038961038863,1,,量占比與後續報酬的描述性相關；非因果或預測能力，少量樣本不作判斷,描述性關係；尚未扣費用、檢查除權息或做樣本外驗證；不評分、不認定關鍵分點
6788,0039004100390073,9A00,永豐金-彰化,sell,5,1,1,8.36940836940836,1.0,8.36940836940836,0.0,3.8961038961038863,1,,量占比與後續報酬的描述性相關；非因果或預測能力，少量樣本不作判斷,描述性關係；尚未扣費用、檢查除權息或做樣本外驗證；不評分、不認定關鍵分點
6788,0039004200320030,9B00,台新-台北,sell,5,1,1,8.36940836940836,1.0,8.36940836940836,0.0,3.8961038961038863,1,,量占比與後續報酬的描述性相關；非因果或預測能力，少量樣本不作判斷,描述性關係；尚未扣費用、檢查除權息或做樣本外驗證；不評分、不認定關鍵分點
6788,0039004200320057,9B00,台新-吉利,buy,5,1,1,8.36940836940836,1.0,8.36940836940836,0.0,3.8961038961038863,1,,量占比與後續報酬的描述性相關；非因果或預測能力，少量樣本不作判斷,描述性關係；尚未扣費用、檢查除權息或做樣本外驗證；不評分、不認定關鍵分點
6788,1470,1470,台灣摩根士丹利,buy,5,1,1,8.36940836940836,1.0,8.36940836940836,0.0,3.8961038961038863,1,,量占比與後續報酬的描述性相關；非因果或預測能力，少量樣本不作判斷,描述性關係；尚未扣費用、檢查除權息或做樣本外驗證；不評分、不認定關鍵分點
6788,1480,1480,美商高盛,sell,5,1,1,8.36940836940836,1.0,8.36940836940836,0.0,3.8961038961038863,1,,量占比與後續報酬的描述性相關；非因果或預測能力，少量樣本不作判斷,描述性關係；尚未扣費用、檢查除權息或做樣本外驗證；不評分、不認定關鍵分點
6788,1560,1560,港商野村,sell,5,1,1,8.36940836940836,1.0,8.36940836940836,0.0,3.8961038961038863,1,,量占比與後續報酬的描述性相關；非因果或預測能力，少量樣本不作判斷,描述性關係；尚未扣費用、檢查除權息或做樣本外驗證；不評分、不認定關鍵分點
6788,6210,6210,新百王,buy,5,1,1,8.36940836940836,1.0,8.36940836940836,0.0,3.8961038961038863,1,,量占比與後續報酬的描述性相關；非因果或預測能力，少量樣本不作判斷,描述性關係；尚未扣費用、檢查除權息或做樣本外驗證；不評分、不認定關鍵分點
6788,8440,8440,摩根大通,buy,5,1,1,8.36940836940836,1.0,8.36940836940836,0.0,3.8961038961038863,1,,量占比與後續報酬的描述性相關；非因果或預測能力，少量樣本不作判斷,描述性關係；尚未扣費用、檢查除權息或做樣本外驗證；不評分、不認定關鍵分點
6788,8884,8880,國泰-台南,sell,5,1,1,8.36940836940836,1.0,8.36940836940836,0.0,3.8961038961038863,1,,量占比與後續報酬的描述性相關；非因果或預測能力，少量樣本不作判斷,描述性關係；尚未扣費用、檢查除權息或做樣本外驗證；不評分、不認定關鍵分點
6788,8888,8880,國泰-敦南,buy,5,1,1,8.36940836940836,1.0,8.36940836940836,0.0,3.8961038961038863,1,,量占比與後續報酬的描述性相關；非因果或預測能力，少量樣本不作判斷,描述性關係；尚未扣費用、檢查除權息或做樣本外驗證；不評分、不認定關鍵分點
6788,9187,9100,群益金鼎-彰化,sell,5,1,1,8.36940836940836,1.0,8.36940836940836,0.0,3.8961038961038863,1,,量占比與後續報酬的描述性相關；非因果或預測能力，少量樣本不作判斷,描述性關係；尚未扣費用、檢查除權息或做樣本外驗證；不評分、不認定關鍵分點
6788,9208,9200,凱基-桃園,sell,5,1,1,8.36940836940836,1.0,8.36940836940836,0.0,3.8961038961038863,1,,量占比與後續報酬的描述性相關；非因果或預測能力，少量樣本不作判斷,描述性關係；尚未扣費用、檢查除權息或做樣本外驗證；不評分、不認定關鍵分點
6788,9654,9600,富邦-永和,buy,5,1,1,8.36940836940836,1.0,8.36940836940836,0.0,3.8961038961038863,1,,量占比與後續報酬的描述性相關；非因果或預測能力，少量樣本不作判斷,描述性關係；尚未扣費用、檢查除權息或做樣本外驗證；不評分、不認定關鍵分點
6788,9658,9600,富邦-建國,buy,5,1,1,8.36940836940836,1.0,8.36940836940836,0.0,3.8961038961038863,1,,量占比與後續報酬的描述性相關；非因果或預測能力，少量樣本不作判斷,描述性關係；尚未扣費用、檢查除權息或做樣本外驗證；不評分、不認定關鍵分點
6788,9676,9600,富邦-仁愛,buy,5,1,1,8.36940836940836,1.0,8.36940836940836,0.0,3.8961038961038863,1,,量占比與後續報酬的描述性相關；非因果或預測能力，少量樣本不作判斷,描述性關係；尚未扣費用、檢查除權息或做樣本外驗證；不評分、不認定關鍵分點
6788,9800,9800,元大證券,buy,5,1,1,8.36940836940836,1.0,8.36940836940836,0.0,3.8961038961038863,1,,量占比與後續報酬的描述性相關；非因果或預測能力，少量樣本不作判斷,描述性關係；尚未扣費用、檢查除權息或做樣本外驗證；不評分、不認定關鍵分點
6788,9858,9800,元大-龍潭,buy,5,1,1,8.36940836940836,1.0,8.36940836940836,0.0,3.8961038961038863,1,,量占比與後續報酬的描述性相關；非因果或預測能力，少量樣本不作判斷,描述性關係；尚未扣費用、檢查除權息或做樣本外驗證；不評分、不認定關鍵分點
6789,0037003000300070,7000,兆豐-復興,buy,5,1,1,-1.6359918200409052,0.0,-1.6359918200409052,0.0,-1.6359918200409052,1,,量占比與後續報酬的描述性相關；非因果或預測能力，少量樣本不作判斷,描述性關係；尚未扣費用、檢查除權息或做樣本外驗證；不評分、不認定關鍵分點
6789,0037003700390063,7790,國票-敦北法人,sell,5,1,1,-1.6359918200409052,0.0,-1.6359918200409052,0.0,-1.6359918200409052,1,,量占比與後續報酬的描述性相關；非因果或預測能力，少量樣本不作判斷,描述性關係；尚未扣費用、檢查除權息或做樣本外驗證；不評分、不認定關鍵分點
6789,0039003100380041,9100,群益金鼎-中壢,buy,5,1,1,-1.6359918200409052,0.0,-1.6359918200409052,0.0,-1.6359918200409052,1,,量占比與後續報酬的描述性相關；非因果或預測能力，少量樣本不作判斷,描述性關係；尚未扣費用、檢查除權息或做樣本外驗證；不評分、不認定關鍵分點
6789,003900310038007a,9100,群益金鼎-宜蘭,sell,5,1,1,-1.6359918200409052,0.0,-1.6359918200409052,0.0,-1.6359918200409052,1,,量占比與後續報酬的描述性相關；非因果或預測能力，少量樣本不作判斷,描述性關係；尚未扣費用、檢查除權息或做樣本外驗證；不評分、不認定關鍵分點
6789,0039003800300044,9800,元大-北府,buy,5,1,1,-1.6359918200409052,0.0,-1.6359918200409052,0.0,-1.6359918200409052,1,,量占比與後續報酬的描述性相關；非因果或預測能力，少量樣本不作判斷,描述性關係；尚未扣費用、檢查除權息或做樣本外驗證；不評分、不認定關鍵分點
6789,0039003800390047,9800,元大-大同,sell,5,1,1,-1.6359918200409052,0.0,-1.6359918200409052,0.0,-1.6359918200409052,1,,量占比與後續報酬的描述性相關；非因果或預測能力，少量樣本不作判斷,描述性關係；尚未扣費用、檢查除權息或做樣本外驗證；不評分、不認定關鍵分點
6789,003900380039005a,9800,元大-小港,sell,5,1,1,-1.6359918200409052,0.0,-1.6359918200409052,0.0,-1.6359918200409052,1,,量占比與後續報酬的描述性相關；非因果或預測能力，少量樣本不作判斷,描述性關係；尚未扣費用、檢查除權息或做樣本外驗證；不評分、不認定關鍵分點
6789,0039004200300030,9B00,台新,sell,5,1,1,-1.6359918200409052,0.0,-1.6359918200409052,0.0,-1.6359918200409052,1,,量占比與後續報酬的描述性相關；非因果或預測能力，少量樣本不作判斷,描述性關係；尚未扣費用、檢查除權息或做樣本外驗證；不評分、不認定關鍵分點
6789,0039004200310038,9B00,台新-建北,sell,5,1,1,-1.6359918200409052,0.0,-1.6359918200409052,0.0,-1.6359918200409052,1,,量占比與後續報酬的描述性相關；非因果或預測能力，少量樣本不作判斷,描述性關係；尚未扣費用、檢查除權息或做樣本外驗證；不評分、不認定關鍵分點
6789,0039004200310067,9B00,台新-高雄,sell,5,1,1,-1.6359918200409052,0.0,-1.6359918200409052,0.0,-1.6359918200409052,1,,量占比與後續報酬的描述性相關；非因果或預測能力，少量樣本不作判斷,描述性關係；尚未扣費用、檢查除權息或做樣本外驗證；不評分、不認定關鍵分點
6789,1021,1020,合庫-台中,buy,5,1,1,-1.6359918200409052,0.0,-1.6359918200409052,0.0,-1.6359918200409052,1,,量占比與後續報酬的描述性相關；非因果或預測能力，少量樣本不作判斷,描述性關係；尚未扣費用、檢查除權息或做樣本外驗證；不評分、不認定關鍵分點
6789,1440,1440,美林,buy,5,1,1,-1.6359918200409052,0.0,-1.6359918200409052,0.0,-1.6359918200409052,1,,量占比與後續報酬的描述性相關；非因果或預測能力，少量樣本不作判斷,描述性關係；尚未扣費用、檢查除權息或做樣本外驗證；不評分、不認定關鍵分點
6789,1470,1470,台灣摩根士丹利,sell,5,1,1,-1.6359918200409052,0.0,-1.6359918200409052,0.0,-1.6359918200409052,1,,量占比與後續報酬的描述性相關；非因果或預測能力，少量樣本不作判斷,描述性關係；尚未扣費用、檢查除權息或做樣本外驗證；不評分、不認定關鍵分點
6789,1480,1480,美商高盛,sell,5,1,1,-1.6359918200409052,0.0,-1.6359918200409052,0.0,-1.6359918200409052,1,,量占比與後續報酬的描述性相關；非因果或預測能力，少量樣本不作判斷,描述性關係；尚未扣費用、檢查除權息或做樣本外驗證；不評分、不認定關鍵分點
6789,1650,1650,新加坡商瑞銀,sell,5,1,1,-1.6359918200409052,0.0,-1.6359918200409052,0.0,-1.6359918200409052,1,,量占比與後續報酬的描述性相關；非因果或預測能力，少量樣本不作判斷,描述性關係；尚未扣費用、檢查除權息或做樣本外驗證；不評分、不認定關鍵分點
6789,5385,5380,第一金-桃園,buy,5,1,1,-1.6359918200409052,0.0,-1.6359918200409052,0.0,-1.6359918200409052,1,,量占比與後續報酬的描述性相關；非因果或預測能力，少量樣本不作判斷,描述性關係；尚未扣費用、檢查除權息或做樣本外驗證；不評分、不認定關鍵分點
6789,6160,6160,中國信託,buy,5,1,1,-1.6359918200409052,0.0,-1.6359918200409052,0.0,-1.6359918200409052,1,,量占比與後續報酬的描述性相關；非因果或預測能力，少量樣本不作判斷,描述性關係；尚未扣費用、檢查除權息或做樣本外驗證；不評分、不認定關鍵分點
6789,7005,7000,兆豐-台中港,buy,5,1,1,-1.6359918200409052,0.0,-1.6359918200409052,0.0,-1.6359918200409052,1,,量占比與後續報酬的描述性相關；非因果或預測能力，少量樣本不作判斷,描述性關係；尚未扣費用、檢查除權息或做樣本外驗證；不評分、不認定關鍵分點
6789,7007,7000,兆豐-竹北,buy,5,1,1,-1.6359918200409052,0.0,-1.6359918200409052,0.0,-1.6359918200409052,1,,量占比與後續報酬的描述性相關；非因果或預測能力，少量樣本不作判斷,描述性關係；尚未扣費用、檢查除權息或做樣本外驗證；不評分、不認定關鍵分點
6789,8440,8440,摩根大通,buy,5,1,1,-1.6359918200409052,0.0,-1.6359918200409052,0.0,-1.6359918200409052,1,,量占比與後續報酬的描述性相關；非因果或預測能力，少量樣本不作判斷,描述性關係；尚未扣費用、檢查除權息或做樣本外驗證；不評分、不認定關鍵分點
6789,8560,8560,新光,buy,5,1,1,-1.6359918200409052,0.0,-1.6359918200409052,0.0,-1.6359918200409052,1,,量占比與後續報酬的描述性相關；非因果或預測能力，少量樣本不作判斷,描述性關係；尚未扣費用、檢查除權息或做樣本外驗證；不評分、不認定關鍵分點
6789,8846,8840,玉山-板橋,buy,5,1,1,-1.6359918200409052,0.0,-1.6359918200409052,0.0,-1.6359918200409052,1,,量占比與後續報酬的描述性相關；非因果或預測能力，少量樣本不作判斷,描述性關係；尚未扣費用、檢查除權息或做樣本外驗證；不評分、不認定關鍵分點
6789,9200,9200,凱基,sell,5,1,1,-1.6359918200409052,0.0,-1.6359918200409052,0.0,-1.6359918200409052,1,,量占比與後續報酬的描述性相關；非因果或預測能力，少量樣本不作判斷,描述性關係；尚未扣費用、檢查除權息或做樣本外驗證；不評分、不認定關鍵分點
6789,9268,9200,凱基-台北,sell,5,1,1,-1.6359918200409052,0.0,-1.6359918200409052,0.0,-1.6359918200409052,1,,量占比與後續報酬的描述性相關；非因果或預測能力，少量樣本不作判斷,描述性關係；尚未扣費用、檢查除權息或做樣本外驗證；不評分、不認定關鍵分點
6789,9289,9200,凱基-興隆,sell,5,1,1,-1.6359918200409052,0.0,-1.6359918200409052,0.0,-1.6359918200409052,1,,量占比與後續報酬的描述性相關；非因果或預測能力，少量樣本不作判斷,描述性關係；尚未扣費用、檢查除權息或做樣本外驗證；不評分、不認定關鍵分點
6789,9600,9600,富邦證券,sell,5,1,1,-1.6359918200409052,0.0,-1.6359918200409052,0.0,-1.6359918200409052,1,,量占比與後續報酬的描述性相關；非因果或預測能力，少量樣本不作判斷,描述性關係；尚未扣費用、檢查除權息或做樣本外驗證；不評分、不認定關鍵分點
6789,9623,9600,富邦-台北,buy,5,1,1,-1.6359918200409052,0.0,-1.6359918200409052,0.0,-1.6359918200409052,1,,量占比與後續報酬的描述性相關；非因果或預測能力，少量樣本不作判斷,描述性關係；尚未扣費用、檢查除權息或做樣本外驗證；不評分、不認定關鍵分點
6789,9800,9800,元大證券,buy,5,1,1,-1.6359918200409052,0.0,-1.6359918200409052,0.0,-1.6359918200409052,1,,量占比與後續報酬的描述性相關；非因果或預測能力，少量樣本不作判斷,描述性關係；尚未扣費用、檢查除權息或做樣本外驗證；不評分、不認定關鍵分點
6789,9834,9800,元大-中壢,buy,5,1,1,-1.6359918200409052,0.0,-1.6359918200409052,0.0,-1.6359918200409052,1,,量占比與後續報酬的描述性相關；非因果或預測能力，少量樣本不作判斷,描述性關係；尚未扣費用、檢查除權息或做樣本外驗證；不評分、不認定關鍵分點
6789,9891,9800,元大-永和,sell,5,1,1,-1.6359918200409052,0.0,-1.6359918200409052,0.0,-1.6359918200409052,1,,量占比與後續報酬的描述性相關；非因果或預測能力，少量樣本不作判斷,描述性關係；尚未扣費用、檢查除權息或做樣本外驗證；不評分、不認定關鍵分點
6805,0037003000300049,7000,兆豐-北高雄,buy,5,1,1,-0.8368200836820106,0.0,-0.8368200836820106,0.0,-3.347280334728031,1,,量占比與後續報酬的描述性相關；非因果或預測能力，少量樣本不作判斷,描述性關係；尚未扣費用、檢查除權息或做樣本外驗證；不評分、不認定關鍵分點
6805,003700370039005a,7790,國票-安和,sell,5,1,1,-0.8368200836820106,0.0,-0.8368200836820106,0.0,-3.347280334728031,1,,量占比與後續報酬的描述性相關；非因果或預測能力，少量樣本不作判斷,描述性關係；尚未扣費用、檢查除權息或做樣本外驗證；不評分、不認定關鍵分點
6805,003700370039006e,7790,國票-南京,sell,5,1,1,-0.8368200836820106,0.0,-0.8368200836820106,0.0,-3.347280334728031,1,,量占比與後續報酬的描述性相關；非因果或預測能力，少量樣本不作判斷,描述性關係；尚未扣費用、檢查除權息或做樣本外驗證；不評分、不認定關鍵分點
6805,0038003800380041,8880,國泰-館前,buy,5,1,1,-0.8368200836820106,0.0,-0.8368200836820106,0.0,-3.347280334728031,1,,量占比與後續報酬的描述性相關；非因果或預測能力，少量樣本不作判斷,描述性關係；尚未扣費用、檢查除權息或做樣本外驗證；不評分、不認定關鍵分點
6805,0039004100300030,9A00,永豐金證券,sell,5,1,1,-0.8368200836820106,0.0,-0.8368200836820106,0.0,-3.347280334728031,1,,量占比與後續報酬的描述性相關；非因果或預測能力，少量樣本不作判斷,描述性關係；尚未扣費用、檢查除權息或做樣本外驗證；不評分、不認定關鍵分點
6805,0039004100380031,9A00,永豐金-匯立,buy,5,1,1,-0.8368200836820106,0.0,-0.8368200836820106,0.0,-3.347280334728031,1,,量占比與後續報酬的描述性相關；非因果或預測能力，少量樣本不作判斷,描述性關係；尚未扣費用、檢查除權息或做樣本外驗證；不評分、不認定關鍵分點
6805,0039004100390032,9A00,永豐金-萬盛,buy,5,1,1,-0.8368200836820106,0.0,-0.8368200836820106,0.0,-3.347280334728031,1,,量占比與後續報酬的描述性相關；非因果或預測能力，少量樣本不作判斷,描述性關係；尚未扣費用、檢查除權息或做樣本外驗證；不評分、不認定關鍵分點
6805,0039004200320075,9B00,台新-世貿,sell,5,1,1,-0.8368200836820106,0.0,-0.8368200836820106,0.0,-3.347280334728031,1,,量占比與後續報酬的描述性相關；非因果或預測能力，少量樣本不作判斷,描述性關係；尚未扣費用、檢查除權息或做樣本外驗證；不評分、不認定關鍵分點
6805,1440,1440,美林,sell,5,1,1,-0.8368200836820106,0.0,-0.8368200836820106,0.0,-3.347280334728031,1,,量占比與後續報酬的描述性相關；非因果或預測能力，少量樣本不作判斷,描述性關係；尚未扣費用、檢查除權息或做樣本外驗證；不評分、不認定關鍵分點
6805,1470,1470,台灣摩根士丹利,buy,5,1,1,-0.8368200836820106,0.0,-0.8368200836820106,0.0,-3.347280334728031,1,,量占比與後續報酬的描述性相關；非因果或預測能力，少量樣本不作判斷,描述性關係；尚未扣費用、檢查除權息或做樣本外驗證；不評分、不認定關鍵分點
6805,1480,1480,美商高盛,buy,5,1,1,-0.8368200836820106,0.0,-0.8368200836820106,0.0,-3.347280334728031,1,,量占比與後續報酬的描述性相關；非因果或預測能力，少量樣本不作判斷,描述性關係；尚未扣費用、檢查除權息或做樣本外驗證；不評分、不認定關鍵分點
6805,1560,1560,港商野村,buy,5,1,1,-0.8368200836820106,0.0,-0.8368200836820106,0.0,-3.347280334728031,1,,量占比與後續報酬的描述性相關；非因果或預測能力，少量樣本不作判斷,描述性關係；尚未扣費用、檢查除權息或做樣本外驗證；不評分、不認定關鍵分點
6805,1590,1590,花旗環球,sell,5,1,1,-0.8368200836820106,0.0,-0.8368200836820106,0.0,-3.347280334728031,1,,量占比與後續報酬的描述性相關；非因果或預測能力，少量樣本不作判斷,描述性關係；尚未扣費用、檢查除權息或做樣本外驗證；不評分、不認定關鍵分點
6805,1650,1650,新加坡商瑞銀,buy,5,1,1,-0.8368200836820106,0.0,-0.8368200836820106,0.0,-3.347280334728031,1,,量占比與後續報酬的描述性相關；非因果或預測能力，少量樣本不作判斷,描述性關係；尚未扣費用、檢查除權息或做樣本外驗證；不評分、不認定關鍵分點
6805,5852,5850,統一-敦南,sell,5,1,1,-0.8368200836820106,0.0,-0.8368200836820106,0.0,-3.347280334728031,1,,量占比與後續報酬的描述性相關；非因果或預測能力，少量樣本不作判斷,描述性關係；尚未扣費用、檢查除權息或做樣本外驗證；不評分、不認定關鍵分點
6805,7000,7000,兆豐證券,buy,5,1,1,-0.8368200836820106,0.0,-0.8368200836820106,0.0,-3.347280334728031,1,,量占比與後續報酬的描述性相關；非因果或預測能力，少量樣本不作判斷,描述性關係；尚未扣費用、檢查除權息或做樣本外驗證；不評分、不認定關鍵分點
6805,8440,8440,摩根大通,buy,5,1,1,-0.8368200836820106,0.0,-0.8368200836820106,0.0,-3.347280334728031,1,,量占比與後續報酬的描述性相關；非因果或預測能力，少量樣本不作判斷,描述性關係；尚未扣費用、檢查除權息或做樣本外驗證；不評分、不認定關鍵分點
6805,8880,8880,國泰證券,sell,5,1,1,-0.8368200836820106,0.0,-0.8368200836820106,0.0,-3.347280334728031,1,,量占比與後續報酬的描述性相關；非因果或預測能力，少量樣本不作判斷,描述性關係；尚未扣費用、檢查除權息或做樣本外驗證；不評分、不認定關鍵分點
6805,8883,8880,國泰-松江,buy,5,1,1,-0.8368200836820106,0.0,-0.8368200836820106,0.0,-3.347280334728031,1,,量占比與後續報酬的描述性相關；非因果或預測能力，少量樣本不作判斷,描述性關係；尚未扣費用、檢查除權息或做樣本外驗證；不評分、不認定關鍵分點
6805,9100,9100,群益金鼎,sell,5,1,1,-0.8368200836820106,0.0,-0.8368200836820106,0.0,-3.347280334728031,1,,量占比與後續報酬的描述性相關；非因果或預測能力，少量樣本不作判斷,描述性關係；尚未扣費用、檢查除權息或做樣本外驗證；不評分、不認定關鍵分點
6805,9200,9200,凱基,sell,5,1,1,-0.8368200836820106,0.0,-0.8368200836820106,0.0,-3.347280334728031,1,,量占比與後續報酬的描述性相關；非因果或預測能力，少量樣本不作判斷,描述性關係；尚未扣費用、檢查除權息或做樣本外驗證；不評分、不認定關鍵分點
6805,9212,9200,凱基-東港,sell,5,1,1,-0.8368200836820106,0.0,-0.8368200836820106,0.0,-3.347280334728031,1,,量占比與後續報酬的描述性相關；非因果或預測能力，少量樣本不作判斷,描述性關係；尚未扣費用、檢查除權息或做樣本外驗證；不評分、不認定關鍵分點
6805,9216,9200,凱基-信義,sell,5,1,1,-0.8368200836820106,0.0,-0.8368200836820106,0.0,-3.347280334728031,1,,量占比與後續報酬的描述性相關；非因果或預測能力，少量樣本不作判斷,描述性關係；尚未扣費用、檢查除權息或做樣本外驗證；不評分、不認定關鍵分點
6805,9229,9200,凱基-中山,buy,5,1,1,-0.8368200836820106,0.0,-0.8368200836820106,0.0,-3.347280334728031,1,,量占比與後續報酬的描述性相關；非因果或預測能力，少量樣本不作判斷,描述性關係；尚未扣費用、檢查除權息或做樣本外驗證；不評分、不認定關鍵分點
6805,9237,9200,凱基-敦北,buy,5,1,1,-0.8368200836820106,0.0,-0.8368200836820106,0.0,-3.347280334728031,1,,量占比與後續報酬的描述性相關；非因果或預測能力，少量樣本不作判斷,描述性關係；尚未扣費用、檢查除權息或做樣本外驗證；不評分、不認定關鍵分點
6805,9238,9200,凱基-士林,sell,5,1,1,-0.8368200836820106,0.0,-0.8368200836820106,0.0,-3.347280334728031,1,,量占比與後續報酬的描述性相關；非因果或預測能力，少量樣本不作判斷,描述性關係；尚未扣費用、檢查除權息或做樣本外驗證；不評分、不認定關鍵分點
6805,9268,9200,凱基-台北,buy,5,1,1,-0.8368200836820106,0.0,-0.8368200836820106,0.0,-3.347280334728031,1,,量占比與後續報酬的描述性相關；非因果或預測能力，少量樣本不作判斷,描述性關係；尚未扣費用、檢查除權息或做樣本外驗證；不評分、不認定關鍵分點
6805,9359,9300,華南永昌-中正,sell,5,1,1,-0.8368200836820106,0.0,-0.8368200836820106,0.0,-3.347280334728031,1,,量占比與後續報酬的描述性相關；非因果或預測能力，少量樣本不作判斷,描述性關係；尚未扣費用、檢查除權息或做樣本外驗證；不評分、不認定關鍵分點
6805,9600,9600,富邦證券,sell,5,1,1,-0.8368200836820106,0.0,-0.8368200836820106,0.0,-3.347280334728031,1,,量占比與後續報酬的描述性相關；非因果或預測能力，少量樣本不作判斷,描述性關係；尚未扣費用、檢查除權息或做樣本外驗證；不評分、不認定關鍵分點
6805,9800,9800,元大證券,buy,5,1,1,-0.8368200836820106,0.0,-0.8368200836820106,0.0,-3.347280334728031,1,,量占比與後續報酬的描述性相關；非因果或預測能力，少量樣本不作判斷,描述性關係；尚未扣費用、檢查除權息或做樣本外驗證；不評分、不認定關鍵分點
6829,0037003000300062,7000,兆豐-中壢,sell,5,1,1,2.4390243902439046,1.0,2.4390243902439046,0.0,0.4878048780487809,1,,量占比與後續報酬的描述性相關；非因果或預測能力，少量樣本不作判斷,描述性關係；尚未扣費用、檢查除權息或做樣本外驗證；不評分、不認定關鍵分點
6829,0038003800380041,8880,國泰-館前,buy,5,1,1,2.4390243902439046,1.0,2.4390243902439046,0.0,0.4878048780487809,1,,量占比與後續報酬的描述性相關；非因果或預測能力，少量樣本不作判斷,描述性關係；尚未扣費用、檢查除權息或做樣本外驗證；不評分、不認定關鍵分點
6829,0039003600310043,9600,富邦-南京,sell,5,1,1,2.4390243902439046,1.0,2.4390243902439046,0.0,0.4878048780487809,1,,量占比與後續報酬的描述性相關；非因果或預測能力，少量樣本不作判斷,描述性關係；尚未扣費用、檢查除權息或做樣本外驗證；不評分、不認定關鍵分點
6829,0039003800300077,9800,元大-西屯,buy,5,1,1,2.4390243902439046,1.0,2.4390243902439046,0.0,0.4878048780487809,1,,量占比與後續報酬的描述性相關；非因果或預測能力，少量樣本不作判斷,描述性關係；尚未扣費用、檢查除權息或做樣本外驗證；不評分、不認定關鍵分點
6829,0039003800310067,9800,元大-大里,buy,5,1,1,2.4390243902439046,1.0,2.4390243902439046,0.0,0.4878048780487809,1,,量占比與後續報酬的描述性相關；非因果或預測能力，少量樣本不作判斷,描述性關係；尚未扣費用、檢查除權息或做樣本外驗證；不評分、不認定關鍵分點
6829,0039003800310079,9800,元大-善化,buy,5,1,1,2.4390243902439046,1.0,2.4390243902439046,0.0,0.4878048780487809,1,,量占比與後續報酬的描述性相關；非因果或預測能力，少量樣本不作判斷,描述性關係；尚未扣費用、檢查除權息或做樣本外驗證；不評分、不認定關鍵分點
6829,0039003800330042,9800,元大-林森,buy,5,1,1,2.4390243902439046,1.0,2.4390243902439046,0.0,0.4878048780487809,1,,量占比與後續報酬的描述性相關；非因果或預測能力，少量樣本不作判斷,描述性關係；尚未扣費用、檢查除權息或做樣本外驗證；不評分、不認定關鍵分點
6829,003900380033004d,9800,元大-木柵,buy,5,1,1,2.4390243902439046,1.0,2.4390243902439046,0.0,0.4878048780487809,1,,量占比與後續報酬的描述性相關；非因果或預測能力，少量樣本不作判斷,描述性關係；尚未扣費用、檢查除權息或做樣本外驗證；不評分、不認定關鍵分點
6829,003900380039004c,9800,元大-成功,buy,5,1,1,2.4390243902439046,1.0,2.4390243902439046,0.0,0.4878048780487809,1,,量占比與後續報酬的描述性相關；非因果或預測能力，少量樣本不作判斷,描述性關係；尚未扣費用、檢查除權息或做樣本外驗證；不評分、不認定關鍵分點
6829,0039003800390057,9800,元大-豐原站前,sell,5,1,1,2.4390243902439046,1.0,2.4390243902439046,0.0,0.4878048780487809,1,,量占比與後續報酬的描述性相關；非因果或預測能力，少量樣本不作判斷,描述性關係；尚未扣費用、檢查除權息或做樣本外驗證；不評分、不認定關鍵分點
6829,0039004100380046,9A00,永豐金-敦南,buy,5,1,1,2.4390243902439046,1.0,2.4390243902439046,0.0,0.4878048780487809,1,,量占比與後續報酬的描述性相關；非因果或預測能力，少量樣本不作判斷,描述性關係；尚未扣費用、檢查除權息或做樣本外驗證；不評分、不認定關鍵分點
6829,0039004100390050,9A00,永豐金-竹北,sell,5,1,1,2.4390243902439046,1.0,2.4390243902439046,0.0,0.4878048780487809,1,,量占比與後續報酬的描述性相關；非因果或預測能力，少量樣本不作判斷,描述性關係；尚未扣費用、檢查除權息或做樣本外驗證；不評分、不認定關鍵分點
6829,0039004200310079,9B00,台新-中壢,sell,5,1,1,2.4390243902439046,1.0,2.4390243902439046,0.0,0.4878048780487809,1,,量占比與後續報酬的描述性相關；非因果或預測能力，少量樣本不作判斷,描述性關係；尚未扣費用、檢查除權息或做樣本外驗證；不評分、不認定關鍵分點
6829,0039004200320045,9B00,台新-城中,sell,5,1,1,2.4390243902439046,1.0,2.4390243902439046,0.0,0.4878048780487809,1,,量占比與後續報酬的描述性相關；非因果或預測能力，少量樣本不作判斷,描述性關係；尚未扣費用、檢查除權息或做樣本外驗證；不評分、不認定關鍵分點
6829,1440,1440,美林,sell,5,1,1,2.4390243902439046,1.0,2.4390243902439046,0.0,0.4878048780487809,1,,量占比與後續報酬的描述性相關；非因果或預測能力，少量樣本不作判斷,描述性關係；尚未扣費用、檢查除權息或做樣本外驗證；不評分、不認定關鍵分點
6829,1650,1650,新加坡商瑞銀,sell,5,1,1,2.4390243902439046,1.0,2.4390243902439046,0.0,0.4878048780487809,1,,量占比與後續報酬的描述性相關；非因果或預測能力，少量樣本不作判斷,描述性關係；尚未扣費用、檢查除權息或做樣本外驗證；不評分、不認定關鍵分點
6829,5855,5850,統一-台南,buy,5,1,1,2.4390243902439046,1.0,2.4390243902439046,0.0,0.4878048780487809,1,,量占比與後續報酬的描述性相關；非因果或預測能力，少量樣本不作判斷,描述性關係；尚未扣費用、檢查除權息或做樣本外驗證；不評分、不認定關鍵分點
6829,6461,6460,大昌-樹林,sell,5,1,1,2.4390243902439046,1.0,2.4390243902439046,0.0,0.4878048780487809,1,,量占比與後續報酬的描述性相關；非因果或預測能力，少量樣本不作判斷,描述性關係；尚未扣費用、檢查除權息或做樣本外驗證；不評分、不認定關鍵分點
6829,7038,7030,致和-南京,buy,5,1,1,2.4390243902439046,1.0,2.4390243902439046,0.0,0.4878048780487809,1,,量占比與後續報酬的描述性相關；非因果或預測能力，少量樣本不作判斷,描述性關係；尚未扣費用、檢查除權息或做樣本外驗證；不評分、不認定關鍵分點
6829,8440,8440,摩根大通,sell,5,1,1,2.4390243902439046,1.0,2.4390243902439046,0.0,0.4878048780487809,1,,量占比與後續報酬的描述性相關；非因果或預測能力，少量樣本不作判斷,描述性關係；尚未扣費用、檢查除權息或做樣本外驗證；不評分、不認定關鍵分點
6829,8560,8560,新光,sell,5,1,1,2.4390243902439046,1.0,2.4390243902439046,0.0,0.4878048780487809,1,,量占比與後續報酬的描述性相關；非因果或預測能力，少量樣本不作判斷,描述性關係；尚未扣費用、檢查除權息或做樣本外驗證；不評分、不認定關鍵分點
6829,8840,8840,玉山證券,buy,5,1,1,2.4390243902439046,1.0,2.4390243902439046,0.0,0.4878048780487809,1,,量占比與後續報酬的描述性相關；非因果或預測能力，少量樣本不作判斷,描述性關係；尚未扣費用、檢查除權息或做樣本外驗證；不評分、不認定關鍵分點
6829,8880,8880,國泰證券,sell,5,1,1,2.4390243902439046,1.0,2.4390243902439046,0.0,0.4878048780487809,1,,量占比與後續報酬的描述性相關；非因果或預測能力，少量樣本不作判斷,描述性關係；尚未扣費用、檢查除權息或做樣本外驗證；不評分、不認定關鍵分點
6829,8888,8880,國泰-敦南,buy,5,1,1,2.4390243902439046,1.0,2.4390243902439046,0.0,0.4878048780487809,1,,量占比與後續報酬的描述性相關；非因果或預測能力，少量樣本不作判斷,描述性關係；尚未扣費用、檢查除權息或做樣本外驗證；不評分、不認定關鍵分點
6829,9100,9100,群益金鼎,sell,5,1,1,2.4390243902439046,1.0,2.4390243902439046,0.0,0.4878048780487809,1,,量占比與後續報酬的描述性相關；非因果或預測能力，少量樣本不作判斷,描述性關係；尚未扣費用、檢查除權息或做樣本外驗證；不評分、不認定關鍵分點
6829,9227,9200,凱基-城中,buy,5,1,1,2.4390243902439046,1.0,2.4390243902439046,0.0,0.4878048780487809,1,,量占比與後續報酬的描述性相關；非因果或預測能力，少量樣本不作判斷,描述性關係；尚未扣費用、檢查除權息或做樣本外驗證；不評分、不認定關鍵分點
6829,9229,9200,凱基-中山,sell,5,1,1,2.4390243902439046,1.0,2.4390243902439046,0.0,0.4878048780487809,1,,量占比與後續報酬的描述性相關；非因果或預測能力，少量樣本不作判斷,描述性關係；尚未扣費用、檢查除權息或做樣本外驗證；不評分、不認定關鍵分點
6829,9268,9200,凱基-台北,sell,5,1,1,2.4390243902439046,1.0,2.4390243902439046,0.0,0.4878048780487809,1,,量占比與後續報酬的描述性相關；非因果或預測能力，少量樣本不作判斷,描述性關係；尚未扣費用、檢查除權息或做樣本外驗證；不評分、不認定關鍵分點
6829,9634,9600,富邦-羅東,buy,5,1,1,2.4390243902439046,1.0,2.4390243902439046,0.0,0.4878048780487809,1,,量占比與後續報酬的描述性相關；非因果或預測能力，少量樣本不作判斷,描述性關係；尚未扣費用、檢查除權息或做樣本外驗證；不評分、不認定關鍵分點
6829,9647,9600,富邦-新竹,buy,5,1,1,2.4390243902439046,1.0,2.4390243902439046,0.0,0.4878048780487809,1,,量占比與後續報酬的描述性相關；非因果或預測能力，少量樣本不作判斷,描述性關係；尚未扣費用、檢查除權息或做樣本外驗證；不評分、不認定關鍵分點
6830,0037003000300049,7000,兆豐-北高雄,sell,5,1,1,-0.18832391713747842,0.0,-0.18832391713747842,0.0,-0.7532956685499026,1,,量占比與後續報酬的描述性相關；非因果或預測能力，少量樣本不作判斷,描述性關係；尚未扣費用、檢查除權息或做樣本外驗證；不評分、不認定關鍵分點
6830,0037003000300068,7000,兆豐-三民,sell,5,1,1,-0.18832391713747842,0.0,-0.18832391713747842,0.0,-0.7532956685499026,1,,量占比與後續報酬的描述性相關；非因果或預測能力，少量樣本不作判斷,描述性關係；尚未扣費用、檢查除權息或做樣本外驗證；不評分、不認定關鍵分點
6830,0037003700390075,7790,國票-長城,buy,5,1,1,-0.18832391713747842,0.0,-0.18832391713747842,0.0,-0.7532956685499026,1,,量占比與後續報酬的描述性相關；非因果或預測能力，少量樣本不作判斷,描述性關係；尚未扣費用、檢查除權息或做樣本外驗證；不評分、不認定關鍵分點
6830,0038003800340045,8840,玉山-城中,buy,5,1,1,-0.18832391713747842,0.0,-0.18832391713747842,0.0,-0.7532956685499026,1,,量占比與後續報酬的描述性相關；非因果或預測能力，少量樣本不作判斷,描述性關係；尚未扣費用、檢查除權息或做樣本外驗證；不評分、不認定關鍵分點
6830,0039003200300046,9200,凱基-站前,sell,5,1,1,-0.18832391713747842,0.0,-0.18832391713747842,0.0,-0.7532956685499026,1,,量占比與後續報酬的描述性相關；非因果或預測能力，少量樣本不作判斷,描述性關係；尚未扣費用、檢查除權息或做樣本外驗證；不評分、不認定關鍵分點
6830,0039003200320043,9200,凱基-屏東,buy,5,1,1,-0.18832391713747842,0.0,-0.18832391713747842,0.0,-0.7532956685499026,1,,量占比與後續報酬的描述性相關；非因果或預測能力，少量樣本不作判斷,描述性關係；尚未扣費用、檢查除權息或做樣本外驗證；不評分、不認定關鍵分點
6830,0039003800300061,9800,元大-中山北路,sell,5,1,1,-0.18832391713747842,0.0,-0.18832391713747842,0.0,-0.7532956685499026,1,,量占比與後續報酬的描述性相關；非因果或預測能力，少量樣本不作判斷,描述性關係；尚未扣費用、檢查除權息或做樣本外驗證；不評分、不認定關鍵分點
6830,0039004100390065,9A00,永豐金-高雄,sell,5,1,1,-0.18832391713747842,0.0,-0.18832391713747842,0.0,-0.7532956685499026,1,,量占比與後續報酬的描述性相關；非因果或預測能力，少量樣本不作判斷,描述性關係；尚未扣費用、檢查除權息或做樣本外驗證；不評分、不認定關鍵分點
6830,0039004100390067,9A00,永豐金-內湖,buy,5,1,1,-0.18832391713747842,0.0,-0.18832391713747842,0.0,-0.7532956685499026,1,,量占比與後續報酬的描述性相關；非因果或預測能力，少量樣本不作判斷,描述性關係；尚未扣費用、檢查除權息或做樣本外驗證；不評分、不認定關鍵分點
6830,0039004100390068,9A00,永豐金-台南,buy,5,1,1,-0.18832391713747842,0.0,-0.18832391713747842,0.0,-0.7532956685499026,1,,量占比與後續報酬的描述性相關；非因果或預測能力，少量樣本不作判斷,描述性關係；尚未扣費用、檢查除權息或做樣本外驗證；不評分、不認定關鍵分點
6830,0039004200310033,9B00,台新-三民,sell,5,1,1,-0.18832391713747842,0.0,-0.18832391713747842,0.0,-0.7532956685499026,1,,量占比與後續報酬的描述性相關；非因果或預測能力，少量樣本不作判斷,描述性關係；尚未扣費用、檢查除權息或做樣本外驗證；不評分、不認定關鍵分點
6830,0039004200320044,9B00,台新-大昌,sell,5,1,1,-0.18832391713747842,0.0,-0.18832391713747842,0.0,-0.7532956685499026,1,,量占比與後續報酬的描述性相關；非因果或預測能力，少量樣本不作判斷,描述性關係；尚未扣費用、檢查除權息或做樣本外驗證；不評分、不認定關鍵分點
6830,003900420032006c,9B00,台新-大裕,buy,5,1,1,-0.18832391713747842,0.0,-0.18832391713747842,0.0,-0.7532956685499026,1,,量占比與後續報酬的描述性相關；非因果或預測能力，少量樣本不作判斷,描述性關係；尚未扣費用、檢查除權息或做樣本外驗證；不評分、不認定關鍵分點
6830,1022,1020,合庫-台南,buy,5,1,1,-0.18832391713747842,0.0,-0.18832391713747842,0.0,-0.7532956685499026,1,,量占比與後續報酬的描述性相關；非因果或預測能力，少量樣本不作判斷,描述性關係；尚未扣費用、檢查除權息或做樣本外驗證；不評分、不認定關鍵分點
6830,1470,1470,台灣摩根士丹利,sell,5,1,1,-0.18832391713747842,0.0,-0.18832391713747842,0.0,-0.7532956685499026,1,,量占比與後續報酬的描述性相關；非因果或預測能力，少量樣本不作判斷,描述性關係；尚未扣費用、檢查除權息或做樣本外驗證；不評分、不認定關鍵分點
6830,1480,1480,美商高盛,sell,5,1,1,-0.18832391713747842,0.0,-0.18832391713747842,0.0,-0.7532956685499026,1,,量占比與後續報酬的描述性相關；非因果或預測能力，少量樣本不作判斷,描述性關係；尚未扣費用、檢查除權息或做樣本外驗證；不評分、不認定關鍵分點
6830,5382,5380,第一金-台中,buy,5,1,1,-0.18832391713747842,0.0,-0.18832391713747842,0.0,-0.7532956685499026,1,,量占比與後續報酬的描述性相關；非因果或預測能力，少量樣本不作判斷,描述性關係；尚未扣費用、檢查除權息或做樣本外驗證；不評分、不認定關鍵分點
6830,8440,8440,摩根大通,buy,5,1,1,-0.18832391713747842,0.0,-0.18832391713747842,0.0,-0.7532956685499026,1,,量占比與後續報酬的描述性相關；非因果或預測能力，少量樣本不作判斷,描述性關係；尚未扣費用、檢查除權息或做樣本外驗證；不評分、不認定關鍵分點
6830,8561,8560,新光-台中,buy,5,1,1,-0.18832391713747842,0.0,-0.18832391713747842,0.0,-0.7532956685499026,1,,量占比與後續報酬的描述性相關；非因果或預測能力，少量樣本不作判斷,描述性關係；尚未扣費用、檢查除權息或做樣本外驗證；不評分、不認定關鍵分點
6830,8580,8580,聯邦證券,buy,5,1,1,-0.18832391713747842,0.0,-0.18832391713747842,0.0,-0.7532956685499026,1,,量占比與後續報酬的描述性相關；非因果或預測能力，少量樣本不作判斷,描述性關係；尚未扣費用、檢查除權息或做樣本外驗證；不評分、不認定關鍵分點
6830,8888,8880,國泰-敦南,sell,5,1,1,-0.18832391713747842,0.0,-0.18832391713747842,0.0,-0.7532956685499026,1,,量占比與後續報酬的描述性相關；非因果或預測能力，少量樣本不作判斷,描述性關係；尚未扣費用、檢查除權息或做樣本外驗證；不評分、不認定關鍵分點
6830,9100,9100,群益金鼎,sell,5,1,1,-0.18832391713747842,0.0,-0.18832391713747842,0.0,-0.7532956685499026,1,,量占比與後續報酬的描述性相關；非因果或預測能力，少量樣本不作判斷,描述性關係；尚未扣費用、檢查除權息或做樣本外驗證；不評分、不認定關鍵分點
6830,9200,9200,凱基,sell,5,1,1,-0.18832391713747842,0.0,-0.18832391713747842,0.0,-0.7532956685499026,1,,量占比與後續報酬的描述性相關；非因果或預測能力，少量樣本不作判斷,描述性關係；尚未扣費用、檢查除權息或做樣本外驗證；不評分、不認定關鍵分點
6830,9257,9200,凱基-林口,buy,5,1,1,-0.18832391713747842,0.0,-0.18832391713747842,0.0,-0.7532956685499026,1,,量占比與後續報酬的描述性相關；非因果或預測能力，少量樣本不作判斷,描述性關係；尚未扣費用、檢查除權息或做樣本外驗證；不評分、不認定關鍵分點
6830,9268,9200,凱基-台北,sell,5,1,1,-0.18832391713747842,0.0,-0.18832391713747842,0.0,-0.7532956685499026,1,,量占比與後續報酬的描述性相關；非因果或預測能力，少量樣本不作判斷,描述性關係；尚未扣費用、檢查除權息或做樣本外驗證；不評分、不認定關鍵分點
6830,9300,9300,華南永昌,sell,5,1,1,-0.18832391713747842,0.0,-0.18832391713747842,0.0,-0.7532956685499026,1,,量占比與後續報酬的描述性相關；非因果或預測能力，少量樣本不作判斷,描述性關係；尚未扣費用、檢查除權息或做樣本外驗證；不評分、不認定關鍵分點
6830,9302,9300,華南永昌-台中,buy,5,1,1,-0.18832391713747842,0.0,-0.18832391713747842,0.0,-0.7532956685499026,1,,量占比與後續報酬的描述性相關；非因果或預測能力，少量樣本不作判斷,描述性關係；尚未扣費用、檢查除權息或做樣本外驗證；不評分、不認定關鍵分點
6830,9317,9300,華南永昌-林口,sell,5,1,1,-0.18832391713747842,0.0,-0.18832391713747842,0.0,-0.7532956685499026,1,,量占比與後續報酬的描述性相關；非因果或預測能力，少量樣本不作判斷,描述性關係；尚未扣費用、檢查除權息或做樣本外驗證；不評分、不認定關鍵分點
6830,9616,9600,富邦-岡山,buy,5,1,1,-0.18832391713747842,0.0,-0.18832391713747842,0.0,-0.7532956685499026,1,,量占比與後續報酬的描述性相關；非因果或預測能力，少量樣本不作判斷,描述性關係；尚未扣費用、檢查除權息或做樣本外驗證；不評分、不認定關鍵分點
6830,9800,9800,元大證券,buy,5,1,1,-0.18832391713747842,0.0,-0.18832391713747842,0.0,-0.7532956685499026,1,,量占比與後續報酬的描述性相關；非因果或預測能力，少量樣本不作判斷,描述性關係；尚未扣費用、檢查除權息或做樣本外驗證；不評分、不認定關鍵分點
6933,0035003300380043,5380,第一金-光復,sell,5,1,1,-3.168567807351075,0.0,-3.168567807351075,0.0,-5.069708491761727,1,,量占比與後續報酬的描述性相關；非因果或預測能力，少量樣本不作判斷,描述性關係；尚未扣費用、檢查除權息或做樣本外驗證；不評分、不認定關鍵分點
6933,003500330038004e,5380,第一金-豐原,sell,5,1,1,-3.168567807351075,0.0,-3.168567807351075,0.0,-5.069708491761727,1,,量占比與後續報酬的描述性相關；非因果或預測能力，少量樣本不作判斷,描述性關係；尚未扣費用、檢查除權息或做樣本外驗證；不評分、不認定關鍵分點
6933,0037003000300049,7000,兆豐-北高雄,buy,5,1,1,-3.168567807351075,0.0,-3.168567807351075,0.0,-5.069708491761727,1,,量占比與後續報酬的描述性相關；非因果或預測能力，少量樣本不作判斷,描述性關係；尚未扣費用、檢查除權息或做樣本外驗證；不評分、不認定關鍵分點
6933,0037003000300064,7000,兆豐-彰化,buy,5,1,1,-3.168567807351075,0.0,-3.168567807351075,0.0,-5.069708491761727,1,,量占比與後續報酬的描述性相關；非因果或預測能力，少量樣本不作判斷,描述性關係；尚未扣費用、檢查除權息或做樣本外驗證；不評分、不認定關鍵分點
6933,0039003100380065,9100,群益金鼎-大安,sell,5,1,1,-3.168567807351075,0.0,-3.168567807351075,0.0,-5.069708491761727,1,,量占比與後續報酬的描述性相關；非因果或預測能力，少量樣本不作判斷,描述性關係；尚未扣費用、檢查除權息或做樣本外驗證；不評分、不認定關鍵分點
6933,0039003200320043,9200,凱基-屏東,buy,5,1,1,-3.168567807351075,0.0,-3.168567807351075,0.0,-5.069708491761727,1,,量占比與後續報酬的描述性相關；非因果或預測能力，少量樣本不作判斷,描述性關係；尚未扣費用、檢查除權息或做樣本外驗證；不評分、不認定關鍵分點
6933,0039003600330041,9600,富邦-八德,buy,5,1,1,-3.168567807351075,0.0,-3.168567807351075,0.0,-5.069708491761727,1,,量占比與後續報酬的描述性相關；非因果或預測能力，少量樣本不作判斷,描述性關係；尚未扣費用、檢查除權息或做樣本外驗證；不評分、不認定關鍵分點
6933,0039003800390042,9800,元大-台中中港,sell,5,1,1,-3.168567807351075,0.0,-3.168567807351075,0.0,-5.069708491761727,1,,量占比與後續報酬的描述性相關；非因果或預測能力，少量樣本不作判斷,描述性關係；尚未扣費用、檢查除權息或做樣本外驗證；不評分、不認定關鍵分點
6933,0039003800390065,9800,元大-中和,buy,5,1,1,-3.168567807351075,0.0,-3.168567807351075,0.0,-5.069708491761727,1,,量占比與後續報酬的描述性相關；非因果或預測能力，少量樣本不作判斷,描述性關係；尚未扣費用、檢查除權息或做樣本外驗證；不評分、不認定關鍵分點
6933,003900380039006b,9800,元大-古亭,sell,5,1,1,-3.168567807351075,0.0,-3.168567807351075,0.0,-5.069708491761727,1,,量占比與後續報酬的描述性相關；非因果或預測能力，少量樣本不作判斷,描述性關係；尚未扣費用、檢查除權息或做樣本外驗證；不評分、不認定關鍵分點
6933,0039004200310036,9B00,台新-台南,buy,5,1,1,-3.168567807351075,0.0,-3.168567807351075,0.0,-5.069708491761727,1,,量占比與後續報酬的描述性相關；非因果或預測能力，少量樣本不作判斷,描述性關係；尚未扣費用、檢查除權息或做樣本外驗證；不評分、不認定關鍵分點
6933,1260,1260,宏遠證券,buy,5,1,1,-3.168567807351075,0.0,-3.168567807351075,0.0,-5.069708491761727,1,,量占比與後續報酬的描述性相關；非因果或預測能力，少量樣本不作判斷,描述性關係；尚未扣費用、檢查除權息或做樣本外驗證；不評分、不認定關鍵分點
6933,1470,1470,台灣摩根士丹利,sell,5,1,1,-3.168567807351075,0.0,-3.168567807351075,0.0,-5.069708491761727,1,,量占比與後續報酬的描述性相關；非因果或預測能力，少量樣本不作判斷,描述性關係；尚未扣費用、檢查除權息或做樣本外驗證；不評分、不認定關鍵分點
6933,1480,1480,美商高盛,sell,5,1,1,-3.168567807351075,0.0,-3.168567807351075,0.0,-5.069708491761727,1,,量占比與後續報酬的描述性相關；非因果或預測能力，少量樣本不作判斷,描述性關係；尚未扣費用、檢查除權息或做樣本外驗證；不評分、不認定關鍵分點
6933,1560,1560,港商野村,sell,5,1,1,-3.168567807351075,0.0,-3.168567807351075,0.0,-5.069708491761727,1,,量占比與後續報酬的描述性相關；非因果或預測能力，少量樣本不作判斷,描述性關係；尚未扣費用、檢查除權息或做樣本外驗證；不評分、不認定關鍵分點
6933,1650,1650,新加坡商瑞銀,sell,5,1,1,-3.168567807351075,0.0,-3.168567807351075,0.0,-5.069708491761727,1,,量占比與後續報酬的描述性相關；非因果或預測能力，少量樣本不作判斷,描述性關係；尚未扣費用、檢查除權息或做樣本外驗證；不評分、不認定關鍵分點
6933,5382,5380,第一金-台中,sell,5,1,1,-3.168567807351075,0.0,-3.168567807351075,0.0,-5.069708491761727,1,,量占比與後續報酬的描述性相關；非因果或預測能力，少量樣本不作判斷,描述性關係；尚未扣費用、檢查除權息或做樣本外驗證；不評分、不認定關鍵分點
6933,5853,5850,統一-中壢,buy,5,1,1,-3.168567807351075,0.0,-3.168567807351075,0.0,-5.069708491761727,1,,量占比與後續報酬的描述性相關；非因果或預測能力，少量樣本不作判斷,描述性關係；尚未扣費用、檢查除權息或做樣本外驗證；不評分、不認定關鍵分點
6933,6160,6160,中國信託,sell,5,1,1,-3.168567807351075,0.0,-3.168567807351075,0.0,-5.069708491761727,1,,量占比與後續報酬的描述性相關；非因果或預測能力，少量樣本不作判斷,描述性關係；尚未扣費用、檢查除權息或做樣本外驗證；不評分、不認定關鍵分點
6933,6465,6460,大昌-桃園,sell,5,1,1,-3.168567807351075,0.0,-3.168567807351075,0.0,-5.069708491761727,1,,量占比與後續報酬的描述性相關；非因果或預測能力，少量樣本不作判斷,描述性關係；尚未扣費用、檢查除權息或做樣本外驗證；不評分、不認定關鍵分點
6933,8440,8440,摩根大通,sell,5,1,1,-3.168567807351075,0.0,-3.168567807351075,0.0,-5.069708491761727,1,,量占比與後續報酬的描述性相關；非因果或預測能力，少量樣本不作判斷,描述性關係；尚未扣費用、檢查除權息或做樣本外驗證；不評分、不認定關鍵分點
6933,8450,8450,康和,buy,5,1,1,-3.168567807351075,0.0,-3.168567807351075,0.0,-5.069708491761727,1,,量占比與後續報酬的描述性相關；非因果或預測能力，少量樣本不作判斷,描述性關係；尚未扣費用、檢查除權息或做樣本外驗證；不評分、不認定關鍵分點
6933,8841,8840,玉山-雙和,buy,5,1,1,-3.168567807351075,0.0,-3.168567807351075,0.0,-5.069708491761727,1,,量占比與後續報酬的描述性相關；非因果或預測能力，少量樣本不作判斷,描述性關係；尚未扣費用、檢查除權息或做樣本外驗證；不評分、不認定關鍵分點
6933,9205,9200,凱基-三重,buy,5,1,1,-3.168567807351075,0.0,-3.168567807351075,0.0,-5.069708491761727,1,,量占比與後續報酬的描述性相關；非因果或預測能力，少量樣本不作判斷,描述性關係；尚未扣費用、檢查除權息或做樣本外驗證；不評分、不認定關鍵分點
6933,9268,9200,凱基-台北,sell,5,1,1,-3.168567807351075,0.0,-3.168567807351075,0.0,-5.069708491761727,1,,量占比與後續報酬的描述性相關；非因果或預測能力，少量樣本不作判斷,描述性關係；尚未扣費用、檢查除權息或做樣本外驗證；不評分、不認定關鍵分點
6933,9324,9300,華南永昌-岡山,buy,5,1,1,-3.168567807351075,0.0,-3.168567807351075,0.0,-5.069708491761727,1,,量占比與後續報酬的描述性相關；非因果或預測能力，少量樣本不作判斷,描述性關係；尚未扣費用、檢查除權息或做樣本外驗證；不評分、不認定關鍵分點
6933,9331,9300,華南永昌-鳳山,buy,5,1,1,-3.168567807351075,0.0,-3.168567807351075,0.0,-5.069708491761727,1,,量占比與後續報酬的描述性相關；非因果或預測能力，少量樣本不作判斷,描述性關係；尚未扣費用、檢查除權息或做樣本外驗證；不評分、不認定關鍵分點
6933,9624,9600,富邦-竹北,buy,5,1,1,-3.168567807351075,0.0,-3.168567807351075,0.0,-5.069708491761727,1,,量占比與後續報酬的描述性相關；非因果或預測能力，少量樣本不作判斷,描述性關係；尚未扣費用、檢查除權息或做樣本外驗證；不評分、不認定關鍵分點
6933,9659,9600,富邦-高雄,buy,5,1,1,-3.168567807351075,0.0,-3.168567807351075,0.0,-5.069708491761727,1,,量占比與後續報酬的描述性相關；非因果或預測能力，少量樣本不作判斷,描述性關係；尚未扣費用、檢查除權息或做樣本外驗證；不評分、不認定關鍵分點
6933,9872,9800,元大-復北,sell,5,1,1,-3.168567807351075,0.0,-3.168567807351075,0.0,-5.069708491761727,1,,量占比與後續報酬的描述性相關；非因果或預測能力，少量樣本不作判斷,描述性關係；尚未扣費用、檢查除權息或做樣本外驗證；不評分、不認定關鍵分點
7556,0031003200360044,1260,宏遠-台南,buy,5,1,1,10.476190476190483,1.0,10.476190476190483,0.0,4.0000000000000036,1,,量占比與後續報酬的描述性相關；非因果或預測能力，少量樣本不作判斷,描述性關係；尚未扣費用、檢查除權息或做樣本外驗證；不評分、不認定關鍵分點
7556,0035003800350050,5850,統一-板橋,buy,5,1,1,10.476190476190483,1.0,10.476190476190483,0.0,4.0000000000000036,1,,量占比與後續報酬的描述性相關；非因果或預測能力，少量樣本不作判斷,描述性關係；尚未扣費用、檢查除權息或做樣本外驗證；不評分、不認定關鍵分點
7556,0038003800340048,8840,玉山-新竹,buy,5,1,1,10.476190476190483,1.0,10.476190476190483,0.0,4.0000000000000036,1,,量占比與後續報酬的描述性相關；非因果或預測能力，少量樣本不作判斷,描述性關係；尚未扣費用、檢查除權息或做樣本外驗證；不評分、不認定關鍵分點
7556,0039003800300065,9800,元大-清水,sell,5,1,1,10.476190476190483,1.0,10.476190476190483,0.0,4.0000000000000036,1,,量占比與後續報酬的描述性相關；非因果或預測能力，少量樣本不作判斷,描述性關係；尚未扣費用、檢查除權息或做樣本外驗證；不評分、不認定關鍵分點
7556,0039003800390046,9800,元大-三民,sell,5,1,1,10.476190476190483,1.0,10.476190476190483,0.0,4.0000000000000036,1,,量占比與後續報酬的描述性相關；非因果或預測能力，少量樣本不作判斷,描述性關係；尚未扣費用、檢查除權息或做樣本外驗證；不評分、不認定關鍵分點
7556,0039004100300030,9A00,永豐金證券,sell,5,1,1,10.476190476190483,1.0,10.476190476190483,0.0,4.0000000000000036,1,,量占比與後續報酬的描述性相關；非因果或預測能力，少量樣本不作判斷,描述性關係；尚未扣費用、檢查除權息或做樣本外驗證；不評分、不認定關鍵分點
7556,003900410039004b,9A00,永豐金-三重,sell,5,1,1,10.476190476190483,1.0,10.476190476190483,0.0,4.0000000000000036,1,,量占比與後續報酬的描述性相關；非因果或預測能力，少量樣本不作判斷,描述性關係；尚未扣費用、檢查除權息或做樣本外驗證；不評分、不認定關鍵分點
7556,0039004100390051,9A00,永豐金-豐原,sell,5,1,1,10.476190476190483,1.0,10.476190476190483,0.0,4.0000000000000036,1,,量占比與後續報酬的描述性相關；非因果或預測能力，少量樣本不作判斷,描述性關係；尚未扣費用、檢查除權息或做樣本外驗證；不評分、不認定關鍵分點
7556,0039004100390069,9A00,永豐金-新店,buy,5,1,1,10.476190476190483,1.0,10.476190476190483,0.0,4.0000000000000036,1,,量占比與後續報酬的描述性相關；非因果或預測能力，少量樣本不作判斷,描述性關係；尚未扣費用、檢查除權息或做樣本外驗證；不評分、不認定關鍵分點
7556,003900410039006a,9A00,永豐金-嘉義,sell,5,1,1,10.476190476190483,1.0,10.476190476190483,0.0,4.0000000000000036,1,,量占比與後續報酬的描述性相關；非因果或預測能力，少量樣本不作判斷,描述性關係；尚未扣費用、檢查除權息或做樣本外驗證；不評分、不認定關鍵分點
7556,0039004200320030,9B00,台新-台北,sell,5,1,1,10.476190476190483,1.0,10.476190476190483,0.0,4.0000000000000036,1,,量占比與後續報酬的描述性相關；非因果或預測能力，少量樣本不作判斷,描述性關係；尚未扣費用、檢查除權息或做樣本外驗證；不評分、不認定關鍵分點
7556,0039004200320048,9B00,台新-信義,buy,5,1,1,10.476190476190483,1.0,10.476190476190483,0.0,4.0000000000000036,1,,量占比與後續報酬的描述性相關；非因果或預測能力，少量樣本不作判斷,描述性關係；尚未扣費用、檢查除權息或做樣本外驗證；不評分、不認定關鍵分點
7556,003900420032006f,9B00,台新-新興,buy,5,1,1,10.476190476190483,1.0,10.476190476190483,0.0,4.0000000000000036,1,,量占比與後續報酬的描述性相關；非因果或預測能力，少量樣本不作判斷,描述性關係；尚未扣費用、檢查除權息或做樣本外驗證；不評分、不認定關鍵分點
7556,1021,1020,合庫-台中,sell,5,1,1,10.476190476190483,1.0,10.476190476190483,0.0,4.0000000000000036,1,,量占比與後續報酬的描述性相關；非因果或預測能力，少量樣本不作判斷,描述性關係；尚未扣費用、檢查除權息或做樣本外驗證；不評分、不認定關鍵分點
7556,1040,1040,臺銀,buy,5,1,1,10.476190476190483,1.0,10.476190476190483,0.0,4.0000000000000036,1,,量占比與後續報酬的描述性相關；非因果或預測能力，少量樣本不作判斷,描述性關係；尚未扣費用、檢查除權息或做樣本外驗證；不評分、不認定關鍵分點
7556,1470,1470,台灣摩根士丹利,sell,5,1,1,10.476190476190483,1.0,10.476190476190483,0.0,4.0000000000000036,1,,量占比與後續報酬的描述性相關；非因果或預測能力，少量樣本不作判斷,描述性關係；尚未扣費用、檢查除權息或做樣本外驗證；不評分、不認定關鍵分點
7556,5385,5380,第一金-桃園,buy,5,1,1,10.476190476190483,1.0,10.476190476190483,0.0,4.0000000000000036,1,,量占比與後續報酬的描述性相關；非因果或預測能力，少量樣本不作判斷,描述性關係；尚未扣費用、檢查除權息或做樣本外驗證；不評分、不認定關鍵分點
7556,6460,6460,大昌,sell,5,1,1,10.476190476190483,1.0,10.476190476190483,0.0,4.0000000000000036,1,,量占比與後續報酬的描述性相關；非因果或預測能力，少量樣本不作判斷,描述性關係；尚未扣費用、檢查除權息或做樣本外驗證；不評分、不認定關鍵分點
7556,8843,8840,玉山-高雄,sell,5,1,1,10.476190476190483,1.0,10.476190476190483,0.0,4.0000000000000036,1,,量占比與後續報酬的描述性相關；非因果或預測能力，少量樣本不作判斷,描述性關係；尚未扣費用、檢查除權息或做樣本外驗證；不評分、不認定關鍵分點
7556,8881,8880,國泰-高雄,buy,5,1,1,10.476190476190483,1.0,10.476190476190483,0.0,4.0000000000000036,1,,量占比與後續報酬的描述性相關；非因果或預測能力，少量樣本不作判斷,描述性關係；尚未扣費用、檢查除權息或做樣本外驗證；不評分、不認定關鍵分點
7556,8888,8880,國泰-敦南,sell,5,1,1,10.476190476190483,1.0,10.476190476190483,0.0,4.0000000000000036,1,,量占比與後續報酬的描述性相關；非因果或預測能力，少量樣本不作判斷,描述性關係；尚未扣費用、檢查除權息或做樣本外驗證；不評分、不認定關鍵分點
7556,9206,9200,凱基-高雄,sell,5,1,1,10.476190476190483,1.0,10.476190476190483,0.0,4.0000000000000036,1,,量占比與後續報酬的描述性相關；非因果或預測能力，少量樣本不作判斷,描述性關係；尚未扣費用、檢查除權息或做樣本外驗證；不評分、不認定關鍵分點
7556,9211,9200,凱基-台南,buy,5,1,1,10.476190476190483,1.0,10.476190476190483,0.0,4.0000000000000036,1,,量占比與後續報酬的描述性相關；非因果或預測能力，少量樣本不作判斷,描述性關係；尚未扣費用、檢查除權息或做樣本外驗證；不評分、不認定關鍵分點
7556,9268,9200,凱基-台北,sell,5,1,1,10.476190476190483,1.0,10.476190476190483,0.0,4.0000000000000036,1,,量占比與後續報酬的描述性相關；非因果或預測能力，少量樣本不作判斷,描述性關係；尚未扣費用、檢查除權息或做樣本外驗證；不評分、不認定關鍵分點
7556,9328,9300,華南永昌-潮州,buy,5,1,1,10.476190476190483,1.0,10.476190476190483,0.0,4.0000000000000036,1,,量占比與後續報酬的描述性相關；非因果或預測能力，少量樣本不作判斷,描述性關係；尚未扣費用、檢查除權息或做樣本外驗證；不評分、不認定關鍵分點
7556,9625,9600,富邦-竹東,buy,5,1,1,10.476190476190483,1.0,10.476190476190483,0.0,4.0000000000000036,1,,量占比與後續報酬的描述性相關；非因果或預測能力，少量樣本不作判斷,描述性關係；尚未扣費用、檢查除權息或做樣本外驗證；不評分、不認定關鍵分點
7556,9627,9600,富邦-內湖,buy,5,1,1,10.476190476190483,1.0,10.476190476190483,0.0,4.0000000000000036,1,,量占比與後續報酬的描述性相關；非因果或預測能力，少量樣本不作判斷,描述性關係；尚未扣費用、檢查除權息或做樣本外驗證；不評分、不認定關鍵分點
7556,9801,9800,元大-松江,buy,5,1,1,10.476190476190483,1.0,10.476190476190483,0.0,4.0000000000000036,1,,量占比與後續報酬的描述性相關；非因果或預測能力，少量樣本不作判斷,描述性關係；尚未扣費用、檢查除權息或做樣本外驗證；不評分、不認定關鍵分點
7556,9862,9800,元大-南京,buy,5,1,1,10.476190476190483,1.0,10.476190476190483,0.0,4.0000000000000036,1,,量占比與後續報酬的描述性相關；非因果或預測能力，少量樣本不作判斷,描述性關係；尚未扣費用、檢查除權息或做樣本外驗證；不評分、不認定關鍵分點
7556,9878,9800,元大-金華,sell,5,1,1,10.476190476190483,1.0,10.476190476190483,0.0,4.0000000000000036,1,,量占比與後續報酬的描述性相關；非因果或預測能力，少量樣本不作判斷,描述性關係；尚未扣費用、檢查除權息或做樣本外驗證；不評分、不認定關鍵分點
8028,0035003300380045,5380,第一金-自由,sell,5,1,1,1.7857142857142794,1.0,1.7857142857142794,0.0,0.0,1,,量占比與後續報酬的描述性相關；非因果或預測能力，少量樣本不作判斷,描述性關係；尚未扣費用、檢查除權息或做樣本外驗證；不評分、不認定關鍵分點
8028,0035003800350048,5850,統一-桃園,buy,5,1,1,1.7857142857142794,1.0,1.7857142857142794,0.0,0.0,1,,量占比與後續報酬的描述性相關；非因果或預測能力，少量樣本不作判斷,描述性關係；尚未扣費用、檢查除權息或做樣本外驗證；不評分、不認定關鍵分點
8028,0037003000300049,7000,兆豐-北高雄,buy,5,1,1,1.7857142857142794,1.0,1.7857142857142794,0.0,0.0,1,,量占比與後續報酬的描述性相關；非因果或預測能力，少量樣本不作判斷,描述性關係；尚未扣費用、檢查除權息或做樣本外驗證；不評分、不認定關鍵分點
8028,0038003800340041,8840,玉山-士林,sell,5,1,1,1.7857142857142794,1.0,1.7857142857142794,0.0,0.0,1,,量占比與後續報酬的描述性相關；非因果或預測能力，少量樣本不作判斷,描述性關係；尚未扣費用、檢查除權息或做樣本外驗證；不評分、不認定關鍵分點
8028,0038003800340044,8840,玉山-左營,sell,5,1,1,1.7857142857142794,1.0,1.7857142857142794,0.0,0.0,1,,量占比與後續報酬的描述性相關；非因果或預測能力，少量樣本不作判斷,描述性關係；尚未扣費用、檢查除權息或做樣本外驗證；不評分、不認定關鍵分點
8028,0039003100330045,9100,群益金鼎-基隆,buy,5,1,1,1.7857142857142794,1.0,1.7857142857142794,0.0,0.0,1,,量占比與後續報酬的描述性相關；非因果或預測能力，少量樣本不作判斷,描述性關係；尚未扣費用、檢查除權息或做樣本外驗證；不評分、不認定關鍵分點
8028,0039003100330055,9100,群益金鼎-崇德,buy,5,1,1,1.7857142857142794,1.0,1.7857142857142794,0.0,0.0,1,,量占比與後續報酬的描述性相關；非因果或預測能力，少量樣本不作判斷,描述性關係；尚未扣費用、檢查除權息或做樣本外驗證；不評分、不認定關鍵分點
8028,003900360031004d,9600,富邦-木柵,sell,5,1,1,1.7857142857142794,1.0,1.7857142857142794,0.0,0.0,1,,量占比與後續報酬的描述性相關；非因果或預測能力，少量樣本不作判斷,描述性關係；尚未扣費用、檢查除權息或做樣本外驗證；不評分、不認定關鍵分點
8028,0039003800310049,9800,元大-天母,sell,5,1,1,1.7857142857142794,1.0,1.7857142857142794,0.0,0.0,1,,量占比與後續報酬的描述性相關；非因果或預測能力，少量樣本不作判斷,描述性關係；尚未扣費用、檢查除權息或做樣本外驗證；不評分、不認定關鍵分點
8028,0039004100300030,9A00,永豐金證券,buy,5,1,1,1.7857142857142794,1.0,1.7857142857142794,0.0,0.0,1,,量占比與後續報酬的描述性相關；非因果或預測能力，少量樣本不作判斷,描述性關係；尚未扣費用、檢查除權息或做樣本外驗證；不評分、不認定關鍵分點
8028,1440,1440,美林,sell,5,1,1,1.7857142857142794,1.0,1.7857142857142794,0.0,0.0,1,,量占比與後續報酬的描述性相關；非因果或預測能力，少量樣本不作判斷,描述性關係；尚未扣費用、檢查除權息或做樣本外驗證；不評分、不認定關鍵分點
8028,1470,1470,台灣摩根士丹利,sell,5,1,1,1.7857142857142794,1.0,1.7857142857142794,0.0,0.0,1,,量占比與後續報酬的描述性相關；非因果或預測能力，少量樣本不作判斷,描述性關係；尚未扣費用、檢查除權息或做樣本外驗證；不評分、不認定關鍵分點
8028,1480,1480,美商高盛,sell,5,1,1,1.7857142857142794,1.0,1.7857142857142794,0.0,0.0,1,,量占比與後續報酬的描述性相關；非因果或預測能力，少量樣本不作判斷,描述性關係；尚未扣費用、檢查除權息或做樣本外驗證；不評分、不認定關鍵分點
8028,1650,1650,新加坡商瑞銀,buy,5,1,1,1.7857142857142794,1.0,1.7857142857142794,0.0,0.0,1,,量占比與後續報酬的描述性相關；非因果或預測能力，少量樣本不作判斷,描述性關係；尚未扣費用、檢查除權息或做樣本外驗證；不評分、不認定關鍵分點
8028,2181,2180,亞東-板橋,buy,5,1,1,1.7857142857142794,1.0,1.7857142857142794,0.0,0.0,1,,量占比與後續報酬的描述性相關；非因果或預測能力，少量樣本不作判斷,描述性關係；尚未扣費用、檢查除權息或做樣本外驗證；不評分、不認定關鍵分點
8028,5263,5260,美好-泰山,buy,5,1,1,1.7857142857142794,1.0,1.7857142857142794,0.0,0.0,1,,量占比與後續報酬的描述性相關；非因果或預測能力，少量樣本不作判斷,描述性關係；尚未扣費用、檢查除權息或做樣本外驗證；不評分、不認定關鍵分點
8028,5850,5850,統一,buy,5,1,1,1.7857142857142794,1.0,1.7857142857142794,0.0,0.0,1,,量占比與後續報酬的描述性相關；非因果或預測能力，少量樣本不作判斷,描述性關係；尚未扣費用、檢查除權息或做樣本外驗證；不評分、不認定關鍵分點
8028,5854,5850,統一-城中,sell,5,1,1,1.7857142857142794,1.0,1.7857142857142794,0.0,0.0,1,,量占比與後續報酬的描述性相關；非因果或預測能力，少量樣本不作判斷,描述性關係；尚未扣費用、檢查除權息或做樣本外驗證；不評分、不認定關鍵分點
8028,6162,6160,中國信託-忠孝,buy,5,1,1,1.7857142857142794,1.0,1.7857142857142794,0.0,0.0,1,,量占比與後續報酬的描述性相關；非因果或預測能力，少量樣本不作判斷,描述性關係；尚未扣費用、檢查除權息或做樣本外驗證；不評分、不認定關鍵分點
8028,8440,8440,摩根大通,sell,5,1,1,1.7857142857142794,1.0,1.7857142857142794,0.0,0.0,1,,量占比與後續報酬的描述性相關；非因果或預測能力，少量樣本不作判斷,描述性關係；尚未扣費用、檢查除權息或做樣本外驗證；不評分、不認定關鍵分點
8028,8459,8450,康和-嘉義,sell,5,1,1,1.7857142857142794,1.0,1.7857142857142794,0.0,0.0,1,,量占比與後續報酬的描述性相關；非因果或預測能力，少量樣本不作判斷,描述性關係；尚未扣費用、檢查除權息或做樣本外驗證；不評分、不認定關鍵分點
8028,8520,8520,中農,buy,5,1,1,1.7857142857142794,1.0,1.7857142857142794,0.0,0.0,1,,量占比與後續報酬的描述性相關；非因果或預測能力，少量樣本不作判斷,描述性關係；尚未扣費用、檢查除權息或做樣本外驗證；不評分、不認定關鍵分點
8028,8882,8880,國泰-台中,buy,5,1,1,1.7857142857142794,1.0,1.7857142857142794,0.0,0.0,1,,量占比與後續報酬的描述性相關；非因果或預測能力，少量樣本不作判斷,描述性關係；尚未扣費用、檢查除權息或做樣本外驗證；不評分、不認定關鍵分點
8028,8888,8880,國泰-敦南,sell,5,1,1,1.7857142857142794,1.0,1.7857142857142794,0.0,0.0,1,,量占比與後續報酬的描述性相關；非因果或預測能力，少量樣本不作判斷,描述性關係；尚未扣費用、檢查除權息或做樣本外驗證；不評分、不認定關鍵分點
8028,9200,9200,凱基,buy,5,1,1,1.7857142857142794,1.0,1.7857142857142794,0.0,0.0,1,,量占比與後續報酬的描述性相關；非因果或預測能力，少量樣本不作判斷,描述性關係；尚未扣費用、檢查除權息或做樣本外驗證；不評分、不認定關鍵分點
8028,9218,9200,凱基-大直,buy,5,1,1,1.7857142857142794,1.0,1.7857142857142794,0.0,0.0,1,,量占比與後續報酬的描述性相關；非因果或預測能力，少量樣本不作判斷,描述性關係；尚未扣費用、檢查除權息或做樣本外驗證；不評分、不認定關鍵分點
8028,9268,9200,凱基-台北,buy,5,1,1,1.7857142857142794,1.0,1.7857142857142794,0.0,0.0,1,,量占比與後續報酬的描述性相關；非因果或預測能力，少量樣本不作判斷,描述性關係；尚未扣費用、檢查除權息或做樣本外驗證；不評分、不認定關鍵分點
8028,9303,9300,華南永昌-高雄,sell,5,1,1,1.7857142857142794,1.0,1.7857142857142794,0.0,0.0,1,,量占比與後續報酬的描述性相關；非因果或預測能力，少量樣本不作判斷,描述性關係；尚未扣費用、檢查除權息或做樣本外驗證；不評分、不認定關鍵分點
8028,9627,9600,富邦-內湖,sell,5,1,1,1.7857142857142794,1.0,1.7857142857142794,0.0,0.0,1,,量占比與後續報酬的描述性相關；非因果或預測能力，少量樣本不作判斷,描述性關係；尚未扣費用、檢查除權息或做樣本外驗證；不評分、不認定關鍵分點
8028,9800,9800,元大證券,sell,5,1,1,1.7857142857142794,1.0,1.7857142857142794,0.0,0.0,1,,量占比與後續報酬的描述性相關；非因果或預測能力，少量樣本不作判斷,描述性關係；尚未扣費用、檢查除權息或做樣本外驗證；不評分、不認定關鍵分點
8046,003500380035004d,5850,統一-士林,buy,5,1,1,3.8732394366197243,1.0,3.8732394366197243,0.0,2.8169014084507005,1,,量占比與後續報酬的描述性相關；非因果或預測能力，少量樣本不作判斷,描述性關係；尚未扣費用、檢查除權息或做樣本外驗證；不評分、不認定關鍵分點
8046,003800380038004b,8880,國泰-板橋,sell,5,1,1,3.8732394366197243,1.0,3.8732394366197243,0.0,2.8169014084507005,1,,量占比與後續報酬的描述性相關；非因果或預測能力，少量樣本不作判斷,描述性關係；尚未扣費用、檢查除權息或做樣本外驗證；不評分、不認定關鍵分點
8046,0039003200300046,9200,凱基-站前,buy,5,1,1,3.8732394366197243,1.0,3.8732394366197243,0.0,2.8169014084507005,1,,量占比與後續報酬的描述性相關；非因果或預測能力，少量樣本不作判斷,描述性關係；尚未扣費用、檢查除權息或做樣本外驗證；不評分、不認定關鍵分點
8046,0039004100300030,9A00,永豐金證券,buy,5,1,1,3.8732394366197243,1.0,3.8732394366197243,0.0,2.8169014084507005,1,,量占比與後續報酬的描述性相關；非因果或預測能力，少量樣本不作判斷,描述性關係；尚未扣費用、檢查除權息或做樣本外驗證；不評分、不認定關鍵分點
8046,0039004100380031,9A00,永豐金-匯立,buy,5,1,1,3.8732394366197243,1.0,3.8732394366197243,0.0,2.8169014084507005,1,,量占比與後續報酬的描述性相關；非因果或預測能力，少量樣本不作判斷,描述性關係；尚未扣費用、檢查除權息或做樣本外驗證；不評分、不認定關鍵分點
8046,0039004100390032,9A00,永豐金-萬盛,sell,5,1,1,3.8732394366197243,1.0,3.8732394366197243,0.0,2.8169014084507005,1,,量占比與後續報酬的描述性相關；非因果或預測能力，少量樣本不作判斷,描述性關係；尚未扣費用、檢查除權息或做樣本外驗證；不評分、不認定關鍵分點
8046,1260,1260,宏遠證券,sell,5,1,1,3.8732394366197243,1.0,3.8732394366197243,0.0,2.8169014084507005,1,,量占比與後續報酬的描述性相關；非因果或預測能力，少量樣本不作判斷,描述性關係；尚未扣費用、檢查除權息或做樣本外驗證；不評分、不認定關鍵分點
8046,1440,1440,美林,buy,5,1,1,3.8732394366197243,1.0,3.8732394366197243,0.0,2.8169014084507005,1,,量占比與後續報酬的描述性相關；非因果或預測能力，少量樣本不作判斷,描述性關係；尚未扣費用、檢查除權息或做樣本外驗證；不評分、不認定關鍵分點
8046,1470,1470,台灣摩根士丹利,buy,5,1,1,3.8732394366197243,1.0,3.8732394366197243,0.0,2.8169014084507005,1,,量占比與後續報酬的描述性相關；非因果或預測能力，少量樣本不作判斷,描述性關係；尚未扣費用、檢查除權息或做樣本外驗證；不評分、不認定關鍵分點
8046,1480,1480,美商高盛,buy,5,1,1,3.8732394366197243,1.0,3.8732394366197243,0.0,2.8169014084507005,1,,量占比與後續報酬的描述性相關；非因果或預測能力，少量樣本不作判斷,描述性關係；尚未扣費用、檢查除權息或做樣本外驗證；不評分、不認定關鍵分點
8046,1560,1560,港商野村,buy,5,1,1,3.8732394366197243,1.0,3.8732394366197243,0.0,2.8169014084507005,1,,量占比與後續報酬的描述性相關；非因果或預測能力，少量樣本不作判斷,描述性關係；尚未扣費用、檢查除權息或做樣本外驗證；不評分、不認定關鍵分點
8046,1590,1590,花旗環球,buy,5,1,1,3.8732394366197243,1.0,3.8732394366197243,0.0,2.8169014084507005,1,,量占比與後續報酬的描述性相關；非因果或預測能力，少量樣本不作判斷,描述性關係；尚未扣費用、檢查除權息或做樣本外驗證；不評分、不認定關鍵分點
8046,1650,1650,新加坡商瑞銀,sell,5,1,1,3.8732394366197243,1.0,3.8732394366197243,0.0,2.8169014084507005,1,,量占比與後續報酬的描述性相關；非因果或預測能力，少量樣本不作判斷,描述性關係；尚未扣費用、檢查除權息或做樣本外驗證；不評分、不認定關鍵分點
8046,5850,5850,統一,buy,5,1,1,3.8732394366197243,1.0,3.8732394366197243,0.0,2.8169014084507005,1,,量占比與後續報酬的描述性相關；非因果或預測能力，少量樣本不作判斷,描述性關係；尚未扣費用、檢查除權息或做樣本外驗證；不評分、不認定關鍵分點
8046,5859,5850,統一-屏東,sell,5,1,1,3.8732394366197243,1.0,3.8732394366197243,0.0,2.8169014084507005,1,,量占比與後續報酬的描述性相關；非因果或預測能力，少量樣本不作判斷,描述性關係；尚未扣費用、檢查除權息或做樣本外驗證；不評分、不認定關鍵分點
8046,7000,7000,兆豐證券,sell,5,1,1,3.8732394366197243,1.0,3.8732394366197243,0.0,2.8169014084507005,1,,量占比與後續報酬的描述性相關；非因果或預測能力，少量樣本不作判斷,描述性關係；尚未扣費用、檢查除權息或做樣本外驗證；不評分、不認定關鍵分點
8046,8440,8440,摩根大通,buy,5,1,1,3.8732394366197243,1.0,3.8732394366197243,0.0,2.8169014084507005,1,,量占比與後續報酬的描述性相關；非因果或預測能力，少量樣本不作判斷,描述性關係；尚未扣費用、檢查除權息或做樣本外驗證；不評分、不認定關鍵分點
8046,8560,8560,新光,sell,5,1,1,3.8732394366197243,1.0,3.8732394366197243,0.0,2.8169014084507005,1,,量占比與後續報酬的描述性相關；非因果或預測能力，少量樣本不作判斷,描述性關係；尚未扣費用、檢查除權息或做樣本外驗證；不評分、不認定關鍵分點
8046,8843,8840,玉山-高雄,sell,5,1,1,3.8732394366197243,1.0,3.8732394366197243,0.0,2.8169014084507005,1,,量占比與後續報酬的描述性相關；非因果或預測能力，少量樣本不作判斷,描述性關係；尚未扣費用、檢查除權息或做樣本外驗證；不評分、不認定關鍵分點
8046,8880,8880,國泰證券,buy,5,1,1,3.8732394366197243,1.0,3.8732394366197243,0.0,2.8169014084507005,1,,量占比與後續報酬的描述性相關；非因果或預測能力，少量樣本不作判斷,描述性關係；尚未扣費用、檢查除權息或做樣本外驗證；不評分、不認定關鍵分點
8046,8885,8880,國泰-桃園,sell,5,1,1,3.8732394366197243,1.0,3.8732394366197243,0.0,2.8169014084507005,1,,量占比與後續報酬的描述性相關；非因果或預測能力，少量樣本不作判斷,描述性關係；尚未扣費用、檢查除權息或做樣本外驗證；不評分、不認定關鍵分點
8046,8888,8880,國泰-敦南,sell,5,1,1,3.8732394366197243,1.0,3.8732394366197243,0.0,2.8169014084507005,1,,量占比與後續報酬的描述性相關；非因果或預測能力，少量樣本不作判斷,描述性關係；尚未扣費用、檢查除權息或做樣本外驗證；不評分、不認定關鍵分點
8046,9100,9100,群益金鼎,buy,5,1,1,3.8732394366197243,1.0,3.8732394366197243,0.0,2.8169014084507005,1,,量占比與後續報酬的描述性相關；非因果或預測能力，少量樣本不作判斷,描述性關係；尚未扣費用、檢查除權息或做樣本外驗證；不評分、不認定關鍵分點
8046,9200,9200,凱基,buy,5,1,1,3.8732394366197243,1.0,3.8732394366197243,0.0,2.8169014084507005,1,,量占比與後續報酬的描述性相關；非因果或預測能力，少量樣本不作判斷,描述性關係；尚未扣費用、檢查除權息或做樣本外驗證；不評分、不認定關鍵分點
8046,9268,9200,凱基-台北,sell,5,1,1,3.8732394366197243,1.0,3.8732394366197243,0.0,2.8169014084507005,1,,量占比與後續報酬的描述性相關；非因果或預測能力，少量樣本不作判斷,描述性關係；尚未扣費用、檢查除權息或做樣本外驗證；不評分、不認定關鍵分點
8046,9604,9600,富邦-陽明,sell,5,1,1,3.8732394366197243,1.0,3.8732394366197243,0.0,2.8169014084507005,1,,量占比與後續報酬的描述性相關；非因果或預測能力，少量樣本不作判斷,描述性關係；尚未扣費用、檢查除權息或做樣本外驗證；不評分、不認定關鍵分點
8046,9636,9600,富邦-中壢,sell,5,1,1,3.8732394366197243,1.0,3.8732394366197243,0.0,2.8169014084507005,1,,量占比與後續報酬的描述性相關；非因果或預測能力，少量樣本不作判斷,描述性關係；尚未扣費用、檢查除權息或做樣本外驗證；不評分、不認定關鍵分點
8046,9655,9600,富邦-板橋,sell,5,1,1,3.8732394366197243,1.0,3.8732394366197243,0.0,2.8169014084507005,1,,量占比與後續報酬的描述性相關；非因果或預測能力，少量樣本不作判斷,描述性關係；尚未扣費用、檢查除權息或做樣本外驗證；不評分、不認定關鍵分點
8046,9800,9800,元大證券,buy,5,1,1,3.8732394366197243,1.0,3.8732394366197243,0.0,2.8169014084507005,1,,量占比與後續報酬的描述性相關；非因果或預測能力，少量樣本不作判斷,描述性關係；尚未扣費用、檢查除權息或做樣本外驗證；不評分、不認定關鍵分點
8046,9872,9800,元大-復北,sell,5,1,1,3.8732394366197243,1.0,3.8732394366197243,0.0,2.8169014084507005,1,,量占比與後續報酬的描述性相關；非因果或預測能力，少量樣本不作判斷,描述性關係；尚未扣費用、檢查除權息或做樣本外驗證；不評分、不認定關鍵分點
8064,0037003700390076,7790,國票-台中,buy,5,1,1,-6.968641114982576,0.0,-6.968641114982576,0.0,-6.968641114982576,1,,量占比與後續報酬的描述性相關；非因果或預測能力，少量樣本不作判斷,描述性關係；尚未扣費用、檢查除權息或做樣本外驗證；不評分、不認定關鍵分點
8064,0039003100380041,9100,群益金鼎-中壢,buy,5,1,1,-6.968641114982576,0.0,-6.968641114982576,0.0,-6.968641114982576,1,,量占比與後續報酬的描述性相關；非因果或預測能力，少量樣本不作判斷,描述性關係；尚未扣費用、檢查除權息或做樣本外驗證；不評分、不認定關鍵分點
8064,003900380030004b,9800,元大-竹科,sell,5,1,1,-6.968641114982576,0.0,-6.968641114982576,0.0,-6.968641114982576,1,,量占比與後續報酬的描述性相關；非因果或預測能力，少量樣本不作判斷,描述性關係；尚未扣費用、檢查除權息或做樣本外驗證；不評分、不認定關鍵分點
8064,0039004100300030,9A00,永豐金證券,buy,5,1,1,-6.968641114982576,0.0,-6.968641114982576,0.0,-6.968641114982576,1,,量占比與後續報酬的描述性相關；非因果或預測能力，少量樣本不作判斷,描述性關係；尚未扣費用、檢查除權息或做樣本外驗證；不評分、不認定關鍵分點
8064,0039004100390032,9A00,永豐金-萬盛,buy,5,1,1,-6.968641114982576,0.0,-6.968641114982576,0.0,-6.968641114982576,1,,量占比與後續報酬的描述性相關；非因果或預測能力，少量樣本不作判斷,描述性關係；尚未扣費用、檢查除權息或做樣本外驗證；不評分、不認定關鍵分點
8064,0039004200300030,9B00,台新,sell,5,1,1,-6.968641114982576,0.0,-6.968641114982576,0.0,-6.968641114982576,1,,量占比與後續報酬的描述性相關；非因果或預測能力，少量樣本不作判斷,描述性關係；尚未扣費用、檢查除權息或做樣本外驗證；不評分、不認定關鍵分點
8064,0039004200310067,9B00,台新-高雄,sell,5,1,1,-6.968641114982576,0.0,-6.968641114982576,0.0,-6.968641114982576,1,,量占比與後續報酬的描述性相關；非因果或預測能力，少量樣本不作判斷,描述性關係；尚未扣費用、檢查除權息或做樣本外驗證；不評分、不認定關鍵分點
8064,0039004200320072,9B00,台新-城東,sell,5,1,1,-6.968641114982576,0.0,-6.968641114982576,0.0,-6.968641114982576,1,,量占比與後續報酬的描述性相關；非因果或預測能力，少量樣本不作判斷,描述性關係；尚未扣費用、檢查除權息或做樣本外驗證；不評分、不認定關鍵分點
8064,1440,1440,美林,sell,5,1,1,-6.968641114982576,0.0,-6.968641114982576,0.0,-6.968641114982576,1,,量占比與後續報酬的描述性相關；非因果或預測能力，少量樣本不作判斷,描述性關係；尚未扣費用、檢查除權息或做樣本外驗證；不評分、不認定關鍵分點
8064,1470,1470,台灣摩根士丹利,buy,5,1,1,-6.968641114982576,0.0,-6.968641114982576,0.0,-6.968641114982576,1,,量占比與後續報酬的描述性相關；非因果或預測能力，少量樣本不作判斷,描述性關係；尚未扣費用、檢查除權息或做樣本外驗證；不評分、不認定關鍵分點
8064,1480,1480,美商高盛,buy,5,1,1,-6.968641114982576,0.0,-6.968641114982576,0.0,-6.968641114982576,1,,量占比與後續報酬的描述性相關；非因果或預測能力，少量樣本不作判斷,描述性關係；尚未扣費用、檢查除權息或做樣本外驗證；不評分、不認定關鍵分點
8064,1650,1650,新加坡商瑞銀,buy,5,1,1,-6.968641114982576,0.0,-6.968641114982576,0.0,-6.968641114982576,1,,量占比與後續報酬的描述性相關；非因果或預測能力，少量樣本不作判斷,描述性關係；尚未扣費用、檢查除權息或做樣本外驗證；不評分、不認定關鍵分點
8064,6160,6160,中國信託,sell,5,1,1,-6.968641114982576,0.0,-6.968641114982576,0.0,-6.968641114982576,1,,量占比與後續報酬的描述性相關；非因果或預測能力，少量樣本不作判斷,描述性關係；尚未扣費用、檢查除權息或做樣本外驗證；不評分、不認定關鍵分點
8064,6480,6480,福邦證券,sell,5,1,1,-6.968641114982576,0.0,-6.968641114982576,0.0,-6.968641114982576,1,,量占比與後續報酬的描述性相關；非因果或預測能力，少量樣本不作判斷,描述性關係；尚未扣費用、檢查除權息或做樣本外驗證；不評分、不認定關鍵分點
8064,7001,7000,兆豐-嘉義,buy,5,1,1,-6.968641114982576,0.0,-6.968641114982576,0.0,-6.968641114982576,1,,量占比與後續報酬的描述性相關；非因果或預測能力，少量樣本不作判斷,描述性關係；尚未扣費用、檢查除權息或做樣本外驗證；不評分、不認定關鍵分點
8064,8440,8440,摩根大通,buy,5,1,1,-6.968641114982576,0.0,-6.968641114982576,0.0,-6.968641114982576,1,,量占比與後續報酬的描述性相關；非因果或預測能力，少量樣本不作判斷,描述性關係；尚未扣費用、檢查除權息或做樣本外驗證；不評分、不認定關鍵分點
8064,8564,8560,新光-台南,buy,5,1,1,-6.968641114982576,0.0,-6.968641114982576,0.0,-6.968641114982576,1,,量占比與後續報酬的描述性相關；非因果或預測能力，少量樣本不作判斷,描述性關係；尚未扣費用、檢查除權息或做樣本外驗證；不評分、不認定關鍵分點
8064,8882,8880,國泰-台中,sell,5,1,1,-6.968641114982576,0.0,-6.968641114982576,0.0,-6.968641114982576,1,,量占比與後續報酬的描述性相關；非因果或預測能力，少量樣本不作判斷,描述性關係；尚未扣費用、檢查除權息或做樣本外驗證；不評分、不認定關鍵分點
8064,8884,8880,國泰-台南,sell,5,1,1,-6.968641114982576,0.0,-6.968641114982576,0.0,-6.968641114982576,1,,量占比與後續報酬的描述性相關；非因果或預測能力，少量樣本不作判斷,描述性關係；尚未扣費用、檢查除權息或做樣本外驗證；不評分、不認定關鍵分點
8064,9215,9200,凱基-高美館,buy,5,1,1,-6.968641114982576,0.0,-6.968641114982576,0.0,-6.968641114982576,1,,量占比與後續報酬的描述性相關；非因果或預測能力，少量樣本不作判斷,描述性關係；尚未扣費用、檢查除權息或做樣本外驗證；不評分、不認定關鍵分點
8064,9227,9200,凱基-城中,sell,5,1,1,-6.968641114982576,0.0,-6.968641114982576,0.0,-6.968641114982576,1,,量占比與後續報酬的描述性相關；非因果或預測能力，少量樣本不作判斷,描述性關係；尚未扣費用、檢查除權息或做樣本外驗證；不評分、不認定關鍵分點
8064,9268,9200,凱基-台北,buy,5,1,1,-6.968641114982576,0.0,-6.968641114982576,0.0,-6.968641114982576,1,,量占比與後續報酬的描述性相關；非因果或預測能力，少量樣本不作判斷,描述性關係；尚未扣費用、檢查除權息或做樣本外驗證；不評分、不認定關鍵分點
8064,9300,9300,華南永昌,buy,5,1,1,-6.968641114982576,0.0,-6.968641114982576,0.0,-6.968641114982576,1,,量占比與後續報酬的描述性相關；非因果或預測能力，少量樣本不作判斷,描述性關係；尚未扣費用、檢查除權息或做樣本外驗證；不評分、不認定關鍵分點
8064,9306,9300,華南永昌-台南,sell,5,1,1,-6.968641114982576,0.0,-6.968641114982576,0.0,-6.968641114982576,1,,量占比與後續報酬的描述性相關；非因果或預測能力，少量樣本不作判斷,描述性關係；尚未扣費用、檢查除權息或做樣本外驗證；不評分、不認定關鍵分點
8064,9359,9300,華南永昌-中正,buy,5,1,1,-6.968641114982576,0.0,-6.968641114982576,0.0,-6.968641114982576,1,,量占比與後續報酬的描述性相關；非因果或預測能力，少量樣本不作判斷,描述性關係；尚未扣費用、檢查除權息或做樣本外驗證；不評分、不認定關鍵分點
8064,9623,9600,富邦-台北,sell,5,1,1,-6.968641114982576,0.0,-6.968641114982576,0.0,-6.968641114982576,1,,量占比與後續報酬的描述性相關；非因果或預測能力，少量樣本不作判斷,描述性關係；尚未扣費用、檢查除權息或做樣本外驗證；不評分、不認定關鍵分點
8064,9686,9600,富邦-宜蘭,sell,5,1,1,-6.968641114982576,0.0,-6.968641114982576,0.0,-6.968641114982576,1,,量占比與後續報酬的描述性相關；非因果或預測能力，少量樣本不作判斷,描述性關係；尚未扣費用、檢查除權息或做樣本外驗證；不評分、不認定關鍵分點
8064,9800,9800,元大證券,buy,5,1,1,-6.968641114982576,0.0,-6.968641114982576,0.0,-6.968641114982576,1,,量占比與後續報酬的描述性相關；非因果或預測能力，少量樣本不作判斷,描述性關係；尚未扣費用、檢查除權息或做樣本外驗證；不評分、不認定關鍵分點
8064,9852,9800,元大-永春,sell,5,1,1,-6.968641114982576,0.0,-6.968641114982576,0.0,-6.968641114982576,1,,量占比與後續報酬的描述性相關；非因果或預測能力，少量樣本不作判斷,描述性關係；尚未扣費用、檢查除權息或做樣本外驗證；不評分、不認定關鍵分點
8064,9893,9800,元大-大天母,sell,5,1,1,-6.968641114982576,0.0,-6.968641114982576,0.0,-6.968641114982576,1,,量占比與後續報酬的描述性相關；非因果或預測能力，少量樣本不作判斷,描述性關係；尚未扣費用、檢查除權息或做樣本外驗證；不評分、不認定關鍵分點
8103,0031003000320047,1020,合庫-三重,sell,5,1,1,-7.6612903225806495,0.0,-7.6612903225806495,0.0,-7.6612903225806495,1,,量占比與後續報酬的描述性相關；非因果或預測能力，少量樣本不作判斷,描述性關係；尚未扣費用、檢查除權息或做樣本外驗證；不評分、不認定關鍵分點
8103,0031003200360055,1260,宏遠-館前,sell,5,1,1,-7.6612903225806495,0.0,-7.6612903225806495,0.0,-7.6612903225806495,1,,量占比與後續報酬的描述性相關；非因果或預測能力，少量樣本不作判斷,描述性關係；尚未扣費用、檢查除權息或做樣本外驗證；不評分、不認定關鍵分點
8103,0037003000300055,7000,兆豐-桃鶯,buy,5,1,1,-7.6612903225806495,0.0,-7.6612903225806495,0.0,-7.6612903225806495,1,,量占比與後續報酬的描述性相關；非因果或預測能力，少量樣本不作判斷,描述性關係；尚未扣費用、檢查除權息或做樣本外驗證；不評分、不認定關鍵分點
8103,0038003800340046,8840,玉山-桃園,buy,5,1,1,-7.6612903225806495,0.0,-7.6612903225806495,0.0,-7.6612903225806495,1,,量占比與後續報酬的描述性相關；非因果或預測能力，少量樣本不作判斷,描述性關係；尚未扣費用、檢查除權息或做樣本外驗證；不評分、不認定關鍵分點
8103,003800380038004b,8880,國泰-板橋,buy,5,1,1,-7.6612903225806495,0.0,-7.6612903225806495,0.0,-7.6612903225806495,1,,量占比與後續報酬的描述性相關；非因果或預測能力，少量樣本不作判斷,描述性關係；尚未扣費用、檢查除權息或做樣本外驗證；不評分、不認定關鍵分點
8103,0039003200310059,9200,凱基-東勢,sell,5,1,1,-7.6612903225806495,0.0,-7.6612903225806495,0.0,-7.6612903225806495,1,,量占比與後續報酬的描述性相關；非因果或預測能力，少量樣本不作判斷,描述性關係；尚未扣費用、檢查除權息或做樣本外驗證；不評分、不認定關鍵分點
8103,0039003600320047,9600,富邦-斗六,buy,5,1,1,-7.6612903225806495,0.0,-7.6612903225806495,0.0,-7.6612903225806495,1,,量占比與後續報酬的描述性相關；非因果或預測能力，少量樣本不作判斷,描述性關係；尚未扣費用、檢查除權息或做樣本外驗證；不評分、不認定關鍵分點
8103,0039003800300061,9800,元大-中山北路,sell,5,1,1,-7.6612903225806495,0.0,-7.6612903225806495,0.0,-7.6612903225806495,1,,量占比與後續報酬的描述性相關；非因果或預測能力，少量樣本不作判斷,描述性關係；尚未扣費用、檢查除權息或做樣本外驗證；不評分、不認定關鍵分點
8103,0039003800310068,9800,元大-屏東民生,buy,5,1,1,-7.6612903225806495,0.0,-7.6612903225806495,0.0,-7.6612903225806495,1,,量占比與後續報酬的描述性相關；非因果或預測能力，少量樣本不作判斷,描述性關係；尚未扣費用、檢查除權息或做樣本外驗證；不評分、不認定關鍵分點
8103,0039003800320041,9800,元大-羅東,buy,5,1,1,-7.6612903225806495,0.0,-7.6612903225806495,0.0,-7.6612903225806495,1,,量占比與後續報酬的描述性相關；非因果或預測能力，少量樣本不作判斷,描述性關係；尚未扣費用、檢查除權息或做樣本外驗證；不評分、不認定關鍵分點
8103,0039004100300030,9A00,永豐金證券,buy,5,1,1,-7.6612903225806495,0.0,-7.6612903225806495,0.0,-7.6612903225806495,1,,量占比與後續報酬的描述性相關；非因果或預測能力，少量樣本不作判斷,描述性關係；尚未扣費用、檢查除權息或做樣本外驗證；不評分、不認定關鍵分點
8103,0039004100380031,9A00,永豐金-匯立,sell,5,1,1,-7.6612903225806495,0.0,-7.6612903225806495,0.0,-7.6612903225806495,1,,量占比與後續報酬的描述性相關；非因果或預測能力，少量樣本不作判斷,描述性關係；尚未扣費用、檢查除權息或做樣本外驗證；不評分、不認定關鍵分點
8103,0039004200300030,9B00,台新,sell,5,1,1,-7.6612903225806495,0.0,-7.6612903225806495,0.0,-7.6612903225806495,1,,量占比與後續報酬的描述性相關；非因果或預測能力，少量樣本不作判斷,描述性關係；尚未扣費用、檢查除權息或做樣本外驗證；不評分、不認定關鍵分點
8103,0039004200310036,9B00,台新-台南,buy,5,1,1,-7.6612903225806495,0.0,-7.6612903225806495,0.0,-7.6612903225806495,1,,量占比與後續報酬的描述性相關；非因果或預測能力，少量樣本不作判斷,描述性關係；尚未扣費用、檢查除權息或做樣本外驗證；不評分、不認定關鍵分點
8103,1480,1480,美商高盛,sell,5,1,1,-7.6612903225806495,0.0,-7.6612903225806495,0.0,-7.6612903225806495,1,,量占比與後續報酬的描述性相關；非因果或預測能力，少量樣本不作判斷,描述性關係；尚未扣費用、檢查除權息或做樣本外驗證；不評分、不認定關鍵分點
8103,1650,1650,新加坡商瑞銀,buy,5,1,1,-7.6612903225806495,0.0,-7.6612903225806495,0.0,-7.6612903225806495,1,,量占比與後續報酬的描述性相關；非因果或預測能力，少量樣本不作判斷,描述性關係；尚未扣費用、檢查除權息或做樣本外驗證；不評分、不認定關鍵分點
8103,5858,5850,統一-嘉義,buy,5,1,1,-7.6612903225806495,0.0,-7.6612903225806495,0.0,-7.6612903225806495,1,,量占比與後續報酬的描述性相關；非因果或預測能力，少量樣本不作判斷,描述性關係；尚未扣費用、檢查除權息或做樣本外驗證；不評分、不認定關鍵分點
8103,6012,6010,(牛牛牛)亞-網路,buy,5,1,1,-7.6612903225806495,0.0,-7.6612903225806495,0.0,-7.6612903225806495,1,,量占比與後續報酬的描述性相關；非因果或預測能力，少量樣本不作判斷,描述性關係；尚未扣費用、檢查除權息或做樣本外驗證；不評分、不認定關鍵分點
8103,6160,6160,中國信託,sell,5,1,1,-7.6612903225806495,0.0,-7.6612903225806495,0.0,-7.6612903225806495,1,,量占比與後續報酬的描述性相關；非因果或預測能力，少量樣本不作判斷,描述性關係；尚未扣費用、檢查除權息或做樣本外驗證；不評分、不認定關鍵分點
8103,7790,7790,國票證券,buy,5,1,1,-7.6612903225806495,0.0,-7.6612903225806495,0.0,-7.6612903225806495,1,,量占比與後續報酬的描述性相關；非因果或預測能力，少量樣本不作判斷,描述性關係；尚未扣費用、檢查除權息或做樣本外驗證；不評分、不認定關鍵分點
8103,8440,8440,摩根大通,sell,5,1,1,-7.6612903225806495,0.0,-7.6612903225806495,0.0,-7.6612903225806495,1,,量占比與後續報酬的描述性相關；非因果或預測能力，少量樣本不作判斷,描述性關係；尚未扣費用、檢查除權息或做樣本外驗證；不評分、不認定關鍵分點
8103,8880,8880,國泰證券,buy,5,1,1,-7.6612903225806495,0.0,-7.6612903225806495,0.0,-7.6612903225806495,1,,量占比與後續報酬的描述性相關；非因果或預測能力，少量樣本不作判斷,描述性關係；尚未扣費用、檢查除權息或做樣本外驗證；不評分、不認定關鍵分點
8103,9216,9200,凱基-信義,buy,5,1,1,-7.6612903225806495,0.0,-7.6612903225806495,0.0,-7.6612903225806495,1,,量占比與後續報酬的描述性相關；非因果或預測能力，少量樣本不作判斷,描述性關係；尚未扣費用、檢查除權息或做樣本外驗證；不評分、不認定關鍵分點
8103,9237,9200,凱基-敦北,sell,5,1,1,-7.6612903225806495,0.0,-7.6612903225806495,0.0,-7.6612903225806495,1,,量占比與後續報酬的描述性相關；非因果或預測能力，少量樣本不作判斷,描述性關係；尚未扣費用、檢查除權息或做樣本外驗證；不評分、不認定關鍵分點
8103,9268,9200,凱基-台北,buy,5,1,1,-7.6612903225806495,0.0,-7.6612903225806495,0.0,-7.6612903225806495,1,,量占比與後續報酬的描述性相關；非因果或預測能力，少量樣本不作判斷,描述性關係；尚未扣費用、檢查除權息或做樣本外驗證；不評分、不認定關鍵分點
8103,9285,9200,凱基-中壢,sell,5,1,1,-7.6612903225806495,0.0,-7.6612903225806495,0.0,-7.6612903225806495,1,,量占比與後續報酬的描述性相關；非因果或預測能力，少量樣本不作判斷,描述性關係；尚未扣費用、檢查除權息或做樣本外驗證；不評分、不認定關鍵分點
8103,9655,9600,富邦-板橋,sell,5,1,1,-7.6612903225806495,0.0,-7.6612903225806495,0.0,-7.6612903225806495,1,,量占比與後續報酬的描述性相關；非因果或預測能力，少量樣本不作判斷,描述性關係；尚未扣費用、檢查除權息或做樣本外驗證；不評分、不認定關鍵分點
8103,9801,9800,元大-松江,sell,5,1,1,-7.6612903225806495,0.0,-7.6612903225806495,0.0,-7.6612903225806495,1,,量占比與後續報酬的描述性相關；非因果或預測能力，少量樣本不作判斷,描述性關係；尚未扣費用、檢查除權息或做樣本外驗證；不評分、不認定關鍵分點
8103,9867,9800,元大-內湖民權,sell,5,1,1,-7.6612903225806495,0.0,-7.6612903225806495,0.0,-7.6612903225806495,1,,量占比與後續報酬的描述性相關；非因果或預測能力，少量樣本不作判斷,描述性關係；尚未扣費用、檢查除權息或做樣本外驗證；不評分、不認定關鍵分點
8103,9878,9800,元大-金華,sell,5,1,1,-7.6612903225806495,0.0,-7.6612903225806495,0.0,-7.6612903225806495,1,,量占比與後續報酬的描述性相關；非因果或預測能力，少量樣本不作判斷,描述性關係；尚未扣費用、檢查除權息或做樣本外驗證；不評分、不認定關鍵分點
8110,0038003800340042,8840,玉山-台中,buy,5,1,1,1.129363449691989,1.0,1.129363449691989,0.0,0.2053388090349051,1,,量占比與後續報酬的描述性相關；非因果或預測能力，少量樣本不作判斷,描述性關係；尚未扣費用、檢查除權息或做樣本外驗證；不評分、不認定關鍵分點
8110,003800380038004b,8880,國泰-板橋,buy,5,1,1,1.129363449691989,1.0,1.129363449691989,0.0,0.2053388090349051,1,,量占比與後續報酬的描述性相關；非因果或預測能力，少量樣本不作判斷,描述性關係；尚未扣費用、檢查除權息或做樣本外驗證；不評分、不認定關鍵分點
8110,0039003800300052,9800,元大-信義安和,buy,5,1,1,1.129363449691989,1.0,1.129363449691989,0.0,0.2053388090349051,1,,量占比與後續報酬的描述性相關；非因果或預測能力，少量樣本不作判斷,描述性關係；尚未扣費用、檢查除權息或做樣本外驗證；不評分、不認定關鍵分點
8110,0039003800300064,9800,元大-沙鹿,buy,5,1,1,1.129363449691989,1.0,1.129363449691989,0.0,0.2053388090349051,1,,量占比與後續報酬的描述性相關；非因果或預測能力，少量樣本不作判斷,描述性關係；尚未扣費用、檢查除權息或做樣本外驗證；不評分、不認定關鍵分點
8110,0039003800310053,9800,元大-崇德,buy,5,1,1,1.129363449691989,1.0,1.129363449691989,0.0,0.2053388090349051,1,,量占比與後續報酬的描述性相關；非因果或預測能力，少量樣本不作判斷,描述性關係；尚未扣費用、檢查除權息或做樣本外驗證；不評分、不認定關鍵分點
8110,0039003800310079,9800,元大-善化,buy,5,1,1,1.129363449691989,1.0,1.129363449691989,0.0,0.2053388090349051,1,,量占比與後續報酬的描述性相關；非因果或預測能力，少量樣本不作判斷,描述性關係；尚未扣費用、檢查除權息或做樣本外驗證；不評分、不認定關鍵分點
8110,0039003800320042,9800,元大-博愛,sell,5,1,1,1.129363449691989,1.0,1.129363449691989,0.0,0.2053388090349051,1,,量占比與後續報酬的描述性相關；非因果或預測能力，少量樣本不作判斷,描述性關係；尚未扣費用、檢查除權息或做樣本外驗證；不評分、不認定關鍵分點
8110,003900380039004c,9800,元大-成功,sell,5,1,1,1.129363449691989,1.0,1.129363449691989,0.0,0.2053388090349051,1,,量占比與後續報酬的描述性相關；非因果或預測能力，少量樣本不作判斷,描述性關係；尚未扣費用、檢查除權息或做樣本外驗證；不評分、不認定關鍵分點
8110,0039004100390041,9A00,永豐金-羅東,sell,5,1,1,1.129363449691989,1.0,1.129363449691989,0.0,0.2053388090349051,1,,量占比與後續報酬的描述性相關；非因果或預測能力，少量樣本不作判斷,描述性關係；尚未扣費用、檢查除權息或做樣本外驗證；不評分、不認定關鍵分點
8110,1110,1110,台灣企銀,buy,5,1,1,1.129363449691989,1.0,1.129363449691989,0.0,0.2053388090349051,1,,量占比與後續報酬的描述性相關；非因果或預測能力，少量樣本不作判斷,描述性關係；尚未扣費用、檢查除權息或做樣本外驗證；不評分、不認定關鍵分點
8110,1440,1440,美林,sell,5,1,1,1.129363449691989,1.0,1.129363449691989,0.0,0.2053388090349051,1,,量占比與後續報酬的描述性相關；非因果或預測能力，少量樣本不作判斷,描述性關係；尚未扣費用、檢查除權息或做樣本外驗證；不評分、不認定關鍵分點
8110,1480,1480,美商高盛,sell,5,1,1,1.129363449691989,1.0,1.129363449691989,0.0,0.2053388090349051,1,,量占比與後續報酬的描述性相關；非因果或預測能力，少量樣本不作判斷,描述性關係；尚未扣費用、檢查除權息或做樣本外驗證；不評分、不認定關鍵分點
8110,1560,1560,港商野村,sell,5,1,1,1.129363449691989,1.0,1.129363449691989,0.0,0.2053388090349051,1,,量占比與後續報酬的描述性相關；非因果或預測能力，少量樣本不作判斷,描述性關係；尚未扣費用、檢查除權息或做樣本外驗證；不評分、不認定關鍵分點
8110,1650,1650,新加坡商瑞銀,sell,5,1,1,1.129363449691989,1.0,1.129363449691989,0.0,0.2053388090349051,1,,量占比與後續報酬的描述性相關；非因果或預測能力，少量樣本不作判斷,描述性關係；尚未扣費用、檢查除權息或做樣本外驗證；不評分、不認定關鍵分點
8110,5850,5850,統一,buy,5,1,1,1.129363449691989,1.0,1.129363449691989,0.0,0.2053388090349051,1,,量占比與後續報酬的描述性相關；非因果或預測能力，少量樣本不作判斷,描述性關係；尚未扣費用、檢查除權息或做樣本外驗證；不評分、不認定關鍵分點
8110,6380,6380,光和,buy,5,1,1,1.129363449691989,1.0,1.129363449691989,0.0,0.2053388090349051,1,,量占比與後續報酬的描述性相關；非因果或預測能力，少量樣本不作判斷,描述性關係；尚未扣費用、檢查除權息或做樣本外驗證；不評分、不認定關鍵分點
8110,6451,6450,永全-南崁,sell,5,1,1,1.129363449691989,1.0,1.129363449691989,0.0,0.2053388090349051,1,,量占比與後續報酬的描述性相關；非因果或預測能力，少量樣本不作判斷,描述性關係；尚未扣費用、檢查除權息或做樣本外驗證；不評分、不認定關鍵分點
8110,6460,6460,大昌,buy,5,1,1,1.129363449691989,1.0,1.129363449691989,0.0,0.2053388090349051,1,,量占比與後續報酬的描述性相關；非因果或預測能力，少量樣本不作判斷,描述性關係；尚未扣費用、檢查除權息或做樣本外驗證；不評分、不認定關鍵分點
8110,7007,7000,兆豐-竹北,buy,5,1,1,1.129363449691989,1.0,1.129363449691989,0.0,0.2053388090349051,1,,量占比與後續報酬的描述性相關；非因果或預測能力，少量樣本不作判斷,描述性關係；尚未扣費用、檢查除權息或做樣本外驗證；不評分、不認定關鍵分點
8110,8846,8840,玉山-板橋,sell,5,1,1,1.129363449691989,1.0,1.129363449691989,0.0,0.2053388090349051,1,,量占比與後續報酬的描述性相關；非因果或預測能力，少量樣本不作判斷,描述性關係；尚未扣費用、檢查除權息或做樣本外驗證；不評分、不認定關鍵分點
8110,8849,8840,玉山-景美,buy,5,1,1,1.129363449691989,1.0,1.129363449691989,0.0,0.2053388090349051,1,,量占比與後續報酬的描述性相關；非因果或預測能力，少量樣本不作判斷,描述性關係；尚未扣費用、檢查除權息或做樣本外驗證；不評分、不認定關鍵分點
8110,9101,9100,群益金鼎-敦南,sell,5,1,1,1.129363449691989,1.0,1.129363449691989,0.0,0.2053388090349051,1,,量占比與後續報酬的描述性相關；非因果或預測能力，少量樣本不作判斷,描述性關係；尚未扣費用、檢查除權息或做樣本外驗證；不評分、不認定關鍵分點
8110,9202,9200,凱基-中港,sell,5,1,1,1.129363449691989,1.0,1.129363449691989,0.0,0.2053388090349051,1,,量占比與後續報酬的描述性相關；非因果或預測能力，少量樣本不作判斷,描述性關係；尚未扣費用、檢查除權息或做樣本外驗證；不評分、不認定關鍵分點
8110,9268,9200,凱基-台北,sell,5,1,1,1.129363449691989,1.0,1.129363449691989,0.0,0.2053388090349051,1,,量占比與後續報酬的描述性相關；非因果或預測能力，少量樣本不作判斷,描述性關係；尚未扣費用、檢查除權息或做樣本外驗證；不評分、不認定關鍵分點
8110,9302,9300,華南永昌-台中,sell,5,1,1,1.129363449691989,1.0,1.129363449691989,0.0,0.2053388090349051,1,,量占比與後續報酬的描述性相關；非因果或預測能力，少量樣本不作判斷,描述性關係；尚未扣費用、檢查除權息或做樣本外驗證；不評分、不認定關鍵分點
8110,9369,9300,華南永昌-三重,buy,5,1,1,1.129363449691989,1.0,1.129363449691989,0.0,0.2053388090349051,1,,量占比與後續報酬的描述性相關；非因果或預測能力，少量樣本不作判斷,描述性關係；尚未扣費用、檢查除權息或做樣本外驗證；不評分、不認定關鍵分點
8110,9625,9600,富邦-竹東,buy,5,1,1,1.129363449691989,1.0,1.129363449691989,0.0,0.2053388090349051,1,,量占比與後續報酬的描述性相關；非因果或預測能力，少量樣本不作判斷,描述性關係；尚未扣費用、檢查除權息或做樣本外驗證；不評分、不認定關鍵分點
8110,9800,9800,元大證券,sell,5,1,1,1.129363449691989,1.0,1.129363449691989,0.0,0.2053388090349051,1,,量占比與後續報酬的描述性相關；非因果或預測能力，少量樣本不作判斷,描述性關係；尚未扣費用、檢查除權息或做樣本外驗證；不評分、不認定關鍵分點
8110,9891,9800,元大-永和,sell,5,1,1,1.129363449691989,1.0,1.129363449691989,0.0,0.2053388090349051,1,,量占比與後續報酬的描述性相關；非因果或預測能力，少量樣本不作判斷,描述性關係；尚未扣費用、檢查除權息或做樣本外驗證；不評分、不認定關鍵分點
8110,9894,9800,元大-桃興,buy,5,1,1,1.129363449691989,1.0,1.129363449691989,0.0,0.2053388090349051,1,,量占比與後續報酬的描述性相關；非因果或預測能力，少量樣本不作判斷,描述性關係；尚未扣費用、檢查除權息或做樣本外驗證；不評分、不認定關鍵分點
8150,003700370039005a,7790,國票-安和,sell,5,1,1,10.822510822510822,1.0,10.822510822510822,0.0,7.3593073593073655,1,,量占比與後續報酬的描述性相關；非因果或預測能力，少量樣本不作判斷,描述性關係；尚未扣費用、檢查除權息或做樣本外驗證；不評分、不認定關鍵分點
8150,0037003700390063,7790,國票-敦北法人,buy,5,1,1,10.822510822510822,1.0,10.822510822510822,0.0,7.3593073593073655,1,,量占比與後續報酬的描述性相關；非因果或預測能力，少量樣本不作判斷,描述性關係；尚未扣費用、檢查除權息或做樣本外驗證；不評分、不認定關鍵分點
8150,0039003100330059,9100,群益金鼎-館前,sell,5,1,1,10.822510822510822,1.0,10.822510822510822,0.0,7.3593073593073655,1,,量占比與後續報酬的描述性相關；非因果或預測能力，少量樣本不作判斷,描述性關係；尚未扣費用、檢查除權息或做樣本外驗證；不評分、不認定關鍵分點
8150,0039003200300046,9200,凱基-站前,buy,5,1,1,10.822510822510822,1.0,10.822510822510822,0.0,7.3593073593073655,1,,量占比與後續報酬的描述性相關；非因果或預測能力，少量樣本不作判斷,描述性關係；尚未扣費用、檢查除權息或做樣本外驗證；不評分、不認定關鍵分點
8150,0039003800310049,9800,元大-天母,sell,5,1,1,10.822510822510822,1.0,10.822510822510822,0.0,7.3593073593073655,1,,量占比與後續報酬的描述性相關；非因果或預測能力，少量樣本不作判斷,描述性關係；尚未扣費用、檢查除權息或做樣本外驗證；不評分、不認定關鍵分點
8150,0039003800380042,9800,元大-桃園,buy,5,1,1,10.822510822510822,1.0,10.822510822510822,0.0,7.3593073593073655,1,,量占比與後續報酬的描述性相關；非因果或預測能力，少量樣本不作判斷,描述性關係；尚未扣費用、檢查除權息或做樣本外驗證；不評分、不認定關鍵分點
8150,0039004200300030,9B00,台新,sell,5,1,1,10.822510822510822,1.0,10.822510822510822,0.0,7.3593073593073655,1,,量占比與後續報酬的描述性相關；非因果或預測能力，少量樣本不作判斷,描述性關係；尚未扣費用、檢查除權息或做樣本外驗證；不評分、不認定關鍵分點
8150,0039004200320061,9B00,台新-松德,sell,5,1,1,10.822510822510822,1.0,10.822510822510822,0.0,7.3593073593073655,1,,量占比與後續報酬的描述性相關；非因果或預測能力，少量樣本不作判斷,描述性關係；尚未扣費用、檢查除權息或做樣本外驗證；不評分、不認定關鍵分點
8150,1440,1440,美林,buy,5,1,1,10.822510822510822,1.0,10.822510822510822,0.0,7.3593073593073655,1,,量占比與後續報酬的描述性相關；非因果或預測能力，少量樣本不作判斷,描述性關係；尚未扣費用、檢查除權息或做樣本外驗證；不評分、不認定關鍵分點
8150,1470,1470,台灣摩根士丹利,sell,5,1,1,10.822510822510822,1.0,10.822510822510822,0.0,7.3593073593073655,1,,量占比與後續報酬的描述性相關；非因果或預測能力，少量樣本不作判斷,描述性關係；尚未扣費用、檢查除權息或做樣本外驗證；不評分、不認定關鍵分點
8150,1480,1480,美商高盛,buy,5,1,1,10.822510822510822,1.0,10.822510822510822,0.0,7.3593073593073655,1,,量占比與後續報酬的描述性相關；非因果或預測能力，少量樣本不作判斷,描述性關係；尚未扣費用、檢查除權息或做樣本外驗證；不評分、不認定關鍵分點
8150,1560,1560,港商野村,sell,5,1,1,10.822510822510822,1.0,10.822510822510822,0.0,7.3593073593073655,1,,量占比與後續報酬的描述性相關；非因果或預測能力，少量樣本不作判斷,描述性關係；尚未扣費用、檢查除權息或做樣本外驗證；不評分、不認定關鍵分點
8150,1650,1650,新加坡商瑞銀,buy,5,1,1,10.822510822510822,1.0,10.822510822510822,0.0,7.3593073593073655,1,,量占比與後續報酬的描述性相關；非因果或預測能力，少量樣本不作判斷,描述性關係；尚未扣費用、檢查除權息或做樣本外驗證；不評分、不認定關鍵分點
8150,7000,7000,兆豐證券,sell,5,1,1,10.822510822510822,1.0,10.822510822510822,0.0,7.3593073593073655,1,,量占比與後續報酬的描述性相關；非因果或預測能力，少量樣本不作判斷,描述性關係；尚未扣費用、檢查除權息或做樣本外驗證；不評分、不認定關鍵分點
8150,8440,8440,摩根大通,buy,5,1,1,10.822510822510822,1.0,10.822510822510822,0.0,7.3593073593073655,1,,量占比與後續報酬的描述性相關；非因果或預測能力，少量樣本不作判斷,描述性關係；尚未扣費用、檢查除權息或做樣本外驗證；不評分、不認定關鍵分點
8150,8560,8560,新光,buy,5,1,1,10.822510822510822,1.0,10.822510822510822,0.0,7.3593073593073655,1,,量占比與後續報酬的描述性相關；非因果或預測能力，少量樣本不作判斷,描述性關係；尚未扣費用、檢查除權息或做樣本外驗證；不評分、不認定關鍵分點
8150,8880,8880,國泰證券,sell,5,1,1,10.822510822510822,1.0,10.822510822510822,0.0,7.3593073593073655,1,,量占比與後續報酬的描述性相關；非因果或預測能力，少量樣本不作判斷,描述性關係；尚未扣費用、檢查除權息或做樣本外驗證；不評分、不認定關鍵分點
8150,8888,8880,國泰-敦南,buy,5,1,1,10.822510822510822,1.0,10.822510822510822,0.0,7.3593073593073655,1,,量占比與後續報酬的描述性相關；非因果或預測能力，少量樣本不作判斷,描述性關係；尚未扣費用、檢查除權息或做樣本外驗證；不評分、不認定關鍵分點
8150,9100,9100,群益金鼎,sell,5,1,1,10.822510822510822,1.0,10.822510822510822,0.0,7.3593073593073655,1,,量占比與後續報酬的描述性相關；非因果或預測能力，少量樣本不作判斷,描述性關係；尚未扣費用、檢查除權息或做樣本外驗證；不評分、不認定關鍵分點
8150,9135,9100,群益金鼎-東大,buy,5,1,1,10.822510822510822,1.0,10.822510822510822,0.0,7.3593073593073655,1,,量占比與後續報酬的描述性相關；非因果或預測能力，少量樣本不作判斷,描述性關係；尚未扣費用、檢查除權息或做樣本外驗證；不評分、不認定關鍵分點
8150,9223,9200,凱基-豐中,sell,5,1,1,10.822510822510822,1.0,10.822510822510822,0.0,7.3593073593073655,1,,量占比與後續報酬的描述性相關；非因果或預測能力，少量樣本不作判斷,描述性關係；尚未扣費用、檢查除權息或做樣本外驗證；不評分、不認定關鍵分點
8150,9268,9200,凱基-台北,sell,5,1,1,10.822510822510822,1.0,10.822510822510822,0.0,7.3593073593073655,1,,量占比與後續報酬的描述性相關；非因果或預測能力，少量樣本不作判斷,描述性關係；尚未扣費用、檢查除權息或做樣本外驗證；不評分、不認定關鍵分點
8150,9600,9600,富邦證券,sell,5,1,1,10.822510822510822,1.0,10.822510822510822,0.0,7.3593073593073655,1,,量占比與後續報酬的描述性相關；非因果或預測能力，少量樣本不作判斷,描述性關係；尚未扣費用、檢查除權息或做樣本外驗證；不評分、不認定關鍵分點
8150,9623,9600,富邦-台北,buy,5,1,1,10.822510822510822,1.0,10.822510822510822,0.0,7.3593073593073655,1,,量占比與後續報酬的描述性相關；非因果或預測能力，少量樣本不作判斷,描述性關係；尚未扣費用、檢查除權息或做樣本外驗證；不評分、不認定關鍵分點
8150,9654,9600,富邦-永和,buy,5,1,1,10.822510822510822,1.0,10.822510822510822,0.0,7.3593073593073655,1,,量占比與後續報酬的描述性相關；非因果或預測能力，少量樣本不作判斷,描述性關係；尚未扣費用、檢查除權息或做樣本外驗證；不評分、不認定關鍵分點
8150,9692,9600,富邦-嘉義,buy,5,1,1,10.822510822510822,1.0,10.822510822510822,0.0,7.3593073593073655,1,,量占比與後續報酬的描述性相關；非因果或預測能力，少量樣本不作判斷,描述性關係；尚未扣費用、檢查除權息或做樣本外驗證；不評分、不認定關鍵分點
8150,9800,9800,元大證券,sell,5,1,1,10.822510822510822,1.0,10.822510822510822,0.0,7.3593073593073655,1,,量占比與後續報酬的描述性相關；非因果或預測能力，少量樣本不作判斷,描述性關係；尚未扣費用、檢查除權息或做樣本外驗證；不評分、不認定關鍵分點
8150,9801,9800,元大-松江,sell,5,1,1,10.822510822510822,1.0,10.822510822510822,0.0,7.3593073593073655,1,,量占比與後續報酬的描述性相關；非因果或預測能力，少量樣本不作判斷,描述性關係；尚未扣費用、檢查除權息或做樣本外驗證；不評分、不認定關鍵分點
8150,9862,9800,元大-南京,buy,5,1,1,10.822510822510822,1.0,10.822510822510822,0.0,7.3593073593073655,1,,量占比與後續報酬的描述性相關；非因果或預測能力，少量樣本不作判斷,描述性關係；尚未扣費用、檢查除權息或做樣本外驗證；不評分、不認定關鍵分點
8150,9872,9800,元大-復北,buy,5,1,1,10.822510822510822,1.0,10.822510822510822,0.0,7.3593073593073655,1,,量占比與後續報酬的描述性相關；非因果或預測能力，少量樣本不作判斷,描述性關係；尚未扣費用、檢查除權息或做樣本外驗證；不評分、不認定關鍵分點
8210,0035003800350048,5850,統一-桃園,buy,5,1,1,3.4319526627218933,1.0,3.4319526627218933,0.0,-0.4733727810650845,1,,量占比與後續報酬的描述性相關；非因果或預測能力，少量樣本不作判斷,描述性關係；尚未扣費用、檢查除權息或做樣本外驗證；不評分、不認定關鍵分點
8210,0035003800350050,5850,統一-板橋,sell,5,1,1,3.4319526627218933,1.0,3.4319526627218933,0.0,-0.4733727810650845,1,,量占比與後續報酬的描述性相關；非因果或預測能力，少量樣本不作判斷,描述性關係；尚未扣費用、檢查除權息或做樣本外驗證；不評分、不認定關鍵分點
8210,0037003700390063,7790,國票-敦北法人,sell,5,1,1,3.4319526627218933,1.0,3.4319526627218933,0.0,-0.4733727810650845,1,,量占比與後續報酬的描述性相關；非因果或預測能力，少量樣本不作判斷,描述性關係；尚未扣費用、檢查除權息或做樣本外驗證；不評分、不認定關鍵分點
8210,003900360031004e,9600,富邦-青埔,buy,5,1,1,3.4319526627218933,1.0,3.4319526627218933,0.0,-0.4733727810650845,1,,量占比與後續報酬的描述性相關；非因果或預測能力，少量樣本不作判斷,描述性關係；尚未扣費用、檢查除權息或做樣本外驗證；不評分、不認定關鍵分點
8210,0039003800310046,9800,元大-福營,sell,5,1,1,3.4319526627218933,1.0,3.4319526627218933,0.0,-0.4733727810650845,1,,量占比與後續報酬的描述性相關；非因果或預測能力，少量樣本不作判斷,描述性關係；尚未扣費用、檢查除權息或做樣本外驗證；不評分、不認定關鍵分點
8210,0039004100300030,9A00,永豐金證券,sell,5,1,1,3.4319526627218933,1.0,3.4319526627218933,0.0,-0.4733727810650845,1,,量占比與後續報酬的描述性相關；非因果或預測能力，少量樣本不作判斷,描述性關係；尚未扣費用、檢查除權息或做樣本外驗證；不評分、不認定關鍵分點
8210,0039004100390048,9A00,永豐金-新莊,buy,5,1,1,3.4319526627218933,1.0,3.4319526627218933,0.0,-0.4733727810650845,1,,量占比與後續報酬的描述性相關；非因果或預測能力，少量樣本不作判斷,描述性關係；尚未扣費用、檢查除權息或做樣本外驗證；不評分、不認定關鍵分點
8210,0039004100390068,9A00,永豐金-台南,buy,5,1,1,3.4319526627218933,1.0,3.4319526627218933,0.0,-0.4733727810650845,1,,量占比與後續報酬的描述性相關；非因果或預測能力，少量樣本不作判斷,描述性關係；尚未扣費用、檢查除權息或做樣本外驗證；不評分、不認定關鍵分點
8210,0039004200310035,9B00,台新-松江,buy,5,1,1,3.4319526627218933,1.0,3.4319526627218933,0.0,-0.4733727810650845,1,,量占比與後續報酬的描述性相關；非因果或預測能力，少量樣本不作判斷,描述性關係；尚未扣費用、檢查除權息或做樣本外驗證；不評分、不認定關鍵分點
8210,0039004200320048,9B00,台新-信義,sell,5,1,1,3.4319526627218933,1.0,3.4319526627218933,0.0,-0.4733727810650845,1,,量占比與後續報酬的描述性相關；非因果或預測能力，少量樣本不作判斷,描述性關係；尚未扣費用、檢查除權息或做樣本外驗證；不評分、不認定關鍵分點
8210,1031,1030,土銀-台中,buy,5,1,1,3.4319526627218933,1.0,3.4319526627218933,0.0,-0.4733727810650845,1,,量占比與後續報酬的描述性相關；非因果或預測能力，少量樣本不作判斷,描述性關係；尚未扣費用、檢查除權息或做樣本外驗證；不評分、不認定關鍵分點
8210,1440,1440,美林,sell,5,1,1,3.4319526627218933,1.0,3.4319526627218933,0.0,-0.4733727810650845,1,,量占比與後續報酬的描述性相關；非因果或預測能力，少量樣本不作判斷,描述性關係；尚未扣費用、檢查除權息或做樣本外驗證；不評分、不認定關鍵分點
8210,1470,1470,台灣摩根士丹利,sell,5,1,1,3.4319526627218933,1.0,3.4319526627218933,0.0,-0.4733727810650845,1,,量占比與後續報酬的描述性相關；非因果或預測能力，少量樣本不作判斷,描述性關係；尚未扣費用、檢查除權息或做樣本外驗證；不評分、不認定關鍵分點
8210,1480,1480,美商高盛,sell,5,1,1,3.4319526627218933,1.0,3.4319526627218933,0.0,-0.4733727810650845,1,,量占比與後續報酬的描述性相關；非因果或預測能力，少量樣本不作判斷,描述性關係；尚未扣費用、檢查除權息或做樣本外驗證；不評分、不認定關鍵分點
8210,1560,1560,港商野村,buy,5,1,1,3.4319526627218933,1.0,3.4319526627218933,0.0,-0.4733727810650845,1,,量占比與後續報酬的描述性相關；非因果或預測能力，少量樣本不作判斷,描述性關係；尚未扣費用、檢查除權息或做樣本外驗證；不評分、不認定關鍵分點
8210,5850,5850,統一,sell,5,1,1,3.4319526627218933,1.0,3.4319526627218933,0.0,-0.4733727810650845,1,,量占比與後續報酬的描述性相關；非因果或預測能力，少量樣本不作判斷,描述性關係；尚未扣費用、檢查除權息或做樣本外驗證；不評分、不認定關鍵分點
8210,6162,6160,中國信託-忠孝,buy,5,1,1,3.4319526627218933,1.0,3.4319526627218933,0.0,-0.4733727810650845,1,,量占比與後續報酬的描述性相關；非因果或預測能力，少量樣本不作判斷,描述性關係；尚未扣費用、檢查除權息或做樣本外驗證；不評分、不認定關鍵分點
8210,6620,6620,口袋證券,buy,5,1,1,3.4319526627218933,1.0,3.4319526627218933,0.0,-0.4733727810650845,1,,量占比與後續報酬的描述性相關；非因果或預測能力，少量樣本不作判斷,描述性關係；尚未扣費用、檢查除權息或做樣本外驗證；不評分、不認定關鍵分點
8210,7000,7000,兆豐證券,sell,5,1,1,3.4319526627218933,1.0,3.4319526627218933,0.0,-0.4733727810650845,1,,量占比與後續報酬的描述性相關；非因果或預測能力，少量樣本不作判斷,描述性關係；尚未扣費用、檢查除權息或做樣本外驗證；不評分、不認定關鍵分點
8210,8440,8440,摩根大通,sell,5,1,1,3.4319526627218933,1.0,3.4319526627218933,0.0,-0.4733727810650845,1,,量占比與後續報酬的描述性相關；非因果或預測能力，少量樣本不作判斷,描述性關係；尚未扣費用、檢查除權息或做樣本外驗證；不評分、不認定關鍵分點
8210,8560,8560,新光,buy,5,1,1,3.4319526627218933,1.0,3.4319526627218933,0.0,-0.4733727810650845,1,,量占比與後續報酬的描述性相關；非因果或預測能力，少量樣本不作判斷,描述性關係；尚未扣費用、檢查除權息或做樣本外驗證；不評分、不認定關鍵分點
8210,8880,8880,國泰證券,sell,5,1,1,3.4319526627218933,1.0,3.4319526627218933,0.0,-0.4733727810650845,1,,量占比與後續報酬的描述性相關；非因果或預測能力，少量樣本不作判斷,描述性關係；尚未扣費用、檢查除權息或做樣本外驗證；不評分、不認定關鍵分點
8210,9183,9100,群益金鼎-高雄,buy,5,1,1,3.4319526627218933,1.0,3.4319526627218933,0.0,-0.4733727810650845,1,,量占比與後續報酬的描述性相關；非因果或預測能力，少量樣本不作判斷,描述性關係；尚未扣費用、檢查除權息或做樣本外驗證；不評分、不認定關鍵分點
8210,9229,9200,凱基-中山,sell,5,1,1,3.4319526627218933,1.0,3.4319526627218933,0.0,-0.4733727810650845,1,,量占比與後續報酬的描述性相關；非因果或預測能力，少量樣本不作判斷,描述性關係；尚未扣費用、檢查除權息或做樣本外驗證；不評分、不認定關鍵分點
8210,9268,9200,凱基-台北,buy,5,1,1,3.4319526627218933,1.0,3.4319526627218933,0.0,-0.4733727810650845,1,,量占比與後續報酬的描述性相關；非因果或預測能力，少量樣本不作判斷,描述性關係；尚未扣費用、檢查除權息或做樣本外驗證；不評分、不認定關鍵分點
8210,9300,9300,華南永昌,sell,5,1,1,3.4319526627218933,1.0,3.4319526627218933,0.0,-0.4733727810650845,1,,量占比與後續報酬的描述性相關；非因果或預測能力，少量樣本不作判斷,描述性關係；尚未扣費用、檢查除權息或做樣本外驗證；不評分、不認定關鍵分點
8210,9326,9300,華南永昌-南京,buy,5,1,1,3.4319526627218933,1.0,3.4319526627218933,0.0,-0.4733727810650845,1,,量占比與後續報酬的描述性相關；非因果或預測能力，少量樣本不作判斷,描述性關係；尚未扣費用、檢查除權息或做樣本外驗證；不評分、不認定關鍵分點
8210,9676,9600,富邦-仁愛,buy,5,1,1,3.4319526627218933,1.0,3.4319526627218933,0.0,-0.4733727810650845,1,,量占比與後續報酬的描述性相關；非因果或預測能力，少量樣本不作判斷,描述性關係；尚未扣費用、檢查除權息或做樣本外驗證；不評分、不認定關鍵分點
8210,9800,9800,元大證券,sell,5,1,1,3.4319526627218933,1.0,3.4319526627218933,0.0,-0.4733727810650845,1,,量占比與後續報酬的描述性相關；非因果或預測能力，少量樣本不作判斷,描述性關係；尚未扣費用、檢查除權息或做樣本外驗證；不評分、不認定關鍵分點
8210,9872,9800,元大-復北,buy,5,1,1,3.4319526627218933,1.0,3.4319526627218933,0.0,-0.4733727810650845,1,,量占比與後續報酬的描述性相關；非因果或預測能力，少量樣本不作判斷,描述性關係；尚未扣費用、檢查除權息或做樣本外驗證；不評分、不認定關鍵分點
8227,0037003000300056,7000,兆豐-新竹,buy,5,1,1,-7.840440165061901,0.0,-7.840440165061901,0.0,-7.840440165061901,1,,量占比與後續報酬的描述性相關；非因果或預測能力，少量樣本不作判斷,描述性關係；尚未扣費用、檢查除權息或做樣本外驗證；不評分、不認定關鍵分點
8227,0039003100330059,9100,群益金鼎-館前,sell,5,1,1,-7.840440165061901,0.0,-7.840440165061901,0.0,-7.840440165061901,1,,量占比與後續報酬的描述性相關；非因果或預測能力，少量樣本不作判斷,描述性關係；尚未扣費用、檢查除權息或做樣本外驗證；不評分、不認定關鍵分點
8227,003900310038004a,9100,群益金鼎-永和,sell,5,1,1,-7.840440165061901,0.0,-7.840440165061901,0.0,-7.840440165061901,1,,量占比與後續報酬的描述性相關；非因果或預測能力，少量樣本不作判斷,描述性關係；尚未扣費用、檢查除權息或做樣本外驗證；不評分、不認定關鍵分點
8227,0039003100380057,9100,群益金鼎-忠孝,buy,5,1,1,-7.840440165061901,0.0,-7.840440165061901,0.0,-7.840440165061901,1,,量占比與後續報酬的描述性相關；非因果或預測能力，少量樣本不作判斷,描述性關係；尚未扣費用、檢查除權息或做樣本外驗證；不評分、不認定關鍵分點
8227,0039003800300068,9800,元大-台北,sell,5,1,1,-7.840440165061901,0.0,-7.840440165061901,0.0,-7.840440165061901,1,,量占比與後續報酬的描述性相關；非因果或預測能力，少量樣本不作判斷,描述性關係；尚未扣費用、檢查除權息或做樣本外驗證；不評分、不認定關鍵分點
8227,0039003800310049,9800,元大-天母,buy,5,1,1,-7.840440165061901,0.0,-7.840440165061901,0.0,-7.840440165061901,1,,量占比與後續報酬的描述性相關；非因果或預測能力，少量樣本不作判斷,描述性關係；尚未扣費用、檢查除權息或做樣本外驗證；不評分、不認定關鍵分點
8227,003900380033006a,9800,元大-仁愛,buy,5,1,1,-7.840440165061901,0.0,-7.840440165061901,0.0,-7.840440165061901,1,,量占比與後續報酬的描述性相關；非因果或預測能力，少量樣本不作判斷,描述性關係；尚未扣費用、檢查除權息或做樣本外驗證；不評分、不認定關鍵分點
8227,0039003800390047,9800,元大-大同,buy,5,1,1,-7.840440165061901,0.0,-7.840440165061901,0.0,-7.840440165061901,1,,量占比與後續報酬的描述性相關；非因果或預測能力，少量樣本不作判斷,描述性關係；尚未扣費用、檢查除權息或做樣本外驗證；不評分、不認定關鍵分點
8227,0039004100300030,9A00,永豐金證券,sell,5,1,1,-7.840440165061901,0.0,-7.840440165061901,0.0,-7.840440165061901,1,,量占比與後續報酬的描述性相關；非因果或預測能力，少量樣本不作判斷,描述性關係；尚未扣費用、檢查除權息或做樣本外驗證；不評分、不認定關鍵分點
8227,0039004100390053,9A00,永豐金-南京,sell,5,1,1,-7.840440165061901,0.0,-7.840440165061901,0.0,-7.840440165061901,1,,量占比與後續報酬的描述性相關；非因果或預測能力，少量樣本不作判斷,描述性關係；尚未扣費用、檢查除權息或做樣本外驗證；不評分、不認定關鍵分點
8227,1440,1440,美林,buy,5,1,1,-7.840440165061901,0.0,-7.840440165061901,0.0,-7.840440165061901,1,,量占比與後續報酬的描述性相關；非因果或預測能力，少量樣本不作判斷,描述性關係；尚未扣費用、檢查除權息或做樣本外驗證；不評分、不認定關鍵分點
8227,1470,1470,台灣摩根士丹利,buy,5,1,1,-7.840440165061901,0.0,-7.840440165061901,0.0,-7.840440165061901,1,,量占比與後續報酬的描述性相關；非因果或預測能力，少量樣本不作判斷,描述性關係；尚未扣費用、檢查除權息或做樣本外驗證；不評分、不認定關鍵分點
8227,1480,1480,美商高盛,buy,5,1,1,-7.840440165061901,0.0,-7.840440165061901,0.0,-7.840440165061901,1,,量占比與後續報酬的描述性相關；非因果或預測能力，少量樣本不作判斷,描述性關係；尚未扣費用、檢查除權息或做樣本外驗證；不評分、不認定關鍵分點
8227,1560,1560,港商野村,sell,5,1,1,-7.840440165061901,0.0,-7.840440165061901,0.0,-7.840440165061901,1,,量占比與後續報酬的描述性相關；非因果或預測能力，少量樣本不作判斷,描述性關係；尚未扣費用、檢查除權息或做樣本外驗證；不評分、不認定關鍵分點
8227,1650,1650,新加坡商瑞銀,buy,5,1,1,-7.840440165061901,0.0,-7.840440165061901,0.0,-7.840440165061901,1,,量占比與後續報酬的描述性相關；非因果或預測能力，少量樣本不作判斷,描述性關係；尚未扣費用、檢查除權息或做樣本外驗證；不評分、不認定關鍵分點
8227,5050,5050,大展,buy,5,1,1,-7.840440165061901,0.0,-7.840440165061901,0.0,-7.840440165061901,1,,量占比與後續報酬的描述性相關；非因果或預測能力，少量樣本不作判斷,描述性關係；尚未扣費用、檢查除權息或做樣本外驗證；不評分、不認定關鍵分點
8227,5380,5380,第一金,sell,5,1,1,-7.840440165061901,0.0,-7.840440165061901,0.0,-7.840440165061901,1,,量占比與後續報酬的描述性相關；非因果或預測能力，少量樣本不作判斷,描述性關係；尚未扣費用、檢查除權息或做樣本外驗證；不評分、不認定關鍵分點
8227,5850,5850,統一,sell,5,1,1,-7.840440165061901,0.0,-7.840440165061901,0.0,-7.840440165061901,1,,量占比與後續報酬的描述性相關；非因果或預測能力，少量樣本不作判斷,描述性關係；尚未扣費用、檢查除權息或做樣本外驗證；不評分、不認定關鍵分點
8227,6620,6620,口袋證券,sell,5,1,1,-7.840440165061901,0.0,-7.840440165061901,0.0,-7.840440165061901,1,,量占比與後續報酬的描述性相關；非因果或預測能力，少量樣本不作判斷,描述性關係；尚未扣費用、檢查除權息或做樣本外驗證；不評分、不認定關鍵分點
8227,7790,7790,國票證券,sell,5,1,1,-7.840440165061901,0.0,-7.840440165061901,0.0,-7.840440165061901,1,,量占比與後續報酬的描述性相關；非因果或預測能力，少量樣本不作判斷,描述性關係；尚未扣費用、檢查除權息或做樣本外驗證；不評分、不認定關鍵分點
8227,8440,8440,摩根大通,sell,5,1,1,-7.840440165061901,0.0,-7.840440165061901,0.0,-7.840440165061901,1,,量占比與後續報酬的描述性相關；非因果或預測能力，少量樣本不作判斷,描述性關係；尚未扣費用、檢查除權息或做樣本外驗證；不評分、不認定關鍵分點
8227,8560,8560,新光,sell,5,1,1,-7.840440165061901,0.0,-7.840440165061901,0.0,-7.840440165061901,1,,量占比與後續報酬的描述性相關；非因果或預測能力，少量樣本不作判斷,描述性關係；尚未扣費用、檢查除權息或做樣本外驗證；不評分、不認定關鍵分點
8227,8562,8560,新光-高雄,buy,5,1,1,-7.840440165061901,0.0,-7.840440165061901,0.0,-7.840440165061901,1,,量占比與後續報酬的描述性相關；非因果或預測能力，少量樣本不作判斷,描述性關係；尚未扣費用、檢查除權息或做樣本外驗證；不評分、不認定關鍵分點
8227,8888,8880,國泰-敦南,buy,5,1,1,-7.840440165061901,0.0,-7.840440165061901,0.0,-7.840440165061901,1,,量占比與後續報酬的描述性相關；非因果或預測能力，少量樣本不作判斷,描述性關係；尚未扣費用、檢查除權息或做樣本外驗證；不評分、不認定關鍵分點
8227,9216,9200,凱基-信義,buy,5,1,1,-7.840440165061901,0.0,-7.840440165061901,0.0,-7.840440165061901,1,,量占比與後續報酬的描述性相關；非因果或預測能力，少量樣本不作判斷,描述性關係；尚未扣費用、檢查除權息或做樣本外驗證；不評分、不認定關鍵分點
8227,9268,9200,凱基-台北,buy,5,1,1,-7.840440165061901,0.0,-7.840440165061901,0.0,-7.840440165061901,1,,量占比與後續報酬的描述性相關；非因果或預測能力，少量樣本不作判斷,描述性關係；尚未扣費用、檢查除權息或做樣本外驗證；不評分、不認定關鍵分點
8227,9300,9300,華南永昌,sell,5,1,1,-7.840440165061901,0.0,-7.840440165061901,0.0,-7.840440165061901,1,,量占比與後續報酬的描述性相關；非因果或預測能力，少量樣本不作判斷,描述性關係；尚未扣費用、檢查除權息或做樣本外驗證；不評分、不認定關鍵分點
8227,9600,9600,富邦證券,sell,5,1,1,-7.840440165061901,0.0,-7.840440165061901,0.0,-7.840440165061901,1,,量占比與後續報酬的描述性相關；非因果或預測能力，少量樣本不作判斷,描述性關係；尚未扣費用、檢查除權息或做樣本外驗證；不評分、不認定關鍵分點
8227,9658,9600,富邦-建國,buy,5,1,1,-7.840440165061901,0.0,-7.840440165061901,0.0,-7.840440165061901,1,,量占比與後續報酬的描述性相關；非因果或預測能力，少量樣本不作判斷,描述性關係；尚未扣費用、檢查除權息或做樣本外驗證；不評分、不認定關鍵分點
8227,9800,9800,元大證券,sell,5,1,1,-7.840440165061901,0.0,-7.840440165061901,0.0,-7.840440165061901,1,,量占比與後續報酬的描述性相關；非因果或預測能力，少量樣本不作判斷,描述性關係；尚未扣費用、檢查除權息或做樣本外驗證；不評分、不認定關鍵分點
8299,0037003000300062,7000,兆豐-中壢,buy,5,1,1,-2.3696682464455,0.0,-2.3696682464455,0.0,-2.3696682464455,1,,量占比與後續報酬的描述性相關；非因果或預測能力，少量樣本不作判斷,描述性關係；尚未扣費用、檢查除權息或做樣本外驗證；不評分、不認定關鍵分點
8299,0039003100330045,9100,群益金鼎-基隆,buy,5,1,1,-2.3696682464455,0.0,-2.3696682464455,0.0,-2.3696682464455,1,,量占比與後續報酬的描述性相關；非因果或預測能力，少量樣本不作判斷,描述性關係；尚未扣費用、檢查除權息或做樣本外驗證；不評分、不認定關鍵分點
8299,0039003200300044,9200,凱基-市府,buy,5,1,1,-2.3696682464455,0.0,-2.3696682464455,0.0,-2.3696682464455,1,,量占比與後續報酬的描述性相關；非因果或預測能力，少量樣本不作判斷,描述性關係；尚未扣費用、檢查除權息或做樣本外驗證；不評分、不認定關鍵分點
8299,0039004100300030,9A00,永豐金證券,buy,5,1,1,-2.3696682464455,0.0,-2.3696682464455,0.0,-2.3696682464455,1,,量占比與後續報酬的描述性相關；非因果或預測能力，少量樣本不作判斷,描述性關係；尚未扣費用、檢查除權息或做樣本外驗證；不評分、不認定關鍵分點
8299,0039004200320058,9B00,台新-草屯,buy,5,1,1,-2.3696682464455,0.0,-2.3696682464455,0.0,-2.3696682464455,1,,量占比與後續報酬的描述性相關；非因果或預測能力，少量樣本不作判斷,描述性關係；尚未扣費用、檢查除權息或做樣本外驗證；不評分、不認定關鍵分點
8299,0039004200320061,9B00,台新-松德,sell,5,1,1,-2.3696682464455,0.0,-2.3696682464455,0.0,-2.3696682464455,1,,量占比與後續報酬的描述性相關；非因果或預測能力，少量樣本不作判斷,描述性關係；尚未扣費用、檢查除權息或做樣本外驗證；不評分、不認定關鍵分點
8299,1360,1360,港商麥格理,sell,5,1,1,-2.3696682464455,0.0,-2.3696682464455,0.0,-2.3696682464455,1,,量占比與後續報酬的描述性相關；非因果或預測能力，少量樣本不作判斷,描述性關係；尚未扣費用、檢查除權息或做樣本外驗證；不評分、不認定關鍵分點
8299,1440,1440,美林,sell,5,1,1,-2.3696682464455,0.0,-2.3696682464455,0.0,-2.3696682464455,1,,量占比與後續報酬的描述性相關；非因果或預測能力，少量樣本不作判斷,描述性關係；尚未扣費用、檢查除權息或做樣本外驗證；不評分、不認定關鍵分點
8299,1470,1470,台灣摩根士丹利,sell,5,1,1,-2.3696682464455,0.0,-2.3696682464455,0.0,-2.3696682464455,1,,量占比與後續報酬的描述性相關；非因果或預測能力，少量樣本不作判斷,描述性關係；尚未扣費用、檢查除權息或做樣本外驗證；不評分、不認定關鍵分點
8299,1480,1480,美商高盛,sell,5,1,1,-2.3696682464455,0.0,-2.3696682464455,0.0,-2.3696682464455,1,,量占比與後續報酬的描述性相關；非因果或預測能力，少量樣本不作判斷,描述性關係；尚未扣費用、檢查除權息或做樣本外驗證；不評分、不認定關鍵分點
8299,1560,1560,港商野村,buy,5,1,1,-2.3696682464455,0.0,-2.3696682464455,0.0,-2.3696682464455,1,,量占比與後續報酬的描述性相關；非因果或預測能力，少量樣本不作判斷,描述性關係；尚未扣費用、檢查除權息或做樣本外驗證；不評分、不認定關鍵分點
8299,1590,1590,花旗環球,sell,5,1,1,-2.3696682464455,0.0,-2.3696682464455,0.0,-2.3696682464455,1,,量占比與後續報酬的描述性相關；非因果或預測能力，少量樣本不作判斷,描述性關係；尚未扣費用、檢查除權息或做樣本外驗證；不評分、不認定關鍵分點
8299,1650,1650,新加坡商瑞銀,sell,5,1,1,-2.3696682464455,0.0,-2.3696682464455,0.0,-2.3696682464455,1,,量占比與後續報酬的描述性相關；非因果或預測能力，少量樣本不作判斷,描述性關係；尚未扣費用、檢查除權息或做樣本外驗證；不評分、不認定關鍵分點
8299,5857,5850,統一-新竹,buy,5,1,1,-2.3696682464455,0.0,-2.3696682464455,0.0,-2.3696682464455,1,,量占比與後續報酬的描述性相關；非因果或預測能力，少量樣本不作判斷,描述性關係；尚未扣費用、檢查除權息或做樣本外驗證；不評分、不認定關鍵分點
8299,8440,8440,摩根大通,buy,5,1,1,-2.3696682464455,0.0,-2.3696682464455,0.0,-2.3696682464455,1,,量占比與後續報酬的描述性相關；非因果或預測能力，少量樣本不作判斷,描述性關係；尚未扣費用、檢查除權息或做樣本外驗證；不評分、不認定關鍵分點
8299,8560,8560,新光,buy,5,1,1,-2.3696682464455,0.0,-2.3696682464455,0.0,-2.3696682464455,1,,量占比與後續報酬的描述性相關；非因果或預測能力，少量樣本不作判斷,描述性關係；尚未扣費用、檢查除權息或做樣本外驗證；不評分、不認定關鍵分點
8299,8561,8560,新光-台中,buy,5,1,1,-2.3696682464455,0.0,-2.3696682464455,0.0,-2.3696682464455,1,,量占比與後續報酬的描述性相關；非因果或預測能力，少量樣本不作判斷,描述性關係；尚未扣費用、檢查除權息或做樣本外驗證；不評分、不認定關鍵分點
8299,8880,8880,國泰證券,sell,5,1,1,-2.3696682464455,0.0,-2.3696682464455,0.0,-2.3696682464455,1,,量占比與後續報酬的描述性相關；非因果或預測能力，少量樣本不作判斷,描述性關係；尚未扣費用、檢查除權息或做樣本外驗證；不評分、不認定關鍵分點
8299,8888,8880,國泰-敦南,buy,5,1,1,-2.3696682464455,0.0,-2.3696682464455,0.0,-2.3696682464455,1,,量占比與後續報酬的描述性相關；非因果或預測能力，少量樣本不作判斷,描述性關係；尚未扣費用、檢查除權息或做樣本外驗證；不評分、不認定關鍵分點
8299,8900,8900,法銀巴黎,sell,5,1,1,-2.3696682464455,0.0,-2.3696682464455,0.0,-2.3696682464455,1,,量占比與後續報酬的描述性相關；非因果或預測能力，少量樣本不作判斷,描述性關係；尚未扣費用、檢查除權息或做樣本外驗證；不評分、不認定關鍵分點
8299,9100,9100,群益金鼎,buy,5,1,1,-2.3696682464455,0.0,-2.3696682464455,0.0,-2.3696682464455,1,,量占比與後續報酬的描述性相關；非因果或預測能力，少量樣本不作判斷,描述性關係；尚未扣費用、檢查除權息或做樣本外驗證；不評分、不認定關鍵分點
8299,9200,9200,凱基,sell,5,1,1,-2.3696682464455,0.0,-2.3696682464455,0.0,-2.3696682464455,1,,量占比與後續報酬的描述性相關；非因果或預測能力，少量樣本不作判斷,描述性關係；尚未扣費用、檢查除權息或做樣本外驗證；不評分、不認定關鍵分點
8299,9268,9200,凱基-台北,sell,5,1,1,-2.3696682464455,0.0,-2.3696682464455,0.0,-2.3696682464455,1,,量占比與後續報酬的描述性相關；非因果或預測能力，少量樣本不作判斷,描述性關係；尚未扣費用、檢查除權息或做樣本外驗證；不評分、不認定關鍵分點
8299,9600,9600,富邦證券,sell,5,1,1,-2.3696682464455,0.0,-2.3696682464455,0.0,-2.3696682464455,1,,量占比與後續報酬的描述性相關；非因果或預測能力，少量樣本不作判斷,描述性關係；尚未扣費用、檢查除權息或做樣本外驗證；不評分、不認定關鍵分點
8299,9624,9600,富邦-竹北,sell,5,1,1,-2.3696682464455,0.0,-2.3696682464455,0.0,-2.3696682464455,1,,量占比與後續報酬的描述性相關；非因果或預測能力，少量樣本不作判斷,描述性關係；尚未扣費用、檢查除權息或做樣本外驗證；不評分、不認定關鍵分點
8299,9647,9600,富邦-新竹,buy,5,1,1,-2.3696682464455,0.0,-2.3696682464455,0.0,-2.3696682464455,1,,量占比與後續報酬的描述性相關；非因果或預測能力，少量樣本不作判斷,描述性關係；尚未扣費用、檢查除權息或做樣本外驗證；不評分、不認定關鍵分點
8299,9665,9600,富邦-桃園,buy,5,1,1,-2.3696682464455,0.0,-2.3696682464455,0.0,-2.3696682464455,1,,量占比與後續報酬的描述性相關；非因果或預測能力，少量樣本不作判斷,描述性關係；尚未扣費用、檢查除權息或做樣本外驗證；不評分、不認定關鍵分點
8299,9800,9800,元大證券,sell,5,1,1,-2.3696682464455,0.0,-2.3696682464455,0.0,-2.3696682464455,1,,量占比與後續報酬的描述性相關；非因果或預測能力，少量樣本不作判斷,描述性關係；尚未扣費用、檢查除權息或做樣本外驗證；不評分、不認定關鍵分點
8299,9801,9800,元大-松江,buy,5,1,1,-2.3696682464455,0.0,-2.3696682464455,0.0,-2.3696682464455,1,,量占比與後續報酬的描述性相關；非因果或預測能力，少量樣本不作判斷,描述性關係；尚未扣費用、檢查除權息或做樣本外驗證；不評分、不認定關鍵分點
8299,9825,9800,元大-新營,sell,5,1,1,-2.3696682464455,0.0,-2.3696682464455,0.0,-2.3696682464455,1,,量占比與後續報酬的描述性相關；非因果或預測能力，少量樣本不作判斷,描述性關係；尚未扣費用、檢查除權息或做樣本外驗證；不評分、不認定關鍵分點
8358,0035003300380045,5380,第一金-自由,sell,5,1,1,5.940594059405946,1.0,5.940594059405946,0.0,2.7722772277227747,1,,量占比與後續報酬的描述性相關；非因果或預測能力，少量樣本不作判斷,描述性關係；尚未扣費用、檢查除權息或做樣本外驗證；不評分、不認定關鍵分點
8358,0037003000300049,7000,兆豐-北高雄,buy,5,1,1,5.940594059405946,1.0,5.940594059405946,0.0,2.7722772277227747,1,,量占比與後續報酬的描述性相關；非因果或預測能力，少量樣本不作判斷,描述性關係；尚未扣費用、檢查除權息或做樣本外驗證；不評分、不認定關鍵分點
8358,0037003000300061,7000,兆豐-忠孝,sell,5,1,1,5.940594059405946,1.0,5.940594059405946,0.0,2.7722772277227747,1,,量占比與後續報酬的描述性相關；非因果或預測能力，少量樣本不作判斷,描述性關係；尚未扣費用、檢查除權息或做樣本外驗證；不評分、不認定關鍵分點
8358,0038003800380041,8880,國泰-館前,sell,5,1,1,5.940594059405946,1.0,5.940594059405946,0.0,2.7722772277227747,1,,量占比與後續報酬的描述性相關；非因果或預測能力，少量樣本不作判斷,描述性關係；尚未扣費用、檢查除權息或做樣本外驗證；不評分、不認定關鍵分點
8358,0039003100380065,9100,群益金鼎-大安,buy,5,1,1,5.940594059405946,1.0,5.940594059405946,0.0,2.7722772277227747,1,,量占比與後續報酬的描述性相關；非因果或預測能力，少量樣本不作判斷,描述性關係；尚未扣費用、檢查除權息或做樣本外驗證；不評分、不認定關鍵分點
8358,0039003600320047,9600,富邦-斗六,sell,5,1,1,5.940594059405946,1.0,5.940594059405946,0.0,2.7722772277227747,1,,量占比與後續報酬的描述性相關；非因果或預測能力，少量樣本不作判斷,描述性關係；尚未扣費用、檢查除權息或做樣本外驗證；不評分、不認定關鍵分點
8358,0039003800370041,9800,元大-楊梅,buy,5,1,1,5.940594059405946,1.0,5.940594059405946,0.0,2.7722772277227747,1,,量占比與後續報酬的描述性相關；非因果或預測能力，少量樣本不作判斷,描述性關係；尚未扣費用、檢查除權息或做樣本外驗證；不評分、不認定關鍵分點
8358,0039004100390039,9A00,永豐金-中壢,buy,5,1,1,5.940594059405946,1.0,5.940594059405946,0.0,2.7722772277227747,1,,量占比與後續報酬的描述性相關；非因果或預測能力，少量樣本不作判斷,描述性關係；尚未扣費用、檢查除權息或做樣本外驗證；不評分、不認定關鍵分點
8358,0039004100390061,9A00,永豐金-亞灣,buy,5,1,1,5.940594059405946,1.0,5.940594059405946,0.0,2.7722772277227747,1,,量占比與後續報酬的描述性相關；非因果或預測能力，少量樣本不作判斷,描述性關係；尚未扣費用、檢查除權息或做樣本外驗證；不評分、不認定關鍵分點
8358,0039004200300030,9B00,台新,sell,5,1,1,5.940594059405946,1.0,5.940594059405946,0.0,2.7722772277227747,1,,量占比與後續報酬的描述性相關；非因果或預測能力，少量樣本不作判斷,描述性關係；尚未扣費用、檢查除權息或做樣本外驗證；不評分、不認定關鍵分點
8358,0039004200310068,9B00,台新-台中,sell,5,1,1,5.940594059405946,1.0,5.940594059405946,0.0,2.7722772277227747,1,,量占比與後續報酬的描述性相關；非因果或預測能力，少量樣本不作判斷,描述性關係；尚未扣費用、檢查除權息或做樣本外驗證；不評分、不認定關鍵分點
8358,1040,1040,臺銀,buy,5,1,1,5.940594059405946,1.0,5.940594059405946,0.0,2.7722772277227747,1,,量占比與後續報酬的描述性相關；非因果或預測能力，少量樣本不作判斷,描述性關係；尚未扣費用、檢查除權息或做樣本外驗證；不評分、不認定關鍵分點
8358,1470,1470,台灣摩根士丹利,buy,5,1,1,5.940594059405946,1.0,5.940594059405946,0.0,2.7722772277227747,1,,量占比與後續報酬的描述性相關；非因果或預測能力，少量樣本不作判斷,描述性關係；尚未扣費用、檢查除權息或做樣本外驗證；不評分、不認定關鍵分點
8358,1480,1480,美商高盛,buy,5,1,1,5.940594059405946,1.0,5.940594059405946,0.0,2.7722772277227747,1,,量占比與後續報酬的描述性相關；非因果或預測能力，少量樣本不作判斷,描述性關係；尚未扣費用、檢查除權息或做樣本外驗證；不評分、不認定關鍵分點
8358,1590,1590,花旗環球,sell,5,1,1,5.940594059405946,1.0,5.940594059405946,0.0,2.7722772277227747,1,,量占比與後續報酬的描述性相關；非因果或預測能力，少量樣本不作判斷,描述性關係；尚未扣費用、檢查除權息或做樣本外驗證；不評分、不認定關鍵分點
8358,1650,1650,新加坡商瑞銀,buy,5,1,1,5.940594059405946,1.0,5.940594059405946,0.0,2.7722772277227747,1,,量占比與後續報酬的描述性相關；非因果或預測能力，少量樣本不作判斷,描述性關係；尚未扣費用、檢查除權息或做樣本外驗證；不評分、不認定關鍵分點
8358,5260,5260,美好,buy,5,1,1,5.940594059405946,1.0,5.940594059405946,0.0,2.7722772277227747,1,,量占比與後續報酬的描述性相關；非因果或預測能力，少量樣本不作判斷,描述性關係；尚未扣費用、檢查除權息或做樣本外驗證；不評分、不認定關鍵分點
8358,5850,5850,統一,buy,5,1,1,5.940594059405946,1.0,5.940594059405946,0.0,2.7722772277227747,1,,量占比與後續報酬的描述性相關；非因果或預測能力，少量樣本不作判斷,描述性關係；尚未扣費用、檢查除權息或做樣本外驗證；不評分、不認定關鍵分點
8358,6160,6160,中國信託,buy,5,1,1,5.940594059405946,1.0,5.940594059405946,0.0,2.7722772277227747,1,,量占比與後續報酬的描述性相關；非因果或預測能力，少量樣本不作判斷,描述性關係；尚未扣費用、檢查除權息或做樣本外驗證；不評分、不認定關鍵分點
8358,8560,8560,新光,sell,5,1,1,5.940594059405946,1.0,5.940594059405946,0.0,2.7722772277227747,1,,量占比與後續報酬的描述性相關；非因果或預測能力，少量樣本不作判斷,描述性關係；尚未扣費用、檢查除權息或做樣本外驗證；不評分、不認定關鍵分點
8358,8561,8560,新光-台中,sell,5,1,1,5.940594059405946,1.0,5.940594059405946,0.0,2.7722772277227747,1,,量占比與後續報酬的描述性相關；非因果或預測能力，少量樣本不作判斷,描述性關係；尚未扣費用、檢查除權息或做樣本外驗證；不評分、不認定關鍵分點
8358,8880,8880,國泰證券,buy,5,1,1,5.940594059405946,1.0,5.940594059405946,0.0,2.7722772277227747,1,,量占比與後續報酬的描述性相關；非因果或預測能力，少量樣本不作判斷,描述性關係；尚未扣費用、檢查除權息或做樣本外驗證；不評分、不認定關鍵分點
8358,8882,8880,國泰-台中,sell,5,1,1,5.940594059405946,1.0,5.940594059405946,0.0,2.7722772277227747,1,,量占比與後續報酬的描述性相關；非因果或預測能力，少量樣本不作判斷,描述性關係；尚未扣費用、檢查除權息或做樣本外驗證；不評分、不認定關鍵分點
8358,8888,8880,國泰-敦南,sell,5,1,1,5.940594059405946,1.0,5.940594059405946,0.0,2.7722772277227747,1,,量占比與後續報酬的描述性相關；非因果或預測能力，少量樣本不作判斷,描述性關係；尚未扣費用、檢查除權息或做樣本外驗證；不評分、不認定關鍵分點
8358,9100,9100,群益金鼎,sell,5,1,1,5.940594059405946,1.0,5.940594059405946,0.0,2.7722772277227747,1,,量占比與後續報酬的描述性相關；非因果或預測能力，少量樣本不作判斷,描述性關係；尚未扣費用、檢查除權息或做樣本外驗證；不評分、不認定關鍵分點
8358,9268,9200,凱基-台北,buy,5,1,1,5.940594059405946,1.0,5.940594059405946,0.0,2.7722772277227747,1,,量占比與後續報酬的描述性相關；非因果或預測能力，少量樣本不作判斷,描述性關係；尚未扣費用、檢查除權息或做樣本外驗證；不評分、不認定關鍵分點
8358,9326,9300,華南永昌-南京,sell,5,1,1,5.940594059405946,1.0,5.940594059405946,0.0,2.7722772277227747,1,,量占比與後續報酬的描述性相關；非因果或預測能力，少量樣本不作判斷,描述性關係；尚未扣費用、檢查除權息或做樣本外驗證；不評分、不認定關鍵分點
8358,9332,9300,華南永昌-楠梓,sell,5,1,1,5.940594059405946,1.0,5.940594059405946,0.0,2.7722772277227747,1,,量占比與後續報酬的描述性相關；非因果或預測能力，少量樣本不作判斷,描述性關係；尚未扣費用、檢查除權息或做樣本外驗證；不評分、不認定關鍵分點
8358,9377,9300,華南永昌-虎尾,buy,5,1,1,5.940594059405946,1.0,5.940594059405946,0.0,2.7722772277227747,1,,量占比與後續報酬的描述性相關；非因果或預測能力，少量樣本不作判斷,描述性關係；尚未扣費用、檢查除權息或做樣本外驗證；不評分、不認定關鍵分點
8358,9825,9800,元大-新營,sell,5,1,1,5.940594059405946,1.0,5.940594059405946,0.0,2.7722772277227747,1,,量占比與後續報酬的描述性相關；非因果或預測能力，少量樣本不作判斷,描述性關係；尚未扣費用、檢查除權息或做樣本外驗證；不評分、不認定關鍵分點
8996,0031003200360051,1260,宏遠-高雄,buy,5,1,1,9.26517571884984,1.0,9.26517571884984,0.0,-3.514376996805113,1,,量占比與後續報酬的描述性相關；非因果或預測能力，少量樣本不作判斷,描述性關係；尚未扣費用、檢查除權息或做樣本外驗證；不評分、不認定關鍵分點
8996,0037003700390044,7790,國票-台南,buy,5,1,1,9.26517571884984,1.0,9.26517571884984,0.0,-3.514376996805113,1,,量占比與後續報酬的描述性相關；非因果或預測能力，少量樣本不作判斷,描述性關係；尚未扣費用、檢查除權息或做樣本外驗證；不評分、不認定關鍵分點
8996,003700370039005a,7790,國票-安和,buy,5,1,1,9.26517571884984,1.0,9.26517571884984,0.0,-3.514376996805113,1,,量占比與後續報酬的描述性相關；非因果或預測能力，少量樣本不作判斷,描述性關係；尚未扣費用、檢查除權息或做樣本外驗證；不評分、不認定關鍵分點
8996,0037003700390076,7790,國票-台中,sell,5,1,1,9.26517571884984,1.0,9.26517571884984,0.0,-3.514376996805113,1,,量占比與後續報酬的描述性相關；非因果或預測能力，少量樣本不作判斷,描述性關係；尚未扣費用、檢查除權息或做樣本外驗證；不評分、不認定關鍵分點
8996,0039003200300044,9200,凱基-市府,sell,5,1,1,9.26517571884984,1.0,9.26517571884984,0.0,-3.514376996805113,1,,量占比與後續報酬的描述性相關；非因果或預測能力，少量樣本不作判斷,描述性關係；尚未扣費用、檢查除權息或做樣本外驗證；不評分、不認定關鍵分點
8996,0039003200300046,9200,凱基-站前,sell,5,1,1,9.26517571884984,1.0,9.26517571884984,0.0,-3.514376996805113,1,,量占比與後續報酬的描述性相關；非因果或預測能力，少量樣本不作判斷,描述性關係；尚未扣費用、檢查除權息或做樣本外驗證；不評分、不認定關鍵分點
8996,0039003600310048,9600,富邦-新板,buy,5,1,1,9.26517571884984,1.0,9.26517571884984,0.0,-3.514376996805113,1,,量占比與後續報酬的描述性相關；非因果或預測能力，少量樣本不作判斷,描述性關係；尚未扣費用、檢查除權息或做樣本外驗證；不評分、不認定關鍵分點
8996,0039003800390050,9800,元大-敦南,sell,5,1,1,9.26517571884984,1.0,9.26517571884984,0.0,-3.514376996805113,1,,量占比與後續報酬的描述性相關；非因果或預測能力，少量樣本不作判斷,描述性關係；尚未扣費用、檢查除權息或做樣本外驗證；不評分、不認定關鍵分點
8996,0039004100300030,9A00,永豐金證券,sell,5,1,1,9.26517571884984,1.0,9.26517571884984,0.0,-3.514376996805113,1,,量占比與後續報酬的描述性相關；非因果或預測能力，少量樣本不作判斷,描述性關係；尚未扣費用、檢查除權息或做樣本外驗證；不評分、不認定關鍵分點
8996,0039004100390067,9A00,永豐金-內湖,buy,5,1,1,9.26517571884984,1.0,9.26517571884984,0.0,-3.514376996805113,1,,量占比與後續報酬的描述性相關；非因果或預測能力，少量樣本不作判斷,描述性關係；尚未扣費用、檢查除權息或做樣本外驗證；不評分、不認定關鍵分點
8996,1260,1260,宏遠證券,buy,5,1,1,9.26517571884984,1.0,9.26517571884984,0.0,-3.514376996805113,1,,量占比與後續報酬的描述性相關；非因果或預測能力，少量樣本不作判斷,描述性關係；尚未扣費用、檢查除權息或做樣本外驗證；不評分、不認定關鍵分點
8996,1440,1440,美林,sell,5,1,1,9.26517571884984,1.0,9.26517571884984,0.0,-3.514376996805113,1,,量占比與後續報酬的描述性相關；非因果或預測能力，少量樣本不作判斷,描述性關係；尚未扣費用、檢查除權息或做樣本外驗證；不評分、不認定關鍵分點
8996,1470,1470,台灣摩根士丹利,buy,5,1,1,9.26517571884984,1.0,9.26517571884984,0.0,-3.514376996805113,1,,量占比與後續報酬的描述性相關；非因果或預測能力，少量樣本不作判斷,描述性關係；尚未扣費用、檢查除權息或做樣本外驗證；不評分、不認定關鍵分點
8996,1480,1480,美商高盛,buy,5,1,1,9.26517571884984,1.0,9.26517571884984,0.0,-3.514376996805113,1,,量占比與後續報酬的描述性相關；非因果或預測能力，少量樣本不作判斷,描述性關係；尚未扣費用、檢查除權息或做樣本外驗證；不評分、不認定關鍵分點
8996,1560,1560,港商野村,buy,5,1,1,9.26517571884984,1.0,9.26517571884984,0.0,-3.514376996805113,1,,量占比與後續報酬的描述性相關；非因果或預測能力，少量樣本不作判斷,描述性關係；尚未扣費用、檢查除權息或做樣本外驗證；不評分、不認定關鍵分點
8996,1590,1590,花旗環球,sell,5,1,1,9.26517571884984,1.0,9.26517571884984,0.0,-3.514376996805113,1,,量占比與後續報酬的描述性相關；非因果或預測能力，少量樣本不作判斷,描述性關係；尚未扣費用、檢查除權息或做樣本外驗證；不評分、不認定關鍵分點
8996,1650,1650,新加坡商瑞銀,buy,5,1,1,9.26517571884984,1.0,9.26517571884984,0.0,-3.514376996805113,1,,量占比與後續報酬的描述性相關；非因果或預測能力，少量樣本不作判斷,描述性關係；尚未扣費用、檢查除權息或做樣本外驗證；不評分、不認定關鍵分點
8996,5850,5850,統一,buy,5,1,1,9.26517571884984,1.0,9.26517571884984,0.0,-3.514376996805113,1,,量占比與後續報酬的描述性相關；非因果或預測能力，少量樣本不作判斷,描述性關係；尚未扣費用、檢查除權息或做樣本外驗證；不評分、不認定關鍵分點
8996,5852,5850,統一-敦南,sell,5,1,1,9.26517571884984,1.0,9.26517571884984,0.0,-3.514376996805113,1,,量占比與後續報酬的描述性相關；非因果或預測能力，少量樣本不作判斷,描述性關係；尚未扣費用、檢查除權息或做樣本外驗證；不評分、不認定關鍵分點
8996,6160,6160,中國信託,buy,5,1,1,9.26517571884984,1.0,9.26517571884984,0.0,-3.514376996805113,1,,量占比與後續報酬的描述性相關；非因果或預測能力，少量樣本不作判斷,描述性關係；尚未扣費用、檢查除權息或做樣本外驗證；不評分、不認定關鍵分點
8996,6165,6160,中國信託-新竹,buy,5,1,1,9.26517571884984,1.0,9.26517571884984,0.0,-3.514376996805113,1,,量占比與後續報酬的描述性相關；非因果或預測能力，少量樣本不作判斷,描述性關係；尚未扣費用、檢查除權息或做樣本外驗證；不評分、不認定關鍵分點
8996,8560,8560,新光,sell,5,1,1,9.26517571884984,1.0,9.26517571884984,0.0,-3.514376996805113,1,,量占比與後續報酬的描述性相關；非因果或預測能力，少量樣本不作判斷,描述性關係；尚未扣費用、檢查除權息或做樣本外驗證；不評分、不認定關鍵分點
8996,9216,9200,凱基-信義,sell,5,1,1,9.26517571884984,1.0,9.26517571884984,0.0,-3.514376996805113,1,,量占比與後續報酬的描述性相關；非因果或預測能力，少量樣本不作判斷,描述性關係；尚未扣費用、檢查除權息或做樣本外驗證；不評分、不認定關鍵分點
8996,9268,9200,凱基-台北,sell,5,1,1,9.26517571884984,1.0,9.26517571884984,0.0,-3.514376996805113,1,,量占比與後續報酬的描述性相關；非因果或預測能力，少量樣本不作判斷,描述性關係；尚未扣費用、檢查除權息或做樣本外驗證；不評分、不認定關鍵分點
8996,9289,9200,凱基-興隆,sell,5,1,1,9.26517571884984,1.0,9.26517571884984,0.0,-3.514376996805113,1,,量占比與後續報酬的描述性相關；非因果或預測能力，少量樣本不作判斷,描述性關係；尚未扣費用、檢查除權息或做樣本外驗證；不評分、不認定關鍵分點
8996,9300,9300,華南永昌,sell,5,1,1,9.26517571884984,1.0,9.26517571884984,0.0,-3.514376996805113,1,,量占比與後續報酬的描述性相關；非因果或預測能力，少量樣本不作判斷,描述性關係；尚未扣費用、檢查除權息或做樣本外驗證；不評分、不認定關鍵分點
8996,9600,9600,富邦證券,sell,5,1,1,9.26517571884984,1.0,9.26517571884984,0.0,-3.514376996805113,1,,量占比與後續報酬的描述性相關；非因果或預測能力，少量樣本不作判斷,描述性關係；尚未扣費用、檢查除權息或做樣本外驗證；不評分、不認定關鍵分點
8996,9692,9600,富邦-嘉義,sell,5,1,1,9.26517571884984,1.0,9.26517571884984,0.0,-3.514376996805113,1,,量占比與後續報酬的描述性相關；非因果或預測能力，少量樣本不作判斷,描述性關係；尚未扣費用、檢查除權息或做樣本外驗證；不評分、不認定關鍵分點
8996,9801,9800,元大-松江,buy,5,1,1,9.26517571884984,1.0,9.26517571884984,0.0,-3.514376996805113,1,,量占比與後續報酬的描述性相關；非因果或預測能力，少量樣本不作判斷,描述性關係；尚未扣費用、檢查除權息或做樣本外驗證；不評分、不認定關鍵分點
8996,9871,9800,元大-忠孝,buy,5,1,1,9.26517571884984,1.0,9.26517571884984,0.0,-3.514376996805113,1,,量占比與後續報酬的描述性相關；非因果或預測能力，少量樣本不作判斷,描述性關係；尚未扣費用、檢查除權息或做樣本外驗證；不評分、不認定關鍵分點
